T_bin,refl39_med,re_proxy_med,celula,metade,quando,n,valido_re,onda
-60.0,0.05857930181755187,5.227544131186416,C1,inteira,2024-05-06 1100UT,392,1,O2_surto_06-08mai
-55.0,0.059334103063368414,5.213672415184496,C1,inteira,2024-05-06 1100UT,1247,1,O2_surto_06-08mai
-50.0,0.06933624799801434,5.09284508525915,C1,inteira,2024-05-06 1100UT,522,1,O2_surto_06-08mai
-45.0,0.09592178636569437,5.010130201136869,C1,inteira,2024-05-06 1100UT,130,1,O2_surto_06-08mai
-40.0,0.11747605924860711,5.00168081880161,C1,inteira,2024-05-06 1100UT,55,1,O2_surto_06-08mai
-70.0,0.03558599596011598,6.54604145337311,C1,frente,2024-05-06 1200UT,3390,1,O2_surto_06-08mai
-65.0,0.03501897896823403,6.620847457389806,C1,frente,2024-05-06 1200UT,10603,1,O2_surto_06-08mai
-60.0,0.03468301282044499,6.666867828017604,C1,frente,2024-05-06 1200UT,12746,1,O2_surto_06-08mai
-55.0,0.034312085782263385,6.719196275289687,C1,frente,2024-05-06 1200UT,8651,1,O2_surto_06-08mai
-50.0,0.03850346956968828,6.21236732786055,C1,frente,2024-05-06 1200UT,2471,1,O2_surto_06-08mai
-45.0,0.05410831155094469,5.330275567039264,C1,frente,2024-05-06 1200UT,812,1,O2_surto_06-08mai
-40.0,0.0688373418738465,5.096786498329818,C1,frente,2024-05-06 1200UT,301,1,O2_surto_06-08mai
-35.0,0.08040131142548632,5.036923321677612,C1,frente,2024-05-06 1200UT,61,1,O2_surto_06-08mai
-30.0,0.10007300047975445,5.007167349736534,C1,frente,2024-05-06 1200UT,19,1,O2_surto_06-08mai
-25.0,0.1133613642067743,5.002369602035884,C1,frente,2024-05-06 1200UT,16,1,O2_surto_06-08mai
-20.0,0.11942152688995145,5.001429262751806,C1,frente,2024-05-06 1200UT,5,1,O2_surto_06-08mai
-15.0,0.13378304563176074,5.000431868353116,C1,frente,2024-05-06 1200UT,5,1,O2_surto_06-08mai
-70.0,0.03152352826207165,7.168935931530783,C1,traseira,2024-05-06 1200UT,825,1,O2_surto_06-08mai
-65.0,0.03416097676836307,6.740981992661748,C1,traseira,2024-05-06 1200UT,8397,1,O2_surto_06-08mai
-60.0,0.03536103699630215,6.575297744700589,C1,traseira,2024-05-06 1200UT,12522,1,O2_surto_06-08mai
-55.0,0.033821480317495725,6.790940119737996,C1,traseira,2024-05-06 1200UT,9021,1,O2_surto_06-08mai
-50.0,0.033524630090429525,6.835796162125963,C1,traseira,2024-05-06 1200UT,3534,1,O2_surto_06-08mai
-45.0,0.03257385534256318,6.987165867532953,C1,traseira,2024-05-06 1200UT,1261,1,O2_surto_06-08mai
-40.0,0.032865657918789225,6.939426973766324,C1,traseira,2024-05-06 1200UT,545,1,O2_surto_06-08mai
-35.0,0.03151514396390483,7.17047394746729,C1,traseira,2024-05-06 1200UT,270,1,O2_surto_06-08mai
-30.0,0.028353863335278305,7.825266330670243,C1,traseira,2024-05-06 1200UT,168,1,O2_surto_06-08mai
-25.0,0.042332045877996015,5.881197846246822,C1,traseira,2024-05-06 1200UT,77,1,O2_surto_06-08mai
-20.0,0.05016606429255464,5.458723349033526,C1,traseira,2024-05-06 1200UT,43,1,O2_surto_06-08mai
-15.0,0.04616953464470804,5.644943919311471,C1,traseira,2024-05-06 1200UT,34,1,O2_surto_06-08mai
-70.0,0.024821895553863,8.791289070876074,C6,inteira,2024-05-06 1300UT,3077,1,O2_surto_06-08mai
-65.0,0.02376311346983303,9.141002596829928,C6,inteira,2024-05-06 1300UT,7682,1,O2_surto_06-08mai
-60.0,0.02443783622330512,8.914591687879403,C6,inteira,2024-05-06 1300UT,13683,1,O2_surto_06-08mai
-55.0,0.02339619639546864,9.269575247786616,C6,inteira,2024-05-06 1300UT,9693,1,O2_surto_06-08mai
-50.0,0.025254232802655815,8.657127420414326,C6,inteira,2024-05-06 1300UT,2759,1,O2_surto_06-08mai
-45.0,0.028906471850085647,7.697498136940435,C6,inteira,2024-05-06 1300UT,529,1,O2_surto_06-08mai
-40.0,0.03184842846338588,7.111045397627578,C6,inteira,2024-05-06 1300UT,94,1,O2_surto_06-08mai
-35.0,0.04023553462848481,6.051922024051619,C6,inteira,2024-05-06 1300UT,16,1,O2_surto_06-08mai
-70.0,0.025576327917294875,8.560271200533665,C7,inteira,2024-05-06 1300UT,1935,1,O2_surto_06-08mai
-65.0,0.02316583462662202,9.352329255282456,C7,inteira,2024-05-06 1300UT,7283,1,O2_surto_06-08mai
-60.0,0.022783790585490092,9.49312372338413,C7,inteira,2024-05-06 1300UT,12120,1,O2_surto_06-08mai
-55.0,0.024000569031191202,9.059865976669427,C7,inteira,2024-05-06 1300UT,9353,1,O2_surto_06-08mai
-50.0,0.023609247919324332,9.194440907241493,C7,inteira,2024-05-06 1300UT,3837,1,O2_surto_06-08mai
-45.0,0.02224467611221669,9.699586147435136,C7,inteira,2024-05-06 1300UT,1334,1,O2_surto_06-08mai
-40.0,0.02238199961475557,9.646112839144175,C7,inteira,2024-05-06 1300UT,764,1,O2_surto_06-08mai
-35.0,0.02709407299064088,8.13747409102462,C7,inteira,2024-05-06 1300UT,272,1,O2_surto_06-08mai
-30.0,0.03977545428807036,6.09044863664904,C7,inteira,2024-05-06 1300UT,108,1,O2_surto_06-08mai
-25.0,0.04497971626956279,5.706725953198198,C7,inteira,2024-05-06 1300UT,53,1,O2_surto_06-08mai
-20.0,0.05492871098799036,5.308556113960586,C7,inteira,2024-05-06 1300UT,58,1,O2_surto_06-08mai
-15.0,0.06724780592507443,5.114698701876211,C7,inteira,2024-05-06 1300UT,38,1,O2_surto_06-08mai
-70.0,0.018927184832873596,11.196173839695186,C6,frente,2024-05-06 1400UT,469,1,O2_surto_06-08mai
-65.0,0.019861980325109063,10.731815690001785,C6,frente,2024-05-06 1400UT,2072,1,O2_surto_06-08mai
-60.0,0.020151961573427805,10.594966408060841,C6,frente,2024-05-06 1400UT,6640,1,O2_surto_06-08mai
-55.0,0.019234563948809354,11.039474788367135,C6,frente,2024-05-06 1400UT,4702,1,O2_surto_06-08mai
-50.0,0.02278155064457189,9.493962494062522,C6,frente,2024-05-06 1400UT,1143,1,O2_surto_06-08mai
-45.0,0.026204132475803082,8.37879681877354,C6,frente,2024-05-06 1400UT,289,1,O2_surto_06-08mai
-40.0,0.026554395443425496,8.281599955285088,C6,frente,2024-05-06 1400UT,81,1,O2_surto_06-08mai
-35.0,0.03512399620670908,6.60672460150088,C6,frente,2024-05-06 1400UT,25,1,O2_surto_06-08mai
-70.0,0.020214082401952535,10.56607710694183,C6,traseira,2024-05-06 1400UT,2260,1,O2_surto_06-08mai
-65.0,0.01949565094949587,10.909491600274949,C6,traseira,2024-05-06 1400UT,3386,1,O2_surto_06-08mai
-60.0,0.01865473252212726,11.338463192398674,C6,traseira,2024-05-06 1400UT,3968,1,O2_surto_06-08mai
-55.0,0.01950413185007174,10.905316582465726,C6,traseira,2024-05-06 1400UT,2889,1,O2_surto_06-08mai
-50.0,0.021762615304254627,9.892219599385962,C6,traseira,2024-05-06 1400UT,1205,1,O2_surto_06-08mai
-45.0,0.021975810011246655,9.806070857353955,C6,traseira,2024-05-06 1400UT,395,1,O2_surto_06-08mai
-40.0,0.02600896705028526,8.434198141780588,C6,traseira,2024-05-06 1400UT,301,1,O2_surto_06-08mai
-35.0,0.033466843940599386,6.84466700875513,C6,traseira,2024-05-06 1400UT,66,1,O2_surto_06-08mai
-30.0,0.0430653667091971,5.829185244035203,C6,traseira,2024-05-06 1400UT,18,1,O2_surto_06-08mai
-20.0,0.057522563204239256,5.248490776204307,C6,traseira,2024-05-06 1400UT,5,1,O2_surto_06-08mai
-70.0,0.02199480399154624,9.798469673373129,C7,frente,2024-05-06 1400UT,1465,1,O2_surto_06-08mai
-65.0,0.02121199682803016,10.12192824921641,C7,frente,2024-05-06 1400UT,3495,1,O2_surto_06-08mai
-60.0,0.020368659101967734,10.49483809390965,C7,frente,2024-05-06 1400UT,2741,1,O2_surto_06-08mai
-55.0,0.01868196334697497,11.324096020552766,C7,frente,2024-05-06 1400UT,2501,1,O2_surto_06-08mai
-50.0,0.017198190673619676,12.156455578837182,C7,frente,2024-05-06 1400UT,1482,1,O2_surto_06-08mai
-45.0,0.017405345351130065,12.033976019395386,C7,frente,2024-05-06 1400UT,732,1,O2_surto_06-08mai
-40.0,0.01992248605380174,10.703000082991537,C7,frente,2024-05-06 1400UT,284,1,O2_surto_06-08mai
-35.0,0.0310534980882442,7.255577131394091,C7,frente,2024-05-06 1400UT,153,1,O2_surto_06-08mai
-30.0,0.04087973470102815,5.9945676322092325,C7,frente,2024-05-06 1400UT,83,1,O2_surto_06-08mai
-25.0,0.04124862153917411,5.964459202545664,C7,frente,2024-05-06 1400UT,85,1,O2_surto_06-08mai
-20.0,0.059100397418372794,5.218537225553133,C7,frente,2024-05-06 1400UT,74,1,O2_surto_06-08mai
-15.0,0.05492383098241086,5.3085755615494294,C7,frente,2024-05-06 1400UT,91,1,O2_surto_06-08mai
-70.0,0.0202728691901662,10.539746551044772,C7,traseira,2024-05-06 1400UT,8,1,O2_surto_06-08mai
-65.0,0.01849366312629884,11.424114419907331,C7,traseira,2024-05-06 1400UT,3515,1,O2_surto_06-08mai
-60.0,0.019090785665136733,11.11227213900704,C7,traseira,2024-05-06 1400UT,4723,1,O2_surto_06-08mai
-55.0,0.0181064143328371,11.634806611200965,C7,traseira,2024-05-06 1400UT,3877,1,O2_surto_06-08mai
-50.0,0.01834864423424037,11.502220249836832,C7,traseira,2024-05-06 1400UT,1417,1,O2_surto_06-08mai
-45.0,0.022733637532819845,9.511984780034815,C7,traseira,2024-05-06 1400UT,138,1,O2_surto_06-08mai
-40.0,0.031090003129167706,7.24944105249994,C7,traseira,2024-05-06 1400UT,14,1,O2_surto_06-08mai
-65.0,0.013287321121010848,14.91373022613233,C8,inteira,2024-05-06 1400UT,118,1,O2_surto_06-08mai
-60.0,0.013528369657517476,14.71657552103585,C8,inteira,2024-05-06 1400UT,1728,1,O2_surto_06-08mai
-55.0,0.014027245495894443,14.32090994023648,C8,inteira,2024-05-06 1400UT,3303,1,O2_surto_06-08mai
-50.0,0.017987551533359444,11.700852555385358,C8,inteira,2024-05-06 1400UT,816,1,O2_surto_06-08mai
-45.0,0.020175478897355877,10.58401177158191,C8,inteira,2024-05-06 1400UT,347,1,O2_surto_06-08mai
-40.0,0.0173242449200227,12.08168845442825,C8,inteira,2024-05-06 1400UT,84,1,O2_surto_06-08mai
-35.0,0.015561702509945086,13.202088682118102,C8,inteira,2024-05-06 1400UT,45,1,O2_surto_06-08mai
-60.0,0.017450206596432895,12.00772770939383,C9,inteira,2024-05-06 1400UT,431,1,O2_surto_06-08mai
-55.0,0.017076571852621153,12.229355311809213,C9,inteira,2024-05-06 1400UT,1630,1,O2_surto_06-08mai
-50.0,0.01822869648491308,11.5675401035753,C9,inteira,2024-05-06 1400UT,1136,1,O2_surto_06-08mai
-45.0,0.018967430303484547,11.175427986735958,C9,inteira,2024-05-06 1400UT,121,1,O2_surto_06-08mai
-60.0,0.014579920875375215,13.901361764982013,C10,inteira,2024-05-06 1400UT,390,1,O2_surto_06-08mai
-55.0,0.014275411525337177,14.130128368189744,C10,inteira,2024-05-06 1400UT,1387,1,O2_surto_06-08mai
-50.0,0.016094628416569737,13.221095589413924,C10,inteira,2024-05-06 1400UT,14,1,O2_surto_06-08mai
-65.0,0.01859382666864698,11.370715754073437,C7,frente,2024-05-06 1500UT,2614,1,O2_surto_06-08mai
-60.0,0.016681534962561747,12.47130340183995,C7,frente,2024-05-06 1500UT,6440,1,O2_surto_06-08mai
-55.0,0.015473266121359722,13.262758893279992,C7,frente,2024-05-06 1500UT,4765,1,O2_surto_06-08mai
-50.0,0.018071171388718284,11.65432109655721,C7,frente,2024-05-06 1500UT,1185,1,O2_surto_06-08mai
-45.0,0.021105286669438054,10.167683543373784,C7,frente,2024-05-06 1500UT,464,1,O2_surto_06-08mai
-40.0,0.03418017436440288,6.738283208232669,C7,frente,2024-05-06 1500UT,140,1,O2_surto_06-08mai
-35.0,0.04803747096055376,5.547763243354261,C7,frente,2024-05-06 1500UT,76,1,O2_surto_06-08mai
-30.0,0.06634889846467146,5.119186209407318,C7,frente,2024-05-06 1500UT,6,1,O2_surto_06-08mai
-70.0,0.01727141945423931,12.112917001667247,C7,traseira,2024-05-06 1500UT,2037,1,O2_surto_06-08mai
-65.0,0.019367587010102463,10.972895376277922,C7,traseira,2024-05-06 1500UT,3866,1,O2_surto_06-08mai
-60.0,0.018027108782971767,11.678799904639046,C7,traseira,2024-05-06 1500UT,3443,1,O2_surto_06-08mai
-55.0,0.01660252361171942,12.520658938859672,C7,traseira,2024-05-06 1500UT,3364,1,O2_surto_06-08mai
-50.0,0.0158652011005776,12.997246626615567,C7,traseira,2024-05-06 1500UT,1290,1,O2_surto_06-08mai
-45.0,0.01698694575608544,12.28355826509162,C7,traseira,2024-05-06 1500UT,488,1,O2_surto_06-08mai
-40.0,0.019669396095851808,10.824545905881413,C7,traseira,2024-05-06 1500UT,267,1,O2_surto_06-08mai
-35.0,0.028051617670624127,7.8966922037611145,C7,traseira,2024-05-06 1500UT,130,1,O2_surto_06-08mai
-30.0,0.03641095382975585,6.443327525135286,C7,traseira,2024-05-06 1500UT,85,1,O2_surto_06-08mai
-25.0,0.057415566074710905,5.250716333450062,C7,traseira,2024-05-06 1500UT,87,1,O2_surto_06-08mai
-20.0,0.057672865425583184,5.245709592061166,C7,traseira,2024-05-06 1500UT,84,1,O2_surto_06-08mai
-15.0,0.07036059046011596,5.085263645641443,C7,traseira,2024-05-06 1500UT,92,1,O2_surto_06-08mai
-70.0,0.015525680901402005,13.226746708488175,C6,frente,2024-05-06 1500UT,111,1,O2_surto_06-08mai
-65.0,0.01756762301942239,11.939493552489482,C6,frente,2024-05-06 1500UT,1991,1,O2_surto_06-08mai
-60.0,0.018110848041224002,11.632355715170723,C6,frente,2024-05-06 1500UT,5682,1,O2_surto_06-08mai
-55.0,0.017499092913262584,11.979237282048745,C6,frente,2024-05-06 1500UT,4214,1,O2_surto_06-08mai
-50.0,0.015966631317959876,12.929935898241837,C6,frente,2024-05-06 1500UT,1478,1,O2_surto_06-08mai
-45.0,0.030923228445635012,7.280206131383571,C6,frente,2024-05-06 1500UT,30,1,O2_surto_06-08mai
-40.0,0.03644278638561193,6.439503865241765,C6,frente,2024-05-06 1500UT,5,1,O2_surto_06-08mai
-70.0,0.01785501450076266,11.77527249052337,C6,traseira,2024-05-06 1500UT,1360,1,O2_surto_06-08mai
-65.0,0.018102867526478945,11.636767932488032,C6,traseira,2024-05-06 1500UT,4036,1,O2_surto_06-08mai
-60.0,0.018442141462484827,11.451755470772166,C6,traseira,2024-05-06 1500UT,2461,1,O2_surto_06-08mai
-55.0,0.02046615353131612,10.450375946939111,C6,traseira,2024-05-06 1500UT,3149,1,O2_surto_06-08mai
-50.0,0.017880131407890878,11.761105627225234,C6,traseira,2024-05-06 1500UT,1475,1,O2_surto_06-08mai
-45.0,0.01793352093090165,11.731091437168747,C6,traseira,2024-05-06 1500UT,804,1,O2_surto_06-08mai
-40.0,0.01986215739540314,10.7317311109989,C6,traseira,2024-05-06 1500UT,219,1,O2_surto_06-08mai
-35.0,0.028408019480301343,7.812101232917472,C6,traseira,2024-05-06 1500UT,66,1,O2_surto_06-08mai
-30.0,0.04156743543298941,5.939173006672918,C6,traseira,2024-05-06 1500UT,35,1,O2_surto_06-08mai
-25.0,0.05792786466689566,5.240238121665577,C6,traseira,2024-05-06 1500UT,53,1,O2_surto_06-08mai
-20.0,0.07115031210560652,5.07981887339307,C6,traseira,2024-05-06 1500UT,15,1,O2_surto_06-08mai
-70.0,0.01956150086489239,10.87820143118628,C7,frente,2024-05-06 1600UT,10,1,O2_surto_06-08mai
-65.0,0.017406116623143883,12.03352261169239,C7,frente,2024-05-06 1600UT,3073,1,O2_surto_06-08mai
-60.0,0.01599186296309078,12.913278211021954,C7,frente,2024-05-06 1600UT,5139,1,O2_surto_06-08mai
-55.0,0.015357419883186466,13.342912628195437,C7,frente,2024-05-06 1600UT,3829,1,O2_surto_06-08mai
-50.0,0.021904120066438076,9.834869040417527,C7,frente,2024-05-06 1600UT,857,1,O2_surto_06-08mai
-45.0,0.029860367498250107,7.491371653024003,C7,frente,2024-05-06 1600UT,383,1,O2_surto_06-08mai
-40.0,0.03900455730386621,6.162997722359229,C7,frente,2024-05-06 1600UT,268,1,O2_surto_06-08mai
-35.0,0.05222564416089019,5.386377799986505,C7,frente,2024-05-06 1600UT,181,1,O2_surto_06-08mai
-30.0,0.07107967513169933,5.080290105940538,C7,frente,2024-05-06 1600UT,47,1,O2_surto_06-08mai
-25.0,0.08592697728991264,5.02339480471907,C7,frente,2024-05-06 1600UT,18,1,O2_surto_06-08mai
-20.0,0.1076147073873239,5.003823095284313,C7,frente,2024-05-06 1600UT,11,1,O2_surto_06-08mai
-70.0,0.021352845710980766,10.062161532469421,C7,traseira,2024-05-06 1600UT,291,1,O2_surto_06-08mai
-65.0,0.02043928141532708,10.462594884247993,C7,traseira,2024-05-06 1600UT,2707,1,O2_surto_06-08mai
-60.0,0.01934270208278326,10.985294967009976,C7,traseira,2024-05-06 1600UT,4970,1,O2_surto_06-08mai
-55.0,0.016381828875509236,12.660252720628321,C7,traseira,2024-05-06 1600UT,3476,1,O2_surto_06-08mai
-50.0,0.0156361259251922,13.15137714558187,C7,traseira,2024-05-06 1600UT,1477,1,O2_surto_06-08mai
-45.0,0.015960985174847918,12.933666474868701,C7,traseira,2024-05-06 1600UT,571,1,O2_surto_06-08mai
-40.0,0.019017913517881548,11.14950293621291,C7,traseira,2024-05-06 1600UT,243,1,O2_surto_06-08mai
-35.0,0.023443357008800195,9.252832567020961,C7,traseira,2024-05-06 1600UT,114,1,O2_surto_06-08mai
-30.0,0.02691443456143894,8.184603638201816,C7,traseira,2024-05-06 1600UT,81,1,O2_surto_06-08mai
-25.0,0.047208673197524205,5.58692471680819,C7,traseira,2024-05-06 1600UT,59,1,O2_surto_06-08mai
-20.0,0.057551204366200245,5.247898394708865,C7,traseira,2024-05-06 1600UT,67,1,O2_surto_06-08mai
-15.0,0.0741935025071791,5.06193966617533,C7,traseira,2024-05-06 1600UT,63,1,O2_surto_06-08mai
-70.0,0.018022238271234427,11.681511219274473,C6,frente,2024-05-06 1600UT,7,1,O2_surto_06-08mai
-65.0,0.01663324789489192,12.501427910002946,C6,frente,2024-05-06 1600UT,1287,1,O2_surto_06-08mai
-60.0,0.017712524223321893,11.856202366547386,C6,frente,2024-05-06 1600UT,5500,1,O2_surto_06-08mai
-55.0,0.018377509894947297,11.486598139677358,C6,frente,2024-05-06 1600UT,4385,1,O2_surto_06-08mai
-50.0,0.01954605351409707,10.88472251895211,C6,frente,2024-05-06 1600UT,1682,1,O2_surto_06-08mai
-45.0,0.020025233215970627,10.654365756235688,C6,frente,2024-05-06 1600UT,363,1,O2_surto_06-08mai
-70.0,0.016096399462235858,12.844642069247229,C6,traseira,2024-05-06 1600UT,291,1,O2_surto_06-08mai
-65.0,0.01716388572358855,12.176943322846,C6,traseira,2024-05-06 1600UT,3361,1,O2_surto_06-08mai
-60.0,0.0174314445405089,12.0186931068975,C6,traseira,2024-05-06 1600UT,3182,1,O2_surto_06-08mai
-55.0,0.01783329756177189,11.787544581985602,C6,traseira,2024-05-06 1600UT,2236,1,O2_surto_06-08mai
-50.0,0.01998826003662147,10.671814279340385,C6,traseira,2024-05-06 1600UT,1319,1,O2_surto_06-08mai
-45.0,0.018587959849812836,11.37384238908237,C6,traseira,2024-05-06 1600UT,498,1,O2_surto_06-08mai
-40.0,0.020430649736503614,10.466525578147444,C6,traseira,2024-05-06 1600UT,315,1,O2_surto_06-08mai
-35.0,0.021760353852304407,9.893145256880343,C6,traseira,2024-05-06 1600UT,288,1,O2_surto_06-08mai
-30.0,0.031042147231501657,7.257711701859266,C6,traseira,2024-05-06 1600UT,99,1,O2_surto_06-08mai
-25.0,0.05780701495901927,5.242672597997492,C6,traseira,2024-05-06 1600UT,42,1,O2_surto_06-08mai
-20.0,0.07106844841354837,5.080517213603938,C6,traseira,2024-05-06 1600UT,30,1,O2_surto_06-08mai
-15.0,0.08862802291077403,5.01860227871448,C6,traseira,2024-05-06 1600UT,5,1,O2_surto_06-08mai
-60.0,0.013636283688321413,14.62958766980567,C11,inteira,2024-05-06 1600UT,1317,1,O2_surto_06-08mai
-55.0,0.014215444647933458,14.175867999668412,C11,inteira,2024-05-06 1600UT,2437,1,O2_surto_06-08mai
-50.0,0.01510405408003933,13.520936122390172,C11,inteira,2024-05-06 1600UT,547,1,O2_surto_06-08mai
-45.0,0.014474590487115576,13.979834997803234,C11,inteira,2024-05-06 1600UT,87,1,O2_surto_06-08mai
-65.0,0.01892221896203669,11.198738486893944,C7,frente,2024-05-06 1700UT,1239,1,O2_surto_06-08mai
-60.0,0.014092113953643601,14.270659955578544,C7,frente,2024-05-06 1700UT,4118,1,O2_surto_06-08mai
-55.0,0.014977603529694194,13.611200628832474,C7,frente,2024-05-06 1700UT,3686,1,O2_surto_06-08mai
-50.0,0.018261126636410285,11.549815154932539,C7,frente,2024-05-06 1700UT,1195,1,O2_surto_06-08mai
-45.0,0.03195582328741422,7.092191555444771,C7,frente,2024-05-06 1700UT,187,1,O2_surto_06-08mai
-40.0,0.04416532675797844,5.7563602083107845,C7,frente,2024-05-06 1700UT,56,1,O2_surto_06-08mai
-35.0,0.05540291657145725,5.2965082063675215,C7,frente,2024-05-06 1700UT,14,1,O2_surto_06-08mai
-65.0,0.020849303910752577,10.279098836486758,C7,traseira,2024-05-06 1700UT,1014,1,O2_surto_06-08mai
-60.0,0.020420856009046258,10.47098887117869,C7,traseira,2024-05-06 1700UT,4192,1,O2_surto_06-08mai
-55.0,0.01894339671274458,11.187808554243482,C7,traseira,2024-05-06 1700UT,4086,1,O2_surto_06-08mai
-50.0,0.017848110854123293,11.779171519543267,C7,traseira,2024-05-06 1700UT,982,1,O2_surto_06-08mai
-45.0,0.022214003850112508,9.711615184950091,C7,traseira,2024-05-06 1700UT,344,1,O2_surto_06-08mai
-40.0,0.026141999349292736,8.396354071786604,C7,traseira,2024-05-06 1700UT,194,1,O2_surto_06-08mai
-35.0,0.03347882182741851,6.842817576715142,C7,traseira,2024-05-06 1700UT,90,1,O2_surto_06-08mai
-30.0,0.04674581873998263,5.610005373195478,C7,traseira,2024-05-06 1700UT,59,1,O2_surto_06-08mai
-25.0,0.049937174657615296,5.46844237107738,C7,traseira,2024-05-06 1700UT,34,1,O2_surto_06-08mai
-20.0,0.06920512288507888,5.093865141465118,C7,traseira,2024-05-06 1700UT,25,1,O2_surto_06-08mai
-15.0,0.10464619425112427,5.004896087775494,C7,traseira,2024-05-06 1700UT,17,1,O2_surto_06-08mai
-70.0,0.018009462416267715,11.688628508854329,C6,frente,2024-05-06 1700UT,15,1,O2_surto_06-08mai
-65.0,0.01683939817419915,12.373660071353319,C6,frente,2024-05-06 1700UT,797,1,O2_surto_06-08mai
-60.0,0.01806447824745146,11.658033657751155,C6,frente,2024-05-06 1700UT,3427,1,O2_surto_06-08mai
-55.0,0.01775687790463379,11.830907649099384,C6,frente,2024-05-06 1700UT,3307,1,O2_surto_06-08mai
-50.0,0.018173298232012983,11.597929880694524,C6,frente,2024-05-06 1700UT,628,1,O2_surto_06-08mai
-70.0,0.016179151357482557,12.790731582780307,C6,traseira,2024-05-06 1700UT,51,1,O2_surto_06-08mai
-65.0,0.01521401636361253,13.443210986447006,C6,traseira,2024-05-06 1700UT,1390,1,O2_surto_06-08mai
-60.0,0.01649020458974527,12.591382070834726,C6,traseira,2024-05-06 1700UT,2779,1,O2_surto_06-08mai
-55.0,0.018399609782890736,11.474663046233372,C6,traseira,2024-05-06 1700UT,2186,1,O2_surto_06-08mai
-50.0,0.018263536737890558,11.548502565889411,C6,traseira,2024-05-06 1700UT,1280,1,O2_surto_06-08mai
-45.0,0.02105150394389286,10.190915667826097,C6,traseira,2024-05-06 1700UT,640,1,O2_surto_06-08mai
-40.0,0.02622621236178771,8.372586037492887,C6,traseira,2024-05-06 1700UT,170,1,O2_surto_06-08mai
-35.0,0.02368676743253,9.16743232024611,C6,traseira,2024-05-06 1700UT,57,1,O2_surto_06-08mai
-30.0,0.02433658773778893,8.94776029238376,C6,traseira,2024-05-06 1700UT,19,1,O2_surto_06-08mai
-25.0,0.03239708185386794,7.022242675201488,C6,traseira,2024-05-06 1700UT,6,1,O2_surto_06-08mai
-70.0,0.019315515345974588,10.998869908056324,C12,inteira,2024-05-06 1700UT,25,1,O2_surto_06-08mai
-65.0,0.018587890578469293,11.373867958398938,C12,inteira,2024-05-06 1700UT,617,1,O2_surto_06-08mai
-60.0,0.02243212485946331,9.626745214082215,C12,inteira,2024-05-06 1700UT,1125,1,O2_surto_06-08mai
-55.0,0.02133130928728138,10.07125479032192,C12,inteira,2024-05-06 1700UT,1988,1,O2_surto_06-08mai
-50.0,0.019355971711339938,10.978679588903802,C12,inteira,2024-05-06 1700UT,969,1,O2_surto_06-08mai
-45.0,0.022747523299409794,9.506743841077201,C12,inteira,2024-05-06 1700UT,232,1,O2_surto_06-08mai
-40.0,0.0325071976169727,6.998234912051407,C12,inteira,2024-05-06 1700UT,121,1,O2_surto_06-08mai
-35.0,0.04233551920834198,5.880969114123679,C12,inteira,2024-05-06 1700UT,80,1,O2_surto_06-08mai
-30.0,0.05153844040544992,5.409243365354953,C12,inteira,2024-05-06 1700UT,72,1,O2_surto_06-08mai
-25.0,0.06477292358045728,5.135803505561312,C12,inteira,2024-05-06 1700UT,81,1,O2_surto_06-08mai
-20.0,0.07501649622058253,5.057834065790021,C12,inteira,2024-05-06 1700UT,75,1,O2_surto_06-08mai
-15.0,0.10572304232134076,5.004475862783234,C12,inteira,2024-05-06 1700UT,103,1,O2_surto_06-08mai
-60.0,0.018404801470353005,11.471862445853473,C13,inteira,2024-05-06 1700UT,311,1,O2_surto_06-08mai
-55.0,0.01757609806328226,11.934595222922978,C13,inteira,2024-05-06 1700UT,944,1,O2_surto_06-08mai
-50.0,0.021549948354459524,9.979693545644286,C13,inteira,2024-05-06 1700UT,253,1,O2_surto_06-08mai
-45.0,0.025751839506508,8.508577750658628,C13,inteira,2024-05-06 1700UT,9,1,O2_surto_06-08mai
-60.0,0.01622592942850559,12.760421082668097,C14,inteira,2024-05-06 1700UT,199,1,O2_surto_06-08mai
-55.0,0.01591627672168608,12.96328078706183,C14,inteira,2024-05-06 1700UT,908,1,O2_surto_06-08mai
-50.0,0.0193971976773729,10.958176233869853,C14,inteira,2024-05-06 1700UT,206,1,O2_surto_06-08mai
-45.0,0.025867653816037704,8.47490248987269,C14,inteira,2024-05-06 1700UT,28,1,O2_surto_06-08mai
-65.0,0.01638985837439547,12.65512876853937,C14,frente,2024-05-06 1800UT,857,1,O2_surto_06-08mai
-60.0,0.017334711550709238,12.075500034591807,C14,frente,2024-05-06 1800UT,1940,1,O2_surto_06-08mai
-55.0,0.015951176632441225,12.940153934534251,C14,frente,2024-05-06 1800UT,2021,1,O2_surto_06-08mai
-50.0,0.018773811245242956,11.275876215621313,C14,frente,2024-05-06 1800UT,753,1,O2_surto_06-08mai
-45.0,0.0213846366514641,10.048768374847963,C14,frente,2024-05-06 1800UT,277,1,O2_surto_06-08mai
-40.0,0.020191832661442356,10.576406987113664,C14,frente,2024-05-06 1800UT,77,1,O2_surto_06-08mai
-35.0,0.015953006759931943,12.938943069038515,C14,frente,2024-05-06 1800UT,31,1,O2_surto_06-08mai
-70.0,0.01965880858343107,10.829687127922885,C14,traseira,2024-05-06 1800UT,5,1,O2_surto_06-08mai
-65.0,0.018744353608301574,11.291301180755351,C14,traseira,2024-05-06 1800UT,425,1,O2_surto_06-08mai
-60.0,0.019395131461690453,10.959201088396462,C14,traseira,2024-05-06 1800UT,2459,1,O2_surto_06-08mai
-55.0,0.01802203343895737,11.681625269344288,C14,traseira,2024-05-06 1800UT,2395,1,O2_surto_06-08mai
-50.0,0.017949175523231244,11.722316112328052,C14,traseira,2024-05-06 1800UT,927,1,O2_surto_06-08mai
-45.0,0.020997883074147402,10.214138051021017,C14,traseira,2024-05-06 1800UT,195,1,O2_surto_06-08mai
-40.0,0.03448976485210874,6.695992714562674,C14,traseira,2024-05-06 1800UT,36,1,O2_surto_06-08mai
-35.0,0.051616886624376856,5.406484355318632,C14,traseira,2024-05-06 1800UT,15,1,O2_surto_06-08mai
-70.0,0.018831271659575016,11.245897556375759,C12,frente,2024-05-06 1800UT,62,1,O2_surto_06-08mai
-65.0,0.01990230240778972,10.712588114807811,C12,frente,2024-05-06 1800UT,461,1,O2_surto_06-08mai
-60.0,0.024987885696613747,8.739207097691288,C12,frente,2024-05-06 1800UT,1074,1,O2_surto_06-08mai
-55.0,0.021592093144034034,9.96223545425106,C12,frente,2024-05-06 1800UT,1360,1,O2_surto_06-08mai
-50.0,0.02871798199076596,7.740203576862451,C12,frente,2024-05-06 1800UT,391,1,O2_surto_06-08mai
-45.0,0.024641528825593347,8.848704684851308,C12,frente,2024-05-06 1800UT,83,1,O2_surto_06-08mai
-40.0,0.02967704475712685,7.529724285071475,C12,frente,2024-05-06 1800UT,77,1,O2_surto_06-08mai
-35.0,0.04180954661188485,5.920656255846013,C12,frente,2024-05-06 1800UT,52,1,O2_surto_06-08mai
-30.0,0.05009629110892332,5.461398333961907,C12,frente,2024-05-06 1800UT,57,1,O2_surto_06-08mai
-25.0,0.05697365923478215,5.260121212529184,C12,frente,2024-05-06 1800UT,59,1,O2_surto_06-08mai
-20.0,0.07935955507841622,5.040272049993762,C12,frente,2024-05-06 1800UT,50,1,O2_surto_06-08mai
-15.0,0.09943719091203188,5.007588695747286,C12,frente,2024-05-06 1800UT,66,1,O2_surto_06-08mai
-70.0,0.018507988686308822,11.416451925956665,C12,traseira,2024-05-06 1800UT,96,1,O2_surto_06-08mai
-65.0,0.019355562014495665,10.978883712901697,C12,traseira,2024-05-06 1800UT,291,1,O2_surto_06-08mai
-60.0,0.023090298943904682,9.379812008368496,C12,traseira,2024-05-06 1800UT,1227,1,O2_surto_06-08mai
-55.0,0.020408339325381976,10.476698422087967,C12,traseira,2024-05-06 1800UT,1708,1,O2_surto_06-08mai
-50.0,0.018812597253342316,11.255624350366695,C12,traseira,2024-05-06 1800UT,672,1,O2_surto_06-08mai
-45.0,0.021923169787099926,9.827199887274432,C12,traseira,2024-05-06 1800UT,153,1,O2_surto_06-08mai
-40.0,0.03008967159646204,7.444216810292344,C12,traseira,2024-05-06 1800UT,77,1,O2_surto_06-08mai
-35.0,0.03901121030685954,6.1621400722024795,C12,traseira,2024-05-06 1800UT,50,1,O2_surto_06-08mai
-30.0,0.05106807521553842,5.425506288086595,C12,traseira,2024-05-06 1800UT,45,1,O2_surto_06-08mai
-25.0,0.0624742061111232,5.165689443545514,C12,traseira,2024-05-06 1800UT,38,1,O2_surto_06-08mai
-20.0,0.07774345727581997,5.046078213445766,C12,traseira,2024-05-06 1800UT,48,1,O2_surto_06-08mai
-15.0,0.10231684621575468,5.005944989769786,C12,traseira,2024-05-06 1800UT,41,1,O2_surto_06-08mai
-65.0,0.018511701979205014,11.4144755448588,C7,frente,2024-05-06 1800UT,134,1,O2_surto_06-08mai
-60.0,0.016896825628591322,12.338457615758923,C7,frente,2024-05-06 1800UT,968,1,O2_surto_06-08mai
-55.0,0.020515721185383237,10.427908851478403,C7,frente,2024-05-06 1800UT,855,1,O2_surto_06-08mai
-50.0,0.02346639705712658,9.244681861998782,C7,frente,2024-05-06 1800UT,442,1,O2_surto_06-08mai
-45.0,0.02318197393496491,9.347590007650155,C7,frente,2024-05-06 1800UT,16,1,O2_surto_06-08mai
-65.0,0.016419401277419372,12.636306202945168,C7,traseira,2024-05-06 1800UT,28,1,O2_surto_06-08mai
-60.0,0.020038476018963768,10.64812922827492,C7,traseira,2024-05-06 1800UT,960,1,O2_surto_06-08mai
-55.0,0.018165316955928948,11.602320391916637,C7,traseira,2024-05-06 1800UT,1140,1,O2_surto_06-08mai
-50.0,0.01686151403107494,12.360083028123272,C7,traseira,2024-05-06 1800UT,188,1,O2_surto_06-08mai
-45.0,0.017365766117692645,12.057212935266612,C7,traseira,2024-05-06 1800UT,5,1,O2_surto_06-08mai
-60.0,0.015363745829485477,13.338515719134094,C15,inteira,2024-05-06 1800UT,1473,1,O2_surto_06-08mai
-55.0,0.015448056201277868,13.280136163485643,C15,inteira,2024-05-06 1800UT,3062,1,O2_surto_06-08mai
-50.0,0.014996672280957642,13.597527754993536,C15,inteira,2024-05-06 1800UT,785,1,O2_surto_06-08mai
-45.0,0.019086904648796314,11.114251952927699,C15,inteira,2024-05-06 1800UT,126,1,O2_surto_06-08mai
-40.0,0.022987256695050584,9.417582748779344,C15,inteira,2024-05-06 1800UT,71,1,O2_surto_06-08mai
-35.0,0.025036408341590308,8.72411790537534,C15,inteira,2024-05-06 1800UT,5,1,O2_surto_06-08mai
-60.0,0.019827800742205925,10.748164883332212,C13,frente,2024-05-06 1800UT,311,1,O2_surto_06-08mai
-55.0,0.020022713730089767,10.655553055429646,C13,frente,2024-05-06 1800UT,767,1,O2_surto_06-08mai
-50.0,0.02119756743741552,10.128091457745708,C13,frente,2024-05-06 1800UT,468,1,O2_surto_06-08mai
-45.0,0.02331708248825753,9.297816806326352,C13,frente,2024-05-06 1800UT,293,1,O2_surto_06-08mai
-40.0,0.023359420258733776,9.282680724686344,C13,frente,2024-05-06 1800UT,62,1,O2_surto_06-08mai
-60.0,0.018672992330224972,11.328826836259168,C13,traseira,2024-05-06 1800UT,282,1,O2_surto_06-08mai
-55.0,0.019683313214904696,10.81779474660313,C13,traseira,2024-05-06 1800UT,1174,1,O2_surto_06-08mai
-50.0,0.021359862684128178,10.059202310124629,C13,traseira,2024-05-06 1800UT,733,1,O2_surto_06-08mai
-45.0,0.026705424280180176,8.240557420315724,C13,traseira,2024-05-06 1800UT,45,1,O2_surto_06-08mai
-60.0,0.021496454807897643,10.00194155304819,C16,inteira,2024-05-06 1800UT,279,1,O2_surto_06-08mai
-55.0,0.023536078184162458,9.22009570340405,C16,inteira,2024-05-06 1800UT,1074,1,O2_surto_06-08mai
-50.0,0.027341549547359928,8.073250686548171,C16,inteira,2024-05-06 1800UT,176,1,O2_surto_06-08mai
-60.0,0.029759779164149142,7.512345123976079,C17,inteira,2024-05-06 1800UT,290,1,O2_surto_06-08mai
-55.0,0.02935845421916259,7.597785964317342,C17,inteira,2024-05-06 1800UT,665,1,O2_surto_06-08mai
-50.0,0.01867926627785233,11.325561920838812,C17,inteira,2024-05-06 1800UT,360,1,O2_surto_06-08mai
-45.0,0.015983097161368774,12.919060841803674,C17,inteira,2024-05-06 1800UT,53,1,O2_surto_06-08mai
-60.0,0.033667647844752596,6.814050476105223,C18,inteira,2024-05-06 1800UT,238,1,O2_surto_06-08mai
-55.0,0.028833230276366865,7.7140206169403225,C18,inteira,2024-05-06 1800UT,960,1,O2_surto_06-08mai
-50.0,0.02440222675373158,8.926225318284654,C18,inteira,2024-05-06 1800UT,289,1,O2_surto_06-08mai
-45.0,0.020087808552683006,10.624957179933478,C18,inteira,2024-05-06 1800UT,63,1,O2_surto_06-08mai
-65.0,0.018934727273196974,11.19228054074572,C14,traseira,2024-05-06 1900UT,37,1,O2_surto_06-08mai
-60.0,0.01916033587560219,11.076995375386122,C14,traseira,2024-05-06 1900UT,560,1,O2_surto_06-08mai
-55.0,0.016006799800473447,12.903434417285117,C14,traseira,2024-05-06 1900UT,482,1,O2_surto_06-08mai
-50.0,0.018056251196831186,11.662599887842038,C14,traseira,2024-05-06 1900UT,805,1,O2_surto_06-08mai
-45.0,0.019953083235857337,10.688465029161085,C14,traseira,2024-05-06 1900UT,601,1,O2_surto_06-08mai
-40.0,0.02814345916160624,7.874692325061199,C14,traseira,2024-05-06 1900UT,138,1,O2_surto_06-08mai
-35.0,0.03325145923396035,6.8780658526850385,C14,traseira,2024-05-06 1900UT,109,1,O2_surto_06-08mai
-30.0,0.023391722194253613,9.271167456159139,C14,traseira,2024-05-06 1900UT,135,1,O2_surto_06-08mai
-25.0,0.037882992790003886,6.2775531263075335,C14,traseira,2024-05-06 1900UT,66,1,O2_surto_06-08mai
-20.0,0.042174987100698474,5.8928069733538635,C14,traseira,2024-05-06 1900UT,61,1,O2_surto_06-08mai
-15.0,0.06353686961886114,5.150537696173462,C14,traseira,2024-05-06 1900UT,41,1,O2_surto_06-08mai
-65.0,0.018150140543923866,11.610687750582017,C16,frente,2024-05-06 1900UT,76,1,O2_surto_06-08mai
-60.0,0.022816988342146488,9.480710805529684,C16,frente,2024-05-06 1900UT,1798,1,O2_surto_06-08mai
-55.0,0.029523230721961134,7.562359153983177,C16,frente,2024-05-06 1900UT,1480,1,O2_surto_06-08mai
-50.0,0.030258736180049376,7.4100223789352695,C16,frente,2024-05-06 1900UT,613,1,O2_surto_06-08mai
-45.0,0.03465451410254888,6.670831168020059,C16,frente,2024-05-06 1900UT,178,1,O2_surto_06-08mai
-40.0,0.03976447086866979,6.091432960962898,C16,frente,2024-05-06 1900UT,101,1,O2_surto_06-08mai
-35.0,0.045964901027667274,5.651074554647884,C16,frente,2024-05-06 1900UT,88,1,O2_surto_06-08mai
-30.0,0.056456909499049135,5.2715713287497,C16,frente,2024-05-06 1900UT,86,1,O2_surto_06-08mai
-25.0,0.06432377453044177,5.140982830920227,C16,frente,2024-05-06 1900UT,91,1,O2_surto_06-08mai
-20.0,0.06615750187324199,5.121009518907112,C16,frente,2024-05-06 1900UT,84,1,O2_surto_06-08mai
-15.0,0.0776550306733993,5.046419382486798,C16,frente,2024-05-06 1900UT,64,1,O2_surto_06-08mai
-65.0,0.019648310407952705,10.834789449346271,C16,traseira,2024-05-06 1900UT,55,1,O2_surto_06-08mai
-60.0,0.02323580134264077,9.32702657593584,C16,traseira,2024-05-06 1900UT,1611,1,O2_surto_06-08mai
-55.0,0.02517631329582126,8.680951482090045,C16,traseira,2024-05-06 1900UT,2211,1,O2_surto_06-08mai
-50.0,0.023027375521353016,9.402838389863778,C16,traseira,2024-05-06 1900UT,709,1,O2_surto_06-08mai
-45.0,0.026727008691206332,8.234733865692842,C16,traseira,2024-05-06 1900UT,65,1,O2_surto_06-08mai
-40.0,0.028366041481483032,7.821759401197727,C16,traseira,2024-05-06 1900UT,27,1,O2_surto_06-08mai
-35.0,0.021585535983873458,9.96494746482962,C16,traseira,2024-05-06 1900UT,55,1,O2_surto_06-08mai
-30.0,0.04218590526123212,5.891995025295625,C16,traseira,2024-05-06 1900UT,27,1,O2_surto_06-08mai
-25.0,0.06747503075717497,5.108422261344675,C16,traseira,2024-05-06 1900UT,15,1,O2_surto_06-08mai
-20.0,0.09002355297404337,5.01655999608936,C16,traseira,2024-05-06 1900UT,17,1,O2_surto_06-08mai
-15.0,0.0828699799708475,5.030057763982358,C16,traseira,2024-05-06 1900UT,19,1,O2_surto_06-08mai
-60.0,0.023474906849338683,9.241661875489651,C12,frente,2024-05-06 1900UT,361,1,O2_surto_06-08mai
-55.0,0.0222646378671161,9.691775098764133,C12,frente,2024-05-06 1900UT,782,1,O2_surto_06-08mai
-50.0,0.02465938735679816,8.842998140589565,C12,frente,2024-05-06 1900UT,298,1,O2_surto_06-08mai
-45.0,0.03632080483059908,6.4542112330768395,C12,frente,2024-05-06 1900UT,41,1,O2_surto_06-08mai
-40.0,0.04481116879921373,5.716782881734773,C12,frente,2024-05-06 1900UT,10,1,O2_surto_06-08mai
-35.0,0.06797848734799114,5.104232537730531,C12,frente,2024-05-06 1900UT,10,1,O2_surto_06-08mai
-30.0,0.07306446353002943,5.07190069319935,C12,frente,2024-05-06 1900UT,10,1,O2_surto_06-08mai
-25.0,0.10665720005874857,5.004140649484094,C12,frente,2024-05-06 1900UT,11,1,O2_surto_06-08mai
-20.0,0.08989210074922614,5.016742397336533,C12,frente,2024-05-06 1900UT,7,1,O2_surto_06-08mai
-60.0,0.024140373918098746,9.012841344643217,C12,traseira,2024-05-06 1900UT,299,1,O2_surto_06-08mai
-55.0,0.023693546833552483,9.165078593933238,C12,traseira,2024-05-06 1900UT,519,1,O2_surto_06-08mai
-50.0,0.02179977549863451,9.877115535549557,C12,traseira,2024-05-06 1900UT,180,1,O2_surto_06-08mai
-45.0,0.018990500063629442,11.163567341629143,C12,traseira,2024-05-06 1900UT,280,1,O2_surto_06-08mai
-40.0,0.020234638340599194,10.556550599397402,C12,traseira,2024-05-06 1900UT,59,1,O2_surto_06-08mai
-35.0,0.029310391568993156,7.608742356157906,C12,traseira,2024-05-06 1900UT,24,1,O2_surto_06-08mai
-30.0,0.03393946078263595,6.773418399378283,C12,traseira,2024-05-06 1900UT,9,1,O2_surto_06-08mai
-25.0,0.058324821344984776,5.240341658087022,C12,traseira,2024-05-06 1900UT,6,1,O2_surto_06-08mai
-60.0,0.020535416403932014,10.419007503968212,C7,frente,2024-05-06 1900UT,299,1,O2_surto_06-08mai
-55.0,0.020145035230139424,10.59819804756252,C7,frente,2024-05-06 1900UT,824,1,O2_surto_06-08mai
-50.0,0.0220963014444823,9.75805487835197,C7,frente,2024-05-06 1900UT,304,1,O2_surto_06-08mai
-45.0,0.025206138743574927,8.671814006671841,C7,frente,2024-05-06 1900UT,45,1,O2_surto_06-08mai
-40.0,0.025185704754271274,8.678071817172539,C7,frente,2024-05-06 1900UT,27,1,O2_surto_06-08mai
-60.0,0.03424564983244664,6.728740865360365,C7,traseira,2024-05-06 1900UT,154,1,O2_surto_06-08mai
-55.0,0.019986830045746088,10.672490310229781,C7,traseira,2024-05-06 1900UT,990,1,O2_surto_06-08mai
-50.0,0.019747060279725073,10.786971079115567,C7,traseira,2024-05-06 1900UT,443,1,O2_surto_06-08mai
-45.0,0.026407861857136762,8.321917667607755,C7,traseira,2024-05-06 1900UT,53,1,O2_surto_06-08mai
-40.0,0.030112791026579953,7.439512268699371,C7,traseira,2024-05-06 1900UT,13,1,O2_surto_06-08mai
-60.0,0.041490777559463135,5.945191794479943,C23,inteira,2024-05-07 1100UT,5,1,O2_surto_06-08mai
-55.0,0.041928979842678904,5.911298957095787,C23,inteira,2024-05-07 1100UT,211,1,O2_surto_06-08mai
-50.0,0.04966517089337877,5.479197227632692,C23,inteira,2024-05-07 1100UT,24,1,O2_surto_06-08mai
-45.0,0.07049411075243976,5.084305190196035,C23,inteira,2024-05-07 1100UT,9,1,O2_surto_06-08mai
-40.0,0.11457966410926243,5.002139660813711,C23,inteira,2024-05-07 1100UT,5,1,O2_surto_06-08mai
-25.0,0.20188422303452674,5.000001481451998,C23,inteira,2024-05-07 1100UT,5,1,O2_surto_06-08mai
-15.0,0.23317684331304706,5.000000109186738,C23,inteira,2024-05-07 1100UT,11,1,O2_surto_06-08mai
-60.0,0.06611426295720003,5.121441267099058,C25,inteira,2024-05-07 1100UT,265,1,O2_surto_06-08mai
-55.0,0.049662134825916984,5.478398931183014,C25,inteira,2024-05-07 1100UT,1002,1,O2_surto_06-08mai
-50.0,0.04748717951318899,5.573459721436953,C25,inteira,2024-05-07 1100UT,467,1,O2_surto_06-08mai
-45.0,0.059820346304959526,5.2051887349650166,C25,inteira,2024-05-07 1100UT,108,1,O2_surto_06-08mai
-40.0,0.06150104055841411,5.178371052898547,C25,inteira,2024-05-07 1100UT,29,1,O2_surto_06-08mai
-35.0,0.0679060892409402,5.1045966883050395,C25,inteira,2024-05-07 1100UT,9,1,O2_surto_06-08mai
-70.0,0.043130499387565385,5.8244729868110605,C21,frente,2024-05-07 1200UT,2051,1,O2_surto_06-08mai
-65.0,0.04061975187415198,6.016350286100492,C21,frente,2024-05-07 1200UT,6952,1,O2_surto_06-08mai
-60.0,0.03754996691138864,6.312630937560204,C21,frente,2024-05-07 1200UT,9496,1,O2_surto_06-08mai
-55.0,0.034099314044100916,6.749951158271987,C21,frente,2024-05-07 1200UT,6803,1,O2_surto_06-08mai
-50.0,0.04037617915489656,6.03719079376956,C21,frente,2024-05-07 1200UT,1586,1,O2_surto_06-08mai
-45.0,0.05763598484011862,5.2461539916600035,C21,frente,2024-05-07 1200UT,710,1,O2_surto_06-08mai
-40.0,0.07058224268656407,5.083691847270624,C21,frente,2024-05-07 1200UT,478,1,O2_surto_06-08mai
-35.0,0.08322566220796787,5.029179944261239,C21,frente,2024-05-07 1200UT,398,1,O2_surto_06-08mai
-30.0,0.09521785855273804,5.010742062592519,C21,frente,2024-05-07 1200UT,322,1,O2_surto_06-08mai
-25.0,0.09843938717791678,5.008212606861804,C21,frente,2024-05-07 1200UT,315,1,O2_surto_06-08mai
-20.0,0.108398093322093,5.003581743941721,C21,frente,2024-05-07 1200UT,230,1,O2_surto_06-08mai
-15.0,0.10656004321835162,5.004174309932926,C21,frente,2024-05-07 1200UT,159,1,O2_surto_06-08mai
-70.0,0.041965059703965205,5.9085633112107665,C21,traseira,2024-05-07 1200UT,2362,1,O2_surto_06-08mai
-65.0,0.04110416093923734,5.976139900160778,C21,traseira,2024-05-07 1200UT,7816,1,O2_surto_06-08mai
-60.0,0.04006813892828275,6.064160054439457,C21,traseira,2024-05-07 1200UT,5996,1,O2_surto_06-08mai
-55.0,0.04096808205591728,5.98727223557315,C21,traseira,2024-05-07 1200UT,2319,1,O2_surto_06-08mai
-50.0,0.04215816480100429,5.8940594399119774,C21,traseira,2024-05-07 1200UT,755,1,O2_surto_06-08mai
-45.0,0.05764809205308181,5.245905196239223,C21,traseira,2024-05-07 1200UT,422,1,O2_surto_06-08mai
-40.0,0.0829592941963491,5.0298355127524,C21,traseira,2024-05-07 1200UT,236,1,O2_surto_06-08mai
-35.0,0.0987811236776203,5.0079820267201836,C21,traseira,2024-05-07 1200UT,217,1,O2_surto_06-08mai
-30.0,0.12092096575789804,5.001261490915163,C21,traseira,2024-05-07 1200UT,192,1,O2_surto_06-08mai
-25.0,0.14223304443367518,5.000213567776542,C21,traseira,2024-05-07 1200UT,213,1,O2_surto_06-08mai
-20.0,0.15450320903404086,5.000076820404658,C21,traseira,2024-05-07 1200UT,244,1,O2_surto_06-08mai
-15.0,0.155545143217885,5.0000704295325376,C21,traseira,2024-05-07 1200UT,245,1,O2_surto_06-08mai
-65.0,0.041750368491678375,5.925123493754685,C22,frente,2024-05-07 1200UT,94,1,O2_surto_06-08mai
-60.0,0.04145202607326992,5.948266687105895,C22,frente,2024-05-07 1200UT,366,1,O2_surto_06-08mai
-55.0,0.03931887779442127,6.132722732273988,C22,frente,2024-05-07 1200UT,433,1,O2_surto_06-08mai
-50.0,0.04907879896603298,5.502227355592865,C22,frente,2024-05-07 1200UT,44,1,O2_surto_06-08mai
-45.0,0.0470713821768984,5.593678234145526,C22,frente,2024-05-07 1200UT,23,1,O2_surto_06-08mai
-40.0,0.05390791539431008,5.335837152664096,C22,frente,2024-05-07 1200UT,35,1,O2_surto_06-08mai
-35.0,0.023574000967640334,9.233579271084327,C22,frente,2024-05-07 1200UT,38,1,O2_surto_06-08mai
-30.0,0.0979956358864095,5.008521988197315,C22,frente,2024-05-07 1200UT,11,1,O2_surto_06-08mai
-25.0,0.11035639153509741,5.003042217527657,C22,frente,2024-05-07 1200UT,13,1,O2_surto_06-08mai
-20.0,0.11374618760737225,5.002293556554527,C22,frente,2024-05-07 1200UT,19,1,O2_surto_06-08mai
-15.0,0.10403254987393352,5.005770249747005,C22,frente,2024-05-07 1200UT,8,1,O2_surto_06-08mai
-70.0,0.041019801056235636,5.983027773519852,C22,traseira,2024-05-07 1200UT,34,1,O2_surto_06-08mai
-65.0,0.03707762158290657,6.365333161965534,C22,traseira,2024-05-07 1200UT,160,1,O2_surto_06-08mai
-60.0,0.03749810973833802,6.318315846257214,C22,traseira,2024-05-07 1200UT,128,1,O2_surto_06-08mai
-55.0,0.03739850710296665,6.3293035029629285,C22,traseira,2024-05-07 1200UT,49,1,O2_surto_06-08mai
-50.0,0.03526295153585264,6.5882266621770285,C22,traseira,2024-05-07 1200UT,41,1,O2_surto_06-08mai
-45.0,0.04056978808236906,6.02092350808384,C22,traseira,2024-05-07 1200UT,22,1,O2_surto_06-08mai
-40.0,0.03173024757390077,7.132375598383928,C22,traseira,2024-05-07 1200UT,28,1,O2_surto_06-08mai
-35.0,0.02538261529009541,8.618210044918122,C22,traseira,2024-05-07 1200UT,23,1,O2_surto_06-08mai
-30.0,0.021175055298825057,10.137720199361375,C22,traseira,2024-05-07 1200UT,23,1,O2_surto_06-08mai
-25.0,0.03070348006421468,7.345287914099275,C22,traseira,2024-05-07 1200UT,12,1,O2_surto_06-08mai
-20.0,0.042203573296739974,5.890682674994873,C22,traseira,2024-05-07 1200UT,17,1,O2_surto_06-08mai
-15.0,0.011872170902735424,16.15457587878489,C22,traseira,2024-05-07 1200UT,35,1,O2_surto_06-08mai
-65.0,0.08278297277381826,5.030276492797759,C23,frente,2024-05-07 1200UT,11,1,O2_surto_06-08mai
-60.0,0.034798268703102514,6.6509347726982675,C23,frente,2024-05-07 1200UT,231,1,O2_surto_06-08mai
-55.0,0.032704076908443284,6.9657181303446,C23,frente,2024-05-07 1200UT,857,1,O2_surto_06-08mai
-50.0,0.02969550088416107,7.525836532809339,C23,frente,2024-05-07 1200UT,363,1,O2_surto_06-08mai
-45.0,0.03010404340574612,7.441291394593523,C23,frente,2024-05-07 1200UT,122,1,O2_surto_06-08mai
-40.0,0.05861068462367899,5.226949821413547,C23,frente,2024-05-07 1200UT,31,1,O2_surto_06-08mai
-35.0,0.06729994110504231,5.110191937327082,C23,frente,2024-05-07 1200UT,24,1,O2_surto_06-08mai
-30.0,0.06666950391468106,5.115950185990055,C23,frente,2024-05-07 1200UT,19,1,O2_surto_06-08mai
-25.0,0.11834402426878418,5.001563537118447,C23,frente,2024-05-07 1200UT,7,1,O2_surto_06-08mai
-60.0,0.029942168088924012,7.4744479853955,C23,traseira,2024-05-07 1200UT,246,1,O2_surto_06-08mai
-55.0,0.027106058030868633,8.134153784418336,C23,traseira,2024-05-07 1200UT,737,1,O2_surto_06-08mai
-50.0,0.031008273480618173,7.264093802337772,C23,traseira,2024-05-07 1200UT,301,1,O2_surto_06-08mai
-45.0,0.042035328780054414,5.903258798847825,C23,traseira,2024-05-07 1200UT,162,1,O2_surto_06-08mai
-40.0,0.05274599856782231,5.3699814169777165,C23,traseira,2024-05-07 1200UT,135,1,O2_surto_06-08mai
-35.0,0.06030148530776696,5.197123194286862,C23,traseira,2024-05-07 1200UT,101,1,O2_surto_06-08mai
-30.0,0.06429692053212271,5.141298680256192,C23,traseira,2024-05-07 1200UT,153,1,O2_surto_06-08mai
-25.0,0.08880656509364758,5.0183561842088125,C23,traseira,2024-05-07 1200UT,84,1,O2_surto_06-08mai
-20.0,0.06885610937504448,5.096635246576096,C23,traseira,2024-05-07 1200UT,13,1,O2_surto_06-08mai
-65.0,0.045846235913531375,5.6574922659594,C26,inteira,2024-05-07 1200UT,13,1,O2_surto_06-08mai
-60.0,0.039626017157814275,6.104101152718522,C26,inteira,2024-05-07 1200UT,320,1,O2_surto_06-08mai
-55.0,0.04000596294367524,6.069688612209942,C26,inteira,2024-05-07 1200UT,462,1,O2_surto_06-08mai
-50.0,0.03939472321108944,6.125585990779525,C26,inteira,2024-05-07 1200UT,101,1,O2_surto_06-08mai
-45.0,0.06443831474543946,5.13964354917549,C26,inteira,2024-05-07 1200UT,35,1,O2_surto_06-08mai
-40.0,0.08011874576373586,5.037803077462609,C26,inteira,2024-05-07 1200UT,19,1,O2_surto_06-08mai
-35.0,0.09302237797174508,5.012898200811523,C26,inteira,2024-05-07 1200UT,27,1,O2_surto_06-08mai
-30.0,0.10281170916843352,5.005705001412858,C26,inteira,2024-05-07 1200UT,20,1,O2_surto_06-08mai
-25.0,0.11519059148118899,5.002034280922926,C26,inteira,2024-05-07 1200UT,22,1,O2_surto_06-08mai
-20.0,0.1205469376083501,5.001301714541311,C26,inteira,2024-05-07 1200UT,18,1,O2_surto_06-08mai
-15.0,0.11582611996876246,5.001929911693979,C26,inteira,2024-05-07 1200UT,24,1,O2_surto_06-08mai
-70.0,0.02715266828872533,8.122003753193036,C21,frente,2024-05-07 1300UT,2637,1,O2_surto_06-08mai
-65.0,0.028435761651533085,7.805412473016508,C21,frente,2024-05-07 1300UT,6445,1,O2_surto_06-08mai
-60.0,0.0263264292618979,8.344537027360435,C21,frente,2024-05-07 1300UT,11390,1,O2_surto_06-08mai
-55.0,0.02611965744081197,8.402666066641046,C21,frente,2024-05-07 1300UT,8377,1,O2_surto_06-08mai
-50.0,0.027684715288501326,7.98660645784937,C21,frente,2024-05-07 1300UT,2468,1,O2_surto_06-08mai
-45.0,0.039371008875477065,6.127813242944523,C21,frente,2024-05-07 1300UT,514,1,O2_surto_06-08mai
-40.0,0.047739522647912896,5.561526577812611,C21,frente,2024-05-07 1300UT,301,1,O2_surto_06-08mai
-35.0,0.06299032644573672,5.1575525085252325,C21,frente,2024-05-07 1300UT,177,1,O2_surto_06-08mai
-30.0,0.07059767536718345,5.083580734645734,C21,frente,2024-05-07 1300UT,97,1,O2_surto_06-08mai
-25.0,0.06769546831220748,5.106448748505312,C21,frente,2024-05-07 1300UT,45,1,O2_surto_06-08mai
-20.0,0.05290265202473994,5.365182900468535,C21,frente,2024-05-07 1300UT,43,1,O2_surto_06-08mai
-15.0,0.07664857786352526,5.050479694787951,C21,frente,2024-05-07 1300UT,31,1,O2_surto_06-08mai
-70.0,0.02932632876399019,7.604749875802483,C21,traseira,2024-05-07 1300UT,3718,1,O2_surto_06-08mai
-65.0,0.02971213344726956,7.522338030031389,C21,traseira,2024-05-07 1300UT,9326,1,O2_surto_06-08mai
-60.0,0.028585446213840585,7.7706359088723485,C21,traseira,2024-05-07 1300UT,6085,1,O2_surto_06-08mai
-55.0,0.028693320214451323,7.745840891608855,C21,traseira,2024-05-07 1300UT,2387,1,O2_surto_06-08mai
-50.0,0.033004442709625395,6.9171278352966485,C21,traseira,2024-05-07 1300UT,766,1,O2_surto_06-08mai
-45.0,0.043125758880956315,5.8247987527893965,C21,traseira,2024-05-07 1300UT,415,1,O2_surto_06-08mai
-40.0,0.0534762367722413,5.348138531193575,C21,traseira,2024-05-07 1300UT,308,1,O2_surto_06-08mai
-35.0,0.0595977285307344,5.2090294775823,C21,traseira,2024-05-07 1300UT,321,1,O2_surto_06-08mai
-30.0,0.06952883694591816,5.091366867720196,C21,traseira,2024-05-07 1300UT,305,1,O2_surto_06-08mai
-25.0,0.07849668902126214,5.04327445469996,C21,traseira,2024-05-07 1300UT,340,1,O2_surto_06-08mai
-20.0,0.08377044454587565,5.02789354433211,C21,traseira,2024-05-07 1300UT,324,1,O2_surto_06-08mai
-15.0,0.08494754118502604,5.02527979434843,C21,traseira,2024-05-07 1300UT,294,1,O2_surto_06-08mai
-65.0,0.029072782126825826,7.6603722077245715,C26,frente,2024-05-07 1300UT,138,1,O2_surto_06-08mai
-60.0,0.03026079145770368,7.4096096421864885,C26,frente,2024-05-07 1300UT,789,1,O2_surto_06-08mai
-55.0,0.03126128112736545,7.216857430232617,C26,frente,2024-05-07 1300UT,387,1,O2_surto_06-08mai
-50.0,0.04455802714372388,5.732002355608575,C26,frente,2024-05-07 1300UT,113,1,O2_surto_06-08mai
-45.0,0.05414392642554358,5.329296601121351,C26,frente,2024-05-07 1300UT,94,1,O2_surto_06-08mai
-40.0,0.06456768404239444,5.138146169486363,C26,frente,2024-05-07 1300UT,65,1,O2_surto_06-08mai
-35.0,0.07417460413589441,5.062038383391135,C26,frente,2024-05-07 1300UT,52,1,O2_surto_06-08mai
-30.0,0.08268909429799316,5.030514504814138,C26,frente,2024-05-07 1300UT,40,1,O2_surto_06-08mai
-25.0,0.08872493905633687,5.018452645343918,C26,frente,2024-05-07 1300UT,47,1,O2_surto_06-08mai
-20.0,0.09299256082914457,5.012930289619277,C26,frente,2024-05-07 1300UT,45,1,O2_surto_06-08mai
-15.0,0.0959097627415927,5.010139842162142,C26,frente,2024-05-07 1300UT,49,1,O2_surto_06-08mai
-70.0,0.029031356307026364,7.670298249510743,C26,traseira,2024-05-07 1300UT,42,1,O2_surto_06-08mai
-65.0,0.028902275855170377,7.698441925202765,C26,traseira,2024-05-07 1300UT,168,1,O2_surto_06-08mai
-60.0,0.030381206596611934,7.385551096296444,C26,traseira,2024-05-07 1300UT,703,1,O2_surto_06-08mai
-55.0,0.028878281247026613,7.7038425945454385,C26,traseira,2024-05-07 1300UT,435,1,O2_surto_06-08mai
-50.0,0.025156143283371145,8.68714672882443,C26,traseira,2024-05-07 1300UT,162,1,O2_surto_06-08mai
-45.0,0.01581680410126944,13.029584643650976,C26,traseira,2024-05-07 1300UT,62,1,O2_surto_06-08mai
-40.0,0.012800706682703429,15.32400560504396,C26,traseira,2024-05-07 1300UT,37,1,O2_surto_06-08mai
-35.0,0.011910585466509157,16.118924792064202,C26,traseira,2024-05-07 1300UT,29,1,O2_surto_06-08mai
-30.0,0.01313094358457771,15.043765391492808,C26,traseira,2024-05-07 1300UT,19,1,O2_surto_06-08mai
-25.0,0.01244558751842089,15.658525859401763,C26,traseira,2024-05-07 1300UT,24,1,O2_surto_06-08mai
-20.0,0.012259645081457202,15.800288245835567,C26,traseira,2024-05-07 1300UT,46,1,O2_surto_06-08mai
-15.0,0.016755405642027734,12.425696402384068,C26,traseira,2024-05-07 1300UT,78,1,O2_surto_06-08mai
-60.0,0.0218913556748732,9.840015571327704,C23,frente,2024-05-07 1300UT,472,1,O2_surto_06-08mai
-55.0,0.023636221535590442,9.185023231600589,C23,frente,2024-05-07 1300UT,786,1,O2_surto_06-08mai
-50.0,0.025702090221869242,8.52315467476637,C23,frente,2024-05-07 1300UT,530,1,O2_surto_06-08mai
-45.0,0.028675967293730793,7.749814460567817,C23,frente,2024-05-07 1300UT,157,1,O2_surto_06-08mai
-40.0,0.038654364969661265,6.197217723313148,C23,frente,2024-05-07 1300UT,61,1,O2_surto_06-08mai
-35.0,0.057474890580737466,5.2494799236404,C23,frente,2024-05-07 1300UT,29,1,O2_surto_06-08mai
-30.0,0.0784691266426942,5.043373938864689,C23,frente,2024-05-07 1300UT,7,1,O2_surto_06-08mai
-25.0,0.08502160975360559,5.0251238731220695,C23,frente,2024-05-07 1300UT,9,1,O2_surto_06-08mai
-65.0,0.020363267739930795,10.497308465580534,C23,traseira,2024-05-07 1300UT,50,1,O2_surto_06-08mai
-60.0,0.023888763850110975,9.097870187108276,C23,traseira,2024-05-07 1300UT,450,1,O2_surto_06-08mai
-55.0,0.024124921944408552,9.018011868702644,C23,traseira,2024-05-07 1300UT,608,1,O2_surto_06-08mai
-50.0,0.021113626914899514,10.164087855249878,C23,traseira,2024-05-07 1300UT,374,1,O2_surto_06-08mai
-45.0,0.024452972743642047,8.909777154054883,C23,traseira,2024-05-07 1300UT,124,1,O2_surto_06-08mai
-40.0,0.03158213856025989,7.158428027982315,C23,traseira,2024-05-07 1300UT,84,1,O2_surto_06-08mai
-35.0,0.03700759984957234,6.3733193979679506,C23,traseira,2024-05-07 1300UT,25,1,O2_surto_06-08mai
-30.0,0.06785670258592279,5.105028048719956,C23,traseira,2024-05-07 1300UT,5,1,O2_surto_06-08mai
-70.0,0.021877693775844486,9.845528077247014,C21,frente,2024-05-07 1400UT,831,1,O2_surto_06-08mai
-65.0,0.022076130858870526,9.766059248482922,C21,frente,2024-05-07 1400UT,8053,1,O2_surto_06-08mai
-60.0,0.02144383490783739,10.023923184513862,C21,frente,2024-05-07 1400UT,12529,1,O2_surto_06-08mai
-55.0,0.02023590427931241,10.555964442606578,C21,frente,2024-05-07 1400UT,8353,1,O2_surto_06-08mai
-50.0,0.021515422470474273,9.9940415365944,C21,frente,2024-05-07 1400UT,1979,1,O2_surto_06-08mai
-45.0,0.03309056471627472,6.903416953548085,C21,frente,2024-05-07 1400UT,686,1,O2_surto_06-08mai
-40.0,0.04244991449454654,5.872604053003881,C21,frente,2024-05-07 1400UT,420,1,O2_surto_06-08mai
-35.0,0.04884857978132563,5.511957362203671,C21,frente,2024-05-07 1400UT,312,1,O2_surto_06-08mai
-30.0,0.05795905883816765,5.239614432051389,C21,frente,2024-05-07 1400UT,298,1,O2_surto_06-08mai
-25.0,0.06203340423135214,5.170630825593962,C21,frente,2024-05-07 1400UT,199,1,O2_surto_06-08mai
-20.0,0.07834082956705177,5.043845117035802,C21,frente,2024-05-07 1400UT,54,1,O2_surto_06-08mai
-15.0,0.08411934785208373,5.027085729603729,C21,frente,2024-05-07 1400UT,31,1,O2_surto_06-08mai
-70.0,0.024119289250822674,9.019898327965677,C21,traseira,2024-05-07 1400UT,4503,1,O2_surto_06-08mai
-65.0,0.02331818492874258,9.297421983859088,C21,traseira,2024-05-07 1400UT,9071,1,O2_surto_06-08mai
-60.0,0.022077079265335198,9.765682601873454,C21,traseira,2024-05-07 1400UT,5766,1,O2_surto_06-08mai
-55.0,0.023914431985586015,9.089112891273407,C21,traseira,2024-05-07 1400UT,3525,1,O2_surto_06-08mai
-50.0,0.025614526716277505,8.548956045817292,C21,traseira,2024-05-07 1400UT,1001,1,O2_surto_06-08mai
-45.0,0.03074282323816946,7.314735795793308,C21,traseira,2024-05-07 1400UT,482,1,O2_surto_06-08mai
-40.0,0.03610781490353487,6.480273934563414,C21,traseira,2024-05-07 1400UT,380,1,O2_surto_06-08mai
-35.0,0.04391888290166464,5.7720472495037125,C21,traseira,2024-05-07 1400UT,305,1,O2_surto_06-08mai
-30.0,0.04906103835467029,5.502971142538465,C21,traseira,2024-05-07 1400UT,255,1,O2_surto_06-08mai
-25.0,0.05413828776645806,5.329451345063512,C21,traseira,2024-05-07 1400UT,179,1,O2_surto_06-08mai
-20.0,0.060554153204594216,5.193016027003898,C21,traseira,2024-05-07 1400UT,203,1,O2_surto_06-08mai
-15.0,0.06136460184882023,5.180451900928883,C21,traseira,2024-05-07 1400UT,234,1,O2_surto_06-08mai
-65.0,0.020925290865530896,10.245803385169529,C27,inteira,2024-05-07 1400UT,24,1,O2_surto_06-08mai
-60.0,0.024187459972887536,8.997126457190507,C27,inteira,2024-05-07 1400UT,485,1,O2_surto_06-08mai
-55.0,0.023555131843435263,9.213400193929937,C27,inteira,2024-05-07 1400UT,638,1,O2_surto_06-08mai
-50.0,0.020939851568216823,10.23942562258097,C27,inteira,2024-05-07 1400UT,226,1,O2_surto_06-08mai
-45.0,0.021903611901481726,9.83562743152626,C27,inteira,2024-05-07 1400UT,126,1,O2_surto_06-08mai
-40.0,0.021787725929071085,9.883124357264444,C27,inteira,2024-05-07 1400UT,144,1,O2_surto_06-08mai
-35.0,0.02613962198160802,8.397009717754187,C27,inteira,2024-05-07 1400UT,115,1,O2_surto_06-08mai
-30.0,0.031874869325571153,7.1066670881642215,C27,inteira,2024-05-07 1400UT,74,1,O2_surto_06-08mai
-25.0,0.03731378214292615,6.338786121707618,C27,inteira,2024-05-07 1400UT,60,1,O2_surto_06-08mai
-20.0,0.04543060828281006,5.680664984299081,C27,inteira,2024-05-07 1400UT,60,1,O2_surto_06-08mai
-15.0,0.0475057278129085,5.572591942534032,C27,inteira,2024-05-07 1400UT,66,1,O2_surto_06-08mai
-60.0,0.023070704818397986,9.386969399077728,C26,frente,2024-05-07 1400UT,191,1,O2_surto_06-08mai
-55.0,0.023186104263618466,9.34498442898678,C26,frente,2024-05-07 1400UT,416,1,O2_surto_06-08mai
-50.0,0.024316416575738155,8.954401782143151,C26,frente,2024-05-07 1400UT,37,1,O2_surto_06-08mai
-45.0,0.03131650474821734,7.206954724797991,C26,frente,2024-05-07 1400UT,22,1,O2_surto_06-08mai
-40.0,0.03796409204803258,6.268104219061176,C26,frente,2024-05-07 1400UT,15,1,O2_surto_06-08mai
-35.0,0.04989016987009589,5.469392124184683,C26,frente,2024-05-07 1400UT,9,1,O2_surto_06-08mai
-30.0,0.053733409768757276,5.34075662515462,C26,frente,2024-05-07 1400UT,13,1,O2_surto_06-08mai
-25.0,0.06334183628500312,5.153009169904646,C26,frente,2024-05-07 1400UT,12,1,O2_surto_06-08mai
-20.0,0.04324328562693624,5.816760188680925,C26,frente,2024-05-07 1400UT,15,1,O2_surto_06-08mai
-15.0,0.06616180525651977,5.120961085843008,C26,frente,2024-05-07 1400UT,21,1,O2_surto_06-08mai
-65.0,0.018679862895798816,11.325203072014792,C26,traseira,2024-05-07 1400UT,19,1,O2_surto_06-08mai
-60.0,0.019771696990226836,10.775112944700503,C26,traseira,2024-05-07 1400UT,230,1,O2_surto_06-08mai
-55.0,0.01988095145361561,10.72276338895097,C26,traseira,2024-05-07 1400UT,262,1,O2_surto_06-08mai
-50.0,0.016932933197404628,12.316408863766434,C26,traseira,2024-05-07 1400UT,65,1,O2_surto_06-08mai
-45.0,0.013581070798474967,14.67399620187661,C26,traseira,2024-05-07 1400UT,29,1,O2_surto_06-08mai
-40.0,0.014423970307246107,14.017985664268611,C26,traseira,2024-05-07 1400UT,30,1,O2_surto_06-08mai
-35.0,0.01263784676987023,15.46521485491948,C26,traseira,2024-05-07 1400UT,28,1,O2_surto_06-08mai
-30.0,0.012928879125490938,15.214321333876617,C26,traseira,2024-05-07 1400UT,31,1,O2_surto_06-08mai
-25.0,0.010450719930259865,17.557323662524738,C26,traseira,2024-05-07 1400UT,35,1,O2_surto_06-08mai
-20.0,0.01538437895471297,13.32419056826933,C26,traseira,2024-05-07 1400UT,49,1,O2_surto_06-08mai
-15.0,0.027259978224470693,8.094209710605291,C26,traseira,2024-05-07 1400UT,93,1,O2_surto_06-08mai
-60.0,0.021269233849471474,10.097720095690697,C23,frente,2024-05-07 1400UT,132,1,O2_surto_06-08mai
-55.0,0.021909051019107284,9.832882982930922,C23,frente,2024-05-07 1400UT,1044,1,O2_surto_06-08mai
-50.0,0.02147765050225958,10.009785867375445,C23,frente,2024-05-07 1400UT,417,1,O2_surto_06-08mai
-45.0,0.020834031600743326,10.285825707050765,C23,frente,2024-05-07 1400UT,36,1,O2_surto_06-08mai
-60.0,0.0218784418703809,9.845230004265405,C23,traseira,2024-05-07 1400UT,172,1,O2_surto_06-08mai
-55.0,0.02029542748176538,10.52847361353527,C23,traseira,2024-05-07 1400UT,627,1,O2_surto_06-08mai
-50.0,0.018373734497668964,11.488650256070828,C23,traseira,2024-05-07 1400UT,206,1,O2_surto_06-08mai
-60.0,0.02713449179732247,8.12673636105087,C28,inteira,2024-05-07 1400UT,280,1,O2_surto_06-08mai
-55.0,0.026630364899129188,8.260890507128131,C28,inteira,2024-05-07 1400UT,1194,1,O2_surto_06-08mai
-50.0,0.025659634777192807,8.535640544223762,C28,inteira,2024-05-07 1400UT,477,1,O2_surto_06-08mai
-45.0,0.041139988365045774,5.973233772668459,C28,inteira,2024-05-07 1400UT,146,1,O2_surto_06-08mai
-40.0,0.04910865909431371,5.50098488483933,C28,inteira,2024-05-07 1400UT,124,1,O2_surto_06-08mai
-35.0,0.05577003458719817,5.287617580804421,C28,inteira,2024-05-07 1400UT,62,1,O2_surto_06-08mai
-30.0,0.06360631439870354,5.1496690406499965,C28,inteira,2024-05-07 1400UT,37,1,O2_surto_06-08mai
-25.0,0.06889902119094693,5.096290767118118,C28,inteira,2024-05-07 1400UT,38,1,O2_surto_06-08mai
-20.0,0.07214678258748772,5.073463909929261,C28,inteira,2024-05-07 1400UT,34,1,O2_surto_06-08mai
-15.0,0.07309874102854719,5.067856210050821,C28,inteira,2024-05-07 1400UT,27,1,O2_surto_06-08mai
-70.0,0.023450176730678222,9.250413450184165,C21,frente,2024-05-07 1500UT,8,1,O2_surto_06-08mai
-65.0,0.020339219433150257,10.508335161163851,C21,frente,2024-05-07 1500UT,5825,1,O2_surto_06-08mai
-60.0,0.019124976599045558,11.09488156803819,C21,frente,2024-05-07 1500UT,13309,1,O2_surto_06-08mai
-55.0,0.019566531507760734,10.874688805488578,C21,frente,2024-05-07 1500UT,8213,1,O2_surto_06-08mai
-50.0,0.020601572906136442,10.389214489339405,C21,frente,2024-05-07 1500UT,1807,1,O2_surto_06-08mai
-45.0,0.029177842605321566,7.638400597485192,C21,frente,2024-05-07 1500UT,128,1,O2_surto_06-08mai
-40.0,0.04280285598767654,5.847294708760364,C21,frente,2024-05-07 1500UT,34,1,O2_surto_06-08mai
-35.0,0.05183107706584554,5.399334608180597,C21,frente,2024-05-07 1500UT,24,1,O2_surto_06-08mai
-70.0,0.020635021124992194,10.3742137710249,C21,traseira,2024-05-07 1500UT,5578,1,O2_surto_06-08mai
-65.0,0.019988720611656362,10.671596592214275,C21,traseira,2024-05-07 1500UT,8250,1,O2_surto_06-08mai
-60.0,0.01804380726790838,11.669512548036863,C21,traseira,2024-05-07 1500UT,5679,1,O2_surto_06-08mai
-55.0,0.019600438645965456,10.858112744696715,C21,traseira,2024-05-07 1500UT,3107,1,O2_surto_06-08mai
-50.0,0.02191133432785493,9.831963246538756,C21,traseira,2024-05-07 1500UT,1559,1,O2_surto_06-08mai
-45.0,0.02800470507326528,7.908019182024844,C21,traseira,2024-05-07 1500UT,618,1,O2_surto_06-08mai
-40.0,0.03491137918068233,6.635446381462281,C21,traseira,2024-05-07 1500UT,545,1,O2_surto_06-08mai
-35.0,0.04436622834215324,5.743801279478772,C21,traseira,2024-05-07 1500UT,390,1,O2_surto_06-08mai
-30.0,0.05295160416098466,5.363696227930213,C21,traseira,2024-05-07 1500UT,329,1,O2_surto_06-08mai
-25.0,0.06080502998149795,5.18902264616354,C21,traseira,2024-05-07 1500UT,239,1,O2_surto_06-08mai
-20.0,0.07070254219803775,5.082853512936726,C21,traseira,2024-05-07 1500UT,213,1,O2_surto_06-08mai
-15.0,0.08549073478610389,5.024161368641389,C21,traseira,2024-05-07 1500UT,170,1,O2_surto_06-08mai
-65.0,0.023406484415520304,9.266103182046642,C27,frente,2024-05-07 1500UT,6,1,O2_surto_06-08mai
-60.0,0.025581051752914898,8.558869965025849,C27,frente,2024-05-07 1500UT,947,1,O2_surto_06-08mai
-55.0,0.022326563165322524,9.667625834078853,C27,frente,2024-05-07 1500UT,458,1,O2_surto_06-08mai
-50.0,0.02244802712133052,9.620632640446829,C27,frente,2024-05-07 1500UT,230,1,O2_surto_06-08mai
-45.0,0.018731077536212108,11.298265346411256,C27,frente,2024-05-07 1500UT,237,1,O2_surto_06-08mai
-40.0,0.02240584221550986,9.636889911014634,C27,frente,2024-05-07 1500UT,133,1,O2_surto_06-08mai
-35.0,0.04056876465893582,6.020683201596289,C27,frente,2024-05-07 1500UT,76,1,O2_surto_06-08mai
-30.0,0.04325766240876058,5.815791595957069,C27,frente,2024-05-07 1500UT,96,1,O2_surto_06-08mai
-25.0,0.04815826785656273,5.543217369752986,C27,frente,2024-05-07 1500UT,68,1,O2_surto_06-08mai
-20.0,0.0719965741870802,5.074490835127291,C27,frente,2024-05-07 1500UT,86,1,O2_surto_06-08mai
-15.0,0.0709798937016136,5.08096167313046,C27,frente,2024-05-07 1500UT,116,1,O2_surto_06-08mai
-70.0,0.01997010014263987,10.680404072773158,C27,traseira,2024-05-07 1500UT,7,1,O2_surto_06-08mai
-65.0,0.022728384904294366,9.5139170691428,C27,traseira,2024-05-07 1500UT,115,1,O2_surto_06-08mai
-60.0,0.022588561636909404,9.56682057089097,C27,traseira,2024-05-07 1500UT,931,1,O2_surto_06-08mai
-55.0,0.021961711519451407,9.811721636359227,C27,traseira,2024-05-07 1500UT,398,1,O2_surto_06-08mai
-50.0,0.022792656028442087,9.48980548635824,C27,traseira,2024-05-07 1500UT,111,1,O2_surto_06-08mai
-45.0,0.022633429588586572,9.553010376542929,C27,traseira,2024-05-07 1500UT,56,1,O2_surto_06-08mai
-40.0,0.031868034950313234,7.10837557195676,C27,traseira,2024-05-07 1500UT,54,1,O2_surto_06-08mai
-35.0,0.03942112955503976,6.140306510769794,C27,traseira,2024-05-07 1500UT,40,1,O2_surto_06-08mai
-30.0,0.0352351840327426,6.641348158344264,C27,traseira,2024-05-07 1500UT,44,1,O2_surto_06-08mai
-25.0,0.044956929383248356,5.708069235174379,C27,traseira,2024-05-07 1500UT,49,1,O2_surto_06-08mai
-20.0,0.06724657945501888,5.110506134957358,C27,traseira,2024-05-07 1500UT,33,1,O2_surto_06-08mai
-15.0,0.04851467949839892,5.530482771540757,C27,traseira,2024-05-07 1500UT,48,1,O2_surto_06-08mai
-65.0,0.016149871875157113,12.809823312968549,C23,frente,2024-05-07 1500UT,44,1,O2_surto_06-08mai
-60.0,0.016107494879633043,12.837392123305266,C23,frente,2024-05-07 1500UT,515,1,O2_surto_06-08mai
-55.0,0.01725247372643565,12.124155820433067,C23,frente,2024-05-07 1500UT,1297,1,O2_surto_06-08mai
-50.0,0.01676694530004608,12.418314981823247,C23,frente,2024-05-07 1500UT,581,1,O2_surto_06-08mai
-45.0,0.019542502246172617,10.886464294237637,C23,frente,2024-05-07 1500UT,67,1,O2_surto_06-08mai
-65.0,0.016955761031600434,12.302503946386668,C23,traseira,2024-05-07 1500UT,23,1,O2_surto_06-08mai
-60.0,0.01765613201068232,11.88849798722514,C23,traseira,2024-05-07 1500UT,530,1,O2_surto_06-08mai
-55.0,0.01753169144525856,11.9603036897969,C23,traseira,2024-05-07 1500UT,1182,1,O2_surto_06-08mai
-50.0,0.017188637802683038,12.162155541979644,C23,traseira,2024-05-07 1500UT,736,1,O2_surto_06-08mai
-45.0,0.018426068168596807,11.460406332522785,C23,traseira,2024-05-07 1500UT,146,1,O2_surto_06-08mai
-70.0,0.026898621161523868,8.188803352274448,C21,frente,2024-05-07 1600UT,564,1,O2_surto_06-08mai
-65.0,0.021884572654125314,9.842751223403894,C21,frente,2024-05-07 1600UT,6671,1,O2_surto_06-08mai
-60.0,0.021754772858098778,9.895417891772851,C21,frente,2024-05-07 1600UT,10701,1,O2_surto_06-08mai
-55.0,0.018558282603750156,11.389613820622907,C21,frente,2024-05-07 1600UT,9158,1,O2_surto_06-08mai
-50.0,0.020352158706287038,10.502398874442218,C21,frente,2024-05-07 1600UT,1899,1,O2_surto_06-08mai
-45.0,0.031302372426113355,7.209279283221196,C21,frente,2024-05-07 1600UT,479,1,O2_surto_06-08mai
-40.0,0.04306318274975161,5.829112302886956,C21,frente,2024-05-07 1600UT,232,1,O2_surto_06-08mai
-35.0,0.04901433410553912,5.504932531073927,C21,frente,2024-05-07 1600UT,133,1,O2_surto_06-08mai
-30.0,0.058483787140672275,5.2293625024871755,C21,frente,2024-05-07 1600UT,37,1,O2_surto_06-08mai
-25.0,0.07254212106962912,5.071077860634755,C21,frente,2024-05-07 1600UT,27,1,O2_surto_06-08mai
-20.0,0.08903222420611956,5.017986125290469,C21,frente,2024-05-07 1600UT,27,1,O2_surto_06-08mai
-15.0,0.09990530919373394,5.007347063865881,C21,frente,2024-05-07 1600UT,28,1,O2_surto_06-08mai
-70.0,0.01938638359449612,10.96354686539994,C21,traseira,2024-05-07 1600UT,5074,1,O2_surto_06-08mai
-65.0,0.017569289564014948,11.938529876067115,C21,traseira,2024-05-07 1600UT,7238,1,O2_surto_06-08mai
-60.0,0.015629457925979813,13.155907852278705,C21,traseira,2024-05-07 1600UT,5453,1,O2_surto_06-08mai
-55.0,0.015393063776701785,13.318168238498652,C21,traseira,2024-05-07 1600UT,3394,1,O2_surto_06-08mai
-50.0,0.018268849244223034,11.545601408050786,C21,traseira,2024-05-07 1600UT,1102,1,O2_surto_06-08mai
-45.0,0.030352598670954363,7.391250182846756,C21,traseira,2024-05-07 1600UT,372,1,O2_surto_06-08mai
-40.0,0.03841791819224398,6.221041519402592,C21,traseira,2024-05-07 1600UT,291,1,O2_surto_06-08mai
-35.0,0.04559666086373779,5.6713099293085,C21,traseira,2024-05-07 1600UT,313,1,O2_surto_06-08mai
-30.0,0.05708739666299049,5.25781180305745,C21,traseira,2024-05-07 1600UT,218,1,O2_surto_06-08mai
-25.0,0.0714680641868552,5.077743920107073,C21,traseira,2024-05-07 1600UT,258,1,O2_surto_06-08mai
-20.0,0.07966799544290983,5.039250078296627,C21,traseira,2024-05-07 1600UT,216,1,O2_surto_06-08mai
-15.0,0.09694426092374368,5.009302519769657,C21,traseira,2024-05-07 1600UT,204,1,O2_surto_06-08mai
-65.0,0.025083002983640974,8.710311172498137,C27,frente,2024-05-07 1600UT,82,1,O2_surto_06-08mai
-60.0,0.02653570193840645,8.286715989545547,C27,frente,2024-05-07 1600UT,1131,1,O2_surto_06-08mai
-55.0,0.026669974715182943,8.250144603479797,C27,frente,2024-05-07 1600UT,675,1,O2_surto_06-08mai
-50.0,0.02735588843732152,8.069577969590629,C27,frente,2024-05-07 1600UT,592,1,O2_surto_06-08mai
-45.0,0.027978698091584358,7.914327842247272,C27,frente,2024-05-07 1600UT,259,1,O2_surto_06-08mai
-40.0,0.029179548406728175,7.6368060304611145,C27,frente,2024-05-07 1600UT,181,1,O2_surto_06-08mai
-35.0,0.028843736130398707,7.7154267794054086,C27,frente,2024-05-07 1600UT,114,1,O2_surto_06-08mai
-30.0,0.03533944638887406,6.578134598881495,C27,frente,2024-05-07 1600UT,67,1,O2_surto_06-08mai
-25.0,0.02452516209087452,8.886207996465105,C27,frente,2024-05-07 1600UT,69,1,O2_surto_06-08mai
-20.0,0.03734896444311745,6.334802950143453,C27,frente,2024-05-07 1600UT,51,1,O2_surto_06-08mai
-15.0,0.056842284086681544,5.262994621155357,C27,frente,2024-05-07 1600UT,58,1,O2_surto_06-08mai
-70.0,0.021500442731144688,10.002616715723368,C27,traseira,2024-05-07 1600UT,6,1,O2_surto_06-08mai
-65.0,0.02590314384762145,8.464616890535513,C27,traseira,2024-05-07 1600UT,151,1,O2_surto_06-08mai
-60.0,0.025742833388146445,8.511212907326748,C27,traseira,2024-05-07 1600UT,1040,1,O2_surto_06-08mai
-55.0,0.021256273564448456,10.10306454932492,C27,traseira,2024-05-07 1600UT,277,1,O2_surto_06-08mai
-50.0,0.01961337499214973,10.851800932927915,C27,traseira,2024-05-07 1600UT,95,1,O2_surto_06-08mai
-45.0,0.027099218304352427,8.13594986790224,C27,traseira,2024-05-07 1600UT,46,1,O2_surto_06-08mai
-40.0,0.03798461751935229,6.265937036626355,C27,traseira,2024-05-07 1600UT,23,1,O2_surto_06-08mai
-35.0,0.039499997361191634,6.121878817239352,C27,traseira,2024-05-07 1600UT,30,1,O2_surto_06-08mai
-30.0,0.05793068203238311,5.240181725070182,C27,traseira,2024-05-07 1600UT,17,1,O2_surto_06-08mai
-25.0,0.050396527752531506,5.449997494333012,C27,traseira,2024-05-07 1600UT,23,1,O2_surto_06-08mai
-20.0,0.05294847636217802,5.363791037671393,C27,traseira,2024-05-07 1600UT,39,1,O2_surto_06-08mai
-15.0,0.05663507259467811,5.273897873879547,C27,traseira,2024-05-07 1600UT,30,1,O2_surto_06-08mai
-65.0,0.02311075345725687,9.3723559871331,C29,inteira,2024-05-07 1600UT,10,1,O2_surto_06-08mai
-60.0,0.030002000621767545,7.462139440350824,C29,inteira,2024-05-07 1600UT,985,1,O2_surto_06-08mai
-55.0,0.025372861189089026,8.621152272725631,C29,inteira,2024-05-07 1600UT,645,1,O2_surto_06-08mai
-50.0,0.022393054015390792,9.641834001306739,C29,inteira,2024-05-07 1600UT,315,1,O2_surto_06-08mai
-45.0,0.02561753210405576,8.548067324684451,C29,inteira,2024-05-07 1600UT,147,1,O2_surto_06-08mai
-40.0,0.03419270398150361,6.736385030143775,C29,inteira,2024-05-07 1600UT,117,1,O2_surto_06-08mai
-35.0,0.04603399639943956,5.64961969109223,C29,inteira,2024-05-07 1600UT,68,1,O2_surto_06-08mai
-30.0,0.0552186337543393,5.304129672938744,C29,inteira,2024-05-07 1600UT,64,1,O2_surto_06-08mai
-25.0,0.07307589400188169,5.0680438448422755,C29,inteira,2024-05-07 1600UT,90,1,O2_surto_06-08mai
-20.0,0.08796497960356255,5.019659048065434,C29,inteira,2024-05-07 1600UT,77,1,O2_surto_06-08mai
-15.0,0.09892487694570734,5.007886976975931,C29,inteira,2024-05-07 1600UT,79,1,O2_surto_06-08mai
-60.0,0.018253057554430612,11.5542208856447,C23,frente,2024-05-07 1600UT,193,1,O2_surto_06-08mai
-55.0,0.016809604952807013,12.391989906887703,C23,frente,2024-05-07 1600UT,803,1,O2_surto_06-08mai
-50.0,0.015832586334948696,13.019011718015845,C23,frente,2024-05-07 1600UT,602,1,O2_surto_06-08mai
-45.0,0.016508419096492977,12.57986803815032,C23,frente,2024-05-07 1600UT,37,1,O2_surto_06-08mai
-60.0,0.01723752728929607,12.133034746303132,C23,traseira,2024-05-07 1600UT,206,1,O2_surto_06-08mai
-55.0,0.019092578045017277,11.11135924771854,C23,traseira,2024-05-07 1600UT,853,1,O2_surto_06-08mai
-50.0,0.01830426257062991,11.52631889893302,C23,traseira,2024-05-07 1600UT,278,1,O2_surto_06-08mai
-45.0,0.019035502613275815,11.140504088546718,C23,traseira,2024-05-07 1600UT,54,1,O2_surto_06-08mai
-40.0,0.019998884649122382,10.667256037070239,C23,traseira,2024-05-07 1600UT,14,1,O2_surto_06-08mai
-70.0,0.02570769801694586,8.521507671173547,C21,frente,2024-05-07 1700UT,1635,1,O2_surto_06-08mai
-65.0,0.02264116134209779,9.546846594285231,C21,frente,2024-05-07 1700UT,4543,1,O2_surto_06-08mai
-60.0,0.020468207855801897,10.449442983937391,C21,frente,2024-05-07 1700UT,10368,1,O2_surto_06-08mai
-55.0,0.022489500584253846,9.604676110735623,C21,frente,2024-05-07 1700UT,7033,1,O2_surto_06-08mai
-50.0,0.02630796798557121,8.349686446763851,C21,frente,2024-05-07 1700UT,1516,1,O2_surto_06-08mai
-45.0,0.028057657266421374,7.895214715932645,C21,frente,2024-05-07 1700UT,551,1,O2_surto_06-08mai
-40.0,0.03891562652859694,6.171433841772756,C21,frente,2024-05-07 1700UT,89,1,O2_surto_06-08mai
-35.0,0.047071601538357134,5.59366738173443,C21,frente,2024-05-07 1700UT,11,1,O2_surto_06-08mai
-70.0,0.020712268143063265,10.339729714382248,C21,traseira,2024-05-07 1700UT,3725,1,O2_surto_06-08mai
-65.0,0.01782335342828879,11.79317159006632,C21,traseira,2024-05-07 1700UT,6732,1,O2_surto_06-08mai
-60.0,0.015101809408321395,13.522530188648885,C21,traseira,2024-05-07 1700UT,5390,1,O2_surto_06-08mai
-55.0,0.014399796664655639,14.03597946723525,C21,traseira,2024-05-07 1700UT,3509,1,O2_surto_06-08mai
-50.0,0.02228075153311444,9.685478698145229,C21,traseira,2024-05-07 1700UT,849,1,O2_surto_06-08mai
-45.0,0.0293088985273545,7.608541626157732,C21,traseira,2024-05-07 1700UT,316,1,O2_surto_06-08mai
-40.0,0.040444522483081086,6.031300377179665,C21,traseira,2024-05-07 1700UT,209,1,O2_surto_06-08mai
-35.0,0.05244866052240309,5.379269497600458,C21,traseira,2024-05-07 1700UT,214,1,O2_surto_06-08mai
-30.0,0.06253384340795448,5.1636612991735085,C21,traseira,2024-05-07 1700UT,167,1,O2_surto_06-08mai
-25.0,0.07882830247461821,5.042094936252916,C21,traseira,2024-05-07 1700UT,227,1,O2_surto_06-08mai
-20.0,0.0986340856359721,5.008080433518014,C21,traseira,2024-05-07 1700UT,213,1,O2_surto_06-08mai
-15.0,0.11553883697122339,5.001975292021432,C21,traseira,2024-05-07 1700UT,183,1,O2_surto_06-08mai
-65.0,0.029212358797409476,7.6296077154827415,C30,inteira,2024-05-07 1700UT,52,1,O2_surto_06-08mai
-60.0,0.030049188622960864,7.452476498519687,C30,inteira,2024-05-07 1700UT,2291,1,O2_surto_06-08mai
-55.0,0.029593255249502314,7.547449792892863,C30,inteira,2024-05-07 1700UT,1425,1,O2_surto_06-08mai
-50.0,0.028210578467448216,7.858553829633126,C30,inteira,2024-05-07 1700UT,1228,1,O2_surto_06-08mai
-45.0,0.028215913108555236,7.857284050824702,C30,inteira,2024-05-07 1700UT,546,1,O2_surto_06-08mai
-40.0,0.03670959659357713,6.407853118582175,C30,inteira,2024-05-07 1700UT,304,1,O2_surto_06-08mai
-35.0,0.056281776719355706,5.275559782300243,C30,inteira,2024-05-07 1700UT,143,1,O2_surto_06-08mai
-30.0,0.04923640709439545,5.495714245048161,C30,inteira,2024-05-07 1700UT,152,1,O2_surto_06-08mai
-25.0,0.0694589237959352,5.091957389661463,C30,inteira,2024-05-07 1700UT,212,1,O2_surto_06-08mai
-20.0,0.12239654561302206,5.001115430608393,C30,inteira,2024-05-07 1700UT,213,1,O2_surto_06-08mai
-15.0,0.11640426003679047,5.001837852292574,C30,inteira,2024-05-07 1700UT,143,1,O2_surto_06-08mai
-65.0,0.026590153216628096,8.271867864489796,C27,frente,2024-05-07 1700UT,24,1,O2_surto_06-08mai
-60.0,0.023911802683026704,9.090008949019307,C27,frente,2024-05-07 1700UT,191,1,O2_surto_06-08mai
-55.0,0.02435516510819108,8.94165343689074,C27,frente,2024-05-07 1700UT,207,1,O2_surto_06-08mai
-50.0,0.02321489132520941,9.334572998946992,C27,frente,2024-05-07 1700UT,115,1,O2_surto_06-08mai
-45.0,0.024402312344667203,8.926197314276319,C27,frente,2024-05-07 1700UT,73,1,O2_surto_06-08mai
-40.0,0.029972930967361724,7.4703166407654855,C27,frente,2024-05-07 1700UT,32,1,O2_surto_06-08mai
-35.0,0.04328107983827295,5.815387878660461,C27,frente,2024-05-07 1700UT,20,1,O2_surto_06-08mai
-30.0,0.06604474574316448,5.122146830372016,C27,frente,2024-05-07 1700UT,19,1,O2_surto_06-08mai
-25.0,0.08145498681197183,5.033819484232345,C27,frente,2024-05-07 1700UT,29,1,O2_surto_06-08mai
-20.0,0.07057304438576309,5.083752467126434,C27,frente,2024-05-07 1700UT,57,1,O2_surto_06-08mai
-15.0,0.08821768605185284,5.0192493951347545,C27,frente,2024-05-07 1700UT,128,1,O2_surto_06-08mai
-65.0,0.02156533260841144,9.973371130805486,C27,traseira,2024-05-07 1700UT,66,1,O2_surto_06-08mai
-60.0,0.021505426721150633,9.998203201919878,C27,traseira,2024-05-07 1700UT,153,1,O2_surto_06-08mai
-55.0,0.0220814978913908,9.763928092186148,C27,traseira,2024-05-07 1700UT,241,1,O2_surto_06-08mai
-50.0,0.018029075012144572,11.677705656688104,C27,traseira,2024-05-07 1700UT,83,1,O2_surto_06-08mai
-45.0,0.015727612102990066,13.089474546067358,C27,traseira,2024-05-07 1700UT,70,1,O2_surto_06-08mai
-40.0,0.017828288903198052,11.790378201027849,C27,traseira,2024-05-07 1700UT,47,1,O2_surto_06-08mai
-35.0,0.02415132966568735,9.018365020385136,C27,traseira,2024-05-07 1700UT,18,1,O2_surto_06-08mai
-30.0,0.034961525796520385,6.628626299770026,C27,traseira,2024-05-07 1700UT,29,1,O2_surto_06-08mai
-25.0,0.0443705209050863,5.747285165995495,C27,traseira,2024-05-07 1700UT,32,1,O2_surto_06-08mai
-20.0,0.06855588081231169,5.099083466704432,C27,traseira,2024-05-07 1700UT,61,1,O2_surto_06-08mai
-15.0,0.08249546456708823,5.031054949555952,C27,traseira,2024-05-07 1700UT,68,1,O2_surto_06-08mai
-70.0,0.017010451483651007,12.269298235175834,C31,inteira,2024-05-07 1700UT,11,1,O2_surto_06-08mai
-65.0,0.02026021919268087,10.544718201203278,C31,inteira,2024-05-07 1700UT,212,1,O2_surto_06-08mai
-60.0,0.02107805888324253,10.179416860417124,C31,inteira,2024-05-07 1700UT,123,1,O2_surto_06-08mai
-55.0,0.018516523408311558,11.411892536891914,C31,inteira,2024-05-07 1700UT,174,1,O2_surto_06-08mai
-50.0,0.0196557479928108,10.831174192275155,C31,inteira,2024-05-07 1700UT,152,1,O2_surto_06-08mai
-45.0,0.021311700623172038,10.079548246243018,C31,inteira,2024-05-07 1700UT,143,1,O2_surto_06-08mai
-40.0,0.025245526593297922,8.65978169290595,C31,inteira,2024-05-07 1700UT,101,1,O2_surto_06-08mai
-35.0,0.03108760767007808,7.249174835460812,C31,inteira,2024-05-07 1700UT,95,1,O2_surto_06-08mai
-30.0,0.04398060706486912,5.768086281012041,C31,inteira,2024-05-07 1700UT,117,1,O2_surto_06-08mai
-25.0,0.06731276644051123,5.109903145483962,C31,inteira,2024-05-07 1700UT,102,1,O2_surto_06-08mai
-20.0,0.07668873237616972,5.050377659526021,C31,inteira,2024-05-07 1700UT,56,1,O2_surto_06-08mai
-15.0,0.10924043000825123,5.003338706622734,C31,inteira,2024-05-07 1700UT,61,1,O2_surto_06-08mai
-60.0,0.026992339523832943,8.163995901897051,C32,inteira,2024-05-07 1700UT,187,1,O2_surto_06-08mai
-55.0,0.02697990531391082,8.167276083476072,C32,inteira,2024-05-07 1700UT,249,1,O2_surto_06-08mai
-50.0,0.02282062054959213,9.479532444277602,C32,inteira,2024-05-07 1700UT,114,1,O2_surto_06-08mai
-45.0,0.016838205953110134,12.374392693833073,C32,inteira,2024-05-07 1700UT,91,1,O2_surto_06-08mai
-40.0,0.015388096612215164,13.321612093575542,C32,inteira,2024-05-07 1700UT,61,1,O2_surto_06-08mai
-35.0,0.013605004661274633,14.654730889771567,C32,inteira,2024-05-07 1700UT,112,1,O2_surto_06-08mai
-30.0,0.013864583830153852,14.448116374092898,C32,inteira,2024-05-07 1700UT,78,1,O2_surto_06-08mai
-25.0,0.023844363794821837,9.118301888468526,C32,inteira,2024-05-07 1700UT,42,1,O2_surto_06-08mai
-20.0,0.05278073860772737,5.369257898434899,C32,inteira,2024-05-07 1700UT,46,1,O2_surto_06-08mai
-15.0,0.07074181421566798,5.082600551941528,C32,inteira,2024-05-07 1700UT,42,1,O2_surto_06-08mai
-70.0,0.02629674745784591,8.352819959655157,C21,frente,2024-05-07 1800UT,662,1,O2_surto_06-08mai
-65.0,0.024318032115980385,8.953869443376815,C21,frente,2024-05-07 1800UT,6353,1,O2_surto_06-08mai
-60.0,0.02335081409894397,9.285752747413614,C21,frente,2024-05-07 1800UT,7234,1,O2_surto_06-08mai
-55.0,0.0259343972669753,8.455605222586318,C21,frente,2024-05-07 1800UT,4314,1,O2_surto_06-08mai
-50.0,0.027567320376262257,8.015967529394894,C21,frente,2024-05-07 1800UT,1960,1,O2_surto_06-08mai
-45.0,0.035532750050619566,6.552918710239664,C21,frente,2024-05-07 1800UT,836,1,O2_surto_06-08mai
-40.0,0.04904361138870671,5.503702111599009,C21,frente,2024-05-07 1800UT,311,1,O2_surto_06-08mai
-35.0,0.05867938703735289,5.225654200421751,C21,frente,2024-05-07 1800UT,219,1,O2_surto_06-08mai
-30.0,0.07207065154376639,5.073926032462873,C21,frente,2024-05-07 1800UT,137,1,O2_surto_06-08mai
-25.0,0.08326270845397031,5.02908997652629,C21,frente,2024-05-07 1800UT,108,1,O2_surto_06-08mai
-20.0,0.09356403382519624,5.0123289461346126,C21,frente,2024-05-07 1800UT,85,1,O2_surto_06-08mai
-15.0,0.10492604046831586,5.004788210510588,C21,frente,2024-05-07 1800UT,58,1,O2_surto_06-08mai
-70.0,0.016467374153083615,12.605838699233418,C21,traseira,2024-05-07 1800UT,1955,1,O2_surto_06-08mai
-65.0,0.01799094054155772,11.698960308728564,C21,traseira,2024-05-07 1800UT,6558,1,O2_surto_06-08mai
-60.0,0.016901785697243932,12.335424191695795,C21,traseira,2024-05-07 1800UT,6996,1,O2_surto_06-08mai
-55.0,0.01619693755895863,12.779192842883823,C21,traseira,2024-05-07 1800UT,5446,1,O2_surto_06-08mai
-50.0,0.021631677560475213,9.945893263143603,C21,traseira,2024-05-07 1800UT,1154,1,O2_surto_06-08mai
-45.0,0.02621527968141047,8.375659597564178,C21,traseira,2024-05-07 1800UT,517,1,O2_surto_06-08mai
-40.0,0.032217095612050856,7.047131231874282,C21,traseira,2024-05-07 1800UT,315,1,O2_surto_06-08mai
-35.0,0.03640246564905305,6.444348821702835,C21,traseira,2024-05-07 1800UT,229,1,O2_surto_06-08mai
-30.0,0.0523823876310439,5.3813637680438315,C21,traseira,2024-05-07 1800UT,213,1,O2_surto_06-08mai
-25.0,0.06602942082911975,5.122408364223778,C21,traseira,2024-05-07 1800UT,190,1,O2_surto_06-08mai
-20.0,0.08448556045601567,5.026271620531014,C21,traseira,2024-05-07 1800UT,199,1,O2_surto_06-08mai
-15.0,0.1068438045368405,5.00407692469711,C21,traseira,2024-05-07 1800UT,230,1,O2_surto_06-08mai
-65.0,0.024718093052996985,8.824241214991208,C30,frente,2024-05-07 1800UT,50,1,O2_surto_06-08mai
-60.0,0.02562503657971932,8.545849152941507,C30,frente,2024-05-07 1800UT,471,1,O2_surto_06-08mai
-55.0,0.026459911222612896,8.307540228608978,C30,frente,2024-05-07 1800UT,87,1,O2_surto_06-08mai
-50.0,0.02667722660984423,8.248181054658406,C30,frente,2024-05-07 1800UT,85,1,O2_surto_06-08mai
-45.0,0.023272021935917153,9.313986316362314,C30,frente,2024-05-07 1800UT,136,1,O2_surto_06-08mai
-40.0,0.03104175383937522,7.2577857169064055,C30,frente,2024-05-07 1800UT,77,1,O2_surto_06-08mai
-35.0,0.04212115159286083,5.8968213645546195,C30,frente,2024-05-07 1800UT,55,1,O2_surto_06-08mai
-30.0,0.052700443412861175,5.372212227254062,C30,frente,2024-05-07 1800UT,62,1,O2_surto_06-08mai
-25.0,0.05364621475799161,5.343296495716378,C30,frente,2024-05-07 1800UT,150,1,O2_surto_06-08mai
-20.0,0.06868890107763251,5.097991189428835,C30,frente,2024-05-07 1800UT,211,1,O2_surto_06-08mai
-15.0,0.1004124117279452,5.006967466576575,C30,frente,2024-05-07 1800UT,223,1,O2_surto_06-08mai
-60.0,0.027611647648368903,8.004847278695244,C30,traseira,2024-05-07 1800UT,475,1,O2_surto_06-08mai
-55.0,0.026403356311497282,8.323165156090612,C30,traseira,2024-05-07 1800UT,311,1,O2_surto_06-08mai
-50.0,0.03041020538090332,7.379793216107277,C30,traseira,2024-05-07 1800UT,243,1,O2_surto_06-08mai
-45.0,0.030315473416377532,7.398660187263573,C30,traseira,2024-05-07 1800UT,228,1,O2_surto_06-08mai
-40.0,0.03334102747936551,6.864100115863699,C30,traseira,2024-05-07 1800UT,173,1,O2_surto_06-08mai
-35.0,0.042861534140361805,5.843161189375641,C30,traseira,2024-05-07 1800UT,87,1,O2_surto_06-08mai
-30.0,0.05919050391690395,5.216244706644732,C30,traseira,2024-05-07 1800UT,93,1,O2_surto_06-08mai
-25.0,0.07900067674414057,5.041507009194234,C30,traseira,2024-05-07 1800UT,66,1,O2_surto_06-08mai
-20.0,0.09424455169166344,5.011684066539958,C30,traseira,2024-05-07 1800UT,68,1,O2_surto_06-08mai
-15.0,0.11056005514272485,5.002991020794808,C30,traseira,2024-05-07 1800UT,47,1,O2_surto_06-08mai
-65.0,0.018177068431195396,11.595856699269426,C31,frente,2024-05-07 1800UT,125,1,O2_surto_06-08mai
-60.0,0.01986598258851518,10.729904346078705,C31,frente,2024-05-07 1800UT,138,1,O2_surto_06-08mai
-55.0,0.019617389072296456,10.849843793788601,C31,frente,2024-05-07 1800UT,73,1,O2_surto_06-08mai
-50.0,0.019712482840867435,10.803817083153168,C31,frente,2024-05-07 1800UT,58,1,O2_surto_06-08mai
-45.0,0.02445603002612719,8.908661075756767,C31,frente,2024-05-07 1800UT,127,1,O2_surto_06-08mai
-40.0,0.02173725788491282,9.902874883161815,C31,frente,2024-05-07 1800UT,116,1,O2_surto_06-08mai
-35.0,0.030223245422671303,7.417325446510573,C31,frente,2024-05-07 1800UT,66,1,O2_surto_06-08mai
-30.0,0.04771941457578523,5.568203726817213,C31,frente,2024-05-07 1800UT,44,1,O2_surto_06-08mai
-25.0,0.07220368616673747,5.073131689123957,C31,frente,2024-05-07 1800UT,64,1,O2_surto_06-08mai
-20.0,0.08087869142173562,5.035487099314981,C31,frente,2024-05-07 1800UT,62,1,O2_surto_06-08mai
-15.0,0.09028003689732571,5.016209804132288,C31,frente,2024-05-07 1800UT,59,1,O2_surto_06-08mai
-65.0,0.018995555158785794,11.160977388205342,C31,traseira,2024-05-07 1800UT,156,1,O2_surto_06-08mai
-60.0,0.022025193750107898,9.786333474032082,C31,traseira,2024-05-07 1800UT,250,1,O2_surto_06-08mai
-55.0,0.02236561721080642,9.652459411433268,C31,traseira,2024-05-07 1800UT,210,1,O2_surto_06-08mai
-50.0,0.021562132558053688,9.974639978315938,C31,traseira,2024-05-07 1800UT,223,1,O2_surto_06-08mai
-45.0,0.022355572882145673,9.656357262461839,C31,traseira,2024-05-07 1800UT,160,1,O2_surto_06-08mai
-40.0,0.022337533385917922,9.663360222935662,C31,traseira,2024-05-07 1800UT,85,1,O2_surto_06-08mai
-35.0,0.022419385455378436,9.632021403659655,C31,traseira,2024-05-07 1800UT,52,1,O2_surto_06-08mai
-30.0,0.023495318669579494,9.234453005007751,C31,traseira,2024-05-07 1800UT,37,1,O2_surto_06-08mai
-25.0,0.0282687794360639,7.844723179070099,C31,traseira,2024-05-07 1800UT,41,1,O2_surto_06-08mai
-20.0,0.04293671537198124,5.837926279760701,C31,traseira,2024-05-07 1800UT,28,1,O2_surto_06-08mai
-15.0,0.05880001123366676,5.223397282996746,C31,traseira,2024-05-07 1800UT,33,1,O2_surto_06-08mai
-60.0,0.029472332653179646,7.573250018472232,C33,inteira,2024-05-07 1800UT,422,1,O2_surto_06-08mai
-55.0,0.02967864294860842,7.529387392189185,C33,inteira,2024-05-07 1800UT,1297,1,O2_surto_06-08mai
-50.0,0.034688981160787176,6.6660389979377035,C33,inteira,2024-05-07 1800UT,255,1,O2_surto_06-08mai
-45.0,0.04184266885220443,5.9179019405934685,C33,inteira,2024-05-07 1800UT,62,1,O2_surto_06-08mai
-40.0,0.052612943139381196,5.374106799041785,C33,inteira,2024-05-07 1800UT,34,1,O2_surto_06-08mai
-35.0,0.0627424167425433,5.160841262759929,C33,inteira,2024-05-07 1800UT,26,1,O2_surto_06-08mai
-30.0,0.07830716865495174,5.043963303419019,C33,inteira,2024-05-07 1800UT,21,1,O2_surto_06-08mai
-25.0,0.08569123049836332,5.023885558835044,C33,inteira,2024-05-07 1800UT,36,1,O2_surto_06-08mai
-20.0,0.1021492188514841,5.006028617754507,C33,inteira,2024-05-07 1800UT,57,1,O2_surto_06-08mai
-15.0,0.10466443847756512,5.004890742439944,C33,inteira,2024-05-07 1800UT,52,1,O2_surto_06-08mai
-60.0,0.03306183967911641,6.907978101687245,C34,inteira,2024-05-07 1800UT,360,1,O2_surto_06-08mai
-55.0,0.03286132741383098,6.940128491744774,C34,inteira,2024-05-07 1800UT,770,1,O2_surto_06-08mai
-50.0,0.03306471233300584,6.907521638125838,C34,inteira,2024-05-07 1800UT,340,1,O2_surto_06-08mai
-45.0,0.024271667318745256,8.969178855354393,C34,inteira,2024-05-07 1800UT,266,1,O2_surto_06-08mai
-40.0,0.020799327597059273,10.301130405682077,C34,inteira,2024-05-07 1800UT,89,1,O2_surto_06-08mai
-35.0,0.03251962593564946,7.001854529122867,C34,inteira,2024-05-07 1800UT,36,1,O2_surto_06-08mai
-30.0,0.030791683057998606,7.3090650940403865,C34,inteira,2024-05-07 1800UT,50,1,O2_surto_06-08mai
-25.0,0.060405660206374084,5.197690073838734,C34,inteira,2024-05-07 1800UT,56,1,O2_surto_06-08mai
-20.0,0.07498557431847082,5.059199530854421,C34,inteira,2024-05-07 1800UT,30,1,O2_surto_06-08mai
-65.0,0.02292964127019206,9.43884382375727,C27,frente,2024-05-07 1800UT,19,1,O2_surto_06-08mai
-60.0,0.02813403759403401,7.876845225381734,C27,frente,2024-05-07 1800UT,128,1,O2_surto_06-08mai
-55.0,0.030332848817245295,7.395187865176729,C27,frente,2024-05-07 1800UT,68,1,O2_surto_06-08mai
-50.0,0.028503334837822032,7.7896626707071315,C27,frente,2024-05-07 1800UT,116,1,O2_surto_06-08mai
-45.0,0.032457085642300376,7.00659698467324,C27,frente,2024-05-07 1800UT,103,1,O2_surto_06-08mai
-40.0,0.03548454120568147,6.55916789948574,C27,frente,2024-05-07 1800UT,77,1,O2_surto_06-08mai
-35.0,0.04207652801446813,5.90016252117507,C27,frente,2024-05-07 1800UT,101,1,O2_surto_06-08mai
-30.0,0.05344143784848804,5.34915934281441,C27,frente,2024-05-07 1800UT,118,1,O2_surto_06-08mai
-25.0,0.06289758706538949,5.15877621884166,C27,frente,2024-05-07 1800UT,108,1,O2_surto_06-08mai
-20.0,0.07041898077106054,5.0848392747550815,C27,frente,2024-05-07 1800UT,96,1,O2_surto_06-08mai
-15.0,0.08571618001698192,5.023710966419185,C27,frente,2024-05-07 1800UT,79,1,O2_surto_06-08mai
-65.0,0.02369427830298378,9.164824716031777,C27,traseira,2024-05-07 1800UT,9,1,O2_surto_06-08mai
-60.0,0.024703988305277792,8.82872438724454,C27,traseira,2024-05-07 1800UT,89,1,O2_surto_06-08mai
-55.0,0.02621143758619759,8.376901923014952,C27,traseira,2024-05-07 1800UT,28,1,O2_surto_06-08mai
-50.0,0.02676610069437242,8.224213325661268,C27,traseira,2024-05-07 1800UT,23,1,O2_surto_06-08mai
-45.0,0.019397669989443627,10.95794058861426,C27,traseira,2024-05-07 1800UT,141,1,O2_surto_06-08mai
-40.0,0.025877493155767647,8.472030629714322,C27,traseira,2024-05-07 1800UT,163,1,O2_surto_06-08mai
-35.0,0.035533356663620015,6.5528403809908005,C27,traseira,2024-05-07 1800UT,174,1,O2_surto_06-08mai
-30.0,0.043700177290783584,5.786346121619348,C27,traseira,2024-05-07 1800UT,136,1,O2_surto_06-08mai
-25.0,0.05977581827083529,5.205952091575241,C27,traseira,2024-05-07 1800UT,142,1,O2_surto_06-08mai
-20.0,0.07656692398051448,5.0508243546665526,C27,traseira,2024-05-07 1800UT,107,1,O2_surto_06-08mai
-15.0,0.08848632543646931,5.018824446580904,C27,traseira,2024-05-07 1800UT,68,1,O2_surto_06-08mai
-65.0,0.016270247786231765,12.731813182678795,C21,frente,2024-05-07 1900UT,2503,1,O2_surto_06-08mai
-60.0,0.020168834470491268,10.58710450754926,C21,frente,2024-05-07 1900UT,9271,1,O2_surto_06-08mai
-55.0,0.022163853507522566,9.731345381996501,C21,frente,2024-05-07 1900UT,6372,1,O2_surto_06-08mai
-50.0,0.02954974218390941,7.5567038399123,C21,frente,2024-05-07 1900UT,963,1,O2_surto_06-08mai
-45.0,0.0390663024099096,6.1568172049582,C21,frente,2024-05-07 1900UT,186,1,O2_surto_06-08mai
-40.0,0.06171321163298395,5.175309580547461,C21,frente,2024-05-07 1900UT,70,1,O2_surto_06-08mai
-35.0,0.07941719470831302,5.040171021526123,C21,frente,2024-05-07 1900UT,42,1,O2_surto_06-08mai
-30.0,0.09958373772854101,5.007465615282753,C21,frente,2024-05-07 1900UT,37,1,O2_surto_06-08mai
-25.0,0.12446015101859398,5.0009392002244715,C21,frente,2024-05-07 1900UT,17,1,O2_surto_06-08mai
-20.0,0.14813751979038653,5.000130577925722,C21,frente,2024-05-07 1900UT,16,1,O2_surto_06-08mai
-15.0,0.15872134438037566,5.000054051064643,C21,frente,2024-05-07 1900UT,15,1,O2_surto_06-08mai
-70.0,0.01583045343383458,13.020437157766718,C21,traseira,2024-05-07 1900UT,599,1,O2_surto_06-08mai
-65.0,0.016730621792217997,12.44080393641641,C21,traseira,2024-05-07 1900UT,5697,1,O2_surto_06-08mai
-60.0,0.019628571580985806,10.844395005558365,C21,traseira,2024-05-07 1900UT,4807,1,O2_surto_06-08mai
-55.0,0.020124531663682724,10.607769665231977,C21,traseira,2024-05-07 1900UT,4033,1,O2_surto_06-08mai
-50.0,0.02724663312921459,8.097652668302919,C21,traseira,2024-05-07 1900UT,1061,1,O2_surto_06-08mai
-45.0,0.03663140026012439,6.417056473126259,C21,traseira,2024-05-07 1900UT,456,1,O2_surto_06-08mai
-40.0,0.04103000352952581,5.982203392070822,C21,traseira,2024-05-07 1900UT,426,1,O2_surto_06-08mai
-35.0,0.04839518634010157,5.531668654617238,C21,traseira,2024-05-07 1900UT,361,1,O2_surto_06-08mai
-30.0,0.051276251806887746,5.41825169403951,C21,traseira,2024-05-07 1900UT,272,1,O2_surto_06-08mai
-25.0,0.08418321531226697,5.026954778613787,C21,traseira,2024-05-07 1900UT,212,1,O2_surto_06-08mai
-20.0,0.12077821372621877,5.0012785188615005,C21,traseira,2024-05-07 1900UT,176,1,O2_surto_06-08mai
-15.0,0.10380998765874477,5.00529949535985,C21,traseira,2024-05-07 1900UT,162,1,O2_surto_06-08mai
-65.0,0.02164094938256681,9.94207326840382,C31,frente,2024-05-07 1900UT,441,1,O2_surto_06-08mai
-60.0,0.025348132318514873,8.62862230264384,C31,frente,2024-05-07 1900UT,838,1,O2_surto_06-08mai
-55.0,0.022759478610159267,9.502236008518796,C31,frente,2024-05-07 1900UT,663,1,O2_surto_06-08mai
-50.0,0.021403257272697884,10.0409401830264,C31,frente,2024-05-07 1900UT,445,1,O2_surto_06-08mai
-45.0,0.024400914047754418,8.926654840064302,C31,frente,2024-05-07 1900UT,317,1,O2_surto_06-08mai
-40.0,0.03955683496288942,6.110482555332533,C31,frente,2024-05-07 1900UT,172,1,O2_surto_06-08mai
-35.0,0.04969098494536718,5.4772484660849345,C31,frente,2024-05-07 1900UT,109,1,O2_surto_06-08mai
-30.0,0.05509688846329355,5.304253332753966,C31,frente,2024-05-07 1900UT,114,1,O2_surto_06-08mai
-25.0,0.053022784888549924,5.361639692369163,C31,frente,2024-05-07 1900UT,154,1,O2_surto_06-08mai
-20.0,0.062406643074371305,5.165604976698965,C31,frente,2024-05-07 1900UT,138,1,O2_surto_06-08mai
-15.0,0.07580133712875227,5.054413272570407,C31,frente,2024-05-07 1900UT,122,1,O2_surto_06-08mai
-65.0,0.025420433012984595,8.606825288336655,C31,traseira,2024-05-07 1900UT,431,1,O2_surto_06-08mai
-60.0,0.027237570572024288,8.09999293976537,C31,traseira,2024-05-07 1900UT,703,1,O2_surto_06-08mai
-55.0,0.02965473737828117,7.534479054772794,C31,traseira,2024-05-07 1900UT,426,1,O2_surto_06-08mai
-50.0,0.02894458213033583,7.688944858624819,C31,traseira,2024-05-07 1900UT,299,1,O2_surto_06-08mai
-45.0,0.03268375515937007,6.969049853199309,C31,traseira,2024-05-07 1900UT,175,1,O2_surto_06-08mai
-40.0,0.03611778787284644,6.479022986593939,C31,traseira,2024-05-07 1900UT,197,1,O2_surto_06-08mai
-35.0,0.044582777072044,5.730494160978468,C31,traseira,2024-05-07 1900UT,173,1,O2_surto_06-08mai
-30.0,0.0602513641017345,5.197948253814398,C31,traseira,2024-05-07 1900UT,147,1,O2_surto_06-08mai
-25.0,0.0696956466874647,5.090105580853423,C31,traseira,2024-05-07 1900UT,151,1,O2_surto_06-08mai
-20.0,0.07129770786984019,5.078844456362976,C31,traseira,2024-05-07 1900UT,247,1,O2_surto_06-08mai
-15.0,0.08306758615679577,5.029572338879935,C31,traseira,2024-05-07 1900UT,262,1,O2_surto_06-08mai
-60.0,0.030610586121203216,7.340384663759775,C30,frente,2024-05-07 1900UT,424,1,O2_surto_06-08mai
-55.0,0.0321687745050208,7.055391155019471,C30,frente,2024-05-07 1900UT,465,1,O2_surto_06-08mai
-50.0,0.030869539376395885,7.29042287630609,C30,frente,2024-05-07 1900UT,322,1,O2_surto_06-08mai
-45.0,0.0306002094201638,7.342412781043452,C30,frente,2024-05-07 1900UT,416,1,O2_surto_06-08mai
-40.0,0.03560456716334148,6.543688918431105,C30,frente,2024-05-07 1900UT,106,1,O2_surto_06-08mai
-35.0,0.051766782055283025,5.401438423716523,C30,frente,2024-05-07 1900UT,33,1,O2_surto_06-08mai
-30.0,0.039112620927884686,6.152360335201622,C30,frente,2024-05-07 1900UT,13,1,O2_surto_06-08mai
-25.0,0.05259072699994668,5.374799822701328,C30,frente,2024-05-07 1900UT,15,1,O2_surto_06-08mai
-20.0,0.02675000658488205,8.228540463595927,C30,frente,2024-05-07 1900UT,31,1,O2_surto_06-08mai
-15.0,0.049130995534539194,5.500047469425121,C30,frente,2024-05-07 1900UT,27,1,O2_surto_06-08mai
-65.0,0.026164497882374717,8.38997503863565,C30,traseira,2024-05-07 1900UT,67,1,O2_surto_06-08mai
-60.0,0.023451382814431414,9.249985114499719,C30,traseira,2024-05-07 1900UT,359,1,O2_surto_06-08mai
-55.0,0.03426924904526242,6.7268382902064205,C30,traseira,2024-05-07 1900UT,122,1,O2_surto_06-08mai
-50.0,0.028572808776287484,7.7735552573377635,C30,traseira,2024-05-07 1900UT,119,1,O2_surto_06-08mai
-45.0,0.020727418388498436,10.332992450266497,C30,traseira,2024-05-07 1900UT,145,1,O2_surto_06-08mai
-40.0,0.024525744205487955,8.88601948283203,C30,traseira,2024-05-07 1900UT,167,1,O2_surto_06-08mai
-35.0,0.028379159433466007,7.818679930006913,C30,traseira,2024-05-07 1900UT,144,1,O2_surto_06-08mai
-30.0,0.04325062511751466,5.816260791109179,C30,traseira,2024-05-07 1900UT,107,1,O2_surto_06-08mai
-25.0,0.0623561314360057,5.166304129104278,C30,traseira,2024-05-07 1900UT,150,1,O2_surto_06-08mai
-20.0,0.07069988041331983,5.082871893159705,C30,traseira,2024-05-07 1900UT,89,1,O2_surto_06-08mai
-15.0,0.07473434861107679,5.059271434068808,C30,traseira,2024-05-07 1900UT,110,1,O2_surto_06-08mai
-60.0,0.025786338792036765,8.49850528433178,C35,inteira,2024-05-07 1900UT,677,1,O2_surto_06-08mai
-55.0,0.02731871432607255,8.079101567747276,C35,inteira,2024-05-07 1900UT,2044,1,O2_surto_06-08mai
-50.0,0.030346220148313195,7.39251655897413,C35,inteira,2024-05-07 1900UT,562,1,O2_surto_06-08mai
-45.0,0.05135742636526947,5.415368937035693,C35,inteira,2024-05-07 1900UT,57,1,O2_surto_06-08mai
-40.0,0.0670437931226582,5.112391858275151,C35,inteira,2024-05-07 1900UT,46,1,O2_surto_06-08mai
-35.0,0.07050518928755728,5.084227394611593,C35,inteira,2024-05-07 1900UT,51,1,O2_surto_06-08mai
-30.0,0.0845852532898689,5.026054266947521,C35,inteira,2024-05-07 1900UT,39,1,O2_surto_06-08mai
-25.0,0.12080239588166902,5.001279340597865,C35,inteira,2024-05-07 1900UT,34,1,O2_surto_06-08mai
-20.0,0.14348949130478802,5.0001923372479435,C35,inteira,2024-05-07 1900UT,27,1,O2_surto_06-08mai
-15.0,0.17371728672499448,5.000015491126548,C35,inteira,2024-05-07 1900UT,17,1,O2_surto_06-08mai
-65.0,0.025432285011148165,8.603264706402063,C27,frente,2024-05-07 1900UT,13,1,O2_surto_06-08mai
-60.0,0.02394553802797938,9.078526940914553,C27,frente,2024-05-07 1900UT,259,1,O2_surto_06-08mai
-55.0,0.024304054968523114,8.958477750435812,C27,frente,2024-05-07 1900UT,78,1,O2_surto_06-08mai
-50.0,0.019992601518416978,10.66976264395673,C27,frente,2024-05-07 1900UT,73,1,O2_surto_06-08mai
-45.0,0.023891525684214193,9.097825648870216,C27,frente,2024-05-07 1900UT,62,1,O2_surto_06-08mai
-40.0,0.028189059185029102,7.863684596870762,C27,frente,2024-05-07 1900UT,49,1,O2_surto_06-08mai
-35.0,0.03239032488634106,7.024311545283466,C27,frente,2024-05-07 1900UT,38,1,O2_surto_06-08mai
-30.0,0.06429760776353997,5.156501411854684,C27,frente,2024-05-07 1900UT,24,1,O2_surto_06-08mai
-25.0,0.05161853282834428,5.4064285961301435,C27,frente,2024-05-07 1900UT,45,1,O2_surto_06-08mai
-20.0,0.05769002036686405,5.245078121474412,C27,frente,2024-05-07 1900UT,46,1,O2_surto_06-08mai
-15.0,0.08285810288210158,5.030087528603999,C27,frente,2024-05-07 1900UT,61,1,O2_surto_06-08mai
-60.0,0.02802781833450359,7.902423164928498,C27,traseira,2024-05-07 1900UT,264,1,O2_surto_06-08mai
-55.0,0.02830746686561401,7.835566694737825,C27,traseira,2024-05-07 1900UT,259,1,O2_surto_06-08mai
-50.0,0.023273826294560755,9.313337028614086,C27,traseira,2024-05-07 1900UT,177,1,O2_surto_06-08mai
-45.0,0.026353656060187206,8.336957209513965,C27,traseira,2024-05-07 1900UT,93,1,O2_surto_06-08mai
-40.0,0.03901620544941882,6.161656411518068,C27,traseira,2024-05-07 1900UT,51,1,O2_surto_06-08mai
-35.0,0.050802393590629574,5.43505102404186,C27,traseira,2024-05-07 1900UT,34,1,O2_surto_06-08mai
-30.0,0.061587440061721656,5.1770914009492035,C27,traseira,2024-05-07 1900UT,27,1,O2_surto_06-08mai
-25.0,0.06760845439663402,5.107230703684889,C27,traseira,2024-05-07 1900UT,72,1,O2_surto_06-08mai
-20.0,0.07405510768672074,5.062658145368322,C27,traseira,2024-05-07 1900UT,71,1,O2_surto_06-08mai
-15.0,0.09349014555133166,5.012405109108861,C27,traseira,2024-05-07 1900UT,100,1,O2_surto_06-08mai
-65.0,0.0274715205047645,8.040141335460206,C36,inteira,2024-05-07 1900UT,191,1,O2_surto_06-08mai
-60.0,0.02761010704683723,8.005293470456747,C36,inteira,2024-05-07 1900UT,134,1,O2_surto_06-08mai
-55.0,0.028713004958471098,7.741358985526867,C36,inteira,2024-05-07 1900UT,66,1,O2_surto_06-08mai
-50.0,0.035066058821134526,6.614500810508402,C36,inteira,2024-05-07 1900UT,61,1,O2_surto_06-08mai
-45.0,0.041668106291169536,5.931327017578006,C36,inteira,2024-05-07 1900UT,39,1,O2_surto_06-08mai
-40.0,0.04301049414928494,5.834246621785901,C36,inteira,2024-05-07 1900UT,46,1,O2_surto_06-08mai
-35.0,0.04522329829763509,5.692525090500422,C36,inteira,2024-05-07 1900UT,37,1,O2_surto_06-08mai
-30.0,0.05689998733577742,5.261723093372797,C36,inteira,2024-05-07 1900UT,49,1,O2_surto_06-08mai
-25.0,0.058971970088409695,5.2202188489698935,C36,inteira,2024-05-07 1900UT,63,1,O2_surto_06-08mai
-20.0,0.07499220560102393,5.057951253130523,C36,inteira,2024-05-07 1900UT,131,1,O2_surto_06-08mai
-15.0,0.08309315822212623,5.029503968101816,C36,inteira,2024-05-07 1900UT,248,1,O2_surto_06-08mai
-65.0,0.02558694380756834,8.557127533461557,C37,inteira,2024-05-07 1900UT,36,1,O2_surto_06-08mai
-60.0,0.025124792490484653,8.69678973125205,C37,inteira,2024-05-07 1900UT,212,1,O2_surto_06-08mai
-55.0,0.027309342735910947,8.081507176563264,C37,inteira,2024-05-07 1900UT,377,1,O2_surto_06-08mai
-50.0,0.026505451490906336,8.295011828022211,C37,inteira,2024-05-07 1900UT,410,1,O2_surto_06-08mai
-45.0,0.025793080140103775,8.496540449465279,C37,inteira,2024-05-07 1900UT,181,1,O2_surto_06-08mai
-40.0,0.03157769155831839,7.159168265205446,C37,inteira,2024-05-07 1900UT,127,1,O2_surto_06-08mai
-35.0,0.04816826590648661,5.541956421509289,C37,inteira,2024-05-07 1900UT,90,1,O2_surto_06-08mai
-30.0,0.05615164920596629,5.278564201866169,C37,inteira,2024-05-07 1900UT,103,1,O2_surto_06-08mai
-25.0,0.07159947616540514,5.0768864491339,C37,inteira,2024-05-07 1900UT,113,1,O2_surto_06-08mai
-20.0,0.07539207906645738,5.056051976110542,C37,inteira,2024-05-07 1900UT,103,1,O2_surto_06-08mai
-15.0,0.09204003728477733,5.013998491216807,C37,inteira,2024-05-07 1900UT,133,1,O2_surto_06-08mai
-65.0,0.02239492764654152,9.641109300818991,C38,inteira,2024-05-07 1900UT,79,1,O2_surto_06-08mai
-60.0,0.023090224408943046,9.379936197899559,C38,inteira,2024-05-07 1900UT,102,1,O2_surto_06-08mai
-55.0,0.022564592455196767,9.575951599834996,C38,inteira,2024-05-07 1900UT,71,1,O2_surto_06-08mai
-50.0,0.023579800268728416,9.204747136523476,C38,inteira,2024-05-07 1900UT,100,1,O2_surto_06-08mai
-45.0,0.030648385144643533,7.333024020676036,C38,inteira,2024-05-07 1900UT,64,1,O2_surto_06-08mai
-40.0,0.04052547483764943,6.02436832901253,C38,inteira,2024-05-07 1900UT,64,1,O2_surto_06-08mai
-35.0,0.042144064262467126,5.8958940004960905,C38,inteira,2024-05-07 1900UT,82,1,O2_surto_06-08mai
-30.0,0.048048868388956376,5.547940468910532,C38,inteira,2024-05-07 1900UT,72,1,O2_surto_06-08mai
-25.0,0.06871358530946153,5.0977898268334565,C38,inteira,2024-05-07 1900UT,85,1,O2_surto_06-08mai
-20.0,0.07364533192410717,5.064858214425904,C38,inteira,2024-05-07 1900UT,136,1,O2_surto_06-08mai
-15.0,0.07717347044822012,5.048319254412016,C38,inteira,2024-05-07 1900UT,213,1,O2_surto_06-08mai
-55.0,0.061145095473943686,5.183741163707118,C41,frente,2024-05-08 1100UT,118,1,O2_surto_06-08mai
-50.0,0.07160903285469515,5.076825241850845,C41,frente,2024-05-08 1100UT,271,1,O2_surto_06-08mai
-45.0,0.08122506968448714,5.034476355948961,C41,frente,2024-05-08 1100UT,106,1,O2_surto_06-08mai
-40.0,0.105796634638616,5.004461257124797,C41,frente,2024-05-08 1100UT,24,1,O2_surto_06-08mai
-35.0,0.1130056572520617,5.002439552342552,C41,frente,2024-05-08 1100UT,13,1,O2_surto_06-08mai
-30.0,0.10479650654127816,5.004863292390613,C41,frente,2024-05-08 1100UT,18,1,O2_surto_06-08mai
-25.0,0.12250811588359767,5.001120339369162,C41,frente,2024-05-08 1100UT,26,1,O2_surto_06-08mai
-70.0,0.047682697833214875,5.564191937249461,C42,inteira,2024-05-08 1100UT,185,1,O2_surto_06-08mai
-65.0,0.0435394888361951,5.796846826709919,C42,inteira,2024-05-08 1100UT,1118,1,O2_surto_06-08mai
-60.0,0.04683305760032573,5.605586787339803,C42,inteira,2024-05-08 1100UT,2096,1,O2_surto_06-08mai
-55.0,0.04552624962116069,5.675260499339357,C42,inteira,2024-05-08 1100UT,2112,1,O2_surto_06-08mai
-50.0,0.049080683795210314,5.502148392053373,C42,inteira,2024-05-08 1100UT,885,1,O2_surto_06-08mai
-45.0,0.06907288033003328,5.094905276035507,C42,inteira,2024-05-08 1100UT,675,1,O2_surto_06-08mai
-40.0,0.08315970796246783,5.0293407700380435,C42,inteira,2024-05-08 1100UT,438,1,O2_surto_06-08mai
-35.0,0.11440749658116095,5.002170580432529,C42,inteira,2024-05-08 1100UT,215,1,O2_surto_06-08mai
-30.0,0.13497388683868955,5.000391191459729,C42,inteira,2024-05-08 1100UT,150,1,O2_surto_06-08mai
-25.0,0.15829301220175526,5.000056015474694,C42,inteira,2024-05-08 1100UT,116,1,O2_surto_06-08mai
-20.0,0.16385482047007777,5.00003523910749,C42,inteira,2024-05-08 1100UT,102,1,O2_surto_06-08mai
-15.0,0.1684332046247937,5.000024061367697,C42,inteira,2024-05-08 1100UT,81,1,O2_surto_06-08mai
-65.0,0.08027168599342378,5.037324333795768,C43,inteira,2024-05-08 1100UT,25,1,O2_surto_06-08mai
-60.0,0.07523866976781578,5.056773150603499,C43,inteira,2024-05-08 1100UT,1871,1,O2_surto_06-08mai
-55.0,0.06439584035595387,5.140138697830647,C43,inteira,2024-05-08 1100UT,3397,1,O2_surto_06-08mai
-50.0,0.06215659120303003,5.16888816107297,C43,inteira,2024-05-08 1100UT,1715,1,O2_surto_06-08mai
-45.0,0.06917827648918329,5.094076158776906,C43,inteira,2024-05-08 1100UT,578,1,O2_surto_06-08mai
-40.0,0.08981943618307886,5.016844086495645,C43,inteira,2024-05-08 1100UT,165,1,O2_surto_06-08mai
-35.0,0.07924752760971843,5.04066042103439,C43,inteira,2024-05-08 1100UT,6,1,O2_surto_06-08mai
-50.0,0.12800761646178932,5.000698829342914,C45,inteira,2024-05-08 1100UT,7,1,O2_surto_06-08mai
-45.0,0.127671974821286,5.0007186747093035,C45,inteira,2024-05-08 1100UT,56,1,O2_surto_06-08mai
-40.0,0.13245693969524855,5.0004823305327815,C45,inteira,2024-05-08 1100UT,33,1,O2_surto_06-08mai
-60.0,0.05285324928929334,5.366689418948094,C46,inteira,2024-05-08 1100UT,521,1,O2_surto_06-08mai
-55.0,0.050890344108517796,5.431855331598965,C46,inteira,2024-05-08 1100UT,1199,1,O2_surto_06-08mai
-50.0,0.046441307647157246,5.625686882811237,C46,inteira,2024-05-08 1100UT,98,1,O2_surto_06-08mai
-60.0,0.06064123793444864,5.191621834459638,C47,inteira,2024-05-08 1100UT,20,1,O2_surto_06-08mai
-55.0,0.061672912938972466,5.175834506564265,C47,inteira,2024-05-08 1100UT,333,1,O2_surto_06-08mai
-50.0,0.05999017442507057,5.202303988258666,C47,inteira,2024-05-08 1100UT,195,1,O2_surto_06-08mai
-45.0,0.06426727989623841,5.14168212139945,C47,inteira,2024-05-08 1100UT,20,1,O2_surto_06-08mai
-70.0,0.03482754370861167,6.646912089118996,C41,frente,2024-05-08 1200UT,3672,1,O2_surto_06-08mai
-65.0,0.03267738621620594,6.970095209738892,C41,frente,2024-05-08 1200UT,7552,1,O2_surto_06-08mai
-60.0,0.035035784070788445,6.6185791703981245,C41,frente,2024-05-08 1200UT,10301,1,O2_surto_06-08mai
-55.0,0.034879811476695485,6.639754418550826,C41,frente,2024-05-08 1200UT,4106,1,O2_surto_06-08mai
-50.0,0.04125173321553416,5.964209154381587,C41,frente,2024-05-08 1200UT,2108,1,O2_surto_06-08mai
-45.0,0.05227660730279683,5.384741094012005,C41,frente,2024-05-08 1200UT,1414,1,O2_surto_06-08mai
-40.0,0.06570205147940562,5.12568536791746,C41,frente,2024-05-08 1200UT,959,1,O2_surto_06-08mai
-35.0,0.07771014032062763,5.046205906393215,C41,frente,2024-05-08 1200UT,709,1,O2_surto_06-08mai
-30.0,0.09070085624345835,5.015651981901974,C41,frente,2024-05-08 1200UT,534,1,O2_surto_06-08mai
-25.0,0.10079245449894296,5.006750262900844,C41,frente,2024-05-08 1200UT,435,1,O2_surto_06-08mai
-20.0,0.10500268218127638,5.004752777317214,C41,frente,2024-05-08 1200UT,331,1,O2_surto_06-08mai
-15.0,0.09841352939106116,5.008236477291179,C41,frente,2024-05-08 1200UT,278,1,O2_surto_06-08mai
-70.0,0.033741680938362786,6.802889466105379,C41,traseira,2024-05-08 1200UT,3357,1,O2_surto_06-08mai
-65.0,0.02791894276628348,7.928876252617809,C41,traseira,2024-05-08 1200UT,10554,1,O2_surto_06-08mai
-60.0,0.027230632064514464,8.101785916303653,C41,traseira,2024-05-08 1200UT,9872,1,O2_surto_06-08mai
-55.0,0.027858467218537127,7.9436739580364915,C41,traseira,2024-05-08 1200UT,9889,1,O2_surto_06-08mai
-50.0,0.03222312700074705,7.046102570059109,C41,traseira,2024-05-08 1200UT,2441,1,O2_surto_06-08mai
-45.0,0.04298502399255954,5.834528861538973,C41,traseira,2024-05-08 1200UT,647,1,O2_surto_06-08mai
-40.0,0.04608206485836243,5.644697939138409,C41,traseira,2024-05-08 1200UT,466,1,O2_surto_06-08mai
-35.0,0.07314286231084541,5.067621189801027,C41,traseira,2024-05-08 1200UT,150,1,O2_surto_06-08mai
-30.0,0.08975118205639214,5.016940166013734,C41,traseira,2024-05-08 1200UT,69,1,O2_surto_06-08mai
-25.0,0.0978325534524028,5.008649004414674,C41,traseira,2024-05-08 1200UT,20,1,O2_surto_06-08mai
-20.0,0.11001264232783624,5.0031306243786595,C41,traseira,2024-05-08 1200UT,19,1,O2_surto_06-08mai
-15.0,0.12485904640873127,5.000909880362185,C41,traseira,2024-05-08 1200UT,10,1,O2_surto_06-08mai
-65.0,0.031375867263945215,7.195789748964329,C42,frente,2024-05-08 1200UT,219,1,O2_surto_06-08mai
-60.0,0.025769962878777728,8.503282811695293,C42,frente,2024-05-08 1200UT,1121,1,O2_surto_06-08mai
-55.0,0.027618622512718204,8.00310127880245,C42,frente,2024-05-08 1200UT,910,1,O2_surto_06-08mai
-50.0,0.028913248502042743,7.69597589247281,C42,frente,2024-05-08 1200UT,854,1,O2_surto_06-08mai
-45.0,0.029574594274373246,7.551418699356052,C42,frente,2024-05-08 1200UT,244,1,O2_surto_06-08mai
-40.0,0.034291850800002105,6.722097713052598,C42,frente,2024-05-08 1200UT,89,1,O2_surto_06-08mai
-35.0,0.036261517662780476,6.4614136827461826,C42,frente,2024-05-08 1200UT,55,1,O2_surto_06-08mai
-30.0,0.03510743915761895,6.60897326493278,C42,frente,2024-05-08 1200UT,46,1,O2_surto_06-08mai
-25.0,0.032295445490475985,7.033808731286724,C42,frente,2024-05-08 1200UT,25,1,O2_surto_06-08mai
-20.0,0.0925776433773392,5.01338538656802,C42,frente,2024-05-08 1200UT,14,1,O2_surto_06-08mai
-15.0,0.11197616869559021,5.002658083220768,C42,frente,2024-05-08 1200UT,15,1,O2_surto_06-08mai
-70.0,0.03607554667733037,6.484241069082192,C42,traseira,2024-05-08 1200UT,196,1,O2_surto_06-08mai
-65.0,0.030348261693375258,7.392109407301662,C42,traseira,2024-05-08 1200UT,833,1,O2_surto_06-08mai
-60.0,0.02752498163221581,8.026627345575745,C42,traseira,2024-05-08 1200UT,521,1,O2_surto_06-08mai
-55.0,0.03389549966064882,6.77992710272736,C42,traseira,2024-05-08 1200UT,343,1,O2_surto_06-08mai
-50.0,0.038887091123220814,6.174222768051662,C42,traseira,2024-05-08 1200UT,435,1,O2_surto_06-08mai
-45.0,0.046606696474558854,5.6171297820557005,C42,traseira,2024-05-08 1200UT,334,1,O2_surto_06-08mai
-40.0,0.04267726723263144,5.856208331620701,C42,traseira,2024-05-08 1200UT,361,1,O2_surto_06-08mai
-35.0,0.04337723253001935,5.807694007449121,C42,traseira,2024-05-08 1200UT,391,1,O2_surto_06-08mai
-30.0,0.05243990790540048,5.37954012982867,C42,traseira,2024-05-08 1200UT,253,1,O2_surto_06-08mai
-25.0,0.08614715443941551,5.022874508487062,C42,traseira,2024-05-08 1200UT,153,1,O2_surto_06-08mai
-20.0,0.11930877567314332,5.001447490207347,C42,traseira,2024-05-08 1200UT,106,1,O2_surto_06-08mai
-15.0,0.10685137915252343,5.00407418637671,C42,traseira,2024-05-08 1200UT,75,1,O2_surto_06-08mai
-60.0,0.03792824823854124,6.271897688928108,C49,inteira,2024-05-08 1200UT,479,1,O2_surto_06-08mai
-55.0,0.03263754000008588,6.976647920942547,C49,inteira,2024-05-08 1200UT,1230,1,O2_surto_06-08mai
-50.0,0.034673579286058506,6.668178714457483,C49,inteira,2024-05-08 1200UT,385,1,O2_surto_06-08mai
-45.0,0.04919420729777893,5.497420535359807,C49,inteira,2024-05-08 1200UT,164,1,O2_surto_06-08mai
-40.0,0.07971849476019634,5.039085234600169,C49,inteira,2024-05-08 1200UT,19,1,O2_surto_06-08mai
-35.0,0.09510515460669167,5.011055134297187,C49,inteira,2024-05-08 1200UT,10,1,O2_surto_06-08mai
-30.0,0.11262647007051546,5.002639560045547,C49,inteira,2024-05-08 1200UT,8,1,O2_surto_06-08mai
-60.0,0.038301975577707446,6.232896290639491,C50,inteira,2024-05-08 1200UT,590,1,O2_surto_06-08mai
-55.0,0.034006769568081296,6.763499040502602,C50,inteira,2024-05-08 1200UT,2060,1,O2_surto_06-08mai
-50.0,0.03234962103788669,7.0246480231151445,C50,inteira,2024-05-08 1200UT,344,1,O2_surto_06-08mai
-45.0,0.028169227885823527,7.868421058389754,C50,inteira,2024-05-08 1200UT,5,1,O2_surto_06-08mai
-60.0,0.03818558774518235,6.244913869995061,C51,inteira,2024-05-08 1200UT,280,1,O2_surto_06-08mai
-55.0,0.04057325580366285,6.0202959665024665,C51,inteira,2024-05-08 1200UT,540,1,O2_surto_06-08mai
-50.0,0.04020392073268395,6.052186788264038,C51,inteira,2024-05-08 1200UT,205,1,O2_surto_06-08mai
-45.0,0.03901015486913512,6.1622422838234625,C51,inteira,2024-05-08 1200UT,107,1,O2_surto_06-08mai
-40.0,0.038130394336916056,6.250651380832701,C51,inteira,2024-05-08 1200UT,111,1,O2_surto_06-08mai
-35.0,0.11766295568427895,5.001655744768396,C51,inteira,2024-05-08 1200UT,70,1,O2_surto_06-08mai
-30.0,0.13622050788001563,5.000352481785869,C51,inteira,2024-05-08 1200UT,61,1,O2_surto_06-08mai
-25.0,0.15196953137171215,5.000094877025909,C51,inteira,2024-05-08 1200UT,50,1,O2_surto_06-08mai
-20.0,0.16638675099015818,5.0000293626548,C51,inteira,2024-05-08 1200UT,38,1,O2_surto_06-08mai
-15.0,0.17264757542861808,5.0000169560542815,C51,inteira,2024-05-08 1200UT,32,1,O2_surto_06-08mai
-60.0,0.0369522209825741,6.379674665830413,C52,inteira,2024-05-08 1200UT,260,1,O2_surto_06-08mai
-55.0,0.029956701857837706,7.471451527155979,C52,inteira,2024-05-08 1200UT,1014,1,O2_surto_06-08mai
-50.0,0.025794971955288216,8.495989258888091,C52,inteira,2024-05-08 1200UT,811,1,O2_surto_06-08mai
-45.0,0.02627840366462231,8.357955334243655,C52,inteira,2024-05-08 1200UT,270,1,O2_surto_06-08mai
-60.0,0.0232810501986689,9.310741215598423,C47,frente,2024-05-08 1200UT,111,1,O2_surto_06-08mai
-55.0,0.024920235452073888,8.760346449529202,C47,frente,2024-05-08 1200UT,431,1,O2_surto_06-08mai
-50.0,0.03358991576709618,6.8258355801774,C47,frente,2024-05-08 1200UT,127,1,O2_surto_06-08mai
-60.0,0.028945222187522712,7.688801439242886,C47,traseira,2024-05-08 1200UT,145,1,O2_surto_06-08mai
-55.0,0.026301388723512266,8.351523397641367,C47,traseira,2024-05-08 1200UT,789,1,O2_surto_06-08mai
-50.0,0.04175399968831099,5.924684581712906,C47,traseira,2024-05-08 1200UT,277,1,O2_surto_06-08mai
-45.0,0.05091660343333922,5.430911345707971,C47,traseira,2024-05-08 1200UT,169,1,O2_surto_06-08mai
-40.0,0.060722068351023374,5.19033397610362,C47,traseira,2024-05-08 1200UT,89,1,O2_surto_06-08mai
-35.0,0.06837588092492436,5.100580920595195,C47,traseira,2024-05-08 1200UT,21,1,O2_surto_06-08mai
-65.0,0.04826120035432695,5.537847256848455,C53,inteira,2024-05-08 1200UT,8,1,O2_surto_06-08mai
-60.0,0.043301658594143144,5.812800948935955,C53,inteira,2024-05-08 1200UT,278,1,O2_surto_06-08mai
-55.0,0.042557321286466845,5.864809472881164,C53,inteira,2024-05-08 1200UT,529,1,O2_surto_06-08mai
-50.0,0.04466842094781214,5.725310403601209,C53,inteira,2024-05-08 1200UT,420,1,O2_surto_06-08mai
-45.0,0.055586126173424226,5.29200899199171,C53,inteira,2024-05-08 1200UT,368,1,O2_surto_06-08mai
-40.0,0.07954408361658744,5.039657457987985,C53,inteira,2024-05-08 1200UT,223,1,O2_surto_06-08mai
-35.0,0.09485227691570389,5.011073959602979,C53,inteira,2024-05-08 1200UT,118,1,O2_surto_06-08mai
-30.0,0.10567618965524958,5.004493848561539,C53,inteira,2024-05-08 1200UT,66,1,O2_surto_06-08mai
-25.0,0.11827715193139418,5.001572274556515,C53,inteira,2024-05-08 1200UT,37,1,O2_surto_06-08mai
-20.0,0.12624212244330882,5.000809592528088,C53,inteira,2024-05-08 1200UT,25,1,O2_surto_06-08mai
-15.0,0.14187465618606246,5.0002200423271805,C53,inteira,2024-05-08 1200UT,9,1,O2_surto_06-08mai
-70.0,0.025237641646897783,8.66218724892467,C41,frente,2024-05-08 1300UT,2388,1,O2_surto_06-08mai
-65.0,0.0231395074680387,9.361888443166837,C41,frente,2024-05-08 1300UT,7694,1,O2_surto_06-08mai
-60.0,0.019170247418174063,11.0719315287959,C41,frente,2024-05-08 1300UT,8905,1,O2_surto_06-08mai
-55.0,0.020702751209829905,10.343966215028765,C41,frente,2024-05-08 1300UT,6031,1,O2_surto_06-08mai
-50.0,0.024011761220513874,9.05608117623262,C41,frente,2024-05-08 1300UT,2683,1,O2_surto_06-08mai
-45.0,0.03140984723668637,7.189582190471014,C41,frente,2024-05-08 1300UT,702,1,O2_surto_06-08mai
-40.0,0.049521236899149015,5.484047572347632,C41,frente,2024-05-08 1300UT,290,1,O2_surto_06-08mai
-35.0,0.06109820239005698,5.184460582340888,C41,frente,2024-05-08 1300UT,281,1,O2_surto_06-08mai
-30.0,0.0756165271439892,5.055013677871464,C41,frente,2024-05-08 1300UT,278,1,O2_surto_06-08mai
-25.0,0.08805488219464601,5.019512315124795,C41,frente,2024-05-08 1300UT,171,1,O2_surto_06-08mai
-20.0,0.09962323846735048,5.007441181172117,C41,frente,2024-05-08 1300UT,78,1,O2_surto_06-08mai
-15.0,0.10505942238009479,5.004730357569032,C41,frente,2024-05-08 1300UT,51,1,O2_surto_06-08mai
-70.0,0.024799730284217336,8.798298454466464,C41,traseira,2024-05-08 1300UT,921,1,O2_surto_06-08mai
-65.0,0.024551665220361084,8.877634432660951,C41,traseira,2024-05-08 1300UT,4378,1,O2_surto_06-08mai
-60.0,0.025221522226340432,8.66710991524648,C41,traseira,2024-05-08 1300UT,11041,1,O2_surto_06-08mai
-55.0,0.022391024025144278,9.642619307540748,C41,traseira,2024-05-08 1300UT,8635,1,O2_surto_06-08mai
-50.0,0.024377382175014683,8.934362523436103,C41,traseira,2024-05-08 1300UT,2813,1,O2_surto_06-08mai
-45.0,0.027132021820047897,8.127379919027172,C41,traseira,2024-05-08 1300UT,754,1,O2_surto_06-08mai
-40.0,0.033442077901056355,6.84847074192875,C41,traseira,2024-05-08 1300UT,532,1,O2_surto_06-08mai
-35.0,0.04402332304747357,5.765357323440108,C41,traseira,2024-05-08 1300UT,444,1,O2_surto_06-08mai
-30.0,0.04816497717374499,5.541983850318905,C41,traseira,2024-05-08 1300UT,396,1,O2_surto_06-08mai
-25.0,0.06354730527275662,5.150406856956826,C41,traseira,2024-05-08 1300UT,330,1,O2_surto_06-08mai
-20.0,0.07109517667160653,5.080187363954845,C41,traseira,2024-05-08 1300UT,258,1,O2_surto_06-08mai
-15.0,0.07045368624776452,5.084690380971079,C41,traseira,2024-05-08 1300UT,224,1,O2_surto_06-08mai
-65.0,0.024902975053365174,8.765775559538852,C42,frente,2024-05-08 1300UT,286,1,O2_surto_06-08mai
-60.0,0.02146039915693997,10.017001576499332,C42,frente,2024-05-08 1300UT,1096,1,O2_surto_06-08mai
-55.0,0.02626477510509273,8.36177679809466,C42,frente,2024-05-08 1300UT,664,1,O2_surto_06-08mai
-50.0,0.027470372335246792,8.040432232510856,C42,frente,2024-05-08 1300UT,365,1,O2_surto_06-08mai
-45.0,0.02752338980977119,8.027063814934134,C42,frente,2024-05-08 1300UT,290,1,O2_surto_06-08mai
-40.0,0.029820625676562663,7.499636301643977,C42,frente,2024-05-08 1300UT,123,1,O2_surto_06-08mai
-35.0,0.03711728723879543,6.376095579515843,C42,frente,2024-05-08 1300UT,102,1,O2_surto_06-08mai
-30.0,0.04659124531660667,5.617913749783326,C42,frente,2024-05-08 1300UT,87,1,O2_surto_06-08mai
-25.0,0.05245505477540727,5.379078587721061,C42,frente,2024-05-08 1300UT,66,1,O2_surto_06-08mai
-20.0,0.06007110681718025,5.2009441668378775,C42,frente,2024-05-08 1300UT,57,1,O2_surto_06-08mai
-15.0,0.07640730069977376,5.051505476221305,C42,frente,2024-05-08 1300UT,28,1,O2_surto_06-08mai
-70.0,0.027976569150558506,7.916769955650214,C42,traseira,2024-05-08 1300UT,50,1,O2_surto_06-08mai
-65.0,0.02707424668062159,8.142477838459644,C42,traseira,2024-05-08 1300UT,504,1,O2_surto_06-08mai
-60.0,0.02354878809782368,9.21563022687507,C42,traseira,2024-05-08 1300UT,576,1,O2_surto_06-08mai
-55.0,0.024045697356559363,9.04463076943758,C42,traseira,2024-05-08 1300UT,440,1,O2_surto_06-08mai
-50.0,0.028270072554378314,7.844420265458737,C42,traseira,2024-05-08 1300UT,292,1,O2_surto_06-08mai
-45.0,0.026926309759958043,8.181454402470997,C42,traseira,2024-05-08 1300UT,438,1,O2_surto_06-08mai
-40.0,0.030031188857641555,7.456226754866271,C42,traseira,2024-05-08 1300UT,390,1,O2_surto_06-08mai
-35.0,0.038194964649513025,6.24393987464425,C42,traseira,2024-05-08 1300UT,233,1,O2_surto_06-08mai
-30.0,0.04836585330726608,5.5329713649960635,C42,traseira,2024-05-08 1300UT,268,1,O2_surto_06-08mai
-25.0,0.0582828564452149,5.23323569015815,C42,traseira,2024-05-08 1300UT,312,1,O2_surto_06-08mai
-20.0,0.07108513905497048,5.080253556014061,C42,traseira,2024-05-08 1300UT,225,1,O2_surto_06-08mai
-15.0,0.07941059300523404,5.040101079074598,C42,traseira,2024-05-08 1300UT,31,1,O2_surto_06-08mai
-65.0,0.023623271129767955,9.189542142854513,C54,inteira,2024-05-08 1300UT,69,1,O2_surto_06-08mai
-60.0,0.02760645053349985,8.006148938584008,C54,inteira,2024-05-08 1300UT,1119,1,O2_surto_06-08mai
-55.0,0.028195722311246084,7.862094947253557,C54,inteira,2024-05-08 1300UT,1223,1,O2_surto_06-08mai
-50.0,0.02635447407441581,8.33681620057844,C54,inteira,2024-05-08 1300UT,334,1,O2_surto_06-08mai
-45.0,0.030451792695671838,7.371560056675453,C54,inteira,2024-05-08 1300UT,203,1,O2_surto_06-08mai
-40.0,0.032230661203721256,7.044820082030413,C54,inteira,2024-05-08 1300UT,164,1,O2_surto_06-08mai
-35.0,0.038438645006727924,6.2189365232863905,C54,inteira,2024-05-08 1300UT,236,1,O2_surto_06-08mai
-30.0,0.04537655446008909,5.683736850634363,C54,inteira,2024-05-08 1300UT,189,1,O2_surto_06-08mai
-25.0,0.05608775081246818,5.280051475199775,C54,inteira,2024-05-08 1300UT,117,1,O2_surto_06-08mai
-20.0,0.05494137297609188,5.308154650293763,C54,inteira,2024-05-08 1300UT,104,1,O2_surto_06-08mai
-15.0,0.05371782045559542,5.342868955991859,C54,inteira,2024-05-08 1300UT,80,1,O2_surto_06-08mai
-60.0,0.024147283581032575,9.010531394656162,C52,frente,2024-05-08 1300UT,551,1,O2_surto_06-08mai
-55.0,0.02409682202657596,9.027432361043157,C52,frente,2024-05-08 1300UT,992,1,O2_surto_06-08mai
-50.0,0.021578046950896157,9.968046986521083,C52,frente,2024-05-08 1300UT,617,1,O2_surto_06-08mai
-45.0,0.021552307927039653,9.978714479542525,C52,frente,2024-05-08 1300UT,243,1,O2_surto_06-08mai
-40.0,0.03234863678263403,7.025185826971875,C52,frente,2024-05-08 1300UT,86,1,O2_surto_06-08mai
-35.0,0.036954282350695804,6.379434803283778,C52,frente,2024-05-08 1300UT,51,1,O2_surto_06-08mai
-30.0,0.04726004586934654,5.584419203093506,C52,frente,2024-05-08 1300UT,40,1,O2_surto_06-08mai
-25.0,0.053518826471084815,5.346906752756716,C52,frente,2024-05-08 1300UT,30,1,O2_surto_06-08mai
-60.0,0.0306632305935527,7.330142981912839,C52,traseira,2024-05-08 1300UT,462,1,O2_surto_06-08mai
-55.0,0.028857043307572123,7.708632168767,C52,traseira,2024-05-08 1300UT,671,1,O2_surto_06-08mai
-50.0,0.03080785917752382,7.302224394324117,C52,traseira,2024-05-08 1300UT,799,1,O2_surto_06-08mai
-45.0,0.047260308579512154,5.584404635756816,C52,traseira,2024-05-08 1300UT,345,1,O2_surto_06-08mai
-40.0,0.05754834879442927,5.248002240570025,C52,traseira,2024-05-08 1300UT,170,1,O2_surto_06-08mai
-35.0,0.06649798062630698,5.117620320818467,C52,traseira,2024-05-08 1300UT,98,1,O2_surto_06-08mai
-30.0,0.07612137635881937,5.052748706343982,C52,traseira,2024-05-08 1300UT,66,1,O2_surto_06-08mai
-25.0,0.0788558699376852,5.041998343029946,C52,traseira,2024-05-08 1300UT,49,1,O2_surto_06-08mai
-20.0,0.08519182525061347,5.0247716925783905,C52,traseira,2024-05-08 1300UT,30,1,O2_surto_06-08mai
-15.0,0.10387283506695298,5.005222013584814,C52,traseira,2024-05-08 1300UT,11,1,O2_surto_06-08mai
-60.0,0.026057141155073058,8.420440957109927,C47,frente,2024-05-08 1300UT,298,1,O2_surto_06-08mai
-55.0,0.02475465665350729,8.812592207455697,C47,frente,2024-05-08 1300UT,509,1,O2_surto_06-08mai
-50.0,0.020890031211648178,10.261212191264107,C47,frente,2024-05-08 1300UT,606,1,O2_surto_06-08mai
-45.0,0.020329721857565927,10.512696539335883,C47,frente,2024-05-08 1300UT,73,1,O2_surto_06-08mai
-40.0,0.026032671978958647,8.427524074269694,C47,frente,2024-05-08 1300UT,6,1,O2_surto_06-08mai
-60.0,0.026563016534927476,8.279243646297468,C47,traseira,2024-05-08 1300UT,236,1,O2_surto_06-08mai
-55.0,0.026771201144775277,8.222843205178563,C47,traseira,2024-05-08 1300UT,407,1,O2_surto_06-08mai
-50.0,0.020550465787780036,10.412215703375438,C47,traseira,2024-05-08 1300UT,643,1,O2_surto_06-08mai
-45.0,0.01545264268294217,13.276971644539596,C47,traseira,2024-05-08 1300UT,175,1,O2_surto_06-08mai
-60.0,0.031257623390042955,7.217533256740646,C55,inteira,2024-05-08 1300UT,247,1,O2_surto_06-08mai
-55.0,0.03209101490272497,7.068753267852156,C55,inteira,2024-05-08 1300UT,689,1,O2_surto_06-08mai
-50.0,0.04258885674624786,5.862539776155287,C55,inteira,2024-05-08 1300UT,323,1,O2_surto_06-08mai
-45.0,0.0588262590667595,5.222915723565504,C55,inteira,2024-05-08 1300UT,126,1,O2_surto_06-08mai
-40.0,0.0682308597765825,5.101806133547395,C55,inteira,2024-05-08 1300UT,52,1,O2_surto_06-08mai
-35.0,0.07420836416581558,5.061863003143058,C55,inteira,2024-05-08 1300UT,11,1,O2_surto_06-08mai
-70.0,0.022308805973156202,9.674537453702207,C41,frente,2024-05-08 1400UT,1570,1,O2_surto_06-08mai
-65.0,0.02164071917102297,9.942168079951381,C41,frente,2024-05-08 1400UT,3752,1,O2_surto_06-08mai
-60.0,0.020315542046841974,10.519214472330338,C41,frente,2024-05-08 1400UT,5173,1,O2_surto_06-08mai
-55.0,0.01870695712763077,11.310937902470851,C41,frente,2024-05-08 1400UT,3758,1,O2_surto_06-08mai
-50.0,0.022956561702103445,9.42889829739309,C41,frente,2024-05-08 1400UT,1210,1,O2_surto_06-08mai
-45.0,0.03337418273643022,6.858960219393364,C41,frente,2024-05-08 1400UT,348,1,O2_surto_06-08mai
-40.0,0.04141867335761151,5.9508882497676385,C41,frente,2024-05-08 1400UT,315,1,O2_surto_06-08mai
-35.0,0.05553954519953161,5.293142027583353,C41,frente,2024-05-08 1400UT,205,1,O2_surto_06-08mai
-30.0,0.06893039342488053,5.096038889516824,C41,frente,2024-05-08 1400UT,139,1,O2_surto_06-08mai
-25.0,0.08266818979996451,5.030568386805608,C41,frente,2024-05-08 1400UT,126,1,O2_surto_06-08mai
-20.0,0.09021556902995166,5.016297241988892,C41,frente,2024-05-08 1400UT,136,1,O2_surto_06-08mai
-15.0,0.09978060850870332,5.00736039697811,C41,frente,2024-05-08 1400UT,164,1,O2_surto_06-08mai
-70.0,0.020448421635430626,10.458441633280462,C41,traseira,2024-05-08 1400UT,178,1,O2_surto_06-08mai
-65.0,0.02127242725584145,10.096199726713618,C41,traseira,2024-05-08 1400UT,4225,1,O2_surto_06-08mai
-60.0,0.02093614575979158,10.241032748627926,C41,traseira,2024-05-08 1400UT,5569,1,O2_surto_06-08mai
-55.0,0.021459716350900458,10.01727865318078,C41,traseira,2024-05-08 1400UT,4199,1,O2_surto_06-08mai
-50.0,0.021666358623978,9.931619811847192,C41,traseira,2024-05-08 1400UT,1927,1,O2_surto_06-08mai
-45.0,0.022740622612441405,9.509316082297804,C41,traseira,2024-05-08 1400UT,921,1,O2_surto_06-08mai
-40.0,0.028623529170525925,7.7618570125617765,C41,traseira,2024-05-08 1400UT,379,1,O2_surto_06-08mai
-35.0,0.036142604627181156,6.475967434710169,C41,traseira,2024-05-08 1400UT,267,1,O2_surto_06-08mai
-30.0,0.0443524289494269,5.744670458710363,C41,traseira,2024-05-08 1400UT,112,1,O2_surto_06-08mai
-25.0,0.05293354262317724,5.36424404952858,C41,traseira,2024-05-08 1400UT,73,1,O2_surto_06-08mai
-20.0,0.06478284839625267,5.136217499009767,C41,traseira,2024-05-08 1400UT,34,1,O2_surto_06-08mai
-15.0,0.08883640109150648,5.018629951163425,C41,traseira,2024-05-08 1400UT,34,1,O2_surto_06-08mai
-70.0,0.019203122269639487,11.055335103374741,C56,inteira,2024-05-08 1400UT,16,1,O2_surto_06-08mai
-65.0,0.020312672246240174,10.520535528808985,C56,inteira,2024-05-08 1400UT,126,1,O2_surto_06-08mai
-60.0,0.022446857928456476,9.621068186759064,C56,inteira,2024-05-08 1400UT,3129,1,O2_surto_06-08mai
-55.0,0.022028362954992706,9.785069114279178,C56,inteira,2024-05-08 1400UT,1891,1,O2_surto_06-08mai
-50.0,0.021868391608569706,9.849287057122682,C56,inteira,2024-05-08 1400UT,832,1,O2_surto_06-08mai
-45.0,0.028396438546748923,7.814621090501404,C56,inteira,2024-05-08 1400UT,320,1,O2_surto_06-08mai
-40.0,0.04091673170435727,5.991518537799237,C56,inteira,2024-05-08 1400UT,222,1,O2_surto_06-08mai
-35.0,0.0461294609889574,5.642344964986574,C56,inteira,2024-05-08 1400UT,192,1,O2_surto_06-08mai
-30.0,0.055000134884846445,5.3066196599662065,C56,inteira,2024-05-08 1400UT,171,1,O2_surto_06-08mai
-25.0,0.06324277978284101,5.1542725760297365,C56,inteira,2024-05-08 1400UT,173,1,O2_surto_06-08mai
-20.0,0.07955233899199071,5.039633124686632,C56,inteira,2024-05-08 1400UT,176,1,O2_surto_06-08mai
-15.0,0.09328390173139708,5.012620142933854,C56,inteira,2024-05-08 1400UT,147,1,O2_surto_06-08mai
-70.0,0.01967907254124847,10.819943638505434,C57,inteira,2024-05-08 1400UT,46,1,O2_surto_06-08mai
-65.0,0.02229129573701776,9.681363452844579,C57,inteira,2024-05-08 1400UT,425,1,O2_surto_06-08mai
-60.0,0.022014212703620733,9.790714936600128,C57,inteira,2024-05-08 1400UT,395,1,O2_surto_06-08mai
-55.0,0.021031647024221015,10.199504092797618,C57,inteira,2024-05-08 1400UT,406,1,O2_surto_06-08mai
-50.0,0.022005730147574152,9.794102592787787,C57,inteira,2024-05-08 1400UT,307,1,O2_surto_06-08mai
-45.0,0.022893470687036743,9.45224363937972,C57,inteira,2024-05-08 1400UT,181,1,O2_surto_06-08mai
-40.0,0.03296673830878717,6.92315908224837,C57,inteira,2024-05-08 1400UT,133,1,O2_surto_06-08mai
-35.0,0.0409300701052802,5.990405379732623,C57,inteira,2024-05-08 1400UT,100,1,O2_surto_06-08mai
-30.0,0.05307718986604978,5.35990982182487,C57,inteira,2024-05-08 1400UT,85,1,O2_surto_06-08mai
-25.0,0.06180620178652121,5.173894019057959,C57,inteira,2024-05-08 1400UT,76,1,O2_surto_06-08mai
-20.0,0.06202717934046704,5.1707217394698155,C57,inteira,2024-05-08 1400UT,80,1,O2_surto_06-08mai
-15.0,0.061315642117474464,5.181151093342999,C57,inteira,2024-05-08 1400UT,72,1,O2_surto_06-08mai
-65.0,0.0132533995455297,14.941805432019251,C47,frente,2024-05-08 1400UT,48,1,O2_surto_06-08mai
-60.0,0.014959539038849992,13.624173467105694,C47,frente,2024-05-08 1400UT,289,1,O2_surto_06-08mai
-55.0,0.016408689832131722,12.643126257712115,C47,frente,2024-05-08 1400UT,838,1,O2_surto_06-08mai
-50.0,0.018068088284358592,11.656031010714443,C47,frente,2024-05-08 1400UT,596,1,O2_surto_06-08mai
-45.0,0.020901677311219363,10.25610857892949,C47,frente,2024-05-08 1400UT,205,1,O2_surto_06-08mai
-40.0,0.03303049941044478,6.934286440200671,C47,frente,2024-05-08 1400UT,22,1,O2_surto_06-08mai
-35.0,0.04388121381965379,5.774487775165353,C47,frente,2024-05-08 1400UT,6,1,O2_surto_06-08mai
-65.0,0.013492621025475668,14.745593488005447,C47,traseira,2024-05-08 1400UT,40,1,O2_surto_06-08mai
-60.0,0.0146966862184819,13.815164967852743,C47,traseira,2024-05-08 1400UT,361,1,O2_surto_06-08mai
-55.0,0.012692658261755712,15.41738306978906,C47,traseira,2024-05-08 1400UT,695,1,O2_surto_06-08mai
-50.0,0.01313409615727956,15.041127096350618,C47,traseira,2024-05-08 1400UT,339,1,O2_surto_06-08mai
-70.0,0.015676177532592914,13.124216328368338,C42,frente,2024-05-08 1400UT,24,1,O2_surto_06-08mai
-65.0,0.017434376525240648,12.016978211935047,C42,frente,2024-05-08 1400UT,171,1,O2_surto_06-08mai
-60.0,0.018562363347873236,11.387575108714511,C42,frente,2024-05-08 1400UT,74,1,O2_surto_06-08mai
-55.0,0.018102706725713257,11.637287728679333,C42,frente,2024-05-08 1400UT,46,1,O2_surto_06-08mai
-50.0,0.016682377566952872,12.478588668321178,C42,frente,2024-05-08 1400UT,46,1,O2_surto_06-08mai
-45.0,0.017210387122261778,12.149185647801811,C42,frente,2024-05-08 1400UT,81,1,O2_surto_06-08mai
-40.0,0.02388593474762953,9.09883513267157,C42,frente,2024-05-08 1400UT,161,1,O2_surto_06-08mai
-35.0,0.03697968156647665,6.37651817752093,C42,frente,2024-05-08 1400UT,233,1,O2_surto_06-08mai
-30.0,0.04992704221736496,5.467952038672578,C42,frente,2024-05-08 1400UT,179,1,O2_surto_06-08mai
-25.0,0.05524467689129885,5.3004344477853795,C42,frente,2024-05-08 1400UT,171,1,O2_surto_06-08mai
-20.0,0.06810997521461398,5.102834550690019,C42,frente,2024-05-08 1400UT,185,1,O2_surto_06-08mai
-15.0,0.08990766527069263,5.01672074212167,C42,frente,2024-05-08 1400UT,176,1,O2_surto_06-08mai
-65.0,0.020795181722024974,10.30296220744828,C42,traseira,2024-05-08 1400UT,21,1,O2_surto_06-08mai
-60.0,0.020503016894494963,10.433659047845879,C42,traseira,2024-05-08 1400UT,256,1,O2_surto_06-08mai
-55.0,0.022992155082151543,9.4161940357639,C42,traseira,2024-05-08 1400UT,170,1,O2_surto_06-08mai
-50.0,0.01979112911265676,10.76575834799662,C42,traseira,2024-05-08 1400UT,230,1,O2_surto_06-08mai
-45.0,0.01925189265783391,11.030759724354283,C42,traseira,2024-05-08 1400UT,154,1,O2_surto_06-08mai
-40.0,0.022498697507037535,9.601148391862026,C42,traseira,2024-05-08 1400UT,91,1,O2_surto_06-08mai
-35.0,0.02541888836008937,8.607423565110437,C42,traseira,2024-05-08 1400UT,54,1,O2_surto_06-08mai
-30.0,0.03668129841212628,6.41446651125859,C42,traseira,2024-05-08 1400UT,36,1,O2_surto_06-08mai
-25.0,0.06362737855904373,5.149439018319851,C42,traseira,2024-05-08 1400UT,26,1,O2_surto_06-08mai
-20.0,0.07463625840918253,5.059722614410628,C42,traseira,2024-05-08 1400UT,62,1,O2_surto_06-08mai
-15.0,0.09596958748510709,5.010094181442321,C42,traseira,2024-05-08 1400UT,172,1,O2_surto_06-08mai
-60.0,0.020123473022682963,10.608264456046287,C58,inteira,2024-05-08 1400UT,576,1,O2_surto_06-08mai
-55.0,0.020666912842187992,10.359949989988493,C58,inteira,2024-05-08 1400UT,1909,1,O2_surto_06-08mai
-50.0,0.018335363689481337,11.509420318891998,C58,inteira,2024-05-08 1400UT,739,1,O2_surto_06-08mai
-45.0,0.016547893967027976,12.554974479392527,C58,inteira,2024-05-08 1400UT,73,1,O2_surto_06-08mai
-65.0,0.019126545076047993,11.09433300589863,C54,frente,2024-05-08 1400UT,32,1,O2_surto_06-08mai
-60.0,0.021247353682028344,10.106859187452297,C54,frente,2024-05-08 1400UT,205,1,O2_surto_06-08mai
-55.0,0.024497036938055466,8.895328362425209,C54,frente,2024-05-08 1400UT,626,1,O2_surto_06-08mai
-50.0,0.019390579476090575,10.961462034189474,C54,frente,2024-05-08 1400UT,206,1,O2_surto_06-08mai
-45.0,0.017761841123775622,11.82808295898781,C54,frente,2024-05-08 1400UT,93,1,O2_surto_06-08mai
-40.0,0.014748469276366735,13.78472823971923,C54,frente,2024-05-08 1400UT,28,1,O2_surto_06-08mai
-35.0,0.015031699939319867,13.572468407800201,C54,frente,2024-05-08 1400UT,19,1,O2_surto_06-08mai
-30.0,0.015366800874236804,13.336393111116362,C54,frente,2024-05-08 1400UT,15,1,O2_surto_06-08mai
-25.0,0.011768650686894557,16.251219143471758,C54,frente,2024-05-08 1400UT,17,1,O2_surto_06-08mai
-20.0,0.012417626592529197,15.665785378400344,C54,frente,2024-05-08 1400UT,20,1,O2_surto_06-08mai
-15.0,0.017066958728036742,12.255918040117733,C54,frente,2024-05-08 1400UT,16,1,O2_surto_06-08mai
-65.0,0.02334825926281868,9.286665293301342,C54,traseira,2024-05-08 1400UT,11,1,O2_surto_06-08mai
-60.0,0.02449191431029576,8.89700274838501,C54,traseira,2024-05-08 1400UT,258,1,O2_surto_06-08mai
-55.0,0.022464723179592028,9.61419359340361,C54,traseira,2024-05-08 1400UT,431,1,O2_surto_06-08mai
-50.0,0.02071624712785848,10.338002696311316,C54,traseira,2024-05-08 1400UT,104,1,O2_surto_06-08mai
-45.0,0.021851828206989807,9.855983703238614,C54,traseira,2024-05-08 1400UT,117,1,O2_surto_06-08mai
-40.0,0.024682063625208507,8.835740484270417,C54,traseira,2024-05-08 1400UT,82,1,O2_surto_06-08mai
-35.0,0.02420054259521274,8.992771210641465,C54,traseira,2024-05-08 1400UT,32,1,O2_surto_06-08mai
-30.0,0.03680415950959265,6.396800255744187,C54,traseira,2024-05-08 1400UT,13,1,O2_surto_06-08mai
-25.0,0.02900617432261623,7.675178716735345,C54,traseira,2024-05-08 1400UT,11,1,O2_surto_06-08mai
-20.0,0.05532702507238882,5.298571599455611,C54,traseira,2024-05-08 1400UT,14,1,O2_surto_06-08mai
-15.0,0.04591486080762763,5.653742968714363,C54,traseira,2024-05-08 1400UT,5,1,O2_surto_06-08mai
-60.0,0.024065296662545164,9.038026139557305,C59,inteira,2024-05-08 1400UT,302,1,O2_surto_06-08mai
-55.0,0.0200648185506949,10.635743990896838,C59,inteira,2024-05-08 1400UT,613,1,O2_surto_06-08mai
-50.0,0.017061427613027362,12.238483674531693,C59,inteira,2024-05-08 1400UT,211,1,O2_surto_06-08mai
-45.0,0.015667338861253315,13.13022982321169,C59,inteira,2024-05-08 1400UT,130,1,O2_surto_06-08mai
-40.0,0.016724064699206988,12.444908619347324,C59,inteira,2024-05-08 1400UT,56,1,O2_surto_06-08mai
-35.0,0.018445404735739634,11.450703823733113,C59,inteira,2024-05-08 1400UT,26,1,O2_surto_06-08mai
-30.0,0.029670597023862617,7.531083899258515,C59,inteira,2024-05-08 1400UT,13,1,O2_surto_06-08mai
-25.0,0.05334441827641253,5.352044796072726,C59,inteira,2024-05-08 1400UT,10,1,O2_surto_06-08mai
-70.0,0.017294770674963607,12.099089208884227,C41,frente,2024-05-08 1500UT,508,1,O2_surto_06-08mai
-65.0,0.01901748548420829,11.149722289652539,C41,frente,2024-05-08 1500UT,1943,1,O2_surto_06-08mai
-60.0,0.018660971392351858,11.335168634624813,C41,frente,2024-05-08 1500UT,2890,1,O2_surto_06-08mai
-55.0,0.018815559096188872,11.25408045579325,C41,frente,2024-05-08 1500UT,2063,1,O2_surto_06-08mai
-50.0,0.02125653651786759,10.10295404474298,C41,frente,2024-05-08 1500UT,1132,1,O2_surto_06-08mai
-45.0,0.02958147578634455,7.549951653214247,C41,frente,2024-05-08 1500UT,519,1,O2_surto_06-08mai
-40.0,0.03781439314937808,6.284024292833189,C41,frente,2024-05-08 1500UT,394,1,O2_surto_06-08mai
-35.0,0.04383828901812334,5.777271041274468,C41,frente,2024-05-08 1500UT,352,1,O2_surto_06-08mai
-30.0,0.05120633212651909,5.420638657675151,C41,frente,2024-05-08 1500UT,288,1,O2_surto_06-08mai
-25.0,0.06104200271718009,5.1853264937878825,C41,frente,2024-05-08 1500UT,263,1,O2_surto_06-08mai
-20.0,0.07310957753311204,5.067795183601836,C41,frente,2024-05-08 1500UT,244,1,O2_surto_06-08mai
-15.0,0.0799093260225919,5.038469504313728,C41,frente,2024-05-08 1500UT,164,1,O2_surto_06-08mai
-70.0,0.017876032694593213,11.763415341116843,C41,traseira,2024-05-08 1500UT,93,1,O2_surto_06-08mai
-65.0,0.01783186995581949,11.788352111551983,C41,traseira,2024-05-08 1500UT,1347,1,O2_surto_06-08mai
-60.0,0.018745483863211447,11.290708644156595,C41,traseira,2024-05-08 1500UT,4097,1,O2_surto_06-08mai
-55.0,0.019761069573611297,10.78021908163738,C41,traseira,2024-05-08 1500UT,2652,1,O2_surto_06-08mai
-50.0,0.01960685253434296,10.854982959889295,C41,traseira,2024-05-08 1500UT,980,1,O2_surto_06-08mai
-45.0,0.024161061317118003,9.005929366798771,C41,traseira,2024-05-08 1500UT,217,1,O2_surto_06-08mai
-40.0,0.033361163180882863,6.860974825049496,C41,traseira,2024-05-08 1500UT,79,1,O2_surto_06-08mai
-35.0,0.04358066584486571,5.794116762837252,C41,traseira,2024-05-08 1500UT,47,1,O2_surto_06-08mai
-30.0,0.05713640048038861,5.256617321537178,C41,traseira,2024-05-08 1500UT,29,1,O2_surto_06-08mai
-25.0,0.06934067066579819,5.092893166181309,C41,traseira,2024-05-08 1500UT,34,1,O2_surto_06-08mai
-20.0,0.08801445625080442,5.020047516291548,C41,traseira,2024-05-08 1500UT,30,1,O2_surto_06-08mai
-15.0,0.08818011767240987,5.0193097378653695,C41,traseira,2024-05-08 1500UT,21,1,O2_surto_06-08mai
-70.0,0.017487979560339054,11.986789277337419,C60,inteira,2024-05-08 1500UT,96,1,O2_surto_06-08mai
-65.0,0.020868667657117645,10.270587010643304,C60,inteira,2024-05-08 1500UT,2805,1,O2_surto_06-08mai
-60.0,0.02077329920508335,10.312641235245476,C60,inteira,2024-05-08 1500UT,5014,1,O2_surto_06-08mai
-55.0,0.020677630901197563,10.355164772293424,C60,inteira,2024-05-08 1500UT,3679,1,O2_surto_06-08mai
-50.0,0.0214298236671812,10.02979272462988,C60,inteira,2024-05-08 1500UT,1794,1,O2_surto_06-08mai
-45.0,0.02255997002657005,9.577772965839983,C60,inteira,2024-05-08 1500UT,684,1,O2_surto_06-08mai
-40.0,0.0422544964711882,5.886910984321152,C60,inteira,2024-05-08 1500UT,325,1,O2_surto_06-08mai
-35.0,0.05577203391608096,5.287543571076419,C60,inteira,2024-05-08 1500UT,226,1,O2_surto_06-08mai
-30.0,0.06581015280592038,5.124558222868471,C60,inteira,2024-05-08 1500UT,201,1,O2_surto_06-08mai
-25.0,0.07276346394927413,5.069782487003366,C60,inteira,2024-05-08 1500UT,156,1,O2_surto_06-08mai
-20.0,0.08712388355123624,5.021086415782483,C60,inteira,2024-05-08 1500UT,145,1,O2_surto_06-08mai
-15.0,0.09499227027306806,5.010945518880971,C60,inteira,2024-05-08 1500UT,121,1,O2_surto_06-08mai
-65.0,0.01867378403688219,11.329442322629124,C59,frente,2024-05-08 1500UT,24,1,O2_surto_06-08mai
-60.0,0.021906234156828967,9.83401733626225,C59,frente,2024-05-08 1500UT,1641,1,O2_surto_06-08mai
-55.0,0.022132444719619906,9.74374664023561,C59,frente,2024-05-08 1500UT,786,1,O2_surto_06-08mai
-50.0,0.02416362541571729,9.005073491751673,C59,frente,2024-05-08 1500UT,337,1,O2_surto_06-08mai
-45.0,0.026948578852304117,8.175573502195306,C59,frente,2024-05-08 1500UT,342,1,O2_surto_06-08mai
-40.0,0.0341114577026004,6.748181153248993,C59,frente,2024-05-08 1500UT,217,1,O2_surto_06-08mai
-35.0,0.037660361415577034,6.300610709068937,C59,frente,2024-05-08 1500UT,103,1,O2_surto_06-08mai
-30.0,0.03731750900117756,6.338314168692355,C59,frente,2024-05-08 1500UT,72,1,O2_surto_06-08mai
-25.0,0.048203722602918116,5.540219628906759,C59,frente,2024-05-08 1500UT,57,1,O2_surto_06-08mai
-20.0,0.04914932889285425,5.499284090258637,C59,frente,2024-05-08 1500UT,43,1,O2_surto_06-08mai
-15.0,0.05352392544487576,5.361247821104385,C59,frente,2024-05-08 1500UT,8,1,O2_surto_06-08mai
-65.0,0.022296359244135134,9.679392585300178,C59,traseira,2024-05-08 1500UT,434,1,O2_surto_06-08mai
-60.0,0.02185014732441507,9.856663945745325,C59,traseira,2024-05-08 1500UT,1175,1,O2_surto_06-08mai
-55.0,0.02008314751234009,10.62714245033597,C59,traseira,2024-05-08 1500UT,795,1,O2_surto_06-08mai
-50.0,0.018558226280871726,11.389643812817635,C59,traseira,2024-05-08 1500UT,616,1,O2_surto_06-08mai
-45.0,0.01616576339855522,12.799428765477932,C59,traseira,2024-05-08 1500UT,274,1,O2_surto_06-08mai
-40.0,0.015818246128947513,13.028600302622037,C59,traseira,2024-05-08 1500UT,255,1,O2_surto_06-08mai
-35.0,0.015584711057877072,13.186377236780377,C59,traseira,2024-05-08 1500UT,153,1,O2_surto_06-08mai
-30.0,0.013775277889033554,14.518727976364772,C59,traseira,2024-05-08 1500UT,84,1,O2_surto_06-08mai
-25.0,0.01817762446730178,11.595551078477044,C59,traseira,2024-05-08 1500UT,43,1,O2_surto_06-08mai
-20.0,0.022499478515994598,9.601769424671655,C59,traseira,2024-05-08 1500UT,30,1,O2_surto_06-08mai
-15.0,0.024453355476847096,8.909532331734395,C59,traseira,2024-05-08 1500UT,19,1,O2_surto_06-08mai
-65.0,0.016556724714284727,12.549416940686678,C42,frente,2024-05-08 1500UT,198,1,O2_surto_06-08mai
-60.0,0.01593064114249447,12.953753777827258,C42,frente,2024-05-08 1500UT,282,1,O2_surto_06-08mai
-55.0,0.017790741882666355,11.811717366683126,C42,frente,2024-05-08 1500UT,122,1,O2_surto_06-08mai
-50.0,0.02462519825583875,8.854143940365713,C42,frente,2024-05-08 1500UT,76,1,O2_surto_06-08mai
-45.0,0.022860016877686802,9.464810343106748,C42,frente,2024-05-08 1500UT,46,1,O2_surto_06-08mai
-40.0,0.021166743105759427,10.141288696199968,C42,frente,2024-05-08 1500UT,48,1,O2_surto_06-08mai
-35.0,0.021591754628303768,9.962375194480385,C42,frente,2024-05-08 1500UT,35,1,O2_surto_06-08mai
-30.0,0.03702220835020357,6.371648570411849,C42,frente,2024-05-08 1500UT,47,1,O2_surto_06-08mai
-25.0,0.0658933087444821,5.1237003314859315,C42,frente,2024-05-08 1500UT,118,1,O2_surto_06-08mai
-20.0,0.093072870896684,5.01284677532787,C42,frente,2024-05-08 1500UT,220,1,O2_surto_06-08mai
-15.0,0.1005475272156211,5.006889455880643,C42,frente,2024-05-08 1500UT,242,1,O2_surto_06-08mai
-70.0,0.01586531012855346,12.99717380015337,C42,traseira,2024-05-08 1500UT,93,1,O2_surto_06-08mai
-65.0,0.01616322151328187,12.801080545344185,C42,traseira,2024-05-08 1500UT,299,1,O2_surto_06-08mai
-60.0,0.016200825619315056,12.776672753367585,C42,traseira,2024-05-08 1500UT,67,1,O2_surto_06-08mai
-55.0,0.016812131471554064,12.390469619065238,C42,traseira,2024-05-08 1500UT,72,1,O2_surto_06-08mai
-50.0,0.01971075254916872,10.804565344521802,C42,traseira,2024-05-08 1500UT,78,1,O2_surto_06-08mai
-45.0,0.026947514176268474,8.175837742741441,C42,traseira,2024-05-08 1500UT,118,1,O2_surto_06-08mai
-40.0,0.027901421465664506,7.9331558526000165,C42,traseira,2024-05-08 1500UT,183,1,O2_surto_06-08mai
-35.0,0.03857145155763068,6.205518519061627,C42,traseira,2024-05-08 1500UT,138,1,O2_surto_06-08mai
-30.0,0.04969965556469599,5.476903753988182,C42,traseira,2024-05-08 1500UT,121,1,O2_surto_06-08mai
-25.0,0.07967049911601247,5.0392418743935705,C42,traseira,2024-05-08 1500UT,213,1,O2_surto_06-08mai
-20.0,0.09279892871793355,5.013140681529883,C42,traseira,2024-05-08 1500UT,262,1,O2_surto_06-08mai
-15.0,0.10949671469821032,5.00326815771355,C42,traseira,2024-05-08 1500UT,283,1,O2_surto_06-08mai
-60.0,0.025205214371947525,8.67209686095671,C58,frente,2024-05-08 1500UT,381,1,O2_surto_06-08mai
-55.0,0.018446493848026137,11.449415880823654,C58,frente,2024-05-08 1500UT,952,1,O2_surto_06-08mai
-50.0,0.013588528594604585,14.667985845451245,C58,frente,2024-05-08 1500UT,385,1,O2_surto_06-08mai
-45.0,0.016754068231774243,12.426279766894236,C58,frente,2024-05-08 1500UT,103,1,O2_surto_06-08mai
-40.0,0.01448214226867288,13.974203445531685,C58,frente,2024-05-08 1500UT,78,1,O2_surto_06-08mai
-60.0,0.025760427894970152,8.506067563312417,C58,traseira,2024-05-08 1500UT,329,1,O2_surto_06-08mai
-55.0,0.02007935428956493,10.6289223566049,C58,traseira,2024-05-08 1500UT,1048,1,O2_surto_06-08mai
-50.0,0.015668353447509182,13.129514958154891,C58,traseira,2024-05-08 1500UT,405,1,O2_surto_06-08mai
-65.0,0.0275368857675409,8.023626385856428,C57,frente,2024-05-08 1500UT,55,1,O2_surto_06-08mai
-60.0,0.030711559003386082,7.320795263268481,C57,frente,2024-05-08 1500UT,192,1,O2_surto_06-08mai
-55.0,0.024251959593953525,8.97569966445636,C57,frente,2024-05-08 1500UT,49,1,O2_surto_06-08mai
-50.0,0.02670995989340865,8.23933513894334,C57,frente,2024-05-08 1500UT,42,1,O2_surto_06-08mai
-45.0,0.0278347157563923,7.949655740761058,C57,frente,2024-05-08 1500UT,44,1,O2_surto_06-08mai
-40.0,0.03802605460605428,6.261573180129518,C57,frente,2024-05-08 1500UT,31,1,O2_surto_06-08mai
-35.0,0.04585494300784268,5.657730279492981,C57,frente,2024-05-08 1500UT,18,1,O2_surto_06-08mai
-30.0,0.055450165018063616,5.29541209372032,C57,frente,2024-05-08 1500UT,30,1,O2_surto_06-08mai
-25.0,0.06785278324524908,5.105581076340306,C57,frente,2024-05-08 1500UT,28,1,O2_surto_06-08mai
-20.0,0.07300186512664404,5.068406229845298,C57,frente,2024-05-08 1500UT,45,1,O2_surto_06-08mai
-15.0,0.0819267579572075,5.0325170747836445,C57,frente,2024-05-08 1500UT,56,1,O2_surto_06-08mai
-65.0,0.024433098655549535,8.916137463273042,C57,traseira,2024-05-08 1500UT,135,1,O2_surto_06-08mai
-60.0,0.027048714118862213,8.149187061190194,C57,traseira,2024-05-08 1500UT,126,1,O2_surto_06-08mai
-55.0,0.02480886786577088,8.795408439394535,C57,traseira,2024-05-08 1500UT,64,1,O2_surto_06-08mai
-50.0,0.025587474972584887,8.556965524467799,C57,traseira,2024-05-08 1500UT,105,1,O2_surto_06-08mai
-45.0,0.028157696392029433,7.871200810255544,C57,traseira,2024-05-08 1500UT,54,1,O2_surto_06-08mai
-40.0,0.03615522492907365,6.48010065496427,C57,traseira,2024-05-08 1500UT,38,1,O2_surto_06-08mai
-35.0,0.04765106153068731,5.565681311883792,C57,traseira,2024-05-08 1500UT,45,1,O2_surto_06-08mai
-30.0,0.05373874370541014,5.340605194291172,C57,traseira,2024-05-08 1500UT,49,1,O2_surto_06-08mai
-25.0,0.0692514323646735,5.093506167711359,C57,traseira,2024-05-08 1500UT,68,1,O2_surto_06-08mai
-20.0,0.07345659774890045,5.065894347065576,C57,traseira,2024-05-08 1500UT,62,1,O2_surto_06-08mai
-15.0,0.09547497536222095,5.0105139685778575,C57,traseira,2024-05-08 1500UT,67,1,O2_surto_06-08mai
-60.0,0.012622818500072377,15.478188804818966,C61,inteira,2024-05-08 1500UT,241,1,O2_surto_06-08mai
-55.0,0.016500791531533013,12.584687632322824,C61,inteira,2024-05-08 1500UT,1178,1,O2_surto_06-08mai
-50.0,0.015859427999579373,13.001095398188253,C61,inteira,2024-05-08 1500UT,434,1,O2_surto_06-08mai
-45.0,0.017347848310489203,12.067758287937856,C61,inteira,2024-05-08 1500UT,53,1,O2_surto_06-08mai
-70.0,0.01932110629093214,10.996075613099471,C62,inteira,2024-05-08 1500UT,5,1,O2_surto_06-08mai
-65.0,0.020939212641496875,10.239693450825245,C62,inteira,2024-05-08 1500UT,21,1,O2_surto_06-08mai
-60.0,0.025696774203625462,8.524726862507938,C62,inteira,2024-05-08 1500UT,218,1,O2_surto_06-08mai
-55.0,0.024247493664295672,8.977238811492882,C62,inteira,2024-05-08 1500UT,200,1,O2_surto_06-08mai
-50.0,0.024673638640335907,8.838650533274368,C62,inteira,2024-05-08 1500UT,114,1,O2_surto_06-08mai
-45.0,0.028671002348082876,7.750956377445159,C62,inteira,2024-05-08 1500UT,84,1,O2_surto_06-08mai
-40.0,0.0350791313277264,6.614005826969487,C62,inteira,2024-05-08 1500UT,64,1,O2_surto_06-08mai
-35.0,0.038549364394607176,6.208345550646441,C62,inteira,2024-05-08 1500UT,64,1,O2_surto_06-08mai
-30.0,0.054263107530905366,5.326577050721247,C62,inteira,2024-05-08 1500UT,48,1,O2_surto_06-08mai
-25.0,0.06764644157828768,5.1068845409999994,C62,inteira,2024-05-08 1500UT,61,1,O2_surto_06-08mai
-20.0,0.08564579488142883,5.0238504500503485,C62,inteira,2024-05-08 1500UT,69,1,O2_surto_06-08mai
-15.0,0.0959608406103361,5.010107913385093,C62,inteira,2024-05-08 1500UT,36,1,O2_surto_06-08mai
-70.0,0.019767762364638248,10.776996155272055,C41,frente,2024-05-08 1600UT,267,1,O2_surto_06-08mai
-65.0,0.023820112642667778,9.121379736393017,C41,frente,2024-05-08 1600UT,2543,1,O2_surto_06-08mai
-60.0,0.02371732287154611,9.156834398047426,C41,frente,2024-05-08 1600UT,4472,1,O2_surto_06-08mai
-55.0,0.022814201534750486,9.481751460830354,C41,frente,2024-05-08 1600UT,2042,1,O2_surto_06-08mai
-50.0,0.021705945517996258,9.915377658025609,C41,frente,2024-05-08 1600UT,1051,1,O2_surto_06-08mai
-45.0,0.02399034819822433,9.06332538404595,C41,frente,2024-05-08 1600UT,715,1,O2_surto_06-08mai
-40.0,0.03251770887337291,6.996539323114955,C41,frente,2024-05-08 1600UT,442,1,O2_surto_06-08mai
-35.0,0.048403308024807884,5.531308939261496,C41,frente,2024-05-08 1600UT,311,1,O2_surto_06-08mai
-30.0,0.06350590538780068,5.151072915046319,C41,frente,2024-05-08 1600UT,252,1,O2_surto_06-08mai
-25.0,0.07250227099260347,5.071381935081375,C41,frente,2024-05-08 1600UT,296,1,O2_surto_06-08mai
-20.0,0.09498614452978316,5.010951147017359,C41,frente,2024-05-08 1600UT,260,1,O2_surto_06-08mai
-15.0,0.10668102876596988,5.004132503828607,C41,frente,2024-05-08 1600UT,186,1,O2_surto_06-08mai
-70.0,0.015613905109013115,13.16648533021747,C41,traseira,2024-05-08 1600UT,620,1,O2_surto_06-08mai
-65.0,0.019211380255324397,11.051154177883792,C41,traseira,2024-05-08 1600UT,3051,1,O2_surto_06-08mai
-60.0,0.020502210529222943,10.434023580209342,C41,traseira,2024-05-08 1600UT,2980,1,O2_surto_06-08mai
-55.0,0.020454771223882152,10.455548220790014,C41,traseira,2024-05-08 1600UT,4253,1,O2_surto_06-08mai
-50.0,0.022481045425944424,9.607921692804265,C41,traseira,2024-05-08 1600UT,1289,1,O2_surto_06-08mai
-45.0,0.021956982636560603,9.813638308073607,C41,traseira,2024-05-08 1600UT,618,1,O2_surto_06-08mai
-40.0,0.022370321362780426,9.650635768973665,C41,traseira,2024-05-08 1600UT,315,1,O2_surto_06-08mai
-35.0,0.024316213885038337,8.954471804545857,C41,traseira,2024-05-08 1600UT,212,1,O2_surto_06-08mai
-30.0,0.04953168752700916,5.483626073829012,C41,traseira,2024-05-08 1600UT,93,1,O2_surto_06-08mai
-25.0,0.06122458087070108,5.182706010149569,C41,traseira,2024-05-08 1600UT,76,1,O2_surto_06-08mai
-20.0,0.06537056991801854,5.1292087028101125,C41,traseira,2024-05-08 1600UT,94,1,O2_surto_06-08mai
-15.0,0.08339331847139927,5.028921015050198,C41,traseira,2024-05-08 1600UT,72,1,O2_surto_06-08mai
-60.0,0.020195343258474913,10.574775849234683,C63,inteira,2024-05-08 1600UT,2367,1,O2_surto_06-08mai
-55.0,0.022397214207703648,9.640225036712128,C63,inteira,2024-05-08 1600UT,2803,1,O2_surto_06-08mai
-50.0,0.024298999087879386,8.960145605258028,C63,inteira,2024-05-08 1600UT,1316,1,O2_surto_06-08mai
-45.0,0.03045414042045078,7.371096121200816,C63,inteira,2024-05-08 1600UT,547,1,O2_surto_06-08mai
-40.0,0.038925468958101624,6.170473422778354,C63,inteira,2024-05-08 1600UT,281,1,O2_surto_06-08mai
-35.0,0.04948446831233076,5.48553297922292,C63,inteira,2024-05-08 1600UT,126,1,O2_surto_06-08mai
-30.0,0.06082519521373596,5.188712208227815,C63,inteira,2024-05-08 1600UT,70,1,O2_surto_06-08mai
-25.0,0.06777606666006382,5.105736178078973,C63,inteira,2024-05-08 1600UT,45,1,O2_surto_06-08mai
-20.0,0.07697000345478533,5.049170596993726,C63,inteira,2024-05-08 1600UT,14,1,O2_surto_06-08mai
-15.0,0.08373191073203849,5.027974501455713,C63,inteira,2024-05-08 1600UT,13,1,O2_surto_06-08mai
-65.0,0.024545535125228873,8.87961577327975,C61,frente,2024-05-08 1600UT,29,1,O2_surto_06-08mai
-60.0,0.025114812224248932,8.699865112930482,C61,frente,2024-05-08 1600UT,758,1,O2_surto_06-08mai
-55.0,0.022146596756400055,9.738154206526097,C61,frente,2024-05-08 1600UT,995,1,O2_surto_06-08mai
-50.0,0.02134780763342089,10.064287275542402,C61,frente,2024-05-08 1600UT,543,1,O2_surto_06-08mai
-45.0,0.020538170211161156,10.417764071477626,C61,frente,2024-05-08 1600UT,201,1,O2_surto_06-08mai
-40.0,0.02033752355602481,10.509113671139868,C61,frente,2024-05-08 1600UT,29,1,O2_surto_06-08mai
-35.0,0.02051453989060064,10.4305273715137,C61,frente,2024-05-08 1600UT,6,1,O2_surto_06-08mai
-30.0,0.018301459180181102,11.5278378833888,C61,frente,2024-05-08 1600UT,7,1,O2_surto_06-08mai
-65.0,0.019463177571744587,10.92550501121963,C61,traseira,2024-05-08 1600UT,51,1,O2_surto_06-08mai
-60.0,0.01997806279855052,10.676636064462404,C61,traseira,2024-05-08 1600UT,483,1,O2_surto_06-08mai
-55.0,0.020228167415744337,10.559549022506003,C61,traseira,2024-05-08 1600UT,670,1,O2_surto_06-08mai
-50.0,0.02007444288096254,10.631225781213935,C61,traseira,2024-05-08 1600UT,593,1,O2_surto_06-08mai
-45.0,0.019955994891051362,10.68708818968432,C61,traseira,2024-05-08 1600UT,140,1,O2_surto_06-08mai
-40.0,0.019238489425170403,11.03749946016258,C61,traseira,2024-05-08 1600UT,45,1,O2_surto_06-08mai
-35.0,0.016232823129878417,12.755964194187152,C61,traseira,2024-05-08 1600UT,21,1,O2_surto_06-08mai
-30.0,0.014227420160749578,14.168003521643294,C61,traseira,2024-05-08 1600UT,14,1,O2_surto_06-08mai
-65.0,0.02288031922844516,9.457125772345027,C62,frente,2024-05-08 1600UT,119,1,O2_surto_06-08mai
-60.0,0.024773062380585367,8.80674889556556,C62,frente,2024-05-08 1600UT,363,1,O2_surto_06-08mai
-55.0,0.02990393902059918,7.482975184202187,C62,frente,2024-05-08 1600UT,124,1,O2_surto_06-08mai
-50.0,0.022101055524111065,9.756170482199327,C62,frente,2024-05-08 1600UT,308,1,O2_surto_06-08mai
-45.0,0.0217133290595736,9.912371114572606,C62,frente,2024-05-08 1600UT,318,1,O2_surto_06-08mai
-40.0,0.030242241724062292,7.413337324010433,C62,frente,2024-05-08 1600UT,223,1,O2_surto_06-08mai
-35.0,0.04229501373255211,5.884185673133648,C62,frente,2024-05-08 1600UT,146,1,O2_surto_06-08mai
-30.0,0.052820168396608816,5.3677360861178975,C62,frente,2024-05-08 1600UT,96,1,O2_surto_06-08mai
-25.0,0.06880226273703532,5.097070449814967,C62,frente,2024-05-08 1600UT,78,1,O2_surto_06-08mai
-20.0,0.0723274945032508,5.072387774475255,C62,frente,2024-05-08 1600UT,54,1,O2_surto_06-08mai
-15.0,0.08529953446928587,5.024552563626709,C62,frente,2024-05-08 1600UT,36,1,O2_surto_06-08mai
-65.0,0.025817292912307218,8.489494308754162,C62,traseira,2024-05-08 1600UT,40,1,O2_surto_06-08mai
-60.0,0.02865997391481124,7.75348180596234,C62,traseira,2024-05-08 1600UT,491,1,O2_surto_06-08mai
-55.0,0.03093566957162744,7.277833831279738,C62,traseira,2024-05-08 1600UT,309,1,O2_surto_06-08mai
-50.0,0.030126036898125506,7.436825007990002,C62,traseira,2024-05-08 1600UT,282,1,O2_surto_06-08mai
-45.0,0.030603851026118463,7.341698364307011,C62,traseira,2024-05-08 1600UT,111,1,O2_surto_06-08mai
-40.0,0.03744316427718422,6.324423359959523,C62,traseira,2024-05-08 1600UT,126,1,O2_surto_06-08mai
-35.0,0.0451590821204206,5.6962409669350595,C62,traseira,2024-05-08 1600UT,65,1,O2_surto_06-08mai
-30.0,0.04858705240794441,5.5232658397140675,C62,traseira,2024-05-08 1600UT,30,1,O2_surto_06-08mai
-25.0,0.05301262804695764,5.362698805037298,C62,traseira,2024-05-08 1600UT,10,1,O2_surto_06-08mai
-60.0,0.01583720438597289,13.01592629446325,C60,frente,2024-05-08 1600UT,309,1,O2_surto_06-08mai
-55.0,0.016951806820962652,12.304910646122067,C60,frente,2024-05-08 1600UT,907,1,O2_surto_06-08mai
-50.0,0.0199796620634913,10.675879577786176,C60,frente,2024-05-08 1600UT,151,1,O2_surto_06-08mai
-45.0,0.018406489909458815,11.470951897776768,C60,frente,2024-05-08 1600UT,5,1,O2_surto_06-08mai
-60.0,0.01538425576863199,13.324276020742388,C60,traseira,2024-05-08 1600UT,263,1,O2_surto_06-08mai
-55.0,0.017660333562203617,11.886086854740308,C60,traseira,2024-05-08 1600UT,1046,1,O2_surto_06-08mai
-50.0,0.019587600031062424,10.864407964254955,C60,traseira,2024-05-08 1600UT,210,1,O2_surto_06-08mai
-45.0,0.02048453783388995,10.442032226586917,C60,traseira,2024-05-08 1600UT,105,1,O2_surto_06-08mai
-40.0,0.024367569290182037,8.939434939131427,C60,traseira,2024-05-08 1600UT,42,1,O2_surto_06-08mai
-35.0,0.032417196280869795,7.0133051420802035,C60,traseira,2024-05-08 1600UT,32,1,O2_surto_06-08mai
-30.0,0.07164549017302436,5.076592192520012,C60,traseira,2024-05-08 1600UT,13,1,O2_surto_06-08mai
-25.0,0.11042904028453322,5.003023855391592,C60,traseira,2024-05-08 1600UT,11,1,O2_surto_06-08mai
-20.0,0.1261712062475803,5.000814391128408,C60,traseira,2024-05-08 1600UT,11,1,O2_surto_06-08mai
-15.0,0.17247024682814144,5.000021904581413,C60,traseira,2024-05-08 1600UT,6,1,O2_surto_06-08mai
-65.0,0.03700826400271722,6.3732433922048575,C42,frente,2024-05-08 1600UT,95,1,O2_surto_06-08mai
-60.0,0.02075961260418199,10.31870399996538,C42,frente,2024-05-08 1600UT,153,1,O2_surto_06-08mai
-55.0,0.018190745992383798,11.58834304596888,C42,frente,2024-05-08 1600UT,41,1,O2_surto_06-08mai
-50.0,0.01830924767307985,11.523602423114749,C42,frente,2024-05-08 1600UT,29,1,O2_surto_06-08mai
-45.0,0.02115009139109576,10.14841945555423,C42,frente,2024-05-08 1600UT,51,1,O2_surto_06-08mai
-40.0,0.018784824485325452,11.270123530829448,C42,frente,2024-05-08 1600UT,56,1,O2_surto_06-08mai
-35.0,0.01843570666611533,11.455216042915806,C42,frente,2024-05-08 1600UT,39,1,O2_surto_06-08mai
-30.0,0.06333183339391257,5.153132556511188,C42,frente,2024-05-08 1600UT,64,1,O2_surto_06-08mai
-25.0,0.0929308058679823,5.012997003596439,C42,frente,2024-05-08 1600UT,69,1,O2_surto_06-08mai
-20.0,0.12719326487472069,5.000748299955945,C42,frente,2024-05-08 1600UT,56,1,O2_surto_06-08mai
-15.0,0.13995187730873823,5.000258281867235,C42,frente,2024-05-08 1600UT,99,1,O2_surto_06-08mai
-65.0,0.020775717886096275,10.311570519038028,C42,traseira,2024-05-08 1600UT,39,1,O2_surto_06-08mai
-60.0,0.020851100392252547,10.278308477642508,C42,traseira,2024-05-08 1600UT,221,1,O2_surto_06-08mai
-55.0,0.020664045430413617,10.361230908330024,C42,traseira,2024-05-08 1600UT,129,1,O2_surto_06-08mai
-50.0,0.02472974685287263,8.820514670050104,C42,traseira,2024-05-08 1600UT,129,1,O2_surto_06-08mai
-45.0,0.02898892263955082,7.679027427216729,C42,traseira,2024-05-08 1600UT,133,1,O2_surto_06-08mai
-40.0,0.0330450542310929,6.910648827238005,C42,traseira,2024-05-08 1600UT,212,1,O2_surto_06-08mai
-35.0,0.04350832375211685,5.798918761832073,C42,traseira,2024-05-08 1600UT,246,1,O2_surto_06-08mai
-30.0,0.06699274500159275,5.112868569308882,C42,traseira,2024-05-08 1600UT,170,1,O2_surto_06-08mai
-25.0,0.07393696417647783,5.063278079848899,C42,traseira,2024-05-08 1600UT,243,1,O2_surto_06-08mai
-20.0,0.09021693628518795,5.016295266011351,C42,traseira,2024-05-08 1600UT,181,1,O2_surto_06-08mai
-15.0,0.1259659604203718,5.0008284401301095,C42,traseira,2024-05-08 1600UT,107,1,O2_surto_06-08mai
-65.0,0.0409657030329049,5.987467983590212,C58,frente,2024-05-08 1600UT,11,1,O2_surto_06-08mai
-60.0,0.03436499477035247,6.711632883413486,C58,frente,2024-05-08 1600UT,167,1,O2_surto_06-08mai
-55.0,0.025871641909737647,8.473724017985257,C58,frente,2024-05-08 1600UT,277,1,O2_surto_06-08mai
-50.0,0.022179545853924253,9.72516222568737,C58,frente,2024-05-08 1600UT,255,1,O2_surto_06-08mai
-45.0,0.02036840053365408,10.495020884763502,C58,frente,2024-05-08 1600UT,100,1,O2_surto_06-08mai
-40.0,0.017231252389568127,12.136765642914032,C58,frente,2024-05-08 1600UT,7,1,O2_surto_06-08mai
-60.0,0.03545877250500416,6.562519641191242,C58,traseira,2024-05-08 1600UT,179,1,O2_surto_06-08mai
-55.0,0.0230541335858473,9.393037810349528,C58,traseira,2024-05-08 1600UT,454,1,O2_surto_06-08mai
-50.0,0.01684529859949857,12.370035318372828,C58,traseira,2024-05-08 1600UT,405,1,O2_surto_06-08mai
-45.0,0.014563252084652615,13.91373228763031,C58,traseira,2024-05-08 1600UT,281,1,O2_surto_06-08mai
-60.0,0.010888122314442155,17.107852492541355,C64,inteira,2024-05-08 1600UT,256,1,O2_surto_06-08mai
-55.0,0.013048008353035191,15.113422428683128,C64,inteira,2024-05-08 1600UT,1454,1,O2_surto_06-08mai
-50.0,0.014733865337634173,13.78789556113099,C64,inteira,2024-05-08 1600UT,437,1,O2_surto_06-08mai
-45.0,0.018731475678476148,11.298088873851539,C64,inteira,2024-05-08 1600UT,118,1,O2_surto_06-08mai
-40.0,0.01877545365066729,11.275017908314165,C64,inteira,2024-05-08 1600UT,22,1,O2_surto_06-08mai
-70.0,0.01695605002448885,12.302328513387902,C41,frente,2024-05-08 1700UT,726,1,O2_surto_06-08mai
-65.0,0.02026556613206694,10.542248058406091,C41,frente,2024-05-08 1700UT,2170,1,O2_surto_06-08mai
-60.0,0.02118147166782945,10.13497380795097,C41,frente,2024-05-08 1700UT,5651,1,O2_surto_06-08mai
-55.0,0.024759134474112432,8.811169800027695,C41,frente,2024-05-08 1700UT,4200,1,O2_surto_06-08mai
-50.0,0.02660812337410568,8.26694000936568,C41,frente,2024-05-08 1700UT,1676,1,O2_surto_06-08mai
-45.0,0.027244979715569308,8.098079506140566,C41,frente,2024-05-08 1700UT,791,1,O2_surto_06-08mai
-40.0,0.03422362210086289,6.731917230833311,C41,frente,2024-05-08 1700UT,430,1,O2_surto_06-08mai
-35.0,0.05033053926566017,5.452500543632015,C41,frente,2024-05-08 1700UT,198,1,O2_surto_06-08mai
-30.0,0.06919441747574083,5.0940168850388705,C41,frente,2024-05-08 1700UT,98,1,O2_surto_06-08mai
-25.0,0.08559655042517911,5.023948707462845,C41,frente,2024-05-08 1700UT,78,1,O2_surto_06-08mai
-20.0,0.09895605508188543,5.007874358867518,C41,frente,2024-05-08 1700UT,70,1,O2_surto_06-08mai
-15.0,0.11425411112671484,5.002198518272573,C41,frente,2024-05-08 1700UT,82,1,O2_surto_06-08mai
-70.0,0.020165340292637106,10.588731605831475,C41,traseira,2024-05-08 1700UT,265,1,O2_surto_06-08mai
-65.0,0.025114745954061622,8.6998855588209,C41,traseira,2024-05-08 1700UT,3862,1,O2_surto_06-08mai
-60.0,0.0280224187033183,7.90372928414282,C41,traseira,2024-05-08 1700UT,3858,1,O2_surto_06-08mai
-55.0,0.027156413938593103,8.121029410887381,C41,traseira,2024-05-08 1700UT,2046,1,O2_surto_06-08mai
-50.0,0.03223950999200861,7.043311036018819,C41,traseira,2024-05-08 1700UT,1121,1,O2_surto_06-08mai
-45.0,0.03643961182514943,6.4398847316227,C41,traseira,2024-05-08 1700UT,755,1,O2_surto_06-08mai
-40.0,0.04390486059522612,5.773058023472888,C41,traseira,2024-05-08 1700UT,598,1,O2_surto_06-08mai
-35.0,0.05026910532048953,5.454813976529923,C41,traseira,2024-05-08 1700UT,458,1,O2_surto_06-08mai
-30.0,0.06349127629805287,5.1511404167578805,C41,traseira,2024-05-08 1700UT,360,1,O2_surto_06-08mai
-25.0,0.06871472080235694,5.097780573966769,C41,traseira,2024-05-08 1700UT,303,1,O2_surto_06-08mai
-20.0,0.07318924947647536,5.067351456800369,C41,traseira,2024-05-08 1700UT,290,1,O2_surto_06-08mai
-15.0,0.10159591293979235,5.006315229110502,C41,traseira,2024-05-08 1700UT,218,1,O2_surto_06-08mai
-65.0,0.023008604499719646,9.409743530983516,C62,frente,2024-05-08 1700UT,60,1,O2_surto_06-08mai
-60.0,0.025433571015027613,8.60287857716123,C62,frente,2024-05-08 1700UT,526,1,O2_surto_06-08mai
-55.0,0.028651231223101266,7.755488607121946,C62,frente,2024-05-08 1700UT,463,1,O2_surto_06-08mai
-50.0,0.02916515096401408,7.639971534360745,C62,frente,2024-05-08 1700UT,249,1,O2_surto_06-08mai
-45.0,0.025565327969075652,8.56354043165511,C62,frente,2024-05-08 1700UT,240,1,O2_surto_06-08mai
-40.0,0.028837613912534206,7.71378586992901,C62,frente,2024-05-08 1700UT,120,1,O2_surto_06-08mai
-35.0,0.044955552247475106,5.70815049879339,C62,frente,2024-05-08 1700UT,87,1,O2_surto_06-08mai
-30.0,0.05259501810178689,5.3768765530853875,C62,frente,2024-05-08 1700UT,72,1,O2_surto_06-08mai
-25.0,0.06831918419134464,5.1011819750595695,C62,frente,2024-05-08 1700UT,66,1,O2_surto_06-08mai
-20.0,0.09349946815874335,5.01239546046539,C62,frente,2024-05-08 1700UT,43,1,O2_surto_06-08mai
-15.0,0.09938019753978618,5.0075943372913745,C62,frente,2024-05-08 1700UT,56,1,O2_surto_06-08mai
-65.0,0.021412461998852092,10.037074959484052,C62,traseira,2024-05-08 1700UT,23,1,O2_surto_06-08mai
-60.0,0.02164723208304514,9.939486828352493,C62,traseira,2024-05-08 1700UT,600,1,O2_surto_06-08mai
-55.0,0.025452403115129592,8.597228924713473,C62,traseira,2024-05-08 1700UT,282,1,O2_surto_06-08mai
-50.0,0.025354794666109463,8.626608181311457,C62,traseira,2024-05-08 1700UT,257,1,O2_surto_06-08mai
-45.0,0.022078715390711278,9.765032856360968,C62,traseira,2024-05-08 1700UT,179,1,O2_surto_06-08mai
-40.0,0.02156972094865047,9.971501459193398,C62,traseira,2024-05-08 1700UT,110,1,O2_surto_06-08mai
-35.0,0.029025506791489818,7.6710280850959585,C62,traseira,2024-05-08 1700UT,54,1,O2_surto_06-08mai
-30.0,0.039619322092498854,6.105182161683049,C62,traseira,2024-05-08 1700UT,42,1,O2_surto_06-08mai
-25.0,0.04509842237405559,5.70007149785839,C62,traseira,2024-05-08 1700UT,54,1,O2_surto_06-08mai
-20.0,0.05550760672572048,5.293923275864652,C62,traseira,2024-05-08 1700UT,63,1,O2_surto_06-08mai
-15.0,0.07531436292952538,5.056419529311617,C62,traseira,2024-05-08 1700UT,44,1,O2_surto_06-08mai
-65.0,0.019264231120072493,11.024562052317657,C58,frente,2024-05-08 1700UT,5,1,O2_surto_06-08mai
-60.0,0.023755390995542584,9.143668329211613,C58,frente,2024-05-08 1700UT,323,1,O2_surto_06-08mai
-55.0,0.024595198160133887,8.863592827856563,C58,frente,2024-05-08 1700UT,823,1,O2_surto_06-08mai
-50.0,0.021890187618036017,9.840488007977783,C58,frente,2024-05-08 1700UT,234,1,O2_surto_06-08mai
-45.0,0.02541015952225943,8.60991820988111,C58,frente,2024-05-08 1700UT,136,1,O2_surto_06-08mai
-40.0,0.022516852041258285,9.594470271100553,C58,frente,2024-05-08 1700UT,88,1,O2_surto_06-08mai
-35.0,0.019889797890288993,10.718543980574704,C58,frente,2024-05-08 1700UT,5,1,O2_surto_06-08mai
-65.0,0.02103579695409432,10.197690031372549,C58,traseira,2024-05-08 1700UT,5,1,O2_surto_06-08mai
-60.0,0.022505780134222837,9.59843350823838,C58,traseira,2024-05-08 1700UT,297,1,O2_surto_06-08mai
-55.0,0.023099021101424005,9.376629796603279,C58,traseira,2024-05-08 1700UT,834,1,O2_surto_06-08mai
-50.0,0.02297273440414669,9.4229321034775,C58,traseira,2024-05-08 1700UT,313,1,O2_surto_06-08mai
-45.0,0.024897693546112806,8.767416869651658,C58,traseira,2024-05-08 1700UT,121,1,O2_surto_06-08mai
-40.0,0.027612949651341083,8.004521810436845,C58,traseira,2024-05-08 1700UT,56,1,O2_surto_06-08mai
-35.0,0.04452674923978235,5.733912802589666,C58,traseira,2024-05-08 1700UT,31,1,O2_surto_06-08mai
-30.0,0.0356733533702224,6.5367786045467575,C58,traseira,2024-05-08 1700UT,20,1,O2_surto_06-08mai
-60.0,0.02106835145958793,10.183608455066906,C60,frente,2024-05-08 1700UT,93,1,O2_surto_06-08mai
-55.0,0.021122599954410463,10.160250753636015,C60,frente,2024-05-08 1700UT,310,1,O2_surto_06-08mai
-50.0,0.01652231875656449,12.571093321937141,C60,frente,2024-05-08 1700UT,287,1,O2_surto_06-08mai
-45.0,0.012397941545745646,15.67639880559668,C60,frente,2024-05-08 1700UT,31,1,O2_surto_06-08mai
-60.0,0.022400781128737137,9.638880347937908,C60,traseira,2024-05-08 1700UT,90,1,O2_surto_06-08mai
-55.0,0.026272526468613694,8.359594143130478,C60,traseira,2024-05-08 1700UT,167,1,O2_surto_06-08mai
-50.0,0.02026838585648951,10.541325000647388,C60,traseira,2024-05-08 1700UT,94,1,O2_surto_06-08mai
-45.0,0.013778587863273996,14.516067886897135,C60,traseira,2024-05-08 1700UT,169,1,O2_surto_06-08mai
-40.0,0.014316712430966723,14.098758834568423,C60,traseira,2024-05-08 1700UT,45,1,O2_surto_06-08mai
-35.0,0.01463021898789623,13.864127994832359,C60,traseira,2024-05-08 1700UT,14,1,O2_surto_06-08mai
-60.0,0.015466629852719922,13.267329647671726,C63,frente,2024-05-08 1700UT,77,1,O2_surto_06-08mai
-55.0,0.01638664209186439,12.657180798267508,C63,frente,2024-05-08 1700UT,749,1,O2_surto_06-08mai
-50.0,0.017940489885769052,11.727198441245694,C63,frente,2024-05-08 1700UT,268,1,O2_surto_06-08mai
-60.0,0.01567751815003338,13.123308612906262,C63,traseira,2024-05-08 1700UT,177,1,O2_surto_06-08mai
-55.0,0.016908008895955198,12.331621243945746,C63,traseira,2024-05-08 1700UT,584,1,O2_surto_06-08mai
-50.0,0.022827198377078178,9.476900034094186,C63,traseira,2024-05-08 1700UT,201,1,O2_surto_06-08mai
-45.0,0.03401357895317955,6.762649647591482,C63,traseira,2024-05-08 1700UT,56,1,O2_surto_06-08mai
-40.0,0.052745382778010094,5.3701196339198685,C63,traseira,2024-05-08 1700UT,24,1,O2_surto_06-08mai
-35.0,0.06481946537422013,5.135306612087508,C63,traseira,2024-05-08 1700UT,10,1,O2_surto_06-08mai
-70.0,0.01859044381566881,11.372512038345356,C41,frente,2024-05-08 1800UT,378,1,O2_surto_06-08mai
-65.0,0.023038438009064133,9.398782908040436,C41,frente,2024-05-08 1800UT,2306,1,O2_surto_06-08mai
-60.0,0.026201856973631213,8.379437584482563,C41,frente,2024-05-08 1800UT,4679,1,O2_surto_06-08mai
-55.0,0.02973236356102145,7.518090047149114,C41,frente,2024-05-08 1800UT,2332,1,O2_surto_06-08mai
-50.0,0.034699674862550864,6.664554982255907,C41,frente,2024-05-08 1800UT,1013,1,O2_surto_06-08mai
-45.0,0.040538974822493294,6.02321484521023,C41,frente,2024-05-08 1800UT,615,1,O2_surto_06-08mai
-40.0,0.053623836753356885,5.343882469349378,C41,frente,2024-05-08 1800UT,454,1,O2_surto_06-08mai
-35.0,0.06341075727040028,5.152212053743902,C41,frente,2024-05-08 1800UT,330,1,O2_surto_06-08mai
-30.0,0.07463688131711023,5.059692868096078,C41,frente,2024-05-08 1800UT,299,1,O2_surto_06-08mai
-25.0,0.09159440101446233,5.01452811749684,C41,frente,2024-05-08 1800UT,259,1,O2_surto_06-08mai
-20.0,0.10160667210002525,5.006307649870141,C41,frente,2024-05-08 1800UT,248,1,O2_surto_06-08mai
-15.0,0.12230809028615623,5.001123683135112,C41,frente,2024-05-08 1800UT,279,1,O2_surto_06-08mai
-70.0,0.018905739511218655,11.207257148645658,C41,traseira,2024-05-08 1800UT,294,1,O2_surto_06-08mai
-65.0,0.021527147756344133,9.989164224376049,C41,traseira,2024-05-08 1800UT,3514,1,O2_surto_06-08mai
-60.0,0.023047923832914576,9.395305794836396,C41,traseira,2024-05-08 1800UT,3968,1,O2_surto_06-08mai
-55.0,0.024297518951231473,8.96063408818157,C41,traseira,2024-05-08 1800UT,3627,1,O2_surto_06-08mai
-50.0,0.02453190148192942,8.884026052945494,C41,traseira,2024-05-08 1800UT,2003,1,O2_surto_06-08mai
-45.0,0.027774139512566402,7.964432918421528,C41,traseira,2024-05-08 1800UT,973,1,O2_surto_06-08mai
-40.0,0.03545800927840295,6.562634613437657,C41,traseira,2024-05-08 1800UT,400,1,O2_surto_06-08mai
-35.0,0.052803601563092,5.368653926787173,C41,traseira,2024-05-08 1800UT,206,1,O2_surto_06-08mai
-30.0,0.06026672415827869,5.197743986533036,C41,traseira,2024-05-08 1800UT,164,1,O2_surto_06-08mai
-25.0,0.07260114400796873,5.070729116983829,C41,traseira,2024-05-08 1800UT,103,1,O2_surto_06-08mai
-20.0,0.08936760342938316,5.017529026250306,C41,traseira,2024-05-08 1800UT,66,1,O2_surto_06-08mai
-15.0,0.10139453693562711,5.006419934505464,C41,traseira,2024-05-08 1800UT,29,1,O2_surto_06-08mai
-65.0,0.017949757292842743,11.721990216958531,C62,frente,2024-05-08 1800UT,37,1,O2_surto_06-08mai
-60.0,0.020217312031043353,10.564606630457792,C62,frente,2024-05-08 1800UT,252,1,O2_surto_06-08mai
-55.0,0.02333789563978805,9.29037613875789,C62,frente,2024-05-08 1800UT,338,1,O2_surto_06-08mai
-50.0,0.021684573781506233,9.924163568501573,C62,frente,2024-05-08 1800UT,124,1,O2_surto_06-08mai
-45.0,0.017848269547402637,11.77935495031718,C62,frente,2024-05-08 1800UT,62,1,O2_surto_06-08mai
-40.0,0.021066515968151938,10.184401388118504,C62,frente,2024-05-08 1800UT,93,1,O2_surto_06-08mai
-35.0,0.026498461373260607,8.297014140583686,C62,frente,2024-05-08 1800UT,64,1,O2_surto_06-08mai
-30.0,0.031088476591895682,7.249011978266629,C62,frente,2024-05-08 1800UT,57,1,O2_surto_06-08mai
-25.0,0.04298381646033226,5.834612842472215,C62,frente,2024-05-08 1800UT,55,1,O2_surto_06-08mai
-20.0,0.04747437242310321,5.574072077342296,C62,frente,2024-05-08 1800UT,61,1,O2_surto_06-08mai
-15.0,0.06132396365547867,5.181022685202178,C62,frente,2024-05-08 1800UT,87,1,O2_surto_06-08mai
-65.0,0.01916061459847784,11.076807637447597,C62,traseira,2024-05-08 1800UT,45,1,O2_surto_06-08mai
-60.0,0.022122842959386272,9.747542591638759,C62,traseira,2024-05-08 1800UT,295,1,O2_surto_06-08mai
-55.0,0.021342586889362407,10.066493948990576,C62,traseira,2024-05-08 1800UT,406,1,O2_surto_06-08mai
-50.0,0.01943310790935053,10.940372575153452,C62,traseira,2024-05-08 1800UT,156,1,O2_surto_06-08mai
-45.0,0.017436020090831506,12.016066240736617,C62,traseira,2024-05-08 1800UT,98,1,O2_surto_06-08mai
-40.0,0.01674110929147086,12.43430793939011,C62,traseira,2024-05-08 1800UT,180,1,O2_surto_06-08mai
-35.0,0.017232311110107923,12.136228985424351,C62,traseira,2024-05-08 1800UT,116,1,O2_surto_06-08mai
-30.0,0.028281329780487786,7.8502507758873215,C62,traseira,2024-05-08 1800UT,46,1,O2_surto_06-08mai
-25.0,0.03227459476886808,7.037663880919391,C62,traseira,2024-05-08 1800UT,20,1,O2_surto_06-08mai
-20.0,0.04535067177109671,5.6852635883481,C62,traseira,2024-05-08 1800UT,10,1,O2_surto_06-08mai
-15.0,0.04665364569396659,5.614708918686009,C62,traseira,2024-05-08 1800UT,7,1,O2_surto_06-08mai
-65.0,0.02155865945457191,9.976079973310478,C65,inteira,2024-05-08 1800UT,203,1,O2_surto_06-08mai
-60.0,0.026163349509372776,8.390308697303876,C65,inteira,2024-05-08 1800UT,290,1,O2_surto_06-08mai
-55.0,0.038886270316402925,6.174303088303084,C65,inteira,2024-05-08 1800UT,273,1,O2_surto_06-08mai
-50.0,0.031110026127183187,7.2449788762288465,C65,inteira,2024-05-08 1800UT,458,1,O2_surto_06-08mai
-45.0,0.028565599408643373,7.775230211925654,C65,inteira,2024-05-08 1800UT,478,1,O2_surto_06-08mai
-40.0,0.02744836163399071,8.046025236178728,C65,inteira,2024-05-08 1800UT,486,1,O2_surto_06-08mai
-35.0,0.028221448254734313,7.855965678579299,C65,inteira,2024-05-08 1800UT,479,1,O2_surto_06-08mai
-30.0,0.032867891362642856,6.939066040584689,C65,inteira,2024-05-08 1800UT,221,1,O2_surto_06-08mai
-25.0,0.04927913158699779,5.4939124929541086,C65,inteira,2024-05-08 1800UT,167,1,O2_surto_06-08mai
-20.0,0.07318220291200962,5.067387018882606,C65,inteira,2024-05-08 1800UT,150,1,O2_surto_06-08mai
-15.0,0.08640102319085353,5.02239566458329,C65,inteira,2024-05-08 1800UT,9,1,O2_surto_06-08mai
-65.0,0.018107081209666902,11.634437904879526,C66,inteira,2024-05-08 1800UT,119,1,O2_surto_06-08mai
-60.0,0.019964031024215727,10.683277719817465,C66,inteira,2024-05-08 1800UT,453,1,O2_surto_06-08mai
-55.0,0.02177252816348039,9.888180032600019,C66,inteira,2024-05-08 1800UT,1374,1,O2_surto_06-08mai
-50.0,0.018847043341904565,11.237693212210855,C66,inteira,2024-05-08 1800UT,379,1,O2_surto_06-08mai
-45.0,0.019548705925410154,10.883421936020612,C66,inteira,2024-05-08 1800UT,15,1,O2_surto_06-08mai
-65.0,0.02014886384889114,10.596410707276522,C67,inteira,2024-05-08 1800UT,114,1,O2_surto_06-08mai
-60.0,0.02320928267373121,9.33659939823857,C67,inteira,2024-05-08 1800UT,319,1,O2_surto_06-08mai
-55.0,0.024501499098718404,8.893885278663777,C67,inteira,2024-05-08 1800UT,346,1,O2_surto_06-08mai
-50.0,0.02140711927781294,10.039321716404896,C67,inteira,2024-05-08 1800UT,220,1,O2_surto_06-08mai
-45.0,0.020402395049648525,10.482129154619876,C67,inteira,2024-05-08 1800UT,114,1,O2_surto_06-08mai
-40.0,0.0194750085431263,10.921834936946968,C67,inteira,2024-05-08 1800UT,68,1,O2_surto_06-08mai
-35.0,0.01963715077476083,10.84116332771336,C67,inteira,2024-05-08 1800UT,52,1,O2_surto_06-08mai
-30.0,0.02633205365941523,8.342969810415704,C67,inteira,2024-05-08 1800UT,29,1,O2_surto_06-08mai
-25.0,0.03015034248115936,7.43214639172229,C67,inteira,2024-05-08 1800UT,24,1,O2_surto_06-08mai
-20.0,0.038375922059566824,6.225322257439679,C67,inteira,2024-05-08 1800UT,29,1,O2_surto_06-08mai
-15.0,0.07063468268475963,5.0833233734608125,C67,inteira,2024-05-08 1800UT,27,1,O2_surto_06-08mai
-70.0,0.02299990284737894,9.41736423340378,C41,frente,2024-05-08 1900UT,16,1,O2_surto_06-08mai
-65.0,0.02160237884084184,9.957983815255357,C41,frente,2024-05-08 1900UT,704,1,O2_surto_06-08mai
-60.0,0.02204915065161009,9.776787077824125,C41,frente,2024-05-08 1900UT,3272,1,O2_surto_06-08mai
-55.0,0.027296645917853996,8.08476938027537,C41,frente,2024-05-08 1900UT,3134,1,O2_surto_06-08mai
-50.0,0.029359828789131275,7.597488411478665,C41,frente,2024-05-08 1900UT,1663,1,O2_surto_06-08mai
-45.0,0.04144551852423134,5.9487696743448,C41,frente,2024-05-08 1900UT,512,1,O2_surto_06-08mai
-40.0,0.042555733004099955,5.864927191028965,C41,frente,2024-05-08 1900UT,470,1,O2_surto_06-08mai
-35.0,0.05890916954169205,5.221390641665302,C41,frente,2024-05-08 1900UT,184,1,O2_surto_06-08mai
-30.0,0.07589937042410283,5.053734093962032,C41,frente,2024-05-08 1900UT,116,1,O2_surto_06-08mai
-25.0,0.0807267241646833,5.035935499356239,C41,frente,2024-05-08 1900UT,77,1,O2_surto_06-08mai
-20.0,0.08836811075666759,5.019016783463622,C41,frente,2024-05-08 1900UT,28,1,O2_surto_06-08mai
-70.0,0.023031162292754974,9.401454296123497,C41,traseira,2024-05-08 1900UT,88,1,O2_surto_06-08mai
-65.0,0.02097390326854461,10.224567970097358,C41,traseira,2024-05-08 1900UT,2303,1,O2_surto_06-08mai
-60.0,0.025407797091114532,8.610625252199343,C41,traseira,2024-05-08 1900UT,2629,1,O2_surto_06-08mai
-55.0,0.03282366107940035,6.946226576129302,C41,traseira,2024-05-08 1900UT,1764,1,O2_surto_06-08mai
-50.0,0.03446948401614871,6.696795608645818,C41,traseira,2024-05-08 1900UT,922,1,O2_surto_06-08mai
-45.0,0.038533977618960644,6.209582152986679,C41,traseira,2024-05-08 1900UT,420,1,O2_surto_06-08mai
-40.0,0.044754275593329826,5.720128518885675,C41,traseira,2024-05-08 1900UT,223,1,O2_surto_06-08mai
-35.0,0.06307181573557016,5.156486229550069,C41,traseira,2024-05-08 1900UT,95,1,O2_surto_06-08mai
-30.0,0.08083400598984045,5.0358842796136685,C41,traseira,2024-05-08 1900UT,114,1,O2_surto_06-08mai
-25.0,0.14359914982261784,5.000190587636151,C41,traseira,2024-05-08 1900UT,141,1,O2_surto_06-08mai
-20.0,0.15297561949312027,5.000087248702696,C41,traseira,2024-05-08 1900UT,160,1,O2_surto_06-08mai
-15.0,0.15052868940054198,5.000106980918799,C41,traseira,2024-05-08 1900UT,117,1,O2_surto_06-08mai
-70.0,0.02099736487371053,10.21436321993409,C68,inteira,2024-05-08 1900UT,9,1,O2_surto_06-08mai
-65.0,0.021474382133191836,10.011150568948398,C68,inteira,2024-05-08 1900UT,1322,1,O2_surto_06-08mai
-60.0,0.023300029451794553,9.303928721654781,C68,inteira,2024-05-08 1900UT,2540,1,O2_surto_06-08mai
-55.0,0.026535744451187983,8.28670451884731,C68,inteira,2024-05-08 1900UT,1740,1,O2_surto_06-08mai
-50.0,0.030133338729176107,7.435344973916662,C68,inteira,2024-05-08 1900UT,942,1,O2_surto_06-08mai
-45.0,0.037946493237615946,6.2699653439385745,C68,inteira,2024-05-08 1900UT,429,1,O2_surto_06-08mai
-40.0,0.03897578707706522,6.165575696725468,C68,inteira,2024-05-08 1900UT,205,1,O2_surto_06-08mai
-35.0,0.04516441097757046,5.695931854852838,C68,inteira,2024-05-08 1900UT,143,1,O2_surto_06-08mai
-30.0,0.0486608460382429,5.520034324576391,C68,inteira,2024-05-08 1900UT,132,1,O2_surto_06-08mai
-25.0,0.044984501870385066,5.706444167031543,C68,inteira,2024-05-08 1900UT,265,1,O2_surto_06-08mai
-20.0,0.0763863092435357,5.051610376866202,C68,inteira,2024-05-08 1900UT,286,1,O2_surto_06-08mai
-15.0,0.13159736633407415,5.000518147911595,C68,inteira,2024-05-08 1900UT,363,1,O2_surto_06-08mai
-65.0,0.020714660618909468,10.338665223452942,C67,frente,2024-05-08 1900UT,264,1,O2_surto_06-08mai
-60.0,0.021107977732116565,10.16651942941841,C67,frente,2024-05-08 1900UT,589,1,O2_surto_06-08mai
-55.0,0.021112771256868897,10.164456021673328,C67,frente,2024-05-08 1900UT,711,1,O2_surto_06-08mai
-50.0,0.021257571364864735,10.102512682559627,C67,frente,2024-05-08 1900UT,359,1,O2_surto_06-08mai
-45.0,0.019443307701751955,10.935324723343971,C67,frente,2024-05-08 1900UT,219,1,O2_surto_06-08mai
-40.0,0.02054163446792738,10.416204658193221,C67,frente,2024-05-08 1900UT,110,1,O2_surto_06-08mai
-35.0,0.017941447306547495,11.72664679965985,C67,frente,2024-05-08 1900UT,65,1,O2_surto_06-08mai
-30.0,0.02065463087462251,10.365438692673004,C67,frente,2024-05-08 1900UT,27,1,O2_surto_06-08mai
-25.0,0.026817435220728568,8.256083825621701,C67,frente,2024-05-08 1900UT,18,1,O2_surto_06-08mai
-20.0,0.040580730119864676,6.019660645728949,C67,frente,2024-05-08 1900UT,21,1,O2_surto_06-08mai
-15.0,0.05505624979542545,5.305189179310118,C67,frente,2024-05-08 1900UT,17,1,O2_surto_06-08mai
-65.0,0.02044894992924592,10.458195392286267,C67,traseira,2024-05-08 1900UT,383,1,O2_surto_06-08mai
-60.0,0.019635062504915396,10.841234566776116,C67,traseira,2024-05-08 1900UT,401,1,O2_surto_06-08mai
-55.0,0.020206147106567963,10.569782604763777,C67,traseira,2024-05-08 1900UT,116,1,O2_surto_06-08mai
-50.0,0.027988278487681525,7.91356044314458,C67,traseira,2024-05-08 1900UT,44,1,O2_surto_06-08mai
-45.0,0.03147754704178718,7.17787007887188,C67,traseira,2024-05-08 1900UT,22,1,O2_surto_06-08mai
-40.0,0.04413617055129075,5.75857216011744,C67,traseira,2024-05-08 1900UT,28,1,O2_surto_06-08mai
-35.0,0.047235269858271575,5.588976103108621,C67,traseira,2024-05-08 1900UT,28,1,O2_surto_06-08mai
-30.0,0.05295774483758861,5.363510163797776,C67,traseira,2024-05-08 1900UT,23,1,O2_surto_06-08mai
-25.0,0.05984450341765983,5.204774773472076,C67,traseira,2024-05-08 1900UT,23,1,O2_surto_06-08mai
-20.0,0.06645921092751554,5.118000054148521,C67,traseira,2024-05-08 1900UT,41,1,O2_surto_06-08mai
-15.0,0.13300045314883144,5.000460971788075,C67,traseira,2024-05-08 1900UT,63,1,O2_surto_06-08mai
-60.0,0.035532237122743046,6.55298303708832,C69,inteira,2024-05-08 1900UT,9,1,O2_surto_06-08mai
-55.0,0.02950060077950907,7.567207196001737,C69,inteira,2024-05-08 1900UT,240,1,O2_surto_06-08mai
-50.0,0.030007223642623298,7.461068061803112,C69,inteira,2024-05-08 1900UT,284,1,O2_surto_06-08mai
-45.0,0.032903759426495614,6.9332792720997,C69,inteira,2024-05-08 1900UT,74,1,O2_surto_06-08mai
-40.0,0.0404557842916813,6.030493698779777,C69,inteira,2024-05-08 1900UT,62,1,O2_surto_06-08mai
-35.0,0.04188885573055458,5.914351145477766,C69,inteira,2024-05-08 1900UT,63,1,O2_surto_06-08mai
-30.0,0.045050268365552336,5.70258306076402,C69,inteira,2024-05-08 1900UT,45,1,O2_surto_06-08mai
-65.0,0.020619176754967133,10.381330725622819,C70,inteira,2024-05-08 1900UT,188,1,O2_surto_06-08mai
-60.0,0.024304924199397254,8.95819253522134,C70,inteira,2024-05-08 1900UT,416,1,O2_surto_06-08mai
-55.0,0.027292597323018992,8.085811644703941,C70,inteira,2024-05-08 1900UT,1094,1,O2_surto_06-08mai
-50.0,0.025199541703224027,8.673833175700008,C70,inteira,2024-05-08 1900UT,496,1,O2_surto_06-08mai
-45.0,0.026678059149611518,8.247955709150595,C70,inteira,2024-05-08 1900UT,235,1,O2_surto_06-08mai
-40.0,0.02920894499394907,7.630354511009811,C70,inteira,2024-05-08 1900UT,117,1,O2_surto_06-08mai
-35.0,0.03343927984362118,6.852260149832022,C70,inteira,2024-05-08 1900UT,10,1,O2_surto_06-08mai
-65.0,0.018301861202818646,11.527619192168494,C66,frente,2024-05-08 1900UT,27,1,O2_surto_06-08mai
-60.0,0.02057563667860146,10.400876952474473,C66,frente,2024-05-08 1900UT,240,1,O2_surto_06-08mai
-55.0,0.024919162139746223,8.760691209141337,C66,frente,2024-05-08 1900UT,120,1,O2_surto_06-08mai
-50.0,0.024185181806860995,8.99788589145253,C66,frente,2024-05-08 1900UT,214,1,O2_surto_06-08mai
-45.0,0.024227297095208038,8.983879551135459,C66,frente,2024-05-08 1900UT,512,1,O2_surto_06-08mai
-40.0,0.030439658467390395,7.378996994173406,C66,frente,2024-05-08 1900UT,90,1,O2_surto_06-08mai
-65.0,0.017471289053664782,11.995433699211592,C66,traseira,2024-05-08 1900UT,54,1,O2_surto_06-08mai
-60.0,0.02081079625430337,10.296067531629888,C66,traseira,2024-05-08 1900UT,228,1,O2_surto_06-08mai
-55.0,0.022874830585801424,9.459164869519515,C66,traseira,2024-05-08 1900UT,395,1,O2_surto_06-08mai
-50.0,0.026240467171207343,8.368593482974827,C66,traseira,2024-05-08 1900UT,398,1,O2_surto_06-08mai
-45.0,0.02587763513354904,8.472008533448045,C66,traseira,2024-05-08 1900UT,160,1,O2_surto_06-08mai
-40.0,0.02639587665267886,8.325237146894944,C66,traseira,2024-05-08 1900UT,71,1,O2_surto_06-08mai
-65.0,0.03872202293694237,6.190681762126369,C71,inteira,2024-05-08 1900UT,34,1,O2_surto_06-08mai
-60.0,0.0392471240333048,6.139519090354103,C71,inteira,2024-05-08 1900UT,410,1,O2_surto_06-08mai
-55.0,0.032394503474542376,7.01708923356081,C71,inteira,2024-05-08 1900UT,486,1,O2_surto_06-08mai
-50.0,0.025631334034102893,8.54398882251598,C71,inteira,2024-05-08 1900UT,697,1,O2_surto_06-08mai
-45.0,0.027107014990012897,8.133905882861669,C71,inteira,2024-05-08 1900UT,218,1,O2_surto_06-08mai
-40.0,0.03664964132931644,6.415232795727793,C71,inteira,2024-05-08 1900UT,26,1,O2_surto_06-08mai
-65.0,0.022807037994280438,9.484482669525361,C73,inteira,2024-05-08 2000UT,28,1,O2_surto_06-08mai
-60.0,0.022150202302916606,9.736730784096277,C73,inteira,2024-05-08 2000UT,493,1,O2_surto_06-08mai
-55.0,0.022338451667977523,9.663003505695556,C73,inteira,2024-05-08 2000UT,804,1,O2_surto_06-08mai
-50.0,0.020787497369486176,10.306359114216912,C73,inteira,2024-05-08 2000UT,401,1,O2_surto_06-08mai
-45.0,0.016887432878086094,12.344203102377799,C73,inteira,2024-05-08 2000UT,223,1,O2_surto_06-08mai
-40.0,0.020363287001067286,10.497299821998014,C73,inteira,2024-05-08 2000UT,388,1,O2_surto_06-08mai
-35.0,0.02507830942459588,8.711136867422695,C73,inteira,2024-05-08 2000UT,219,1,O2_surto_06-08mai
-30.0,0.030977067200878027,7.270185558648837,C73,inteira,2024-05-08 2000UT,144,1,O2_surto_06-08mai
-25.0,0.034526274751022296,6.688827207810188,C73,inteira,2024-05-08 2000UT,134,1,O2_surto_06-08mai
-20.0,0.03908509597584264,6.155014199316927,C73,inteira,2024-05-08 2000UT,140,1,O2_surto_06-08mai
-15.0,0.04019210674975164,6.053246584951351,C73,inteira,2024-05-08 2000UT,130,1,O2_surto_06-08mai
-65.0,0.025607670779223254,8.550984243416789,C67,frente,2024-05-08 2000UT,7,1,O2_surto_06-08mai
-60.0,0.025103587636993066,8.703327520077197,C67,frente,2024-05-08 2000UT,67,1,O2_surto_06-08mai
-55.0,0.021429315266781185,10.030341014336397,C67,frente,2024-05-08 2000UT,110,1,O2_surto_06-08mai
-50.0,0.020693951898972534,10.348659390644968,C67,frente,2024-05-08 2000UT,144,1,O2_surto_06-08mai
-45.0,0.02172152677648002,9.909653254343983,C67,frente,2024-05-08 2000UT,56,1,O2_surto_06-08mai
-40.0,0.026051010508959516,8.422187064564042,C67,frente,2024-05-08 2000UT,27,1,O2_surto_06-08mai
-35.0,0.029156476843285234,7.641880510207061,C67,frente,2024-05-08 2000UT,45,1,O2_surto_06-08mai
-30.0,0.03219686084303799,7.070253093961627,C67,frente,2024-05-08 2000UT,34,1,O2_surto_06-08mai
-25.0,0.034644638753149576,6.672250590089242,C67,frente,2024-05-08 2000UT,28,1,O2_surto_06-08mai
-20.0,0.05102856478402467,5.42690959178731,C67,frente,2024-05-08 2000UT,35,1,O2_surto_06-08mai
-15.0,0.05800460571524296,5.238706679960818,C67,frente,2024-05-08 2000UT,35,1,O2_surto_06-08mai
