T_bin,refl39_med,re_proxy_med,celula,metade,quando,n,valido_re,onda
-70.0,0.05331094928794219,5.352966641799275,C2,inteira,2024-05-01 1100UT,851,1,O1_toros_01-04mai
-65.0,0.0683021447434653,5.101200867774404,C2,inteira,2024-05-01 1100UT,3368,1,O1_toros_01-04mai
-60.0,0.05121967299244459,5.420165205361773,C2,inteira,2024-05-01 1100UT,2550,1,O1_toros_01-04mai
-55.0,0.053066870822596035,5.360219491986718,C2,inteira,2024-05-01 1100UT,2324,1,O1_toros_01-04mai
-50.0,0.0670036019212481,5.112772323201167,C2,inteira,2024-05-01 1100UT,1318,1,O1_toros_01-04mai
-45.0,0.06339004359928961,5.152390914810337,C2,inteira,2024-05-01 1100UT,687,1,O1_toros_01-04mai
-40.0,0.07207332835045924,5.0739095438271065,C2,inteira,2024-05-01 1100UT,337,1,O1_toros_01-04mai
-35.0,0.0866591077906269,5.021919142565092,C2,inteira,2024-05-01 1100UT,233,1,O1_toros_01-04mai
-30.0,0.09289555425051726,5.01303607584517,C2,inteira,2024-05-01 1100UT,296,1,O1_toros_01-04mai
-25.0,0.08601249511994977,5.023132642932476,C2,inteira,2024-05-01 1100UT,229,1,O1_toros_01-04mai
-20.0,0.09759449741529291,5.008811677901701,C2,inteira,2024-05-01 1100UT,149,1,O1_toros_01-04mai
-15.0,0.08501752709881896,5.025132422251356,C2,inteira,2024-05-01 1100UT,151,1,O1_toros_01-04mai
-70.0,0.12729460622767524,5.000744023717426,C3,inteira,2024-05-01 1100UT,30,1,O1_toros_01-04mai
-65.0,0.170721990957086,5.000019883204092,C3,inteira,2024-05-01 1100UT,37,1,O1_toros_01-04mai
-60.0,0.13899268514527668,5.000300644112247,C3,inteira,2024-05-01 1100UT,60,1,O1_toros_01-04mai
-55.0,0.040579486434726454,6.019766329271326,C3,inteira,2024-05-01 1100UT,263,1,O1_toros_01-04mai
-50.0,0.04194766619262291,5.909880990473514,C3,inteira,2024-05-01 1100UT,293,1,O1_toros_01-04mai
-45.0,0.044049765174897476,5.766867492408384,C3,inteira,2024-05-01 1100UT,86,1,O1_toros_01-04mai
-40.0,0.031312475334989334,7.2074401352798745,C3,inteira,2024-05-01 1100UT,76,1,O1_toros_01-04mai
-35.0,0.02786048853402585,7.943178158647528,C3,inteira,2024-05-01 1100UT,45,1,O1_toros_01-04mai
-30.0,0.027814213674495037,7.954549666499947,C3,inteira,2024-05-01 1100UT,41,1,O1_toros_01-04mai
-25.0,0.04314592017935475,5.823423115952066,C3,inteira,2024-05-01 1100UT,44,1,O1_toros_01-04mai
-20.0,0.021342589842863902,10.066489786878169,C3,inteira,2024-05-01 1100UT,31,1,O1_toros_01-04mai
-15.0,0.028712007326475636,7.785909048342683,C3,inteira,2024-05-01 1100UT,26,1,O1_toros_01-04mai
-55.0,0.04072752935918192,6.010547100499881,C4,inteira,2024-05-01 1100UT,26,1,O1_toros_01-04mai
-50.0,0.053591596500880904,5.344807498371741,C4,inteira,2024-05-01 1100UT,5,1,O1_toros_01-04mai
-45.0,0.0635268988164483,5.150662829955125,C4,inteira,2024-05-01 1100UT,33,1,O1_toros_01-04mai
-40.0,0.09843255459107325,5.008217284305771,C4,inteira,2024-05-01 1100UT,23,1,O1_toros_01-04mai
-35.0,0.06148688010771469,5.178581661678975,C4,inteira,2024-05-01 1100UT,33,1,O1_toros_01-04mai
-30.0,0.08928587994155365,5.017609925034508,C4,inteira,2024-05-01 1100UT,21,1,O1_toros_01-04mai
-25.0,0.08238291586883832,5.031302866398328,C4,inteira,2024-05-01 1100UT,19,1,O1_toros_01-04mai
-20.0,0.09129958280848849,5.014889467641009,C4,inteira,2024-05-01 1100UT,5,1,O1_toros_01-04mai
-60.0,0.07046704546141923,5.084495550163768,C7,inteira,2024-05-01 1100UT,43,1,O1_toros_01-04mai
-55.0,0.06363334029331046,5.149333851992772,C7,inteira,2024-05-01 1100UT,226,1,O1_toros_01-04mai
-50.0,0.06444960639702367,5.139512210452871,C7,inteira,2024-05-01 1100UT,239,1,O1_toros_01-04mai
-45.0,0.07413869422658546,5.062223213764206,C7,inteira,2024-05-01 1100UT,29,1,O1_toros_01-04mai
-60.0,0.08290329849182862,5.029974423049101,C8,inteira,2024-05-01 1100UT,89,1,O1_toros_01-04mai
-55.0,0.07775248277203148,5.046043957902331,C8,inteira,2024-05-01 1100UT,350,1,O1_toros_01-04mai
-50.0,0.06410657326962435,5.143578394301633,C8,inteira,2024-05-01 1100UT,238,1,O1_toros_01-04mai
-45.0,0.07865705750501924,5.042699955093491,C8,inteira,2024-05-01 1100UT,39,1,O1_toros_01-04mai
-40.0,0.09883518657623754,5.007946146646628,C8,inteira,2024-05-01 1100UT,17,1,O1_toros_01-04mai
-35.0,0.14321847116683828,5.000196730612244,C8,inteira,2024-05-01 1100UT,9,1,O1_toros_01-04mai
-30.0,0.17225965796161358,5.00001749187422,C8,inteira,2024-05-01 1100UT,15,1,O1_toros_01-04mai
-25.0,0.2619043146036659,5.000000009965246,C8,inteira,2024-05-01 1100UT,15,1,O1_toros_01-04mai
-20.0,0.27011344710264806,5.000000005603881,C8,inteira,2024-05-01 1100UT,12,1,O1_toros_01-04mai
-15.0,0.22366769527938238,5.000000241166752,C8,inteira,2024-05-01 1100UT,15,1,O1_toros_01-04mai
-60.0,0.050000640975552124,5.465090764655982,C9,inteira,2024-05-01 1100UT,121,1,O1_toros_01-04mai
-55.0,0.055273455056524166,5.299714966782243,C9,inteira,2024-05-01 1100UT,780,1,O1_toros_01-04mai
-50.0,0.07464147973277246,5.059669998093301,C9,inteira,2024-05-01 1100UT,411,1,O1_toros_01-04mai
-45.0,0.0978795185298457,5.008605963111002,C9,inteira,2024-05-01 1100UT,260,1,O1_toros_01-04mai
-40.0,0.13503773229231997,5.000388993868753,C9,inteira,2024-05-01 1100UT,177,1,O1_toros_01-04mai
-35.0,0.152256296351638,5.00009264346603,C9,inteira,2024-05-01 1100UT,30,1,O1_toros_01-04mai
-60.0,0.06201855440132435,5.170847214278467,C10,inteira,2024-05-01 1100UT,186,1,O1_toros_01-04mai
-55.0,0.07046356149014515,5.084520322953029,C10,inteira,2024-05-01 1100UT,348,1,O1_toros_01-04mai
-50.0,0.07903820624685615,5.041365014923011,C10,inteira,2024-05-01 1100UT,359,1,O1_toros_01-04mai
-45.0,0.09230206250602789,5.013696987471359,C10,inteira,2024-05-01 1100UT,268,1,O1_toros_01-04mai
-40.0,0.12775477153644899,5.000713710186198,C10,inteira,2024-05-01 1100UT,353,1,O1_toros_01-04mai
-35.0,0.1459421143558901,5.000156783375177,C10,inteira,2024-05-01 1100UT,371,1,O1_toros_01-04mai
-30.0,0.165082280131631,5.0000318122444725,C10,inteira,2024-05-01 1100UT,191,1,O1_toros_01-04mai
-25.0,0.18493815300652913,5.000006085225362,C10,inteira,2024-05-01 1100UT,70,1,O1_toros_01-04mai
-20.0,0.20590608574268204,5.000001059766475,C10,inteira,2024-05-01 1100UT,46,1,O1_toros_01-04mai
-15.0,0.20403011285992836,5.000001238868589,C10,inteira,2024-05-01 1100UT,49,1,O1_toros_01-04mai
-70.0,0.036420669284381604,6.442159449458472,C1,frente,2024-05-01 1200UT,1353,1,O1_toros_01-04mai
-65.0,0.039255489554498056,6.138722006024679,C1,frente,2024-05-01 1200UT,942,1,O1_toros_01-04mai
-60.0,0.03960740903936795,6.105812772229545,C1,frente,2024-05-01 1200UT,824,1,O1_toros_01-04mai
-55.0,0.03926289066485143,6.138020708320974,C1,frente,2024-05-01 1200UT,978,1,O1_toros_01-04mai
-50.0,0.04427309021895099,5.74959156315518,C1,frente,2024-05-01 1200UT,609,1,O1_toros_01-04mai
-45.0,0.05625267794705052,5.276229384614123,C1,frente,2024-05-01 1200UT,360,1,O1_toros_01-04mai
-40.0,0.07158460669424412,5.076981779921475,C1,frente,2024-05-01 1200UT,283,1,O1_toros_01-04mai
-35.0,0.08874451500055572,5.018434768185633,C1,frente,2024-05-01 1200UT,160,1,O1_toros_01-04mai
-30.0,0.10448257750039906,5.004967570413766,C1,frente,2024-05-01 1200UT,86,1,O1_toros_01-04mai
-25.0,0.12313585131240673,5.001048784335739,C1,frente,2024-05-01 1200UT,65,1,O1_toros_01-04mai
-20.0,0.12200945666121069,5.001151998129848,C1,frente,2024-05-01 1200UT,35,1,O1_toros_01-04mai
-15.0,0.1330181721496565,5.000460291627065,C1,frente,2024-05-01 1200UT,41,1,O1_toros_01-04mai
-70.0,0.0332079403229219,6.884889172806236,C1,traseira,2024-05-01 1200UT,1698,1,O1_toros_01-04mai
-65.0,0.028638056442002728,7.758515778308551,C1,traseira,2024-05-01 1200UT,1218,1,O1_toros_01-04mai
-60.0,0.02472216603312506,8.822928985328232,C1,traseira,2024-05-01 1200UT,751,1,O1_toros_01-04mai
-55.0,0.0226619104186402,9.539004602700514,C1,traseira,2024-05-01 1200UT,482,1,O1_toros_01-04mai
-50.0,0.023068102342725407,9.387920917348083,C1,traseira,2024-05-01 1200UT,285,1,O1_toros_01-04mai
-45.0,0.026394250680195477,8.325693484102992,C1,traseira,2024-05-01 1200UT,210,1,O1_toros_01-04mai
-40.0,0.027528647444191697,8.025702899553995,C1,traseira,2024-05-01 1200UT,221,1,O1_toros_01-04mai
-35.0,0.02591316625616613,8.46175032188489,C1,traseira,2024-05-01 1200UT,196,1,O1_toros_01-04mai
-30.0,0.02830865434998773,7.837622741807529,C1,traseira,2024-05-01 1200UT,160,1,O1_toros_01-04mai
-25.0,0.03502944760812442,6.619434068294618,C1,traseira,2024-05-01 1200UT,139,1,O1_toros_01-04mai
-20.0,0.032390306446259204,7.017796005029756,C1,traseira,2024-05-01 1200UT,156,1,O1_toros_01-04mai
-15.0,0.03466529422164826,6.669330859486297,C1,traseira,2024-05-01 1200UT,199,1,O1_toros_01-04mai
-60.0,0.030754391130058217,7.312507413681654,C2,frente,2024-05-01 1200UT,56,1,O1_toros_01-04mai
-55.0,0.03178312313607225,7.122523158627043,C2,frente,2024-05-01 1200UT,134,1,O1_toros_01-04mai
-50.0,0.026117859129722074,8.40318978682839,C2,frente,2024-05-01 1200UT,420,1,O1_toros_01-04mai
-45.0,0.02790816010688156,7.9315091912437605,C2,frente,2024-05-01 1200UT,87,1,O1_toros_01-04mai
-40.0,0.031782200796821626,7.122744104597684,C2,frente,2024-05-01 1200UT,42,1,O1_toros_01-04mai
-35.0,0.0359537857977302,6.49937531572765,C2,frente,2024-05-01 1200UT,25,1,O1_toros_01-04mai
-60.0,0.03231293278941584,7.030847071348006,C2,traseira,2024-05-01 1200UT,53,1,O1_toros_01-04mai
-55.0,0.030457531834452673,7.3704261018362125,C2,traseira,2024-05-01 1200UT,233,1,O1_toros_01-04mai
-50.0,0.03341324271093961,6.852915767834048,C2,traseira,2024-05-01 1200UT,211,1,O1_toros_01-04mai
-45.0,0.031271557121030545,7.216768548121612,C2,traseira,2024-05-01 1200UT,82,1,O1_toros_01-04mai
-40.0,0.029107480490920053,7.652690703050158,C2,traseira,2024-05-01 1200UT,62,1,O1_toros_01-04mai
-35.0,0.03219100798775186,7.051607063596595,C2,traseira,2024-05-01 1200UT,52,1,O1_toros_01-04mai
-30.0,0.04272564773975524,5.852763298199238,C2,traseira,2024-05-01 1200UT,31,1,O1_toros_01-04mai
-25.0,0.04679429405832225,5.608083699258042,C2,traseira,2024-05-01 1200UT,20,1,O1_toros_01-04mai
-20.0,0.05111447079430202,5.423864330073033,C2,traseira,2024-05-01 1200UT,11,1,O1_toros_01-04mai
-70.0,0.03929689332566696,6.134799826644958,C3,frente,2024-05-01 1200UT,41,1,O1_toros_01-04mai
-65.0,0.039844235881249336,6.084205635149326,C3,frente,2024-05-01 1200UT,204,1,O1_toros_01-04mai
-60.0,0.03975303606986719,6.092473483000431,C3,frente,2024-05-01 1200UT,427,1,O1_toros_01-04mai
-55.0,0.033658946753529435,6.815362477764825,C3,frente,2024-05-01 1200UT,482,1,O1_toros_01-04mai
-50.0,0.029178255506290177,7.6371015669181315,C3,frente,2024-05-01 1200UT,388,1,O1_toros_01-04mai
-45.0,0.027520674847602053,8.027869174416033,C3,frente,2024-05-01 1200UT,286,1,O1_toros_01-04mai
-40.0,0.030501980240425566,7.361674740496419,C3,frente,2024-05-01 1200UT,130,1,O1_toros_01-04mai
-35.0,0.03326321610329066,6.8764503227968214,C3,frente,2024-05-01 1200UT,90,1,O1_toros_01-04mai
-30.0,0.033468619668147376,6.84438473082793,C3,frente,2024-05-01 1200UT,131,1,O1_toros_01-04mai
-25.0,0.04180160772829389,5.921332748338554,C3,frente,2024-05-01 1200UT,36,1,O1_toros_01-04mai
-20.0,0.03755286962850539,6.312313459498915,C3,frente,2024-05-01 1200UT,49,1,O1_toros_01-04mai
-15.0,0.053974885443006194,5.334122822528137,C3,frente,2024-05-01 1200UT,50,1,O1_toros_01-04mai
-70.0,0.04407641902979131,5.761978043902303,C3,traseira,2024-05-01 1200UT,137,1,O1_toros_01-04mai
-65.0,0.04589623593464896,5.654770712970704,C3,traseira,2024-05-01 1200UT,302,1,O1_toros_01-04mai
-60.0,0.05008806806993342,5.461717565942226,C3,traseira,2024-05-01 1200UT,262,1,O1_toros_01-04mai
-55.0,0.040640059822687806,6.014631740858402,C3,traseira,2024-05-01 1200UT,205,1,O1_toros_01-04mai
-50.0,0.027712577494118568,7.9796876430781385,C3,traseira,2024-05-01 1200UT,96,1,O1_toros_01-04mai
-45.0,0.0336003337754406,6.824857895738118,C3,traseira,2024-05-01 1200UT,46,1,O1_toros_01-04mai
-40.0,0.037558708565526164,6.3116750718541015,C3,traseira,2024-05-01 1200UT,45,1,O1_toros_01-04mai
-35.0,0.03284141664967953,6.962135079087478,C3,traseira,2024-05-01 1200UT,26,1,O1_toros_01-04mai
-30.0,0.04590335657285546,5.654393799487499,C3,traseira,2024-05-01 1200UT,26,1,O1_toros_01-04mai
-25.0,0.036824038428020636,6.395259792900376,C3,traseira,2024-05-01 1200UT,24,1,O1_toros_01-04mai
-20.0,0.08894798112948339,5.018112836754484,C3,traseira,2024-05-01 1200UT,69,1,O1_toros_01-04mai
-15.0,0.10044942569451086,5.006977444203871,C3,traseira,2024-05-01 1200UT,58,1,O1_toros_01-04mai
-60.0,0.02815769605453533,7.871178895607985,C7,frente,2024-05-01 1200UT,15,1,O1_toros_01-04mai
-55.0,0.024865155365468728,8.777652849771926,C7,frente,2024-05-01 1200UT,246,1,O1_toros_01-04mai
-50.0,0.023865965473743433,9.105756908885109,C7,frente,2024-05-01 1200UT,38,1,O1_toros_01-04mai
-60.0,0.02966827798888286,7.531573085866951,C7,traseira,2024-05-01 1200UT,11,1,O1_toros_01-04mai
-55.0,0.027161417539502703,8.11972831666199,C7,traseira,2024-05-01 1200UT,35,1,O1_toros_01-04mai
-65.0,0.04318765944678919,5.820594941305677,C8,frente,2024-05-01 1200UT,50,1,O1_toros_01-04mai
-60.0,0.03246700650433727,7.004938739247978,C8,frente,2024-05-01 1200UT,1811,1,O1_toros_01-04mai
-55.0,0.02809187379011572,7.8869711282370325,C8,frente,2024-05-01 1200UT,1634,1,O1_toros_01-04mai
-50.0,0.02849184072318897,7.792332648928122,C8,frente,2024-05-01 1200UT,994,1,O1_toros_01-04mai
-45.0,0.026971231757300082,8.1699132926409,C8,frente,2024-05-01 1200UT,220,1,O1_toros_01-04mai
-40.0,0.02084852741154472,10.279440347806755,C8,frente,2024-05-01 1200UT,15,1,O1_toros_01-04mai
-65.0,0.04398027507101368,5.768107531299808,C8,traseira,2024-05-01 1200UT,283,1,O1_toros_01-04mai
-60.0,0.03954668179213596,6.111422321345177,C8,traseira,2024-05-01 1200UT,1611,1,O1_toros_01-04mai
-55.0,0.042006953830775226,5.905402451272204,C8,traseira,2024-05-01 1200UT,908,1,O1_toros_01-04mai
-50.0,0.03676939662496031,6.4008525229430635,C8,traseira,2024-05-01 1200UT,1007,1,O1_toros_01-04mai
-45.0,0.04485865185760397,5.713891987232948,C8,traseira,2024-05-01 1200UT,283,1,O1_toros_01-04mai
-40.0,0.06910479835895314,5.094655814372712,C8,traseira,2024-05-01 1200UT,196,1,O1_toros_01-04mai
-35.0,0.06365892424622394,5.149042338536653,C8,traseira,2024-05-01 1200UT,80,1,O1_toros_01-04mai
-30.0,0.08471998283517423,5.025763379671197,C8,traseira,2024-05-01 1200UT,59,1,O1_toros_01-04mai
-25.0,0.0828124435366634,5.030202228083408,C8,traseira,2024-05-01 1200UT,21,1,O1_toros_01-04mai
-70.0,0.036503820320380645,6.432201259532134,C4,frente,2024-05-01 1200UT,274,1,O1_toros_01-04mai
-65.0,0.039595215454649946,6.106937418174592,C4,frente,2024-05-01 1200UT,774,1,O1_toros_01-04mai
-60.0,0.030322791331065302,7.3971921801044385,C4,frente,2024-05-01 1200UT,3522,1,O1_toros_01-04mai
-55.0,0.03086237881396829,7.291788416098491,C4,frente,2024-05-01 1200UT,2249,1,O1_toros_01-04mai
-50.0,0.03392188509224074,6.776018148709991,C4,frente,2024-05-01 1200UT,888,1,O1_toros_01-04mai
-45.0,0.03803191809369988,6.260956895811116,C4,frente,2024-05-01 1200UT,325,1,O1_toros_01-04mai
-40.0,0.04975199982423803,5.474828019988161,C4,frente,2024-05-01 1200UT,121,1,O1_toros_01-04mai
-35.0,0.049841950515002995,5.47255422281034,C4,frente,2024-05-01 1200UT,48,1,O1_toros_01-04mai
-30.0,0.030345153609577208,7.392729060586461,C4,frente,2024-05-01 1200UT,19,1,O1_toros_01-04mai
-70.0,0.05320715421614107,5.356032900114016,C4,traseira,2024-05-01 1200UT,1171,1,O1_toros_01-04mai
-65.0,0.06893053707145953,5.096037739885544,C4,traseira,2024-05-01 1200UT,615,1,O1_toros_01-04mai
-60.0,0.04151412068598473,5.943358677744351,C4,traseira,2024-05-01 1200UT,1618,1,O1_toros_01-04mai
-55.0,0.03673125389631342,6.405312334455953,C4,traseira,2024-05-01 1200UT,1804,1,O1_toros_01-04mai
-50.0,0.03232635799265293,7.0285783225148215,C4,traseira,2024-05-01 1200UT,992,1,O1_toros_01-04mai
-45.0,0.03415422016465089,6.741962529131062,C4,traseira,2024-05-01 1200UT,383,1,O1_toros_01-04mai
-40.0,0.035216640317271786,6.594381880306365,C4,traseira,2024-05-01 1200UT,256,1,O1_toros_01-04mai
-35.0,0.032473757283376876,7.003917186255924,C4,traseira,2024-05-01 1200UT,150,1,O1_toros_01-04mai
-30.0,0.030297864052798162,7.403025519209762,C4,traseira,2024-05-01 1200UT,106,1,O1_toros_01-04mai
-25.0,0.03953895635029762,6.112138070757258,C4,traseira,2024-05-01 1200UT,59,1,O1_toros_01-04mai
-20.0,0.03301543819559082,6.9153700955865345,C4,traseira,2024-05-01 1200UT,41,1,O1_toros_01-04mai
-15.0,0.02776062934889352,7.9677722957098,C4,traseira,2024-05-01 1200UT,39,1,O1_toros_01-04mai
-60.0,0.03749861065524329,6.3470604447374885,C5,frente,2024-05-01 1200UT,20,1,O1_toros_01-04mai
-55.0,0.027541211402324715,8.02253665698628,C5,frente,2024-05-01 1200UT,99,1,O1_toros_01-04mai
-50.0,0.024821486567832125,8.79141828843382,C5,frente,2024-05-01 1200UT,77,1,O1_toros_01-04mai
-45.0,0.02521635791860286,8.668688428561627,C5,frente,2024-05-01 1200UT,51,1,O1_toros_01-04mai
-40.0,0.03352163613768176,6.836882731228006,C5,frente,2024-05-01 1200UT,22,1,O1_toros_01-04mai
-35.0,0.04632443545662343,5.6326710901266726,C5,frente,2024-05-01 1200UT,26,1,O1_toros_01-04mai
-30.0,0.06981626554698059,5.089204414808429,C5,frente,2024-05-01 1200UT,11,1,O1_toros_01-04mai
-25.0,0.08453500683739018,5.026163590207714,C5,frente,2024-05-01 1200UT,9,1,O1_toros_01-04mai
-20.0,0.1011149170074121,5.006572684202424,C5,frente,2024-05-01 1200UT,6,1,O1_toros_01-04mai
-15.0,0.10943881053920085,5.003287507496886,C5,frente,2024-05-01 1200UT,6,1,O1_toros_01-04mai
-65.0,0.03432749590928573,6.7250467959147455,C5,traseira,2024-05-01 1200UT,8,1,O1_toros_01-04mai
-60.0,0.035234473276634516,6.592000299063205,C5,traseira,2024-05-01 1200UT,27,1,O1_toros_01-04mai
-55.0,0.03256250852082402,6.991720967055285,C5,traseira,2024-05-01 1200UT,50,1,O1_toros_01-04mai
-50.0,0.028289515798780307,7.839811656283122,C5,traseira,2024-05-01 1200UT,45,1,O1_toros_01-04mai
-45.0,0.02448343772158248,8.899762787847997,C5,traseira,2024-05-01 1200UT,28,1,O1_toros_01-04mai
-40.0,0.038483302947887044,6.243226043820039,C5,traseira,2024-05-01 1200UT,16,1,O1_toros_01-04mai
-35.0,0.04710992066274683,5.601863398439885,C5,traseira,2024-05-01 1200UT,12,1,O1_toros_01-04mai
-30.0,0.05301755032804342,5.361703012135346,C5,traseira,2024-05-01 1200UT,13,1,O1_toros_01-04mai
-25.0,0.05764901979568637,5.245897833229384,C5,traseira,2024-05-01 1200UT,14,1,O1_toros_01-04mai
-20.0,0.10413594788933504,5.00704024373706,C5,traseira,2024-05-01 1200UT,8,1,O1_toros_01-04mai
-15.0,0.07697791580797544,5.049113126602314,C5,traseira,2024-05-01 1200UT,17,1,O1_toros_01-04mai
-65.0,0.03867143513279236,6.195515875564209,C6,frente,2024-05-01 1200UT,11,1,O1_toros_01-04mai
-60.0,0.03177852159835383,7.123350148426565,C6,frente,2024-05-01 1200UT,62,1,O1_toros_01-04mai
-55.0,0.03215913581753326,7.057874281785804,C6,frente,2024-05-01 1200UT,70,1,O1_toros_01-04mai
-50.0,0.028698559737136198,7.7447701851458115,C6,frente,2024-05-01 1200UT,64,1,O1_toros_01-04mai
-45.0,0.024522136122427457,8.88952083626949,C6,frente,2024-05-01 1200UT,50,1,O1_toros_01-04mai
-40.0,0.02404119646139559,9.0461440582379,C6,frente,2024-05-01 1200UT,45,1,O1_toros_01-04mai
-35.0,0.03520662671097394,6.595698900531297,C6,frente,2024-05-01 1200UT,23,1,O1_toros_01-04mai
-30.0,0.04096482905886922,5.991614748436355,C6,frente,2024-05-01 1200UT,18,1,O1_toros_01-04mai
-25.0,0.03444981769723792,6.710745589030559,C6,frente,2024-05-01 1200UT,12,1,O1_toros_01-04mai
-20.0,0.036102119870691035,6.4952546755011005,C6,frente,2024-05-01 1200UT,18,1,O1_toros_01-04mai
-15.0,0.03518022541390449,6.599213475394766,C6,frente,2024-05-01 1200UT,17,1,O1_toros_01-04mai
-60.0,0.03447044206442326,6.698223567207315,C6,traseira,2024-05-01 1200UT,34,1,O1_toros_01-04mai
-55.0,0.045574520223314985,5.672683379328504,C6,traseira,2024-05-01 1200UT,46,1,O1_toros_01-04mai
-50.0,0.032000751870618085,7.08564815737669,C6,traseira,2024-05-01 1200UT,44,1,O1_toros_01-04mai
-45.0,0.025992562375366148,8.43889611428602,C6,traseira,2024-05-01 1200UT,22,1,O1_toros_01-04mai
-40.0,0.02684766018272519,8.202373861281503,C6,traseira,2024-05-01 1200UT,23,1,O1_toros_01-04mai
-35.0,0.02334060092727464,9.289675465558336,C6,traseira,2024-05-01 1200UT,10,1,O1_toros_01-04mai
-30.0,0.031961503877370775,7.091201382966999,C6,traseira,2024-05-01 1200UT,9,1,O1_toros_01-04mai
-25.0,0.02637718060408009,8.33435821276882,C6,traseira,2024-05-01 1200UT,8,1,O1_toros_01-04mai
-20.0,0.022844045474216947,9.470619213212881,C6,traseira,2024-05-01 1200UT,9,1,O1_toros_01-04mai
-15.0,0.02595772304224961,8.642012909458316,C6,traseira,2024-05-01 1200UT,12,1,O1_toros_01-04mai
-60.0,0.048211031971779714,5.539907625496884,C11,inteira,2024-05-01 1200UT,182,1,O1_toros_01-04mai
-55.0,0.04263585816835564,5.859168000717251,C11,inteira,2024-05-01 1200UT,453,1,O1_toros_01-04mai
-50.0,0.040782543855274626,6.0026555802123305,C11,inteira,2024-05-01 1200UT,447,1,O1_toros_01-04mai
-45.0,0.05126523676651436,5.418572284053735,C11,inteira,2024-05-01 1200UT,175,1,O1_toros_01-04mai
-40.0,0.05379543738582365,5.339005460162015,C11,inteira,2024-05-01 1200UT,316,1,O1_toros_01-04mai
-35.0,0.07140194745813308,5.078213357384826,C11,inteira,2024-05-01 1200UT,96,1,O1_toros_01-04mai
-30.0,0.09227212411880978,5.013730353748354,C11,inteira,2024-05-01 1200UT,19,1,O1_toros_01-04mai
-25.0,0.1072550055889248,5.00393942797293,C11,inteira,2024-05-01 1200UT,11,1,O1_toros_01-04mai
-20.0,0.11503532436624124,5.002059937474434,C11,inteira,2024-05-01 1200UT,7,1,O1_toros_01-04mai
-60.0,0.054194322928835456,5.327916526376678,C12,inteira,2024-05-01 1200UT,147,1,O1_toros_01-04mai
-55.0,0.04488885347361106,5.712097522030631,C12,inteira,2024-05-01 1200UT,989,1,O1_toros_01-04mai
-50.0,0.03835729886019389,6.227225352187117,C12,inteira,2024-05-01 1200UT,687,1,O1_toros_01-04mai
-45.0,0.037615560125974834,6.305476012775804,C12,inteira,2024-05-01 1200UT,92,1,O1_toros_01-04mai
-40.0,0.033454733272289774,6.847479974965877,C12,inteira,2024-05-01 1200UT,8,1,O1_toros_01-04mai
-60.0,0.02558089164272769,8.55891744962066,C13,inteira,2024-05-01 1200UT,81,1,O1_toros_01-04mai
-55.0,0.026356724466523155,8.336104056874031,C13,inteira,2024-05-01 1200UT,443,1,O1_toros_01-04mai
-50.0,0.027868144532111536,7.941303054892364,C13,inteira,2024-05-01 1200UT,528,1,O1_toros_01-04mai
-45.0,0.023208815869386723,9.336881499632039,C13,inteira,2024-05-01 1200UT,286,1,O1_toros_01-04mai
-40.0,0.021574423807068165,9.969547208721085,C13,inteira,2024-05-01 1200UT,117,1,O1_toros_01-04mai
-35.0,0.0187717482158732,11.276955251451577,C13,inteira,2024-05-01 1200UT,29,1,O1_toros_01-04mai
-30.0,0.018123918508923358,11.628892806274852,C13,inteira,2024-05-01 1200UT,6,1,O1_toros_01-04mai
-60.0,0.03324963959664087,6.87835289845677,C14,inteira,2024-05-01 1200UT,170,1,O1_toros_01-04mai
-55.0,0.028532310427619167,7.782931437419075,C14,inteira,2024-05-01 1200UT,437,1,O1_toros_01-04mai
-50.0,0.02574396122027557,8.51088199869766,C14,inteira,2024-05-01 1200UT,472,1,O1_toros_01-04mai
-45.0,0.02697766067350261,8.167868588546122,C14,inteira,2024-05-01 1200UT,261,1,O1_toros_01-04mai
-40.0,0.0335435559834896,6.832903001759328,C14,inteira,2024-05-01 1200UT,75,1,O1_toros_01-04mai
-35.0,0.05574658884543542,5.288127643974029,C14,inteira,2024-05-01 1200UT,33,1,O1_toros_01-04mai
-30.0,0.0686267171683262,5.098500296988362,C14,inteira,2024-05-01 1200UT,19,1,O1_toros_01-04mai
-25.0,0.08278224274659479,5.03028922610785,C14,inteira,2024-05-01 1200UT,16,1,O1_toros_01-04mai
-20.0,0.09210524981895274,5.01392309891984,C14,inteira,2024-05-01 1200UT,14,1,O1_toros_01-04mai
-15.0,0.0950347863361815,5.011367851170954,C14,inteira,2024-05-01 1200UT,6,1,O1_toros_01-04mai
-60.0,0.0387949705569284,6.183271628564779,C15,inteira,2024-05-01 1200UT,69,1,O1_toros_01-04mai
-55.0,0.033383257449659455,6.857551570947974,C15,inteira,2024-05-01 1200UT,209,1,O1_toros_01-04mai
-50.0,0.030479352298775683,7.3661269210672105,C15,inteira,2024-05-01 1200UT,322,1,O1_toros_01-04mai
-45.0,0.027997839487527446,7.909682855950873,C15,inteira,2024-05-01 1200UT,201,1,O1_toros_01-04mai
-40.0,0.030317764783512002,7.398196467628972,C15,inteira,2024-05-01 1200UT,289,1,O1_toros_01-04mai
-35.0,0.04573933386617189,5.663375705819375,C15,inteira,2024-05-01 1200UT,77,1,O1_toros_01-04mai
-30.0,0.07832510329965396,5.043897646975885,C15,inteira,2024-05-01 1200UT,11,1,O1_toros_01-04mai
-60.0,0.03882477503885012,6.180336375406012,C10,frente,2024-05-01 1200UT,47,1,O1_toros_01-04mai
-55.0,0.04050783883730314,6.025873192668863,C10,frente,2024-05-01 1200UT,301,1,O1_toros_01-04mai
-50.0,0.044489812120871663,5.736181531501205,C10,frente,2024-05-01 1200UT,182,1,O1_toros_01-04mai
-45.0,0.06651872645261551,5.117416266763675,C10,frente,2024-05-01 1200UT,47,1,O1_toros_01-04mai
-40.0,0.08129125778610242,5.034284082467946,C10,frente,2024-05-01 1200UT,97,1,O1_toros_01-04mai
-35.0,0.09296100544334177,5.012964347451814,C10,frente,2024-05-01 1200UT,80,1,O1_toros_01-04mai
-30.0,0.10547333438676385,5.004570147525907,C10,frente,2024-05-01 1200UT,50,1,O1_toros_01-04mai
-25.0,0.10761907566243717,5.003822028120769,C10,frente,2024-05-01 1200UT,16,1,O1_toros_01-04mai
-20.0,0.11168259117590232,5.002723914670307,C10,frente,2024-05-01 1200UT,5,1,O1_toros_01-04mai
-60.0,0.04053230001613728,6.023784150274961,C10,traseira,2024-05-01 1200UT,25,1,O1_toros_01-04mai
-55.0,0.04284208935495419,5.844645200512399,C10,traseira,2024-05-01 1200UT,110,1,O1_toros_01-04mai
-50.0,0.057560436598036696,5.247707760544178,C10,traseira,2024-05-01 1200UT,48,1,O1_toros_01-04mai
-45.0,0.072319784125534,5.072409926889704,C10,traseira,2024-05-01 1200UT,78,1,O1_toros_01-04mai
-40.0,0.08108534663060114,5.034878701207253,C10,traseira,2024-05-01 1200UT,180,1,O1_toros_01-04mai
-35.0,0.08988411735194794,5.016753539476571,C10,traseira,2024-05-01 1200UT,79,1,O1_toros_01-04mai
-60.0,0.0334199351171912,6.851887761091582,C16,inteira,2024-05-01 1200UT,188,1,O1_toros_01-04mai
-55.0,0.03817052606254616,6.246479281412848,C16,inteira,2024-05-01 1200UT,380,1,O1_toros_01-04mai
-50.0,0.048671830718115754,5.519551930219808,C16,inteira,2024-05-01 1200UT,285,1,O1_toros_01-04mai
-45.0,0.05874483909805455,5.22442675654327,C16,inteira,2024-05-01 1200UT,271,1,O1_toros_01-04mai
-40.0,0.06800406806669818,5.103748301491532,C16,inteira,2024-05-01 1200UT,188,1,O1_toros_01-04mai
-35.0,0.07612764030075192,5.052721271411549,C16,inteira,2024-05-01 1200UT,64,1,O1_toros_01-04mai
-70.0,0.026335356097091908,8.342050004512263,C4,frente,2024-05-01 1300UT,2834,1,O1_toros_01-04mai
-65.0,0.025320958765429835,8.636848407682571,C4,frente,2024-05-01 1300UT,2703,1,O1_toros_01-04mai
-60.0,0.020274879382753522,10.537948379081751,C4,frente,2024-05-01 1300UT,2050,1,O1_toros_01-04mai
-55.0,0.019010400878998607,11.153354707919572,C4,frente,2024-05-01 1300UT,1614,1,O1_toros_01-04mai
-50.0,0.01994719604995312,10.69125646810479,C4,frente,2024-05-01 1300UT,1119,1,O1_toros_01-04mai
-45.0,0.023903998138233754,9.092670203306273,C4,frente,2024-05-01 1300UT,678,1,O1_toros_01-04mai
-40.0,0.04039429811341193,6.035640109776427,C4,frente,2024-05-01 1300UT,546,1,O1_toros_01-04mai
-35.0,0.04799559959053665,5.5496706943866885,C4,frente,2024-05-01 1300UT,451,1,O1_toros_01-04mai
-30.0,0.05490996281562371,5.309084870351466,C4,frente,2024-05-01 1300UT,352,1,O1_toros_01-04mai
-25.0,0.0699772002832464,5.088022658983077,C4,frente,2024-05-01 1300UT,270,1,O1_toros_01-04mai
-20.0,0.06670176441741202,5.115661600761148,C4,frente,2024-05-01 1300UT,196,1,O1_toros_01-04mai
-15.0,0.06329652694860606,5.1536803347161015,C4,frente,2024-05-01 1300UT,144,1,O1_toros_01-04mai
-70.0,0.035900543585629954,6.506044867078069,C4,traseira,2024-05-01 1300UT,1742,1,O1_toros_01-04mai
-65.0,0.03316109173496027,6.892262270143356,C4,traseira,2024-05-01 1300UT,3344,1,O1_toros_01-04mai
-60.0,0.03320947086471633,6.884648773096495,C4,traseira,2024-05-01 1300UT,3929,1,O1_toros_01-04mai
-55.0,0.030534527724030116,7.355265369735706,C4,traseira,2024-05-01 1300UT,1659,1,O1_toros_01-04mai
-50.0,0.02830006026521171,7.837317394081182,C4,traseira,2024-05-01 1300UT,1077,1,O1_toros_01-04mai
-45.0,0.027542048967707844,8.022329977099673,C4,traseira,2024-05-01 1300UT,1030,1,O1_toros_01-04mai
-40.0,0.02558983042708268,8.556269040712444,C4,traseira,2024-05-01 1300UT,624,1,O1_toros_01-04mai
-35.0,0.02416934448441404,9.003184156333742,C4,traseira,2024-05-01 1300UT,278,1,O1_toros_01-04mai
-30.0,0.03334216368227688,6.86392362455435,C4,traseira,2024-05-01 1300UT,119,1,O1_toros_01-04mai
-25.0,0.042471524321596676,5.87101479869914,C4,traseira,2024-05-01 1300UT,79,1,O1_toros_01-04mai
-20.0,0.05619576181490865,5.277544985608376,C4,traseira,2024-05-01 1300UT,150,1,O1_toros_01-04mai
-15.0,0.07659653537066058,5.05069909429444,C4,traseira,2024-05-01 1300UT,161,1,O1_toros_01-04mai
-70.0,0.02626663707572205,8.372129693534024,C1,frente,2024-05-01 1300UT,6,1,O1_toros_01-04mai
-65.0,0.02128824841484999,10.089485322044549,C1,frente,2024-05-01 1300UT,56,1,O1_toros_01-04mai
-60.0,0.0167178913675432,12.448701841165127,C1,frente,2024-05-01 1300UT,41,1,O1_toros_01-04mai
-55.0,0.014703593562645882,13.811672689525885,C1,frente,2024-05-01 1300UT,32,1,O1_toros_01-04mai
-50.0,0.01698767363646926,12.283109586090625,C1,frente,2024-05-01 1300UT,39,1,O1_toros_01-04mai
-45.0,0.013890532845090512,14.436435456383087,C1,frente,2024-05-01 1300UT,30,1,O1_toros_01-04mai
-40.0,0.01845653220927712,11.455244042258501,C1,frente,2024-05-01 1300UT,30,1,O1_toros_01-04mai
-35.0,0.01894592130902341,11.192624642683732,C1,frente,2024-05-01 1300UT,28,1,O1_toros_01-04mai
-30.0,0.02233001892068464,9.666281358977969,C1,frente,2024-05-01 1300UT,19,1,O1_toros_01-04mai
-25.0,0.026210871346711954,8.376899911816437,C1,frente,2024-05-01 1300UT,31,1,O1_toros_01-04mai
-20.0,0.027565325199911915,8.018853210505057,C1,frente,2024-05-01 1300UT,30,1,O1_toros_01-04mai
-15.0,0.022662720164829092,9.53868520608442,C1,frente,2024-05-01 1300UT,19,1,O1_toros_01-04mai
-70.0,0.023839438146720036,9.114761493614637,C1,traseira,2024-05-01 1300UT,12,1,O1_toros_01-04mai
-65.0,0.022363069748929126,9.653447002867361,C1,traseira,2024-05-01 1300UT,49,1,O1_toros_01-04mai
-60.0,0.019612852430770877,10.852218634643794,C1,traseira,2024-05-01 1300UT,44,1,O1_toros_01-04mai
-55.0,0.017596584307839502,11.922906569440814,C1,traseira,2024-05-01 1300UT,18,1,O1_toros_01-04mai
-50.0,0.020940686615810528,10.240439481307469,C1,traseira,2024-05-01 1300UT,22,1,O1_toros_01-04mai
-45.0,0.01753486346790765,11.958591724343421,C1,traseira,2024-05-01 1300UT,38,1,O1_toros_01-04mai
-40.0,0.015591468524828393,13.181784671577944,C1,traseira,2024-05-01 1300UT,44,1,O1_toros_01-04mai
-35.0,0.016107904399077597,12.837124664163273,C1,traseira,2024-05-01 1300UT,27,1,O1_toros_01-04mai
-30.0,0.025512898674923488,8.582006308606726,C1,traseira,2024-05-01 1300UT,18,1,O1_toros_01-04mai
-25.0,0.026827575127637754,8.242168101834112,C1,traseira,2024-05-01 1300UT,6,1,O1_toros_01-04mai
-20.0,0.0301173291859725,7.477987049378415,C1,traseira,2024-05-01 1300UT,10,1,O1_toros_01-04mai
-15.0,0.029742049303913852,7.516057703019499,C1,traseira,2024-05-01 1300UT,13,1,O1_toros_01-04mai
-70.0,0.02657224620786517,8.279331509742057,C6,frente,2024-05-01 1300UT,16,1,O1_toros_01-04mai
-60.0,0.024102169616477615,9.025637353199446,C6,frente,2024-05-01 1300UT,5,1,O1_toros_01-04mai
-55.0,0.02578784177934211,8.498245679818764,C6,frente,2024-05-01 1300UT,18,1,O1_toros_01-04mai
-50.0,0.029417585697393646,7.591935936796883,C6,frente,2024-05-01 1300UT,18,1,O1_toros_01-04mai
-45.0,0.02817718069194602,7.866520688466121,C6,frente,2024-05-01 1300UT,11,1,O1_toros_01-04mai
-40.0,0.023463436717065748,9.2457181823439,C6,frente,2024-05-01 1300UT,11,1,O1_toros_01-04mai
-70.0,0.021736429272525795,9.912088592097984,C6,traseira,2024-05-01 1300UT,12,1,O1_toros_01-04mai
-65.0,0.017963808138065092,11.738667578284122,C6,traseira,2024-05-01 1300UT,6,1,O1_toros_01-04mai
-60.0,0.015516842435871467,13.237339723849209,C6,traseira,2024-05-01 1300UT,8,1,O1_toros_01-04mai
-55.0,0.020512785078622593,10.429248707190125,C6,traseira,2024-05-01 1300UT,24,1,O1_toros_01-04mai
-50.0,0.024648834062760486,8.846362422830367,C6,traseira,2024-05-01 1300UT,33,1,O1_toros_01-04mai
-45.0,0.018216340092445018,11.574306127955552,C6,traseira,2024-05-01 1300UT,17,1,O1_toros_01-04mai
-40.0,0.015185772613146936,13.46321899101353,C6,traseira,2024-05-01 1300UT,24,1,O1_toros_01-04mai
-35.0,0.012472463677237998,15.610301921745872,C6,traseira,2024-05-01 1300UT,25,1,O1_toros_01-04mai
-30.0,0.01241041127008205,15.665310255392054,C6,traseira,2024-05-01 1300UT,37,1,O1_toros_01-04mai
-25.0,0.010321843255886486,17.692912629290646,C6,traseira,2024-05-01 1300UT,37,1,O1_toros_01-04mai
-20.0,0.012104106591978674,15.94105067703445,C6,traseira,2024-05-01 1300UT,17,1,O1_toros_01-04mai
-15.0,0.013666202770435022,14.605608539941233,C6,traseira,2024-05-01 1300UT,17,1,O1_toros_01-04mai
-60.0,0.040768800232058464,6.003806256660106,C11,frente,2024-05-01 1300UT,316,1,O1_toros_01-04mai
-55.0,0.032207788719789104,7.048719592101277,C11,frente,2024-05-01 1300UT,1134,1,O1_toros_01-04mai
-50.0,0.024732012173056574,8.81981415974778,C11,frente,2024-05-01 1300UT,316,1,O1_toros_01-04mai
-45.0,0.02069343138694187,10.34861067407344,C11,frente,2024-05-01 1300UT,14,1,O1_toros_01-04mai
-65.0,0.036388192846086014,6.446067752594258,C11,traseira,2024-05-01 1300UT,21,1,O1_toros_01-04mai
-60.0,0.03802146928328541,6.262058187876807,C11,traseira,2024-05-01 1300UT,240,1,O1_toros_01-04mai
-55.0,0.03923057240721266,6.14168419198933,C11,traseira,2024-05-01 1300UT,354,1,O1_toros_01-04mai
-50.0,0.022572035659515863,9.573132005206991,C11,traseira,2024-05-01 1300UT,532,1,O1_toros_01-04mai
-45.0,0.027409781534633776,8.055959335361301,C11,traseira,2024-05-01 1300UT,486,1,O1_toros_01-04mai
-40.0,0.03940089515461402,6.125040345838206,C11,traseira,2024-05-01 1300UT,110,1,O1_toros_01-04mai
-35.0,0.041611548532346034,5.937733553982122,C11,traseira,2024-05-01 1300UT,38,1,O1_toros_01-04mai
-30.0,0.03891377665417309,6.173241890159387,C11,traseira,2024-05-01 1300UT,32,1,O1_toros_01-04mai
-25.0,0.045744274071010234,5.718220976885014,C11,traseira,2024-05-01 1300UT,6,1,O1_toros_01-04mai
-60.0,0.026008405874152988,8.434358744705053,C5,frente,2024-05-01 1300UT,115,1,O1_toros_01-04mai
-55.0,0.022400497562753717,9.638955626084773,C5,frente,2024-05-01 1300UT,204,1,O1_toros_01-04mai
-50.0,0.022465468033454603,9.614639527650656,C5,frente,2024-05-01 1300UT,102,1,O1_toros_01-04mai
-45.0,0.021781170675538586,9.885443583899201,C5,frente,2024-05-01 1300UT,58,1,O1_toros_01-04mai
-40.0,0.04574565090190573,5.680858945365266,C5,frente,2024-05-01 1300UT,22,1,O1_toros_01-04mai
-35.0,0.0500722679196068,5.464014781530377,C5,frente,2024-05-01 1300UT,18,1,O1_toros_01-04mai
-30.0,0.03869725714653398,6.313831445558337,C5,frente,2024-05-01 1300UT,16,1,O1_toros_01-04mai
-25.0,0.03864571438323982,6.1980810874160674,C5,frente,2024-05-01 1300UT,19,1,O1_toros_01-04mai
-20.0,0.05126607026893204,5.583630770425132,C5,frente,2024-05-01 1300UT,22,1,O1_toros_01-04mai
-15.0,0.08331026582894531,5.028975467783898,C5,frente,2024-05-01 1300UT,288,1,O1_toros_01-04mai
-70.0,0.025926549693261233,8.45786578596874,C5,traseira,2024-05-01 1300UT,13,1,O1_toros_01-04mai
-65.0,0.023524215448023175,9.22426843495561,C5,traseira,2024-05-01 1300UT,35,1,O1_toros_01-04mai
-60.0,0.021553968081808532,9.978025740803652,C5,traseira,2024-05-01 1300UT,91,1,O1_toros_01-04mai
-55.0,0.019301178634153947,11.006041196825947,C5,traseira,2024-05-01 1300UT,239,1,O1_toros_01-04mai
-50.0,0.01715018251913107,12.185143597517639,C5,traseira,2024-05-01 1300UT,239,1,O1_toros_01-04mai
-45.0,0.016810795981614914,12.391256270551988,C5,traseira,2024-05-01 1300UT,149,1,O1_toros_01-04mai
-40.0,0.01570628757251989,13.103864390260659,C5,traseira,2024-05-01 1300UT,86,1,O1_toros_01-04mai
-35.0,0.014529681700954323,13.938703651528884,C5,traseira,2024-05-01 1300UT,75,1,O1_toros_01-04mai
-30.0,0.017767955549653398,11.824604694617632,C5,traseira,2024-05-01 1300UT,59,1,O1_toros_01-04mai
-25.0,0.01700109505037531,12.27496833737733,C5,traseira,2024-05-01 1300UT,51,1,O1_toros_01-04mai
-20.0,0.018265576254761995,11.54738692368015,C5,traseira,2024-05-01 1300UT,51,1,O1_toros_01-04mai
-15.0,0.023799013484083077,9.128632581116712,C5,traseira,2024-05-01 1300UT,57,1,O1_toros_01-04mai
-65.0,0.024302254378194783,8.959071455402992,C13,frente,2024-05-01 1300UT,5,1,O1_toros_01-04mai
-60.0,0.026955803758977333,8.173643832572383,C13,frente,2024-05-01 1300UT,17,1,O1_toros_01-04mai
-55.0,0.029499808829637462,7.567364738347642,C13,frente,2024-05-01 1300UT,61,1,O1_toros_01-04mai
-50.0,0.03035771542583271,7.391091663315253,C13,frente,2024-05-01 1300UT,52,1,O1_toros_01-04mai
-45.0,0.0379700328171345,6.2704109661871525,C13,frente,2024-05-01 1300UT,14,1,O1_toros_01-04mai
-40.0,0.05526152501386666,5.307992509025418,C13,frente,2024-05-01 1300UT,6,1,O1_toros_01-04mai
-65.0,0.027116497226933815,8.131428466191183,C13,traseira,2024-05-01 1300UT,11,1,O1_toros_01-04mai
-60.0,0.03035421368039274,7.3910078548276985,C13,traseira,2024-05-01 1300UT,8,1,O1_toros_01-04mai
-55.0,0.029334539736399764,7.602968185329951,C13,traseira,2024-05-01 1300UT,25,1,O1_toros_01-04mai
-50.0,0.03372020777147257,6.814450106003014,C13,traseira,2024-05-01 1300UT,18,1,O1_toros_01-04mai
-45.0,0.029845623494989384,7.498327402354491,C13,traseira,2024-05-01 1300UT,26,1,O1_toros_01-04mai
-40.0,0.027818127921846687,7.953586087144869,C13,traseira,2024-05-01 1300UT,15,1,O1_toros_01-04mai
-35.0,0.0231113338768707,9.373509155725483,C13,traseira,2024-05-01 1300UT,6,1,O1_toros_01-04mai
-60.0,0.025622652158421546,8.546553789465367,C17,inteira,2024-05-01 1300UT,29,1,O1_toros_01-04mai
-55.0,0.027461851219136288,8.042591988907343,C17,inteira,2024-05-01 1300UT,309,1,O1_toros_01-04mai
-50.0,0.030599959088111407,7.34245796621926,C17,inteira,2024-05-01 1300UT,113,1,O1_toros_01-04mai
-45.0,0.03657853570519815,6.423311320690269,C17,inteira,2024-05-01 1300UT,25,1,O1_toros_01-04mai
-40.0,0.044960745157659465,5.707880685885705,C17,inteira,2024-05-01 1300UT,6,1,O1_toros_01-04mai
-60.0,0.022904601123464693,9.448115936073963,C18,inteira,2024-05-01 1300UT,219,1,O1_toros_01-04mai
-55.0,0.02101331115014768,10.207438799351362,C18,inteira,2024-05-01 1300UT,1124,1,O1_toros_01-04mai
-50.0,0.016600857237147743,12.521703789704453,C18,inteira,2024-05-01 1300UT,410,1,O1_toros_01-04mai
-45.0,0.018400764113917063,11.474088717424316,C18,inteira,2024-05-01 1300UT,20,1,O1_toros_01-04mai
-65.0,0.04223817911231496,5.888117808377734,C16,frente,2024-05-01 1300UT,5,1,O1_toros_01-04mai
-60.0,0.03549391549366356,6.557965375470142,C16,frente,2024-05-01 1300UT,68,1,O1_toros_01-04mai
-55.0,0.033719849897885845,6.806200252221209,C16,frente,2024-05-01 1300UT,58,1,O1_toros_01-04mai
-50.0,0.02263808424665478,9.548012667195021,C16,frente,2024-05-01 1300UT,73,1,O1_toros_01-04mai
-45.0,0.062384946687647075,5.165775491484842,C16,frente,2024-05-01 1300UT,8,1,O1_toros_01-04mai
-40.0,0.060077635030801935,5.201144965282222,C16,frente,2024-05-01 1300UT,12,1,O1_toros_01-04mai
-35.0,0.06750991382704141,5.1090082295792865,C16,frente,2024-05-01 1300UT,10,1,O1_toros_01-04mai
-60.0,0.04016651194657742,6.055471992124402,C16,traseira,2024-05-01 1300UT,93,1,O1_toros_01-04mai
-55.0,0.037476647140486694,6.320689503951187,C16,traseira,2024-05-01 1300UT,232,1,O1_toros_01-04mai
-50.0,0.029379400183477525,7.59325549175527,C16,traseira,2024-05-01 1300UT,239,1,O1_toros_01-04mai
-45.0,0.05756027894360507,5.247711001141744,C16,traseira,2024-05-01 1300UT,73,1,O1_toros_01-04mai
-40.0,0.08242123726208754,5.03120306172265,C16,traseira,2024-05-01 1300UT,77,1,O1_toros_01-04mai
-35.0,0.08777667954074243,5.019969964416581,C16,traseira,2024-05-01 1300UT,97,1,O1_toros_01-04mai
-30.0,0.09871018009776744,5.008029413630675,C16,traseira,2024-05-01 1300UT,78,1,O1_toros_01-04mai
-25.0,0.10571195241053574,5.004480001105094,C16,traseira,2024-05-01 1300UT,65,1,O1_toros_01-04mai
-20.0,0.1071676152130595,5.003968221698883,C16,traseira,2024-05-01 1300UT,25,1,O1_toros_01-04mai
-15.0,0.10511061237425562,5.0047102216331405,C16,traseira,2024-05-01 1300UT,7,1,O1_toros_01-04mai
-70.0,0.019280956184109573,11.016171257663386,C4,frente,2024-05-01 1400UT,3090,1,O1_toros_01-04mai
-65.0,0.022447836063163345,9.620691533178665,C4,frente,2024-05-01 1400UT,3553,1,O1_toros_01-04mai
-60.0,0.024318987326185197,8.953554724532859,C4,frente,2024-05-01 1400UT,4497,1,O1_toros_01-04mai
-55.0,0.023070803204351956,9.38693343121106,C4,frente,2024-05-01 1400UT,2927,1,O1_toros_01-04mai
-50.0,0.021534763132827758,9.98599901356226,C4,frente,2024-05-01 1400UT,1963,1,O1_toros_01-04mai
-45.0,0.024120275746314562,9.019567873917303,C4,frente,2024-05-01 1400UT,1269,1,O1_toros_01-04mai
-40.0,0.021781227838390482,9.884642008925606,C4,frente,2024-05-01 1400UT,610,1,O1_toros_01-04mai
-35.0,0.021045810647948228,10.19335450084214,C4,frente,2024-05-01 1400UT,237,1,O1_toros_01-04mai
-30.0,0.0767254513541128,5.050165693369646,C4,frente,2024-05-01 1400UT,108,1,O1_toros_01-04mai
-25.0,0.09081336858770196,5.015505145630622,C4,frente,2024-05-01 1400UT,87,1,O1_toros_01-04mai
-20.0,0.10937177728992957,5.003302361724145,C4,frente,2024-05-01 1400UT,69,1,O1_toros_01-04mai
-15.0,0.11871163176492061,5.001516365995982,C4,frente,2024-05-01 1400UT,51,1,O1_toros_01-04mai
-70.0,0.021607438495160156,9.955893693469708,C4,traseira,2024-05-01 1400UT,3708,1,O1_toros_01-04mai
-65.0,0.02148194504026752,10.00799329517088,C4,traseira,2024-05-01 1400UT,3147,1,O1_toros_01-04mai
-60.0,0.019510002647721347,10.902432324505536,C4,traseira,2024-05-01 1400UT,1944,1,O1_toros_01-04mai
-55.0,0.01637905555672034,12.662023284779337,C4,traseira,2024-05-01 1400UT,1653,1,O1_toros_01-04mai
-50.0,0.017888725666158727,11.75626513678846,C4,traseira,2024-05-01 1400UT,1253,1,O1_toros_01-04mai
-45.0,0.016189728483576978,12.783867645728447,C4,traseira,2024-05-01 1400UT,793,1,O1_toros_01-04mai
-40.0,0.01530163999948933,13.381783458312883,C4,traseira,2024-05-01 1400UT,523,1,O1_toros_01-04mai
-35.0,0.015602701417197065,13.174113442994852,C4,traseira,2024-05-01 1400UT,523,1,O1_toros_01-04mai
-30.0,0.01907230040618281,11.12171531102108,C4,traseira,2024-05-01 1400UT,444,1,O1_toros_01-04mai
-25.0,0.019353395874654386,10.98010086317393,C4,traseira,2024-05-01 1400UT,368,1,O1_toros_01-04mai
-20.0,0.01603887619731899,12.88233646174924,C4,traseira,2024-05-01 1400UT,341,1,O1_toros_01-04mai
-15.0,0.026388858853397534,8.327193137193408,C4,traseira,2024-05-01 1400UT,206,1,O1_toros_01-04mai
-65.0,0.019378608733536355,10.967411928127225,C1,frente,2024-05-01 1400UT,7,1,O1_toros_01-04mai
-60.0,0.017975874192127574,11.749550867836428,C1,frente,2024-05-01 1400UT,8,1,O1_toros_01-04mai
-55.0,0.017360126329133724,12.060530480530305,C1,frente,2024-05-01 1400UT,11,1,O1_toros_01-04mai
-45.0,0.02515545146841427,8.753872082731341,C1,frente,2024-05-01 1400UT,6,1,O1_toros_01-04mai
-35.0,0.024708000663312538,8.877986792273393,C1,frente,2024-05-01 1400UT,6,1,O1_toros_01-04mai
-30.0,0.023535035930879886,9.238519506053418,C1,frente,2024-05-01 1400UT,10,1,O1_toros_01-04mai
-25.0,0.022914736252962135,9.444360669549237,C1,frente,2024-05-01 1400UT,7,1,O1_toros_01-04mai
-20.0,0.02269393402890315,9.585644924399388,C1,frente,2024-05-01 1400UT,10,1,O1_toros_01-04mai
-15.0,0.020654507868564223,10.371385535047917,C1,frente,2024-05-01 1400UT,10,1,O1_toros_01-04mai
-65.0,0.018459930439226637,11.442263517914824,C1,traseira,2024-05-01 1400UT,12,1,O1_toros_01-04mai
-60.0,0.016983580182231808,12.285594432866553,C1,traseira,2024-05-01 1400UT,17,1,O1_toros_01-04mai
-55.0,0.01960351754457208,10.858926644676744,C1,traseira,2024-05-01 1400UT,16,1,O1_toros_01-04mai
-50.0,0.015279128141436714,13.399245841443284,C1,traseira,2024-05-01 1400UT,22,1,O1_toros_01-04mai
-45.0,0.014679685205052478,13.827662713693426,C1,traseira,2024-05-01 1400UT,15,1,O1_toros_01-04mai
-40.0,0.019218415238977354,11.047834759186621,C1,traseira,2024-05-01 1400UT,16,1,O1_toros_01-04mai
-35.0,0.017311673945268075,12.089096406449585,C1,traseira,2024-05-01 1400UT,13,1,O1_toros_01-04mai
-30.0,0.026172210759914008,8.387796866848294,C1,traseira,2024-05-01 1400UT,9,1,O1_toros_01-04mai
-25.0,0.02727242798177556,8.125733921974057,C1,traseira,2024-05-01 1400UT,12,1,O1_toros_01-04mai
-20.0,0.02906884574402411,7.733811097876815,C1,traseira,2024-05-01 1400UT,12,1,O1_toros_01-04mai
-15.0,0.039059441474703305,6.171897046005365,C1,traseira,2024-05-01 1400UT,22,1,O1_toros_01-04mai
-70.0,0.0219443439721867,9.832972172558476,C6,frente,2024-05-01 1400UT,8,1,O1_toros_01-04mai
-65.0,0.02029185501627548,10.535299424768791,C6,frente,2024-05-01 1400UT,6,1,O1_toros_01-04mai
-55.0,0.0158105056998648,13.033780707488598,C6,frente,2024-05-01 1400UT,5,1,O1_toros_01-04mai
-30.0,0.012761611710052108,15.357695180520286,C6,frente,2024-05-01 1400UT,5,1,O1_toros_01-04mai
-25.0,0.01893181569313266,11.383835287178165,C6,frente,2024-05-01 1400UT,6,1,O1_toros_01-04mai
-20.0,0.019897213285019574,10.715011300454504,C6,frente,2024-05-01 1400UT,7,1,O1_toros_01-04mai
-15.0,0.02415815376159162,9.006900106236367,C6,frente,2024-05-01 1400UT,11,1,O1_toros_01-04mai
-60.0,0.0201667063624317,10.588095425590204,C6,traseira,2024-05-01 1400UT,13,1,O1_toros_01-04mai
-55.0,0.018432792080557994,11.45678408995408,C6,traseira,2024-05-01 1400UT,9,1,O1_toros_01-04mai
-50.0,0.01786865941267249,11.767747731044135,C6,traseira,2024-05-01 1400UT,14,1,O1_toros_01-04mai
-45.0,0.017707623036990812,11.859291874966928,C6,traseira,2024-05-01 1400UT,20,1,O1_toros_01-04mai
-40.0,0.024244636593456395,8.979315022134521,C6,traseira,2024-05-01 1400UT,20,1,O1_toros_01-04mai
-35.0,0.03536648485902783,6.574585617188092,C6,traseira,2024-05-01 1400UT,6,1,O1_toros_01-04mai
-30.0,0.039057325630305444,6.15768259709102,C6,traseira,2024-05-01 1400UT,11,1,O1_toros_01-04mai
-25.0,0.04012056568781857,6.059520987791518,C6,traseira,2024-05-01 1400UT,11,1,O1_toros_01-04mai
-20.0,0.040819514654404615,5.999571252400303,C6,traseira,2024-05-01 1400UT,5,1,O1_toros_01-04mai
-15.0,0.03136677230894182,7.198140236684429,C6,traseira,2024-05-01 1400UT,10,1,O1_toros_01-04mai
-60.0,0.02888431970801534,7.702482349479688,C11,frente,2024-05-01 1400UT,105,1,O1_toros_01-04mai
-55.0,0.03019708478989212,7.42243600902599,C11,frente,2024-05-01 1400UT,379,1,O1_toros_01-04mai
-50.0,0.030694008920257213,7.3241707550300355,C11,frente,2024-05-01 1400UT,464,1,O1_toros_01-04mai
-45.0,0.023488147748168577,9.237050924675216,C11,frente,2024-05-01 1400UT,110,1,O1_toros_01-04mai
-60.0,0.027543011335861154,8.022083327227769,C11,traseira,2024-05-01 1400UT,99,1,O1_toros_01-04mai
-55.0,0.024919540716960592,8.760564159557642,C11,traseira,2024-05-01 1400UT,385,1,O1_toros_01-04mai
-50.0,0.021850701751364915,9.85643959713377,C11,traseira,2024-05-01 1400UT,426,1,O1_toros_01-04mai
-45.0,0.01713953876213641,12.192224675921562,C11,traseira,2024-05-01 1400UT,66,1,O1_toros_01-04mai
-40.0,0.015044160502949521,13.563571545424717,C11,traseira,2024-05-01 1400UT,29,1,O1_toros_01-04mai
-60.0,0.024206486348769127,8.990793909541726,C19,inteira,2024-05-01 1400UT,135,1,O1_toros_01-04mai
-55.0,0.023965740208129412,9.071666456065593,C19,inteira,2024-05-01 1400UT,339,1,O1_toros_01-04mai
-50.0,0.023765848545926588,9.140058850508826,C19,inteira,2024-05-01 1400UT,277,1,O1_toros_01-04mai
-45.0,0.020906584591056588,10.253959631922875,C19,inteira,2024-05-01 1400UT,124,1,O1_toros_01-04mai
-40.0,0.023901206104341096,9.093646047644134,C19,inteira,2024-05-01 1400UT,128,1,O1_toros_01-04mai
-35.0,0.02960377719377156,7.545226482244846,C19,inteira,2024-05-01 1400UT,110,1,O1_toros_01-04mai
-30.0,0.037009881157333356,6.376113404052779,C19,inteira,2024-05-01 1400UT,124,1,O1_toros_01-04mai
-25.0,0.05933311963060156,5.2136904271679505,C19,inteira,2024-05-01 1400UT,112,1,O1_toros_01-04mai
-20.0,0.05628762083978647,5.275426141855041,C19,inteira,2024-05-01 1400UT,362,1,O1_toros_01-04mai
-15.0,0.024756567677159218,8.818997086718268,C19,inteira,2024-05-01 1400UT,14,1,O1_toros_01-04mai
-60.0,0.03130314515938537,7.209146512923616,C16,frente,2024-05-01 1400UT,42,1,O1_toros_01-04mai
-55.0,0.024597256284330862,8.862935002010202,C16,frente,2024-05-01 1400UT,394,1,O1_toros_01-04mai
-50.0,0.024355482546804072,8.9415491688532,C16,frente,2024-05-01 1400UT,267,1,O1_toros_01-04mai
-45.0,0.031068450522367896,7.252768350972836,C16,frente,2024-05-01 1400UT,63,1,O1_toros_01-04mai
-40.0,0.03433203987322374,6.716382482606146,C16,frente,2024-05-01 1400UT,30,1,O1_toros_01-04mai
-35.0,0.03550534857359646,6.556466726997432,C16,frente,2024-05-01 1400UT,5,1,O1_toros_01-04mai
-60.0,0.029593383091073743,7.547422653872037,C16,traseira,2024-05-01 1400UT,41,1,O1_toros_01-04mai
-55.0,0.027421831471797074,8.052784296124834,C16,traseira,2024-05-01 1400UT,70,1,O1_toros_01-04mai
-50.0,0.025431136854755107,8.603609482179865,C16,traseira,2024-05-01 1400UT,43,1,O1_toros_01-04mai
-45.0,0.0263080999668411,8.349649514273525,C16,traseira,2024-05-01 1400UT,87,1,O1_toros_01-04mai
-40.0,0.0325995515191361,6.9829419178053245,C16,traseira,2024-05-01 1400UT,56,1,O1_toros_01-04mai
-35.0,0.038414737735891345,6.221365184730608,C16,traseira,2024-05-01 1400UT,19,1,O1_toros_01-04mai
-30.0,0.03836596054888945,6.234263903853122,C16,traseira,2024-05-01 1400UT,8,1,O1_toros_01-04mai
-60.0,0.03376890969852463,6.798827121400949,C20,inteira,2024-05-01 1400UT,82,1,O1_toros_01-04mai
-55.0,0.02667772453381685,8.248046278520057,C20,inteira,2024-05-01 1400UT,279,1,O1_toros_01-04mai
-50.0,0.022632041171083445,9.550306794074483,C20,inteira,2024-05-01 1400UT,90,1,O1_toros_01-04mai
-45.0,0.026221624247365204,8.37387531138101,C20,inteira,2024-05-01 1400UT,47,1,O1_toros_01-04mai
-40.0,0.028797679821345838,7.722190501760133,C20,inteira,2024-05-01 1400UT,42,1,O1_toros_01-04mai
-35.0,0.03418327238290524,6.737840705047031,C20,inteira,2024-05-01 1400UT,28,1,O1_toros_01-04mai
-30.0,0.03666764210087996,6.417860306242067,C20,inteira,2024-05-01 1400UT,26,1,O1_toros_01-04mai
-25.0,0.05393330434319281,5.35298531465671,C20,inteira,2024-05-01 1400UT,28,1,O1_toros_01-04mai
-20.0,0.0503317328403243,5.453042248404621,C20,inteira,2024-05-01 1400UT,22,1,O1_toros_01-04mai
-15.0,0.05211816246056613,5.389854056738418,C20,inteira,2024-05-01 1400UT,15,1,O1_toros_01-04mai
-70.0,0.016637244649921355,12.498929878549589,C4,frente,2024-05-01 1500UT,2269,1,O1_toros_01-04mai
-65.0,0.01677160506055226,12.415434926028967,C4,frente,2024-05-01 1500UT,6326,1,O1_toros_01-04mai
-60.0,0.02065491686525634,10.365310909820094,C4,frente,2024-05-01 1500UT,5466,1,O1_toros_01-04mai
-55.0,0.02390369898066568,9.092771901557072,C4,frente,2024-05-01 1500UT,3108,1,O1_toros_01-04mai
-50.0,0.023329655141189738,9.293316449704022,C4,frente,2024-05-01 1500UT,1586,1,O1_toros_01-04mai
-45.0,0.03069734313872501,7.323525056508573,C4,frente,2024-05-01 1500UT,745,1,O1_toros_01-04mai
-40.0,0.03894901955905639,6.1681856376642825,C4,frente,2024-05-01 1500UT,330,1,O1_toros_01-04mai
-35.0,0.06196732214299079,5.171573054339156,C4,frente,2024-05-01 1500UT,247,1,O1_toros_01-04mai
-30.0,0.0745881421673945,5.0599358094297795,C4,frente,2024-05-01 1500UT,265,1,O1_toros_01-04mai
-25.0,0.08221191494048345,5.031752245147064,C4,frente,2024-05-01 1500UT,184,1,O1_toros_01-04mai
-20.0,0.09493045349691533,5.011002846669724,C4,frente,2024-05-01 1500UT,68,1,O1_toros_01-04mai
-15.0,0.11261269251724221,5.0025211346904115,C4,frente,2024-05-01 1500UT,34,1,O1_toros_01-04mai
-70.0,0.019281525715386418,11.01588560927973,C4,traseira,2024-05-01 1500UT,4714,1,O1_toros_01-04mai
-65.0,0.021222455285711206,10.117467946677536,C4,traseira,2024-05-01 1500UT,4084,1,O1_toros_01-04mai
-60.0,0.02301256485635879,9.408275830286593,C4,traseira,2024-05-01 1500UT,2830,1,O1_toros_01-04mai
-55.0,0.018429795286380446,11.458402802339544,C4,traseira,2024-05-01 1500UT,1404,1,O1_toros_01-04mai
-50.0,0.01769671809555358,11.865239144156826,C4,traseira,2024-05-01 1500UT,940,1,O1_toros_01-04mai
-45.0,0.016872234233602335,12.353513038508895,C4,traseira,2024-05-01 1500UT,736,1,O1_toros_01-04mai
-40.0,0.02142480368154621,10.03190385499143,C4,traseira,2024-05-01 1500UT,656,1,O1_toros_01-04mai
-35.0,0.023041059948110485,9.397820391636207,C4,traseira,2024-05-01 1500UT,451,1,O1_toros_01-04mai
-30.0,0.03441381146353389,6.704692329727852,C4,traseira,2024-05-01 1500UT,274,1,O1_toros_01-04mai
-25.0,0.041768986379888046,5.9235342423597,C4,traseira,2024-05-01 1500UT,238,1,O1_toros_01-04mai
-20.0,0.05310854908149702,5.3589712754907834,C4,traseira,2024-05-01 1500UT,246,1,O1_toros_01-04mai
-15.0,0.07268995045167201,5.070211897888416,C4,traseira,2024-05-01 1500UT,260,1,O1_toros_01-04mai
-65.0,0.016774980507126065,12.413349336419703,C1,frente,2024-05-01 1500UT,27,1,O1_toros_01-04mai
-60.0,0.0162884071149533,12.720161999051003,C1,frente,2024-05-01 1500UT,28,1,O1_toros_01-04mai
-55.0,0.01513928200923502,13.495958225777523,C1,frente,2024-05-01 1500UT,29,1,O1_toros_01-04mai
-50.0,0.014642664354654904,13.855100935673704,C1,frente,2024-05-01 1500UT,18,1,O1_toros_01-04mai
-45.0,0.01483695059798814,13.712727013619844,C1,frente,2024-05-01 1500UT,17,1,O1_toros_01-04mai
-40.0,0.014428667406515674,14.014265978676521,C1,frente,2024-05-01 1500UT,17,1,O1_toros_01-04mai
-35.0,0.012523571868801035,15.565208575093155,C1,frente,2024-05-01 1500UT,22,1,O1_toros_01-04mai
-30.0,0.015862095866414502,12.999316171476895,C1,frente,2024-05-01 1500UT,17,1,O1_toros_01-04mai
-25.0,0.026583886437934412,8.275240474894451,C1,frente,2024-05-01 1500UT,18,1,O1_toros_01-04mai
-20.0,0.0358035321022701,6.518267233263817,C1,frente,2024-05-01 1500UT,9,1,O1_toros_01-04mai
-15.0,0.06026628325008375,5.20088716148215,C1,frente,2024-05-01 1500UT,14,1,O1_toros_01-04mai
-70.0,0.016865629146998334,12.357581510671338,C1,traseira,2024-05-01 1500UT,22,1,O1_toros_01-04mai
-65.0,0.016281346450647178,12.72466542197678,C1,traseira,2024-05-01 1500UT,13,1,O1_toros_01-04mai
-60.0,0.014703495177817494,13.810164544989846,C1,traseira,2024-05-01 1500UT,9,1,O1_toros_01-04mai
-55.0,0.013522453965179993,14.721366722487081,C1,traseira,2024-05-01 1500UT,5,1,O1_toros_01-04mai
-50.0,0.02007487576864651,10.63102264418741,C1,traseira,2024-05-01 1500UT,5,1,O1_toros_01-04mai
-45.0,0.013321579024667433,14.886763172886194,C1,traseira,2024-05-01 1500UT,6,1,O1_toros_01-04mai
-35.0,0.02873575164239421,8.7462792679405,C1,traseira,2024-05-01 1500UT,8,1,O1_toros_01-04mai
-30.0,0.021878337228169016,9.846496194809028,C1,traseira,2024-05-01 1500UT,8,1,O1_toros_01-04mai
-25.0,0.022281362454259705,9.717927442850112,C1,traseira,2024-05-01 1500UT,8,1,O1_toros_01-04mai
-20.0,0.02324797561049556,9.322638936945165,C1,traseira,2024-05-01 1500UT,9,1,O1_toros_01-04mai
-15.0,0.025384771045942785,8.75464176357766,C1,traseira,2024-05-01 1500UT,6,1,O1_toros_01-04mai
-65.0,0.021832402635883152,9.868618674337856,C6,frente,2024-05-01 1500UT,10,1,O1_toros_01-04mai
-60.0,0.021390355729156867,10.046755969432253,C6,frente,2024-05-01 1500UT,16,1,O1_toros_01-04mai
-55.0,0.02092009492615943,10.259687550231003,C6,frente,2024-05-01 1500UT,6,1,O1_toros_01-04mai
-50.0,0.033450387375122,6.9768091157596395,C6,frente,2024-05-01 1500UT,10,1,O1_toros_01-04mai
-40.0,0.05922723275953726,5.21558385036419,C6,frente,2024-05-01 1500UT,7,1,O1_toros_01-04mai
-20.0,0.07935417486913515,5.040290058649381,C6,frente,2024-05-01 1500UT,7,1,O1_toros_01-04mai
-65.0,0.01782843168055762,11.79029740881932,C6,traseira,2024-05-01 1500UT,19,1,O1_toros_01-04mai
-60.0,0.017513865396298504,11.970650846223528,C6,traseira,2024-05-01 1500UT,15,1,O1_toros_01-04mai
-55.0,0.016874640192664957,12.352036617119463,C6,traseira,2024-05-01 1500UT,7,1,O1_toros_01-04mai
-50.0,0.015923950815973704,12.958189150588396,C6,traseira,2024-05-01 1500UT,7,1,O1_toros_01-04mai
-45.0,0.01673764410559412,12.474166667623933,C6,traseira,2024-05-01 1500UT,6,1,O1_toros_01-04mai
-40.0,0.01992739187059222,10.700656778187586,C6,traseira,2024-05-01 1500UT,5,1,O1_toros_01-04mai
-25.0,0.036395437142244746,6.447853840426527,C6,traseira,2024-05-01 1500UT,8,1,O1_toros_01-04mai
-15.0,0.022083493211829102,9.763136027781488,C6,traseira,2024-05-01 1500UT,5,1,O1_toros_01-04mai
-70.0,0.022760808557919128,9.501737057943906,C21,inteira,2024-05-01 1500UT,305,1,O1_toros_01-04mai
-65.0,0.020986574863475722,10.21905487800472,C21,inteira,2024-05-01 1500UT,216,1,O1_toros_01-04mai
-60.0,0.019562307571316186,10.876757028814541,C21,inteira,2024-05-01 1500UT,91,1,O1_toros_01-04mai
-55.0,0.020680510927177743,10.353879675373253,C21,inteira,2024-05-01 1500UT,55,1,O1_toros_01-04mai
-50.0,0.019319876465643156,10.996737661465122,C21,inteira,2024-05-01 1500UT,50,1,O1_toros_01-04mai
-45.0,0.02285580796048438,9.466239227118642,C21,inteira,2024-05-01 1500UT,41,1,O1_toros_01-04mai
-40.0,0.024325114177697893,8.951885280355109,C21,inteira,2024-05-01 1500UT,40,1,O1_toros_01-04mai
-35.0,0.024977368616248476,8.74297505895306,C21,inteira,2024-05-01 1500UT,38,1,O1_toros_01-04mai
-30.0,0.02848373631622859,7.794219135889552,C21,inteira,2024-05-01 1500UT,25,1,O1_toros_01-04mai
-25.0,0.036478484375005005,6.435747748627385,C21,inteira,2024-05-01 1500UT,24,1,O1_toros_01-04mai
-20.0,0.030132305448031377,7.435631893367713,C21,inteira,2024-05-01 1500UT,32,1,O1_toros_01-04mai
-15.0,0.03385448870052067,6.786022097286592,C21,inteira,2024-05-01 1500UT,34,1,O1_toros_01-04mai
-60.0,0.014609944823988025,13.879115797236592,C11,frente,2024-05-01 1500UT,15,1,O1_toros_01-04mai
-55.0,0.015518625080306195,13.231585335283617,C11,frente,2024-05-01 1500UT,119,1,O1_toros_01-04mai
-50.0,0.015519649058809582,13.230883329290503,C11,frente,2024-05-01 1500UT,104,1,O1_toros_01-04mai
-45.0,0.015342573652675788,13.353240986027732,C11,frente,2024-05-01 1500UT,86,1,O1_toros_01-04mai
-40.0,0.01579153932585025,13.046500637692056,C11,frente,2024-05-01 1500UT,34,1,O1_toros_01-04mai
-60.0,0.01563774836455269,13.150275127154869,C11,traseira,2024-05-01 1500UT,13,1,O1_toros_01-04mai
-55.0,0.018263720116165824,11.548402551072451,C11,traseira,2024-05-01 1500UT,264,1,O1_toros_01-04mai
-50.0,0.018550448582995857,11.393791746000167,C11,traseira,2024-05-01 1500UT,168,1,O1_toros_01-04mai
-45.0,0.02093972750296944,10.23946864595743,C11,traseira,2024-05-01 1500UT,61,1,O1_toros_01-04mai
-40.0,0.023508369941588607,9.229850094986041,C11,traseira,2024-05-01 1500UT,24,1,O1_toros_01-04mai
-60.0,0.01469436870197962,13.816867573113386,C22,inteira,2024-05-01 1500UT,43,1,O1_toros_01-04mai
-55.0,0.017838944369363296,11.784351323459244,C22,inteira,2024-05-01 1500UT,333,1,O1_toros_01-04mai
-50.0,0.0210794643791248,10.17881910652636,C22,inteira,2024-05-01 1500UT,176,1,O1_toros_01-04mai
-45.0,0.019225741328628244,11.044928253527537,C22,inteira,2024-05-01 1500UT,6,1,O1_toros_01-04mai
-65.0,0.03162999863211379,7.14977709994182,C19,frente,2024-05-01 1500UT,91,1,O1_toros_01-04mai
-60.0,0.015567980912413367,13.197798470050314,C19,frente,2024-05-01 1500UT,97,1,O1_toros_01-04mai
-55.0,0.012954876020874745,15.19221868451505,C19,frente,2024-05-01 1500UT,96,1,O1_toros_01-04mai
-50.0,0.013191430801658278,14.993592650016657,C19,frente,2024-05-01 1500UT,84,1,O1_toros_01-04mai
-45.0,0.011748331733626861,16.270286364663566,C19,frente,2024-05-01 1500UT,139,1,O1_toros_01-04mai
-40.0,0.011221132891867606,16.776464125093526,C19,frente,2024-05-01 1500UT,101,1,O1_toros_01-04mai
-35.0,0.011350436792442372,16.65025011591641,C19,frente,2024-05-01 1500UT,47,1,O1_toros_01-04mai
-30.0,0.015553240565767299,13.20787452323682,C19,frente,2024-05-01 1500UT,15,1,O1_toros_01-04mai
-25.0,0.043885900944838255,5.77417213737698,C19,frente,2024-05-01 1500UT,17,1,O1_toros_01-04mai
-20.0,0.02266096297013664,9.541137750639518,C19,frente,2024-05-01 1500UT,30,1,O1_toros_01-04mai
-15.0,0.04507721389216132,6.4298559525555765,C19,frente,2024-05-01 1500UT,10,1,O1_toros_01-04mai
-65.0,0.035546157376639,6.551182588388479,C19,traseira,2024-05-01 1500UT,35,1,O1_toros_01-04mai
-60.0,0.022027928382009506,9.78524240589697,C19,traseira,2024-05-01 1500UT,153,1,O1_toros_01-04mai
-55.0,0.02060474810196146,10.388315753103996,C19,traseira,2024-05-01 1500UT,152,1,O1_toros_01-04mai
-50.0,0.02588805748329378,8.46929257939065,C19,traseira,2024-05-01 1500UT,58,1,O1_toros_01-04mai
-45.0,0.03640797337107002,6.443686051162176,C19,traseira,2024-05-01 1500UT,49,1,O1_toros_01-04mai
-40.0,0.05618016346187123,5.277923426894216,C19,traseira,2024-05-01 1500UT,98,1,O1_toros_01-04mai
-35.0,0.10268466552888336,5.005765530670668,C19,traseira,2024-05-01 1500UT,169,1,O1_toros_01-04mai
-30.0,0.13189546918421285,5.000505434694873,C19,traseira,2024-05-01 1500UT,105,1,O1_toros_01-04mai
-25.0,0.1436360365682388,5.000190002689174,C19,traseira,2024-05-01 1500UT,63,1,O1_toros_01-04mai
-20.0,0.12097254379868977,5.001255968947091,C19,traseira,2024-05-01 1500UT,7,1,O1_toros_01-04mai
-70.0,0.02039514602890343,10.482723021361945,C4,frente,2024-05-01 1600UT,189,1,O1_toros_01-04mai
-65.0,0.015934736684889195,12.95103936551469,C4,frente,2024-05-01 1600UT,4275,1,O1_toros_01-04mai
-60.0,0.017283002304876373,12.106054659594848,C4,frente,2024-05-01 1600UT,8424,1,O1_toros_01-04mai
-55.0,0.019410472010890564,10.951587837619472,C4,frente,2024-05-01 1600UT,6689,1,O1_toros_01-04mai
-50.0,0.022584018336466866,9.568549934739519,C4,frente,2024-05-01 1600UT,2629,1,O1_toros_01-04mai
-45.0,0.027711291464510106,7.9799993814583505,C4,frente,2024-05-01 1600UT,521,1,O1_toros_01-04mai
-40.0,0.03616485488533217,6.473233248970557,C4,frente,2024-05-01 1600UT,133,1,O1_toros_01-04mai
-35.0,0.04334261617608601,5.810053355292012,C4,frente,2024-05-01 1600UT,28,1,O1_toros_01-04mai
-70.0,0.020650253146654387,10.367396639032167,C4,traseira,2024-05-01 1600UT,4144,1,O1_toros_01-04mai
-65.0,0.0207043360056264,10.34326050632649,C4,traseira,2024-05-01 1600UT,4796,1,O1_toros_01-04mai
-60.0,0.02004936688921674,10.64300562612205,C4,traseira,2024-05-01 1600UT,2340,1,O1_toros_01-04mai
-55.0,0.01901748014460609,11.149725026075702,C4,traseira,2024-05-01 1600UT,1471,1,O1_toros_01-04mai
-50.0,0.01719304795521558,12.15952319153576,C4,traseira,2024-05-01 1600UT,979,1,O1_toros_01-04mai
-45.0,0.02015212176946845,10.59489122927344,C4,traseira,2024-05-01 1600UT,583,1,O1_toros_01-04mai
-40.0,0.021522276903467502,9.99120313152052,C4,traseira,2024-05-01 1600UT,426,1,O1_toros_01-04mai
-35.0,0.025304489021761266,8.64184333136452,C4,traseira,2024-05-01 1600UT,421,1,O1_toros_01-04mai
-30.0,0.03269666046392209,6.966933392465923,C4,traseira,2024-05-01 1600UT,289,1,O1_toros_01-04mai
-25.0,0.06271620702782053,5.16119294683542,C4,traseira,2024-05-01 1600UT,327,1,O1_toros_01-04mai
-20.0,0.07040250054568752,5.084951254470363,C4,traseira,2024-05-01 1600UT,433,1,O1_toros_01-04mai
-15.0,0.06877789728251354,5.097267140649675,C4,traseira,2024-05-01 1600UT,413,1,O1_toros_01-04mai
-70.0,0.022929213844923232,9.444548661882521,C1,frente,2024-05-01 1600UT,6,1,O1_toros_01-04mai
-65.0,0.018841861862858002,11.240464378669339,C1,frente,2024-05-01 1600UT,16,1,O1_toros_01-04mai
-60.0,0.025065077016284396,8.715231397722626,C1,frente,2024-05-01 1600UT,5,1,O1_toros_01-04mai
-55.0,0.0157463924098545,13.079412196878703,C1,frente,2024-05-01 1600UT,10,1,O1_toros_01-04mai
-30.0,0.026509872569497675,8.293798092053875,C1,frente,2024-05-01 1600UT,5,1,O1_toros_01-04mai
-25.0,0.026949977131643668,8.176554589658231,C1,frente,2024-05-01 1600UT,6,1,O1_toros_01-04mai
-20.0,0.022616242033041186,9.562053504243698,C1,frente,2024-05-01 1600UT,12,1,O1_toros_01-04mai
-15.0,0.03401374543016675,6.765099899280016,C1,frente,2024-05-01 1600UT,8,1,O1_toros_01-04mai
-65.0,0.017158353113439058,12.180255960590877,C1,traseira,2024-05-01 1600UT,14,1,O1_toros_01-04mai
-60.0,0.01642949998363376,12.629882023789268,C1,traseira,2024-05-01 1600UT,15,1,O1_toros_01-04mai
-55.0,0.016740944325790312,12.43443859266635,C1,traseira,2024-05-01 1600UT,10,1,O1_toros_01-04mai
-50.0,0.01640724306788802,12.644046625689409,C1,traseira,2024-05-01 1600UT,7,1,O1_toros_01-04mai
-45.0,0.017347863575084596,12.068256326739634,C1,traseira,2024-05-01 1600UT,8,1,O1_toros_01-04mai
-40.0,0.012204090934422606,15.864734423862657,C1,traseira,2024-05-01 1600UT,6,1,O1_toros_01-04mai
-35.0,0.01273031182287168,15.384746668922473,C1,traseira,2024-05-01 1600UT,7,1,O1_toros_01-04mai
-30.0,0.019428520245435066,10.942643261280605,C1,traseira,2024-05-01 1600UT,9,1,O1_toros_01-04mai
-25.0,0.018894198287477435,11.213229802145595,C1,traseira,2024-05-01 1600UT,15,1,O1_toros_01-04mai
-20.0,0.019699506692282397,10.809949180780524,C1,traseira,2024-05-01 1600UT,11,1,O1_toros_01-04mai
-15.0,0.032047490480204305,7.076270333269684,C1,traseira,2024-05-01 1600UT,16,1,O1_toros_01-04mai
-70.0,0.027205443977756292,8.108303410549189,C23,inteira,2024-05-01 1600UT,29,1,O1_toros_01-04mai
-65.0,0.02651405356189988,8.29265067988744,C23,inteira,2024-05-01 1600UT,191,1,O1_toros_01-04mai
-60.0,0.02521015644345143,8.670584858557737,C23,inteira,2024-05-01 1600UT,173,1,O1_toros_01-04mai
-55.0,0.024529167575680424,8.884913528981524,C23,inteira,2024-05-01 1600UT,100,1,O1_toros_01-04mai
-50.0,0.026479802534803726,8.302062160505841,C23,inteira,2024-05-01 1600UT,61,1,O1_toros_01-04mai
-45.0,0.027866961776427664,7.941590927986995,C23,inteira,2024-05-01 1600UT,65,1,O1_toros_01-04mai
-40.0,0.03904355780217099,6.15901159058757,C23,inteira,2024-05-01 1600UT,45,1,O1_toros_01-04mai
-35.0,0.048708711222902004,5.517957882925907,C23,inteira,2024-05-01 1600UT,40,1,O1_toros_01-04mai
-30.0,0.05608055951461295,5.280219353295055,C23,inteira,2024-05-01 1600UT,33,1,O1_toros_01-04mai
-25.0,0.07674476386812722,5.052373136205002,C23,inteira,2024-05-01 1600UT,30,1,O1_toros_01-04mai
-20.0,0.08324665765883663,5.0291289110857,C23,inteira,2024-05-01 1600UT,23,1,O1_toros_01-04mai
-15.0,0.08538124794097277,5.02438719832213,C23,inteira,2024-05-01 1600UT,40,1,O1_toros_01-04mai
-70.0,0.024519249469262493,8.888123274721902,C24,inteira,2024-05-01 1600UT,5,1,O1_toros_01-04mai
-65.0,0.024063825392250746,9.038521254981813,C24,inteira,2024-05-01 1600UT,15,1,O1_toros_01-04mai
-60.0,0.021178996658501363,10.136033009517302,C24,inteira,2024-05-01 1600UT,23,1,O1_toros_01-04mai
-55.0,0.020573011403384828,10.402465549426442,C24,inteira,2024-05-01 1600UT,30,1,O1_toros_01-04mai
-50.0,0.019607513163759194,10.854660152285312,C24,inteira,2024-05-01 1600UT,45,1,O1_toros_01-04mai
-45.0,0.019821307128026416,10.751276255507769,C24,inteira,2024-05-01 1600UT,51,1,O1_toros_01-04mai
-40.0,0.01884148706556895,11.240582076563257,C24,inteira,2024-05-01 1600UT,37,1,O1_toros_01-04mai
-35.0,0.024895951241438175,8.769007167862679,C24,inteira,2024-05-01 1600UT,46,1,O1_toros_01-04mai
-30.0,0.026971147929707104,8.171636272947996,C24,inteira,2024-05-01 1600UT,44,1,O1_toros_01-04mai
-25.0,0.03072979568157573,7.317249854222671,C24,inteira,2024-05-01 1600UT,49,1,O1_toros_01-04mai
-20.0,0.048871122555771675,5.510994646856569,C24,inteira,2024-05-01 1600UT,45,1,O1_toros_01-04mai
-15.0,0.07095487382527553,5.081129489055499,C24,inteira,2024-05-01 1600UT,33,1,O1_toros_01-04mai
-65.0,0.03288800578738303,6.935818496620041,C25,inteira,2024-05-01 1600UT,77,1,O1_toros_01-04mai
-60.0,0.02862670150683806,7.761127864662793,C25,inteira,2024-05-01 1600UT,528,1,O1_toros_01-04mai
-55.0,0.029834156824229408,7.496819392249681,C25,inteira,2024-05-01 1600UT,698,1,O1_toros_01-04mai
-50.0,0.02983672566967517,7.496290555736515,C25,inteira,2024-05-01 1600UT,188,1,O1_toros_01-04mai
-45.0,0.02737938420197474,8.063573458445708,C25,inteira,2024-05-01 1600UT,127,1,O1_toros_01-04mai
-60.0,0.019485819499087446,10.914541475985551,C19,frente,2024-05-01 1600UT,56,1,O1_toros_01-04mai
-55.0,0.021315718192273927,10.07784791121899,C19,frente,2024-05-01 1600UT,299,1,O1_toros_01-04mai
-50.0,0.02572499588923944,8.516789968204266,C19,frente,2024-05-01 1600UT,150,1,O1_toros_01-04mai
-45.0,0.02065062229724527,10.367447722949725,C19,frente,2024-05-01 1600UT,34,1,O1_toros_01-04mai
-40.0,0.011533045196013857,16.47430608237983,C19,frente,2024-05-01 1600UT,9,1,O1_toros_01-04mai
-60.0,0.01937381865726976,10.9698156240047,C19,traseira,2024-05-01 1600UT,30,1,O1_toros_01-04mai
-55.0,0.018627052394099678,11.35317812765548,C19,traseira,2024-05-01 1600UT,126,1,O1_toros_01-04mai
-50.0,0.018418340957976547,11.46460141089513,C19,traseira,2024-05-01 1600UT,72,1,O1_toros_01-04mai
-45.0,0.018873418962744724,11.223998015938522,C19,traseira,2024-05-01 1600UT,127,1,O1_toros_01-04mai
-40.0,0.014425312758254724,14.016786305251248,C19,traseira,2024-05-01 1600UT,69,1,O1_toros_01-04mai
-35.0,0.015355222108414167,13.345508575719645,C19,traseira,2024-05-01 1600UT,28,1,O1_toros_01-04mai
-30.0,0.023987978238215538,9.064127956517943,C19,traseira,2024-05-01 1600UT,15,1,O1_toros_01-04mai
-25.0,0.034475100451144915,6.6959996721582025,C19,traseira,2024-05-01 1600UT,5,1,O1_toros_01-04mai
-20.0,0.046987026746933065,5.597866268936049,C19,traseira,2024-05-01 1600UT,5,1,O1_toros_01-04mai
-15.0,0.05666520549444887,5.299515090614648,C19,traseira,2024-05-01 1600UT,6,1,O1_toros_01-04mai
-65.0,0.024482605314452573,8.902352478578841,C26,inteira,2024-05-01 1700UT,12,1,O1_toros_01-04mai
-60.0,0.026157686680740002,8.392337887708337,C26,inteira,2024-05-01 1700UT,48,1,O1_toros_01-04mai
-55.0,0.02957775004699085,7.627609766949982,C26,inteira,2024-05-01 1700UT,36,1,O1_toros_01-04mai
-50.0,0.020606111893286712,10.389262309341355,C26,inteira,2024-05-01 1700UT,52,1,O1_toros_01-04mai
-45.0,0.02350801281820755,9.23125997408299,C26,inteira,2024-05-01 1700UT,36,1,O1_toros_01-04mai
-40.0,0.017308958784159972,12.090849299009113,C26,inteira,2024-05-01 1700UT,36,1,O1_toros_01-04mai
-35.0,0.015712464419723716,13.099844246424489,C26,inteira,2024-05-01 1700UT,40,1,O1_toros_01-04mai
-30.0,0.021464728187324544,10.017529169156024,C26,inteira,2024-05-01 1700UT,28,1,O1_toros_01-04mai
-25.0,0.04888304534420828,5.510487192237508,C26,inteira,2024-05-01 1700UT,11,1,O1_toros_01-04mai
-20.0,0.06971133656294848,5.090434303024697,C26,inteira,2024-05-01 1700UT,16,1,O1_toros_01-04mai
-15.0,0.08472477681799417,5.025755943051365,C26,inteira,2024-05-01 1700UT,12,1,O1_toros_01-04mai
-70.0,0.0242816442826161,8.965877035398545,C4,frente,2024-05-01 1700UT,3602,1,O1_toros_01-04mai
-65.0,0.023132628469687104,9.364389611530363,C4,frente,2024-05-01 1700UT,2675,1,O1_toros_01-04mai
-60.0,0.02120512438874897,10.124862434419562,C4,frente,2024-05-01 1700UT,1151,1,O1_toros_01-04mai
-55.0,0.018313247126293203,11.521430507995525,C4,frente,2024-05-01 1700UT,776,1,O1_toros_01-04mai
-50.0,0.01689050718970299,12.342322251957183,C4,frente,2024-05-01 1700UT,588,1,O1_toros_01-04mai
-45.0,0.017197018153855295,12.157154855902814,C4,frente,2024-05-01 1700UT,453,1,O1_toros_01-04mai
-40.0,0.019318621015409577,10.99731756669929,C4,frente,2024-05-01 1700UT,285,1,O1_toros_01-04mai
-35.0,0.022652769567662226,9.542878215434147,C4,frente,2024-05-01 1700UT,222,1,O1_toros_01-04mai
-30.0,0.03626116302616271,6.461456872618176,C4,frente,2024-05-01 1700UT,151,1,O1_toros_01-04mai
-25.0,0.05249300863942524,5.377864351982401,C4,frente,2024-05-01 1700UT,173,1,O1_toros_01-04mai
-20.0,0.06759230577518881,5.107627194177034,C4,frente,2024-05-01 1700UT,172,1,O1_toros_01-04mai
-15.0,0.08926313374675643,5.017643336589343,C4,frente,2024-05-01 1700UT,257,1,O1_toros_01-04mai
-70.0,0.022170276986104673,9.728813399649749,C4,traseira,2024-05-01 1700UT,1208,1,O1_toros_01-04mai
-65.0,0.019648972729157718,10.83446746307399,C4,traseira,2024-05-01 1700UT,3424,1,O1_toros_01-04mai
-60.0,0.021157342377278773,10.14530960332155,C4,traseira,2024-05-01 1700UT,4918,1,O1_toros_01-04mai
-55.0,0.019574965850951365,10.87056116176105,C4,traseira,2024-05-01 1700UT,3150,1,O1_toros_01-04mai
-50.0,0.020667315147074573,10.359770298494556,C4,traseira,2024-05-01 1700UT,1713,1,O1_toros_01-04mai
-45.0,0.028582021664889913,7.771426703229599,C4,traseira,2024-05-01 1700UT,811,1,O1_toros_01-04mai
-40.0,0.0402246951265278,6.050366818855578,C4,traseira,2024-05-01 1700UT,447,1,O1_toros_01-04mai
-35.0,0.05129502603588862,5.4175344925036635,C4,traseira,2024-05-01 1700UT,253,1,O1_toros_01-04mai
-30.0,0.06689927148212692,5.11377547936435,C4,traseira,2024-05-01 1700UT,194,1,O1_toros_01-04mai
-25.0,0.08520358579807569,5.02474955449439,C4,traseira,2024-05-01 1700UT,150,1,O1_toros_01-04mai
-20.0,0.10778121163963092,5.003770414807827,C4,traseira,2024-05-01 1700UT,125,1,O1_toros_01-04mai
-15.0,0.1948250936473962,5.000002667884167,C4,traseira,2024-05-01 1700UT,106,1,O1_toros_01-04mai
-65.0,0.02059727782143818,10.39114376230916,C1,frente,2024-05-01 1700UT,19,1,O1_toros_01-04mai
-55.0,0.025603028298183818,8.58701809097185,C1,frente,2024-05-01 1700UT,6,1,O1_toros_01-04mai
-45.0,0.022402190243007984,9.638301275302162,C1,frente,2024-05-01 1700UT,5,1,O1_toros_01-04mai
-40.0,0.01863501277850299,11.348887813728975,C1,frente,2024-05-01 1700UT,5,1,O1_toros_01-04mai
-35.0,0.024691841966693776,9.05279370083021,C1,frente,2024-05-01 1700UT,6,1,O1_toros_01-04mai
-65.0,0.018550894428927128,11.393548995597357,C1,traseira,2024-05-01 1700UT,9,1,O1_toros_01-04mai
-60.0,0.018129621272136697,11.621987880817672,C1,traseira,2024-05-01 1700UT,15,1,O1_toros_01-04mai
-55.0,0.01907367627299278,11.121701234518362,C1,traseira,2024-05-01 1700UT,8,1,O1_toros_01-04mai
-50.0,0.021588457858087023,9.963738699332357,C1,traseira,2024-05-01 1700UT,7,1,O1_toros_01-04mai
-45.0,0.023552747316220892,9.214236510061813,C1,traseira,2024-05-01 1700UT,5,1,O1_toros_01-04mai
-40.0,0.021973719999883425,9.952691769869805,C1,traseira,2024-05-01 1700UT,6,1,O1_toros_01-04mai
-35.0,0.017794280103023714,11.820431296719278,C1,traseira,2024-05-01 1700UT,10,1,O1_toros_01-04mai
-30.0,0.02625706445834316,8.363925773114481,C1,traseira,2024-05-01 1700UT,13,1,O1_toros_01-04mai
-25.0,0.02541839202470834,8.607438797852748,C1,traseira,2024-05-01 1700UT,13,1,O1_toros_01-04mai
-20.0,0.026084355861929906,8.414024752050803,C1,traseira,2024-05-01 1700UT,20,1,O1_toros_01-04mai
-15.0,0.05202054063642544,5.393038514212738,C1,traseira,2024-05-01 1700UT,21,1,O1_toros_01-04mai
-60.0,0.014826172422811505,13.720556137247842,C27,inteira,2024-05-01 1700UT,55,1,O1_toros_01-04mai
-55.0,0.016383686825194428,12.659116539473507,C27,inteira,2024-05-01 1700UT,144,1,O1_toros_01-04mai
-50.0,0.019817119788174017,10.753308617627653,C27,inteira,2024-05-01 1700UT,30,1,O1_toros_01-04mai
-65.0,0.017658537775499094,11.887117014393112,C28,inteira,2024-05-01 1700UT,51,1,O1_toros_01-04mai
-60.0,0.0166886631405732,12.466866649736414,C28,inteira,2024-05-01 1700UT,1577,1,O1_toros_01-04mai
-55.0,0.015176460236167574,13.469676903762307,C28,inteira,2024-05-01 1700UT,2711,1,O1_toros_01-04mai
-50.0,0.01890390828361784,11.208204299203864,C28,inteira,2024-05-01 1700UT,727,1,O1_toros_01-04mai
-45.0,0.022532626408426105,9.589213858640147,C28,inteira,2024-05-01 1700UT,120,1,O1_toros_01-04mai
-40.0,0.04655505563712882,5.619780070979844,C28,inteira,2024-05-01 1700UT,65,1,O1_toros_01-04mai
-35.0,0.06851787654488858,5.099420575360247,C28,inteira,2024-05-01 1700UT,46,1,O1_toros_01-04mai
-30.0,0.08920671502355831,5.017726591568087,C28,inteira,2024-05-01 1700UT,38,1,O1_toros_01-04mai
-25.0,0.10191531595924988,5.006234636214209,C28,inteira,2024-05-01 1700UT,6,1,O1_toros_01-04mai
-60.0,0.012920554711499553,15.22140947873823,C29,inteira,2024-05-01 1700UT,41,1,O1_toros_01-04mai
-55.0,0.014206753199709642,14.182516372179471,C29,inteira,2024-05-01 1700UT,183,1,O1_toros_01-04mai
-50.0,0.014023046539628495,14.324172018691552,C29,inteira,2024-05-01 1700UT,41,1,O1_toros_01-04mai
-70.0,0.035652149292783555,6.537541851163262,C23,frente,2024-05-01 1700UT,297,1,O1_toros_01-04mai
-65.0,0.03349787315775572,6.839894105641558,C23,frente,2024-05-01 1700UT,548,1,O1_toros_01-04mai
-60.0,0.03146178721758363,7.180124052932449,C23,frente,2024-05-01 1700UT,389,1,O1_toros_01-04mai
-55.0,0.03138346902161058,7.194399200989885,C23,frente,2024-05-01 1700UT,139,1,O1_toros_01-04mai
-50.0,0.03697503970661545,6.3772879042836035,C23,frente,2024-05-01 1700UT,80,1,O1_toros_01-04mai
-45.0,0.04552736683264112,5.675199828417777,C23,frente,2024-05-01 1700UT,70,1,O1_toros_01-04mai
-40.0,0.05275950414489523,5.369565250166972,C23,frente,2024-05-01 1700UT,63,1,O1_toros_01-04mai
-35.0,0.05871825802168354,5.22494802338473,C23,frente,2024-05-01 1700UT,64,1,O1_toros_01-04mai
-30.0,0.06805894606655997,5.103272778421818,C23,frente,2024-05-01 1700UT,57,1,O1_toros_01-04mai
-25.0,0.07738719592940482,5.047705516626911,C23,frente,2024-05-01 1700UT,60,1,O1_toros_01-04mai
-20.0,0.09145016215848036,5.014703797799201,C23,frente,2024-05-01 1700UT,67,1,O1_toros_01-04mai
-15.0,0.11089329891236467,5.002909101928591,C23,frente,2024-05-01 1700UT,89,1,O1_toros_01-04mai
-70.0,0.03503761640147083,6.618332041576527,C23,traseira,2024-05-01 1700UT,545,1,O1_toros_01-04mai
-65.0,0.03597577359375177,6.496630501296259,C23,traseira,2024-05-01 1700UT,209,1,O1_toros_01-04mai
-60.0,0.038332209274773564,6.22979391770356,C23,traseira,2024-05-01 1700UT,61,1,O1_toros_01-04mai
-55.0,0.040828196203221916,5.998848361705278,C23,traseira,2024-05-01 1700UT,41,1,O1_toros_01-04mai
-50.0,0.05100046718808607,5.427931185068427,C23,traseira,2024-05-01 1700UT,36,1,O1_toros_01-04mai
-45.0,0.04725207710547865,5.584805649245288,C23,traseira,2024-05-01 1700UT,31,1,O1_toros_01-04mai
-40.0,0.05197236760948466,5.394688106095449,C23,traseira,2024-05-01 1700UT,36,1,O1_toros_01-04mai
-35.0,0.05385454188160475,5.33733675108747,C23,traseira,2024-05-01 1700UT,32,1,O1_toros_01-04mai
-30.0,0.07251187378945378,5.071257534977971,C23,traseira,2024-05-01 1700UT,30,1,O1_toros_01-04mai
-25.0,0.0724914285848075,5.071378755180414,C23,traseira,2024-05-01 1700UT,43,1,O1_toros_01-04mai
-20.0,0.08409870657746117,5.0271323600288,C23,traseira,2024-05-01 1700UT,43,1,O1_toros_01-04mai
-15.0,0.10232007477310517,5.005945087606159,C23,traseira,2024-05-01 1700UT,56,1,O1_toros_01-04mai
-65.0,0.026626550078385908,8.26264876413358,C24,frente,2024-05-01 1700UT,8,1,O1_toros_01-04mai
-60.0,0.024454542028572473,8.909145778984609,C24,frente,2024-05-01 1700UT,79,1,O1_toros_01-04mai
-55.0,0.023330690904052313,9.292945695676657,C24,frente,2024-05-01 1700UT,41,1,O1_toros_01-04mai
-50.0,0.02270515164620809,9.522664951506158,C24,frente,2024-05-01 1700UT,33,1,O1_toros_01-04mai
-45.0,0.021577793138281887,9.968152067048482,C24,frente,2024-05-01 1700UT,77,1,O1_toros_01-04mai
-40.0,0.022792983771836365,9.489682862691982,C24,frente,2024-05-01 1700UT,53,1,O1_toros_01-04mai
-35.0,0.024892320683180855,8.769104065205422,C24,frente,2024-05-01 1700UT,49,1,O1_toros_01-04mai
-30.0,0.0293359158773514,7.602673138998655,C24,frente,2024-05-01 1700UT,44,1,O1_toros_01-04mai
-25.0,0.03553603844748713,6.555498288080958,C24,frente,2024-05-01 1700UT,48,1,O1_toros_01-04mai
-20.0,0.046126057132721145,5.64233794948138,C24,frente,2024-05-01 1700UT,41,1,O1_toros_01-04mai
-15.0,0.05490244932346325,5.309286333886726,C24,frente,2024-05-01 1700UT,48,1,O1_toros_01-04mai
-60.0,0.027557547971469303,8.018424633378874,C24,traseira,2024-05-01 1700UT,99,1,O1_toros_01-04mai
-55.0,0.023942761616117112,9.079487100123515,C24,traseira,2024-05-01 1700UT,72,1,O1_toros_01-04mai
-50.0,0.021871298630845446,9.848111086686785,C24,traseira,2024-05-01 1700UT,45,1,O1_toros_01-04mai
-45.0,0.019595235638363524,10.860653279186396,C24,traseira,2024-05-01 1700UT,45,1,O1_toros_01-04mai
-40.0,0.021589057704650878,9.963512231372578,C24,traseira,2024-05-01 1700UT,36,1,O1_toros_01-04mai
-35.0,0.028024726972118566,7.903170649964078,C24,traseira,2024-05-01 1700UT,45,1,O1_toros_01-04mai
-30.0,0.03495731863846393,6.629197390563565,C24,traseira,2024-05-01 1700UT,47,1,O1_toros_01-04mai
-25.0,0.03944658655711863,6.120731766870757,C24,traseira,2024-05-01 1700UT,65,1,O1_toros_01-04mai
-20.0,0.0419666426204892,5.908443269974546,C24,traseira,2024-05-01 1700UT,65,1,O1_toros_01-04mai
-15.0,0.0595113988165802,5.210629628981396,C24,traseira,2024-05-01 1700UT,54,1,O1_toros_01-04mai
-70.0,0.032828866533868066,6.945382282129602,C30,inteira,2024-05-01 1700UT,277,1,O1_toros_01-04mai
-65.0,0.03251241109245177,6.997367971610028,C30,inteira,2024-05-01 1700UT,530,1,O1_toros_01-04mai
-60.0,0.029946052500711327,7.4736456608722515,C30,inteira,2024-05-01 1700UT,240,1,O1_toros_01-04mai
-55.0,0.02921210964142139,7.629666020030814,C30,inteira,2024-05-01 1700UT,104,1,O1_toros_01-04mai
-50.0,0.029072921792745413,7.660339906247263,C30,inteira,2024-05-01 1700UT,79,1,O1_toros_01-04mai
-45.0,0.017023213083981872,12.261571687803333,C30,inteira,2024-05-01 1700UT,105,1,O1_toros_01-04mai
-40.0,0.021702742580600273,9.917472078538854,C30,inteira,2024-05-01 1700UT,96,1,O1_toros_01-04mai
-35.0,0.02203966866437259,9.780568996043844,C30,inteira,2024-05-01 1700UT,140,1,O1_toros_01-04mai
-30.0,0.03205119805642155,7.077805628201637,C30,inteira,2024-05-01 1700UT,116,1,O1_toros_01-04mai
-25.0,0.0481306466334926,5.543519422115876,C30,inteira,2024-05-01 1700UT,127,1,O1_toros_01-04mai
-20.0,0.06892452658961479,5.096085854691919,C30,inteira,2024-05-01 1700UT,125,1,O1_toros_01-04mai
-15.0,0.09134219618598666,5.014855670271412,C30,inteira,2024-05-01 1700UT,114,1,O1_toros_01-04mai
-60.0,0.018989254738418206,11.16420692486088,C31,inteira,2024-05-01 1700UT,107,1,O1_toros_01-04mai
-55.0,0.020538191811530607,10.417754319344276,C31,inteira,2024-05-01 1700UT,763,1,O1_toros_01-04mai
-50.0,0.026151168863235166,8.393742550814427,C31,inteira,2024-05-01 1700UT,423,1,O1_toros_01-04mai
-45.0,0.026547142412936355,8.283638832031311,C31,inteira,2024-05-01 1700UT,90,1,O1_toros_01-04mai
-60.0,0.027238309379844027,8.099802087388479,C25,frente,2024-05-01 1700UT,27,1,O1_toros_01-04mai
-55.0,0.023390444809531563,9.271622140696822,C25,frente,2024-05-01 1700UT,277,1,O1_toros_01-04mai
-50.0,0.02528744463466552,8.647019837251086,C25,frente,2024-05-01 1700UT,196,1,O1_toros_01-04mai
-45.0,0.02532176970966761,8.636602642548585,C25,frente,2024-05-01 1700UT,47,1,O1_toros_01-04mai
-60.0,0.024045003802387194,9.044860507692539,C25,traseira,2024-05-01 1700UT,19,1,O1_toros_01-04mai
-55.0,0.02286508289561841,9.462788554228675,C25,traseira,2024-05-01 1700UT,253,1,O1_toros_01-04mai
-50.0,0.025636369643427328,8.542501955911073,C25,traseira,2024-05-01 1700UT,303,1,O1_toros_01-04mai
-45.0,0.029812450277572816,7.501339842216202,C25,traseira,2024-05-01 1700UT,67,1,O1_toros_01-04mai
-60.0,0.05591434508611588,5.284188055277333,C32,inteira,2024-05-01 1700UT,42,1,O1_toros_01-04mai
-55.0,0.03474957145660418,6.657648049871585,C32,inteira,2024-05-01 1700UT,469,1,O1_toros_01-04mai
-50.0,0.030017786515181492,7.458902893644263,C32,inteira,2024-05-01 1700UT,452,1,O1_toros_01-04mai
-45.0,0.027227134881247735,8.102692335958128,C32,inteira,2024-05-01 1700UT,62,1,O1_toros_01-04mai
-65.0,0.03400233482625659,6.764150867064216,C33,inteira,2024-05-01 1800UT,11,1,O1_toros_01-04mai
-60.0,0.03193930938042271,7.095072725526938,C33,inteira,2024-05-01 1800UT,41,1,O1_toros_01-04mai
-55.0,0.031246863513582683,7.219900976619794,C33,inteira,2024-05-01 1800UT,20,1,O1_toros_01-04mai
-50.0,0.031706384681020806,7.136292719245734,C33,inteira,2024-05-01 1800UT,18,1,O1_toros_01-04mai
-45.0,0.03195870994825187,7.091688328688407,C33,inteira,2024-05-01 1800UT,13,1,O1_toros_01-04mai
-40.0,0.04890125891775413,5.509721084759762,C33,inteira,2024-05-01 1800UT,8,1,O1_toros_01-04mai
-35.0,0.04694122519697489,5.600152562801029,C33,inteira,2024-05-01 1800UT,13,1,O1_toros_01-04mai
-30.0,0.06958879749985472,5.090911472407493,C33,inteira,2024-05-01 1800UT,5,1,O1_toros_01-04mai
-25.0,0.08290990466998568,5.030837294749983,C33,inteira,2024-05-01 1800UT,8,1,O1_toros_01-04mai
-20.0,0.07502588978597224,5.058695645358759,C33,inteira,2024-05-01 1800UT,8,1,O1_toros_01-04mai
-15.0,0.09977446152003445,5.007347897373321,C33,inteira,2024-05-01 1800UT,9,1,O1_toros_01-04mai
-60.0,0.024442339339550468,8.915729724545473,C26,frente,2024-05-01 1800UT,16,1,O1_toros_01-04mai
-55.0,0.03276814143010824,6.95525169452509,C26,frente,2024-05-01 1800UT,17,1,O1_toros_01-04mai
-50.0,0.040102012356535786,6.061160391805812,C26,frente,2024-05-01 1800UT,21,1,O1_toros_01-04mai
-45.0,0.02183117104898866,9.864350137504752,C26,frente,2024-05-01 1800UT,21,1,O1_toros_01-04mai
-40.0,0.029797875862708992,7.504379651533945,C26,frente,2024-05-01 1800UT,25,1,O1_toros_01-04mai
-35.0,0.034915702933911795,6.641541264867875,C26,frente,2024-05-01 1800UT,18,1,O1_toros_01-04mai
-30.0,0.05023693316782178,5.456664375325741,C26,frente,2024-05-01 1800UT,16,1,O1_toros_01-04mai
-25.0,0.061439828545823166,5.179542512049658,C26,frente,2024-05-01 1800UT,20,1,O1_toros_01-04mai
-20.0,0.07098836398072711,5.080911803054633,C26,frente,2024-05-01 1800UT,14,1,O1_toros_01-04mai
-15.0,0.07247306047209401,5.071488096593916,C26,frente,2024-05-01 1800UT,21,1,O1_toros_01-04mai
-60.0,0.02336765683428254,9.279741649356493,C26,traseira,2024-05-01 1800UT,15,1,O1_toros_01-04mai
-55.0,0.024863019008095174,8.778318732733592,C26,traseira,2024-05-01 1800UT,15,1,O1_toros_01-04mai
-50.0,0.028245201388137717,7.850318092104852,C26,traseira,2024-05-01 1800UT,9,1,O1_toros_01-04mai
-25.0,0.11119253704215543,5.002837456088109,C26,traseira,2024-05-01 1800UT,7,1,O1_toros_01-04mai
-70.0,0.024088319552472648,9.030286368501244,C4,frente,2024-05-01 1800UT,1626,1,O1_toros_01-04mai
-65.0,0.021201998407757605,10.126197629027086,C4,frente,2024-05-01 1800UT,2558,1,O1_toros_01-04mai
-60.0,0.021517758088354766,9.99306961678979,C4,frente,2024-05-01 1800UT,2131,1,O1_toros_01-04mai
-55.0,0.02022939760044754,10.558977839832867,C4,frente,2024-05-01 1800UT,2388,1,O1_toros_01-04mai
-50.0,0.020203607661460985,10.57093782149712,C4,frente,2024-05-01 1800UT,1963,1,O1_toros_01-04mai
-45.0,0.028055231822631962,7.895829424051423,C4,frente,2024-05-01 1800UT,684,1,O1_toros_01-04mai
-40.0,0.04418747815142102,5.754958525549055,C4,frente,2024-05-01 1800UT,185,1,O1_toros_01-04mai
-35.0,0.048619499558107085,5.522417131854079,C4,frente,2024-05-01 1800UT,28,1,O1_toros_01-04mai
-30.0,0.04974010401838059,5.476145771694906,C4,frente,2024-05-01 1800UT,8,1,O1_toros_01-04mai
-25.0,0.09402643273285069,5.011862908499782,C4,frente,2024-05-01 1800UT,13,1,O1_toros_01-04mai
-20.0,0.10738275252575195,5.003897712919284,C4,frente,2024-05-01 1800UT,7,1,O1_toros_01-04mai
-15.0,0.10513985364837883,5.0073274382446336,C4,frente,2024-05-01 1800UT,8,1,O1_toros_01-04mai
-70.0,0.024056867320406877,9.04086364933607,C4,traseira,2024-05-01 1800UT,2798,1,O1_toros_01-04mai
-65.0,0.024896698378821962,8.767729758089125,C4,traseira,2024-05-01 1800UT,1136,1,O1_toros_01-04mai
-60.0,0.025700493571099114,8.523622515231324,C4,traseira,2024-05-01 1800UT,837,1,O1_toros_01-04mai
-55.0,0.023712052003516875,9.158671403764522,C4,traseira,2024-05-01 1800UT,796,1,O1_toros_01-04mai
-50.0,0.030250610557209102,7.411654842646232,C4,traseira,2024-05-01 1800UT,425,1,O1_toros_01-04mai
-45.0,0.04060117352163256,6.017925013554178,C4,traseira,2024-05-01 1800UT,195,1,O1_toros_01-04mai
-40.0,0.04031255380740682,6.042704582570399,C4,traseira,2024-05-01 1800UT,135,1,O1_toros_01-04mai
-35.0,0.04823164797952454,5.538963937493472,C4,traseira,2024-05-01 1800UT,107,1,O1_toros_01-04mai
-30.0,0.06029955515182045,5.197155788234543,C4,traseira,2024-05-01 1800UT,100,1,O1_toros_01-04mai
-25.0,0.06433284199234468,5.140876341454149,C4,traseira,2024-05-01 1800UT,129,1,O1_toros_01-04mai
-20.0,0.06984310677653997,5.089012514197599,C4,traseira,2024-05-01 1800UT,142,1,O1_toros_01-04mai
-15.0,0.06864198703918926,5.098896068690378,C4,traseira,2024-05-01 1800UT,124,1,O1_toros_01-04mai
-65.0,0.03149275700636808,7.174504808714751,C34,inteira,2024-05-01 1800UT,7,1,O1_toros_01-04mai
-60.0,0.028115053844080647,7.881440208454308,C34,inteira,2024-05-01 1800UT,52,1,O1_toros_01-04mai
-55.0,0.028038550751811865,7.899828176278115,C34,inteira,2024-05-01 1800UT,35,1,O1_toros_01-04mai
-50.0,0.026618956340345397,8.264184408485104,C34,inteira,2024-05-01 1800UT,30,1,O1_toros_01-04mai
-45.0,0.029085128980358668,7.657635009917013,C34,inteira,2024-05-01 1800UT,25,1,O1_toros_01-04mai
-40.0,0.04600154635432711,5.649037479369498,C34,inteira,2024-05-01 1800UT,17,1,O1_toros_01-04mai
-35.0,0.06759474894506559,5.1094340926593675,C34,inteira,2024-05-01 1800UT,12,1,O1_toros_01-04mai
-30.0,0.06886113556072998,5.096594779493728,C34,inteira,2024-05-01 1800UT,9,1,O1_toros_01-04mai
-25.0,0.07187208744095538,5.075212913710138,C34,inteira,2024-05-01 1800UT,20,1,O1_toros_01-04mai
-20.0,0.09280042185669997,5.0132322667704,C34,inteira,2024-05-01 1800UT,14,1,O1_toros_01-04mai
-15.0,0.10916193468776558,5.003360642561166,C34,inteira,2024-05-01 1800UT,12,1,O1_toros_01-04mai
-70.0,0.02590735188838773,8.464524420629717,C23,frente,2024-05-01 1800UT,10,1,O1_toros_01-04mai
-65.0,0.027371284226043104,8.065645344926697,C23,frente,2024-05-01 1800UT,190,1,O1_toros_01-04mai
-60.0,0.028658189725207766,7.753891230866367,C23,frente,2024-05-01 1800UT,49,1,O1_toros_01-04mai
-55.0,0.033912639742640756,6.777386576153988,C23,frente,2024-05-01 1800UT,21,1,O1_toros_01-04mai
-50.0,0.04272535257410956,5.852797075149333,C23,frente,2024-05-01 1800UT,14,1,O1_toros_01-04mai
-45.0,0.021343871481656906,10.065948698285752,C23,frente,2024-05-01 1800UT,37,1,O1_toros_01-04mai
-40.0,0.03726044399024269,6.346968447009637,C23,frente,2024-05-01 1800UT,24,1,O1_toros_01-04mai
-35.0,0.06471908138213837,5.136414204533975,C23,frente,2024-05-01 1800UT,19,1,O1_toros_01-04mai
-30.0,0.05922681802022461,5.215591301417776,C23,frente,2024-05-01 1800UT,9,1,O1_toros_01-04mai
-25.0,0.08544440663601235,5.0243267446673165,C23,frente,2024-05-01 1800UT,20,1,O1_toros_01-04mai
-20.0,0.09292233841439361,5.013006177793208,C23,frente,2024-05-01 1800UT,15,1,O1_toros_01-04mai
-15.0,0.09372061547339602,5.012207439335809,C23,frente,2024-05-01 1800UT,22,1,O1_toros_01-04mai
-65.0,0.029142882955361226,7.644874991627394,C23,traseira,2024-05-01 1800UT,107,1,O1_toros_01-04mai
-60.0,0.030551433546060575,7.351949736324739,C23,traseira,2024-05-01 1800UT,132,1,O1_toros_01-04mai
-55.0,0.026885211393526696,8.192368439606108,C23,traseira,2024-05-01 1800UT,67,1,O1_toros_01-04mai
-50.0,0.025975621703139322,8.44375429027736,C23,traseira,2024-05-01 1800UT,51,1,O1_toros_01-04mai
-45.0,0.02794418276176718,7.922722324445949,C23,traseira,2024-05-01 1800UT,33,1,O1_toros_01-04mai
-40.0,0.051304374710842336,5.4172093363232205,C23,traseira,2024-05-01 1800UT,13,1,O1_toros_01-04mai
-35.0,0.06442540767329225,5.139793829094417,C23,traseira,2024-05-01 1800UT,13,1,O1_toros_01-04mai
-30.0,0.06730791264553133,5.109942768076774,C23,traseira,2024-05-01 1800UT,13,1,O1_toros_01-04mai
-25.0,0.08411138662955384,5.0284653181523336,C23,traseira,2024-05-01 1800UT,14,1,O1_toros_01-04mai
-20.0,0.08784715008737365,5.021392004549257,C23,traseira,2024-05-01 1800UT,10,1,O1_toros_01-04mai
-15.0,0.09918846473605025,5.007715623244094,C23,traseira,2024-05-01 1800UT,17,1,O1_toros_01-04mai
-70.0,0.03299159587682106,6.919179574501708,C35,inteira,2024-05-01 1800UT,4282,1,O1_toros_01-04mai
-65.0,0.028925354170633428,7.6932568892988735,C35,inteira,2024-05-01 1800UT,4219,1,O1_toros_01-04mai
-60.0,0.025154442937636533,8.687666243105403,C35,inteira,2024-05-01 1800UT,4203,1,O1_toros_01-04mai
-55.0,0.024268387707352276,8.970260617948288,C35,inteira,2024-05-01 1800UT,2889,1,O1_toros_01-04mai
-50.0,0.029795496595621217,7.504876249769827,C35,inteira,2024-05-01 1800UT,1299,1,O1_toros_01-04mai
-45.0,0.03695169061986816,6.379732762434233,C35,inteira,2024-05-01 1800UT,947,1,O1_toros_01-04mai
-40.0,0.04253726273920259,5.866258444658008,C35,inteira,2024-05-01 1800UT,696,1,O1_toros_01-04mai
-35.0,0.0589498429463703,5.220626675905095,C35,inteira,2024-05-01 1800UT,516,1,O1_toros_01-04mai
-30.0,0.06317520474995747,5.155143774563608,C35,inteira,2024-05-01 1800UT,505,1,O1_toros_01-04mai
-25.0,0.07424767346858457,5.0616619764032755,C35,inteira,2024-05-01 1800UT,508,1,O1_toros_01-04mai
-20.0,0.07602348407798844,5.053178932953848,C35,inteira,2024-05-01 1800UT,593,1,O1_toros_01-04mai
-15.0,0.1033489118117686,5.005455058498162,C35,inteira,2024-05-01 1800UT,669,1,O1_toros_01-04mai
-60.0,0.024040799515672066,9.046355277232834,C25,frente,2024-05-01 1800UT,48,1,O1_toros_01-04mai
-55.0,0.02382638442684122,9.119226265512772,C25,frente,2024-05-01 1800UT,157,1,O1_toros_01-04mai
-50.0,0.023622128673050344,9.18994102605573,C25,frente,2024-05-01 1800UT,37,1,O1_toros_01-04mai
-60.0,0.02444294675894135,8.91292490446758,C25,traseira,2024-05-01 1800UT,47,1,O1_toros_01-04mai
-55.0,0.021415774507296446,10.035685126290325,C25,traseira,2024-05-01 1800UT,582,1,O1_toros_01-04mai
-50.0,0.021877180078743924,9.845735509497203,C25,traseira,2024-05-01 1800UT,123,1,O1_toros_01-04mai
-65.0,0.026903353236596365,8.187545798736746,C24,frente,2024-05-01 1800UT,15,1,O1_toros_01-04mai
-60.0,0.026130197562867233,8.399678669175714,C24,frente,2024-05-01 1800UT,117,1,O1_toros_01-04mai
-55.0,0.024121225145844815,9.01924987184282,C24,frente,2024-05-01 1800UT,115,1,O1_toros_01-04mai
-50.0,0.021742941381634653,9.900246940461365,C24,frente,2024-05-01 1800UT,115,1,O1_toros_01-04mai
-45.0,0.02048245411227526,10.442977281984092,C24,frente,2024-05-01 1800UT,99,1,O1_toros_01-04mai
-40.0,0.020625156814359974,10.378633328799054,C24,frente,2024-05-01 1800UT,85,1,O1_toros_01-04mai
-35.0,0.02885805519757239,7.709741908725965,C24,frente,2024-05-01 1800UT,64,1,O1_toros_01-04mai
-30.0,0.029699458874106313,7.525003567219768,C24,frente,2024-05-01 1800UT,77,1,O1_toros_01-04mai
-25.0,0.03850582589241195,6.212133119682248,C24,frente,2024-05-01 1800UT,60,1,O1_toros_01-04mai
-20.0,0.05907685059489021,5.218325487859033,C24,frente,2024-05-01 1800UT,46,1,O1_toros_01-04mai
-15.0,0.07669337148753788,5.0502916153323065,C24,frente,2024-05-01 1800UT,57,1,O1_toros_01-04mai
-65.0,0.030953443270992177,7.275030046140074,C24,traseira,2024-05-01 1800UT,24,1,O1_toros_01-04mai
-60.0,0.027839817878200314,7.948252505666551,C24,traseira,2024-05-01 1800UT,96,1,O1_toros_01-04mai
-55.0,0.02291138321317661,9.44560342154873,C24,traseira,2024-05-01 1800UT,70,1,O1_toros_01-04mai
-50.0,0.020349676707133356,10.503654796139903,C24,traseira,2024-05-01 1800UT,56,1,O1_toros_01-04mai
-45.0,0.020454542723757095,10.455948864924272,C24,traseira,2024-05-01 1800UT,50,1,O1_toros_01-04mai
-40.0,0.0229517920986125,9.431238305813459,C24,traseira,2024-05-01 1800UT,44,1,O1_toros_01-04mai
-35.0,0.020654610218236176,10.365447928562158,C24,traseira,2024-05-01 1800UT,49,1,O1_toros_01-04mai
-30.0,0.023737490079617944,9.149854230150083,C24,traseira,2024-05-01 1800UT,57,1,O1_toros_01-04mai
-25.0,0.0369969701455356,6.374541896722756,C24,traseira,2024-05-01 1800UT,44,1,O1_toros_01-04mai
-20.0,0.06678453570478954,5.1148439999459745,C24,traseira,2024-05-01 1800UT,57,1,O1_toros_01-04mai
-15.0,0.0846498457848609,5.027295117853569,C24,traseira,2024-05-01 1800UT,46,1,O1_toros_01-04mai
-60.0,0.034992436438158754,6.624436541265584,C33,frente,2024-05-01 1900UT,27,1,O1_toros_01-04mai
-55.0,0.038765736262804024,6.1861578186943165,C33,frente,2024-05-01 1900UT,33,1,O1_toros_01-04mai
-50.0,0.06925101577020568,5.093506848517975,C33,frente,2024-05-01 1900UT,25,1,O1_toros_01-04mai
-45.0,0.08926419330985505,5.017772122305392,C33,frente,2024-05-01 1900UT,8,1,O1_toros_01-04mai
-40.0,0.11107358865215664,5.002865721849737,C33,frente,2024-05-01 1900UT,15,1,O1_toros_01-04mai
-35.0,0.11907208932630288,5.001498223748217,C33,frente,2024-05-01 1900UT,12,1,O1_toros_01-04mai
-30.0,0.14237275929037796,5.000211095646581,C33,frente,2024-05-01 1900UT,9,1,O1_toros_01-04mai
-25.0,0.15758241881192964,5.000059432410287,C33,frente,2024-05-01 1900UT,17,1,O1_toros_01-04mai
-20.0,0.1647366640773327,5.000032741801663,C33,frente,2024-05-01 1900UT,21,1,O1_toros_01-04mai
-15.0,0.18065353277805185,5.000008690642523,C33,frente,2024-05-01 1900UT,17,1,O1_toros_01-04mai
-65.0,0.038175350614715595,6.245974760536928,C33,traseira,2024-05-01 1900UT,7,1,O1_toros_01-04mai
-60.0,0.03718990821304825,6.35268955067801,C33,traseira,2024-05-01 1900UT,26,1,O1_toros_01-04mai
-55.0,0.03649142411457386,6.4345565974989904,C33,traseira,2024-05-01 1900UT,20,1,O1_toros_01-04mai
-50.0,0.04354358988888684,5.7965741102485335,C33,traseira,2024-05-01 1900UT,11,1,O1_toros_01-04mai
-45.0,0.035249368088752786,6.6367692970786845,C33,traseira,2024-05-01 1900UT,14,1,O1_toros_01-04mai
-40.0,0.032616375039040725,6.987609108393357,C33,traseira,2024-05-01 1900UT,16,1,O1_toros_01-04mai
-35.0,0.026231327349303092,8.492446673791996,C33,traseira,2024-05-01 1900UT,14,1,O1_toros_01-04mai
-30.0,0.03197401065253621,7.089023002891896,C33,traseira,2024-05-01 1900UT,17,1,O1_toros_01-04mai
-25.0,0.07782027314829626,5.0457837808407335,C33,traseira,2024-05-01 1900UT,15,1,O1_toros_01-04mai
-20.0,0.08881464221179197,5.018315221248322,C33,traseira,2024-05-01 1900UT,7,1,O1_toros_01-04mai
-15.0,0.1345268971826944,5.00128114173704,C33,traseira,2024-05-01 1900UT,12,1,O1_toros_01-04mai
-65.0,0.02707183045321367,8.143106086669725,C26,frente,2024-05-01 1900UT,53,1,O1_toros_01-04mai
-60.0,0.02871740197547526,7.740336026727899,C26,frente,2024-05-01 1900UT,143,1,O1_toros_01-04mai
-55.0,0.030118904821087977,7.438275143360009,C26,frente,2024-05-01 1900UT,80,1,O1_toros_01-04mai
-50.0,0.0317540208008858,7.127673185810146,C26,frente,2024-05-01 1900UT,41,1,O1_toros_01-04mai
-45.0,0.03818591553033593,6.245904594687336,C26,frente,2024-05-01 1900UT,22,1,O1_toros_01-04mai
-40.0,0.03734659188296863,6.335144528989874,C26,frente,2024-05-01 1900UT,24,1,O1_toros_01-04mai
-35.0,0.04368173948373773,5.787786283292418,C26,frente,2024-05-01 1900UT,38,1,O1_toros_01-04mai
-30.0,0.09001949140583633,5.016565602000808,C26,frente,2024-05-01 1900UT,23,1,O1_toros_01-04mai
-25.0,0.09883520110041061,5.007967356582595,C26,frente,2024-05-01 1900UT,24,1,O1_toros_01-04mai
-20.0,0.12350754774596802,5.001016796516708,C26,frente,2024-05-01 1900UT,19,1,O1_toros_01-04mai
-15.0,0.14493183058345707,5.000172121673746,C26,frente,2024-05-01 1900UT,18,1,O1_toros_01-04mai
-65.0,0.022924353769327,9.440800120602171,C26,traseira,2024-05-01 1900UT,93,1,O1_toros_01-04mai
-60.0,0.023109285887244486,9.37289289403009,C26,traseira,2024-05-01 1900UT,74,1,O1_toros_01-04mai
-55.0,0.026657236744914253,8.25359645566595,C26,traseira,2024-05-01 1900UT,71,1,O1_toros_01-04mai
-50.0,0.023009850935607996,9.409272913725795,C26,traseira,2024-05-01 1900UT,87,1,O1_toros_01-04mai
-45.0,0.024852517224468487,8.78162677051849,C26,traseira,2024-05-01 1900UT,71,1,O1_toros_01-04mai
-40.0,0.06663723697334789,5.116262385360974,C26,traseira,2024-05-01 1900UT,29,1,O1_toros_01-04mai
-35.0,0.080191537789704,5.038906836088058,C26,traseira,2024-05-01 1900UT,18,1,O1_toros_01-04mai
-30.0,0.11166793623342042,5.002754256697264,C26,traseira,2024-05-01 1900UT,16,1,O1_toros_01-04mai
-25.0,0.1196323977910958,5.001448720783574,C26,traseira,2024-05-01 1900UT,16,1,O1_toros_01-04mai
-20.0,0.1495575623809033,5.000116080272839,C26,traseira,2024-05-01 1900UT,18,1,O1_toros_01-04mai
-15.0,0.16927594615385894,5.000022491668236,C26,traseira,2024-05-01 1900UT,20,1,O1_toros_01-04mai
-65.0,0.0329075184780543,6.933246487686073,C4,frente,2024-05-01 1900UT,8,1,O1_toros_01-04mai
-60.0,0.037001936249372445,6.3739677119486196,C4,frente,2024-05-01 1900UT,47,1,O1_toros_01-04mai
-55.0,0.03488902040269905,6.638496437272144,C4,frente,2024-05-01 1900UT,101,1,O1_toros_01-04mai
-50.0,0.03799785674450922,6.264541138005086,C4,frente,2024-05-01 1900UT,87,1,O1_toros_01-04mai
-45.0,0.028742641551329284,7.734581954157161,C4,frente,2024-05-01 1900UT,88,1,O1_toros_01-04mai
-40.0,0.030769482431128876,7.309598836812197,C4,frente,2024-05-01 1900UT,57,1,O1_toros_01-04mai
-35.0,0.052065093664950574,5.391581965111028,C4,frente,2024-05-01 1900UT,47,1,O1_toros_01-04mai
-30.0,0.06898678991038246,5.095588593821229,C4,frente,2024-05-01 1900UT,29,1,O1_toros_01-04mai
-25.0,0.1274304606078736,5.000735514575971,C4,frente,2024-05-01 1900UT,8,1,O1_toros_01-04mai
-60.0,0.035371342515462076,6.573945470310246,C4,traseira,2024-05-01 1900UT,49,1,O1_toros_01-04mai
-55.0,0.03253845901730946,6.99303605315042,C4,traseira,2024-05-01 1900UT,90,1,O1_toros_01-04mai
-60.0,0.024262850167531075,8.972095018964623,C34,frente,2024-05-01 1900UT,24,1,O1_toros_01-04mai
-55.0,0.023207563379194156,9.33722076705524,C34,frente,2024-05-01 1900UT,21,1,O1_toros_01-04mai
-50.0,0.026796498548385096,8.216056231115305,C34,frente,2024-05-01 1900UT,29,1,O1_toros_01-04mai
-45.0,0.023640567809530152,9.18364735724776,C34,frente,2024-05-01 1900UT,70,1,O1_toros_01-04mai
-40.0,0.024027623614942133,9.05073551787992,C34,frente,2024-05-01 1900UT,82,1,O1_toros_01-04mai
-35.0,0.04261940986975367,5.860346462505306,C34,frente,2024-05-01 1900UT,31,1,O1_toros_01-04mai
-30.0,0.053310443912744455,5.352981507161164,C34,frente,2024-05-01 1900UT,29,1,O1_toros_01-04mai
-25.0,0.04715150305776138,5.5947678435188655,C34,frente,2024-05-01 1900UT,20,1,O1_toros_01-04mai
-20.0,0.08474652674108762,5.02611663547137,C34,frente,2024-05-01 1900UT,18,1,O1_toros_01-04mai
-15.0,0.07955699009111439,5.039998721416415,C34,frente,2024-05-01 1900UT,24,1,O1_toros_01-04mai
-60.0,0.024474341576835052,8.902708740856795,C34,traseira,2024-05-01 1900UT,26,1,O1_toros_01-04mai
-55.0,0.02425011022441854,8.976312423159175,C34,traseira,2024-05-01 1900UT,11,1,O1_toros_01-04mai
-50.0,0.025820740084975043,8.488517950400286,C34,traseira,2024-05-01 1900UT,30,1,O1_toros_01-04mai
-45.0,0.022420531359966658,9.631217388099707,C34,traseira,2024-05-01 1900UT,17,1,O1_toros_01-04mai
-40.0,0.03474175904365919,6.658727587165006,C34,traseira,2024-05-01 1900UT,11,1,O1_toros_01-04mai
-35.0,0.04189161796483968,6.056590862565612,C34,traseira,2024-05-01 1900UT,6,1,O1_toros_01-04mai
-30.0,0.05503868183707945,5.325717500252658,C34,traseira,2024-05-01 1900UT,8,1,O1_toros_01-04mai
-25.0,0.05394122022567148,5.334906361610339,C34,traseira,2024-05-01 1900UT,9,1,O1_toros_01-04mai
-20.0,0.062760350478685,5.161766443129091,C34,traseira,2024-05-01 1900UT,8,1,O1_toros_01-04mai
-15.0,0.06300968009119332,5.157298612040308,C34,traseira,2024-05-01 1900UT,11,1,O1_toros_01-04mai
-70.0,0.027375560127515068,8.06454989177033,C36,inteira,2024-05-01 1900UT,2909,1,O1_toros_01-04mai
-65.0,0.02466953241248608,8.839733695079113,C36,inteira,2024-05-01 1900UT,5387,1,O1_toros_01-04mai
-60.0,0.024525843171862273,8.885987434192625,C36,inteira,2024-05-01 1900UT,4751,1,O1_toros_01-04mai
-55.0,0.024513061464795618,8.890128768777029,C36,inteira,2024-05-01 1900UT,3209,1,O1_toros_01-04mai
-50.0,0.025761302037011165,8.505812172526545,C36,inteira,2024-05-01 1900UT,2465,1,O1_toros_01-04mai
-45.0,0.02950744032475313,7.565737539115282,C36,inteira,2024-05-01 1900UT,1466,1,O1_toros_01-04mai
-40.0,0.03780251060057011,6.2852948727095,C36,inteira,2024-05-01 1900UT,883,1,O1_toros_01-04mai
-35.0,0.05709677522891991,5.2574661488084775,C36,inteira,2024-05-01 1900UT,636,1,O1_toros_01-04mai
-30.0,0.07435745170547964,5.061099194009375,C36,inteira,2024-05-01 1900UT,454,1,O1_toros_01-04mai
-25.0,0.08826899894079002,5.019167243396062,C36,inteira,2024-05-01 1900UT,281,1,O1_toros_01-04mai
-20.0,0.0955648437290307,5.010435928473756,C36,inteira,2024-05-01 1900UT,198,1,O1_toros_01-04mai
-15.0,0.07815767863264493,5.04451440188111,C36,inteira,2024-05-01 1900UT,165,1,O1_toros_01-04mai
-70.0,0.03173356747809769,7.131360382334716,C37,inteira,2024-05-01 1900UT,74,1,O1_toros_01-04mai
-65.0,0.02740281854489365,8.058075473347067,C37,inteira,2024-05-01 1900UT,66,1,O1_toros_01-04mai
-60.0,0.02950264061957492,7.5667589566914,C37,inteira,2024-05-01 1900UT,71,1,O1_toros_01-04mai
-55.0,0.022584986551143636,9.568289642019632,C37,inteira,2024-05-01 1900UT,58,1,O1_toros_01-04mai
-50.0,0.03166392846344036,7.143707220702266,C37,inteira,2024-05-01 1900UT,51,1,O1_toros_01-04mai
-45.0,0.03460931561834137,6.6771362851972125,C37,inteira,2024-05-01 1900UT,47,1,O1_toros_01-04mai
-40.0,0.03549026356223142,6.558435955159939,C37,inteira,2024-05-01 1900UT,58,1,O1_toros_01-04mai
-35.0,0.03330206462400306,6.870162507808172,C37,inteira,2024-05-01 1900UT,57,1,O1_toros_01-04mai
-30.0,0.03654334405986033,6.427491502773155,C37,inteira,2024-05-01 1900UT,57,1,O1_toros_01-04mai
-25.0,0.06781538760961839,5.105390274530444,C37,inteira,2024-05-01 1900UT,51,1,O1_toros_01-04mai
-20.0,0.07256279663987276,5.070955501466896,C37,inteira,2024-05-01 1900UT,43,1,O1_toros_01-04mai
-15.0,0.08240790857640619,5.03135653988135,C37,inteira,2024-05-01 1900UT,66,1,O1_toros_01-04mai
-70.0,0.030874796475572508,7.2894180883053945,C38,inteira,2024-05-01 1900UT,123,1,O1_toros_01-04mai
-65.0,0.031183092190470305,7.231349068012024,C38,inteira,2024-05-01 1900UT,65,1,O1_toros_01-04mai
-60.0,0.04015630218435174,6.056370384091844,C38,inteira,2024-05-01 1900UT,23,1,O1_toros_01-04mai
-55.0,0.049705026109663104,5.4852195904983585,C38,inteira,2024-05-01 1900UT,16,1,O1_toros_01-04mai
-50.0,0.04814535699334263,5.542898577078401,C38,inteira,2024-05-01 1900UT,18,1,O1_toros_01-04mai
-45.0,0.05483789667610124,5.310793261662493,C38,inteira,2024-05-01 1900UT,17,1,O1_toros_01-04mai
-40.0,0.028573721250475956,7.774057403492947,C38,inteira,2024-05-01 1900UT,14,1,O1_toros_01-04mai
-35.0,0.03277191312201842,6.954637240510734,C38,inteira,2024-05-01 1900UT,27,1,O1_toros_01-04mai
-30.0,0.051525431030066404,5.409594129551156,C38,inteira,2024-05-01 1900UT,35,1,O1_toros_01-04mai
-25.0,0.039481226242460865,6.117501282091533,C38,inteira,2024-05-01 1900UT,35,1,O1_toros_01-04mai
-20.0,0.05192559820683382,5.396163061643694,C38,inteira,2024-05-01 1900UT,32,1,O1_toros_01-04mai
-15.0,0.03822755702157359,6.240565879388278,C38,inteira,2024-05-01 1900UT,29,1,O1_toros_01-04mai
-60.0,0.029348782703223934,7.600314647277459,C23,frente,2024-05-01 1900UT,12,1,O1_toros_01-04mai
-55.0,0.02961404281998467,7.543040671940144,C23,frente,2024-05-01 1900UT,29,1,O1_toros_01-04mai
-50.0,0.028516618866242648,7.786578080356598,C23,frente,2024-05-01 1900UT,28,1,O1_toros_01-04mai
-45.0,0.03690412419110222,6.393433831966844,C23,frente,2024-05-01 1900UT,12,1,O1_toros_01-04mai
-40.0,0.05053496077385991,5.444836113244677,C23,frente,2024-05-01 1900UT,5,1,O1_toros_01-04mai
-25.0,0.10344653709247772,5.0054136847480954,C23,frente,2024-05-01 1900UT,6,1,O1_toros_01-04mai
-60.0,0.030164763755177793,7.429226422279022,C23,traseira,2024-05-01 1900UT,14,1,O1_toros_01-04mai
-55.0,0.03024902963869635,7.411984167359104,C23,traseira,2024-05-01 1900UT,20,1,O1_toros_01-04mai
-50.0,0.02540702316871805,8.610858121687547,C23,traseira,2024-05-01 1900UT,27,1,O1_toros_01-04mai
-45.0,0.02405924163923012,9.04496609449865,C23,traseira,2024-05-01 1900UT,32,1,O1_toros_01-04mai
-40.0,0.04290752549769449,5.846808119308914,C23,traseira,2024-05-01 1900UT,14,1,O1_toros_01-04mai
-35.0,0.0546956440788179,5.3144994479279095,C23,traseira,2024-05-01 1900UT,11,1,O1_toros_01-04mai
-30.0,0.08596526930396,5.023223860468892,C23,traseira,2024-05-01 1900UT,13,1,O1_toros_01-04mai
-25.0,0.09305527191671542,5.012862893166644,C23,traseira,2024-05-01 1900UT,7,1,O1_toros_01-04mai
-20.0,0.12157680815912737,5.001194290136347,C23,traseira,2024-05-01 1900UT,5,1,O1_toros_01-04mai
-15.0,0.12163045328942106,5.001188963064864,C23,traseira,2024-05-01 1900UT,5,1,O1_toros_01-04mai
-60.0,0.03896216906067142,6.166899183298193,C39,inteira,2024-05-01 1900UT,81,1,O1_toros_01-04mai
-55.0,0.03595862359427039,6.498811741517746,C39,inteira,2024-05-01 1900UT,120,1,O1_toros_01-04mai
-50.0,0.042381657141761564,5.8777979763521,C39,inteira,2024-05-01 1900UT,56,1,O1_toros_01-04mai
-45.0,0.05150061646580492,5.410441997547882,C39,inteira,2024-05-01 1900UT,19,1,O1_toros_01-04mai
-40.0,0.07620614659529884,5.052375579591613,C39,inteira,2024-05-01 1900UT,25,1,O1_toros_01-04mai
-35.0,0.09924188478277378,5.007681352169607,C39,inteira,2024-05-01 1900UT,13,1,O1_toros_01-04mai
-30.0,0.09277024965602196,5.013179285446792,C39,inteira,2024-05-01 1900UT,8,1,O1_toros_01-04mai
-25.0,0.13969796691230418,5.000263805132715,C39,inteira,2024-05-01 1900UT,15,1,O1_toros_01-04mai
-20.0,0.10906411212234018,5.003614838977494,C39,inteira,2024-05-01 1900UT,10,1,O1_toros_01-04mai
-15.0,0.15986448771232753,5.000049139701713,C39,inteira,2024-05-01 1900UT,11,1,O1_toros_01-04mai
-65.0,0.026448116794766843,8.31114629772713,C40,inteira,2024-05-01 1900UT,26,1,O1_toros_01-04mai
-60.0,0.03277335218126144,6.954428774212932,C40,inteira,2024-05-01 1900UT,70,1,O1_toros_01-04mai
-55.0,0.03239249420545319,7.017451906964807,C40,inteira,2024-05-01 1900UT,42,1,O1_toros_01-04mai
-50.0,0.03809586341791629,6.254255408906556,C40,inteira,2024-05-01 1900UT,25,1,O1_toros_01-04mai
-45.0,0.03714170300504459,6.36139314243494,C40,inteira,2024-05-01 1900UT,22,1,O1_toros_01-04mai
-40.0,0.05420050486759815,5.327747639891881,C40,inteira,2024-05-01 1900UT,15,1,O1_toros_01-04mai
-35.0,0.07644085300032671,5.051361125715784,C40,inteira,2024-05-01 1900UT,7,1,O1_toros_01-04mai
-30.0,0.04932655071901547,5.504940333236211,C40,inteira,2024-05-01 1900UT,18,1,O1_toros_01-04mai
-25.0,0.08567294836847371,5.023796542490238,C40,inteira,2024-05-01 1900UT,23,1,O1_toros_01-04mai
-20.0,0.06820276935630104,5.127801356893638,C40,inteira,2024-05-01 1900UT,24,1,O1_toros_01-04mai
-15.0,0.061036975175093336,5.185404154784186,C40,inteira,2024-05-01 1900UT,27,1,O1_toros_01-04mai
-70.0,0.025693332933920524,8.52572575789097,C41,inteira,2024-05-01 1900UT,13,1,O1_toros_01-04mai
-65.0,0.02754860434022206,8.020675111657404,C41,inteira,2024-05-01 1900UT,123,1,O1_toros_01-04mai
-60.0,0.027222435213317003,8.103905365339674,C41,inteira,2024-05-01 1900UT,101,1,O1_toros_01-04mai
-55.0,0.026395639764375967,8.3253027900249,C41,inteira,2024-05-01 1900UT,85,1,O1_toros_01-04mai
-50.0,0.02510750787293939,8.70211893172072,C41,inteira,2024-05-01 1900UT,88,1,O1_toros_01-04mai
-45.0,0.027685713892726796,7.986357917888913,C41,inteira,2024-05-01 1900UT,77,1,O1_toros_01-04mai
-40.0,0.03318898397382501,6.888074919123921,C41,inteira,2024-05-01 1900UT,82,1,O1_toros_01-04mai
-35.0,0.037691610378859014,6.297412945917615,C41,inteira,2024-05-01 1900UT,52,1,O1_toros_01-04mai
-30.0,0.057027664579051056,5.258953181527617,C41,inteira,2024-05-01 1900UT,47,1,O1_toros_01-04mai
-25.0,0.06117374275366936,5.183303044575875,C41,inteira,2024-05-01 1900UT,47,1,O1_toros_01-04mai
-20.0,0.08090214373854207,5.035439159901013,C41,inteira,2024-05-01 1900UT,42,1,O1_toros_01-04mai
-15.0,0.0783807430399705,5.043694580307196,C41,inteira,2024-05-01 1900UT,55,1,O1_toros_01-04mai
-70.0,0.02774929957678737,7.970812882729096,C42,inteira,2024-05-01 1900UT,88,1,O1_toros_01-04mai
-65.0,0.026765527467490804,8.22436815569262,C42,inteira,2024-05-01 1900UT,252,1,O1_toros_01-04mai
-60.0,0.026838933053886026,8.204733369088416,C42,inteira,2024-05-01 1900UT,152,1,O1_toros_01-04mai
-55.0,0.02755199568320247,8.020145635497702,C42,inteira,2024-05-01 1900UT,94,1,O1_toros_01-04mai
-50.0,0.023334922792578105,9.291522041601652,C42,inteira,2024-05-01 1900UT,70,1,O1_toros_01-04mai
-45.0,0.04226961518193159,5.885826821663558,C42,inteira,2024-05-01 1900UT,36,1,O1_toros_01-04mai
-40.0,0.05103810974201428,5.426570157290625,C42,inteira,2024-05-01 1900UT,19,1,O1_toros_01-04mai
-35.0,0.07705533638660905,5.048797282675364,C42,inteira,2024-05-01 1900UT,23,1,O1_toros_01-04mai
-30.0,0.06275333885212135,5.160694935387481,C42,inteira,2024-05-01 1900UT,23,1,O1_toros_01-04mai
-25.0,0.08382266618678144,5.027765000303614,C42,inteira,2024-05-01 1900UT,20,1,O1_toros_01-04mai
-20.0,0.08252099634140536,5.031082926394051,C42,inteira,2024-05-01 1900UT,32,1,O1_toros_01-04mai
-15.0,0.10600838632209508,5.0043706881457615,C42,inteira,2024-05-01 1900UT,35,1,O1_toros_01-04mai
-70.0,0.03975358753281368,6.092423279904242,C35,frente,2024-05-01 1900UT,3116,1,O1_toros_01-04mai
-65.0,0.032304270207640456,7.032313640424347,C35,frente,2024-05-01 1900UT,2476,1,O1_toros_01-04mai
-60.0,0.026928281574849736,8.180930986804363,C35,frente,2024-05-01 1900UT,3265,1,O1_toros_01-04mai
-55.0,0.028902895660492665,7.698302153803049,C35,frente,2024-05-01 1900UT,1747,1,O1_toros_01-04mai
-50.0,0.032965612218895254,6.923339561549989,C35,frente,2024-05-01 1900UT,1197,1,O1_toros_01-04mai
-45.0,0.03691582752797283,6.383862387495171,C35,frente,2024-05-01 1900UT,928,1,O1_toros_01-04mai
-40.0,0.04929514204558693,5.493253951906547,C35,frente,2024-05-01 1900UT,659,1,O1_toros_01-04mai
-35.0,0.058979319286083326,5.22008402093964,C35,frente,2024-05-01 1900UT,471,1,O1_toros_01-04mai
-30.0,0.06431417167108276,5.141095695931769,C35,frente,2024-05-01 1900UT,445,1,O1_toros_01-04mai
-25.0,0.07746529480886086,5.047166153599568,C35,frente,2024-05-01 1900UT,542,1,O1_toros_01-04mai
-20.0,0.09583903292882709,5.010200810096249,C35,frente,2024-05-01 1900UT,462,1,O1_toros_01-04mai
-15.0,0.09884025814748273,5.007942789068782,C35,frente,2024-05-01 1900UT,245,1,O1_toros_01-04mai
-70.0,0.035024467350429696,6.620106307696839,C35,traseira,2024-05-01 1900UT,3425,1,O1_toros_01-04mai
-65.0,0.031777124716132206,7.123580661716679,C35,traseira,2024-05-01 1900UT,1779,1,O1_toros_01-04mai
-60.0,0.031397661906174566,7.1918053306842555,C35,traseira,2024-05-01 1900UT,871,1,O1_toros_01-04mai
-55.0,0.02794848174859505,7.921678598503275,C35,traseira,2024-05-01 1900UT,544,1,O1_toros_01-04mai
-50.0,0.025714264626468947,8.519581167845653,C35,traseira,2024-05-01 1900UT,521,1,O1_toros_01-04mai
-45.0,0.03355434265195727,6.831263425367446,C35,traseira,2024-05-01 1900UT,348,1,O1_toros_01-04mai
-40.0,0.04445571088338727,5.738361166120653,C35,traseira,2024-05-01 1900UT,312,1,O1_toros_01-04mai
-35.0,0.04551715413443532,5.675916555728138,C35,traseira,2024-05-01 1900UT,234,1,O1_toros_01-04mai
-30.0,0.055169950539773624,5.302314441061667,C35,traseira,2024-05-01 1900UT,226,1,O1_toros_01-04mai
-25.0,0.048531127363746616,5.52567967639629,C35,traseira,2024-05-01 1900UT,267,1,O1_toros_01-04mai
-20.0,0.06479601914881061,5.135542385326483,C35,traseira,2024-05-01 1900UT,271,1,O1_toros_01-04mai
-15.0,0.05784431320800667,5.241933265747045,C35,traseira,2024-05-01 1900UT,232,1,O1_toros_01-04mai
-65.0,0.02497197895163327,8.745669791743794,C24,frente,2024-05-01 1900UT,18,1,O1_toros_01-04mai
-60.0,0.021490620060080325,10.004374233383357,C24,frente,2024-05-01 1900UT,27,1,O1_toros_01-04mai
-55.0,0.021149412570113917,10.148829324453352,C24,frente,2024-05-01 1900UT,16,1,O1_toros_01-04mai
-50.0,0.020058719818469538,10.63860895998774,C24,frente,2024-05-01 1900UT,13,1,O1_toros_01-04mai
-45.0,0.02501101279901063,8.73200758377818,C24,frente,2024-05-01 1900UT,9,1,O1_toros_01-04mai
-65.0,0.024407548696905895,8.925125266779247,C24,traseira,2024-05-01 1900UT,20,1,O1_toros_01-04mai
-60.0,0.024457903453296275,8.908050907399582,C24,traseira,2024-05-01 1900UT,25,1,O1_toros_01-04mai
-55.0,0.020424742047485303,10.469217451801622,C24,traseira,2024-05-01 1900UT,35,1,O1_toros_01-04mai
-50.0,0.018701549325648607,11.313789861089363,C24,traseira,2024-05-01 1900UT,82,1,O1_toros_01-04mai
-45.0,0.018692373237706138,11.318612303721586,C24,traseira,2024-05-01 1900UT,45,1,O1_toros_01-04mai
-40.0,0.01864577854663065,11.34319448015113,C24,traseira,2024-05-01 1900UT,29,1,O1_toros_01-04mai
-35.0,0.022718117426195346,9.517780933967234,C24,traseira,2024-05-01 1900UT,45,1,O1_toros_01-04mai
-30.0,0.024741976204327658,8.81662311863157,C24,traseira,2024-05-01 1900UT,25,1,O1_toros_01-04mai
-25.0,0.035957955172609316,6.498854451404853,C24,traseira,2024-05-01 1900UT,29,1,O1_toros_01-04mai
-20.0,0.03171789695969374,7.134087813363214,C24,traseira,2024-05-01 1900UT,41,1,O1_toros_01-04mai
-15.0,0.05805171615846047,5.237771385626531,C24,traseira,2024-05-01 1900UT,31,1,O1_toros_01-04mai
-65.0,0.02542364194841272,8.607775751215474,C43,inteira,2024-05-01 1900UT,8,1,O1_toros_01-04mai
-60.0,0.025480994667909245,8.588668202134475,C43,inteira,2024-05-01 1900UT,217,1,O1_toros_01-04mai
-55.0,0.023812818318439295,9.123885721299116,C43,inteira,2024-05-01 1900UT,171,1,O1_toros_01-04mai
-50.0,0.021514092840610823,9.994612429445592,C43,inteira,2024-05-01 1900UT,130,1,O1_toros_01-04mai
-45.0,0.02323998270585558,9.32553830238719,C43,inteira,2024-05-01 1900UT,102,1,O1_toros_01-04mai
-40.0,0.024097122565227707,9.027330842474374,C43,inteira,2024-05-01 1900UT,79,1,O1_toros_01-04mai
-35.0,0.02022231554256778,10.562259551055455,C43,inteira,2024-05-01 1900UT,77,1,O1_toros_01-04mai
-30.0,0.032040787720881904,7.077639444989217,C43,inteira,2024-05-01 1900UT,54,1,O1_toros_01-04mai
-25.0,0.05032197086609958,5.452802065488296,C43,inteira,2024-05-01 1900UT,41,1,O1_toros_01-04mai
-20.0,0.030260682824028922,7.453161959907238,C43,inteira,2024-05-01 1900UT,44,1,O1_toros_01-04mai
-15.0,0.04604703410743779,5.6465818651071,C43,inteira,2024-05-01 1900UT,43,1,O1_toros_01-04mai
-60.0,0.03149206868415422,7.174629649255997,C44,inteira,2024-05-01 1900UT,64,1,O1_toros_01-04mai
-55.0,0.03051266104438291,7.3595750110214535,C44,inteira,2024-05-01 1900UT,96,1,O1_toros_01-04mai
-50.0,0.02621198239489213,8.376862011433534,C44,inteira,2024-05-01 1900UT,100,1,O1_toros_01-04mai
-45.0,0.021510184931537935,9.996221719592647,C44,inteira,2024-05-01 1900UT,93,1,O1_toros_01-04mai
-40.0,0.02970346362282489,7.524161040748686,C44,inteira,2024-05-01 1900UT,59,1,O1_toros_01-04mai
-35.0,0.03917708745855013,6.146186211657008,C44,inteira,2024-05-01 1900UT,53,1,O1_toros_01-04mai
-30.0,0.06443952100491132,5.13962951791958,C44,inteira,2024-05-01 1900UT,40,1,O1_toros_01-04mai
-25.0,0.13507496179113024,5.000448750711335,C44,inteira,2024-05-01 1900UT,70,1,O1_toros_01-04mai
-20.0,0.12634372524471876,5.000802766726485,C44,inteira,2024-05-01 1900UT,63,1,O1_toros_01-04mai
-15.0,0.08026548444359005,5.037646634158591,C44,inteira,2024-05-01 1900UT,18,1,O1_toros_01-04mai
-60.0,0.03156339045020458,7.161743701564869,C45,inteira,2024-05-01 1900UT,338,1,O1_toros_01-04mai
-55.0,0.03051655085127154,7.3587963727470385,C45,inteira,2024-05-01 1900UT,1301,1,O1_toros_01-04mai
-50.0,0.03422870012860256,6.7311842368181445,C45,inteira,2024-05-01 1900UT,657,1,O1_toros_01-04mai
-45.0,0.05533314743380358,5.298231938593618,C45,inteira,2024-05-01 1900UT,224,1,O1_toros_01-04mai
-40.0,0.07331008854198284,5.066671569353539,C45,inteira,2024-05-01 1900UT,79,1,O1_toros_01-04mai
-35.0,0.08558430561381888,5.023972975925501,C45,inteira,2024-05-01 1900UT,11,1,O1_toros_01-04mai
-60.0,0.06033939869733613,5.19651994547946,C46,inteira,2024-05-01 1900UT,48,1,O1_toros_01-04mai
-55.0,0.06361487840184102,5.149564845384349,C46,inteira,2024-05-01 1900UT,140,1,O1_toros_01-04mai
-50.0,0.07762449368985305,5.046536912432996,C46,inteira,2024-05-01 1900UT,290,1,O1_toros_01-04mai
-45.0,0.09693042493571401,5.009313055652748,C46,inteira,2024-05-01 1900UT,323,1,O1_toros_01-04mai
-40.0,0.10680406943861148,5.0040902804638,C46,inteira,2024-05-01 1900UT,263,1,O1_toros_01-04mai
-35.0,0.11528789362917283,5.00201720330565,C46,inteira,2024-05-01 1900UT,94,1,O1_toros_01-04mai
-30.0,0.1329431590534001,5.000463177964055,C46,inteira,2024-05-01 1900UT,87,1,O1_toros_01-04mai
-25.0,0.1487409021967987,5.00012416838359,C46,inteira,2024-05-01 1900UT,84,1,O1_toros_01-04mai
-20.0,0.15740645001243103,5.00006031035248,C46,inteira,2024-05-01 1900UT,75,1,O1_toros_01-04mai
-15.0,0.1619093677414201,5.000041440581403,C46,inteira,2024-05-01 1900UT,21,1,O1_toros_01-04mai
-60.0,0.023485886712581172,9.237782578240537,C34,frente,2024-05-01 2000UT,25,1,O1_toros_01-04mai
-55.0,0.022194617482384896,9.719231293543771,C34,frente,2024-05-01 2000UT,27,1,O1_toros_01-04mai
-50.0,0.028114145565565768,7.881617930596972,C34,frente,2024-05-01 2000UT,21,1,O1_toros_01-04mai
-45.0,0.025253065089526183,8.65748331070525,C34,frente,2024-05-01 2000UT,9,1,O1_toros_01-04mai
-40.0,0.026532665762283213,8.829560080661627,C34,frente,2024-05-01 2000UT,8,1,O1_toros_01-04mai
-65.0,0.02530244372695371,8.642464104536987,C34,traseira,2024-05-01 2000UT,17,1,O1_toros_01-04mai
-60.0,0.03334600904282326,6.863326432046371,C34,traseira,2024-05-01 2000UT,21,1,O1_toros_01-04mai
-55.0,0.03259318353905319,7.015737537695056,C34,traseira,2024-05-01 2000UT,14,1,O1_toros_01-04mai
-50.0,0.031138702682120222,7.247603791907768,C34,traseira,2024-05-01 2000UT,10,1,O1_toros_01-04mai
-45.0,0.03643459713392312,6.440486572143339,C34,traseira,2024-05-01 2000UT,15,1,O1_toros_01-04mai
-40.0,0.03183487170887639,7.116670540732306,C34,traseira,2024-05-01 2000UT,14,1,O1_toros_01-04mai
-35.0,0.04437895536250304,5.743070854163496,C34,traseira,2024-05-01 2000UT,16,1,O1_toros_01-04mai
-30.0,0.0408854075275476,6.022719690424902,C34,traseira,2024-05-01 2000UT,16,1,O1_toros_01-04mai
-25.0,0.06851736055429274,5.099402037799484,C34,traseira,2024-05-01 2000UT,11,1,O1_toros_01-04mai
-20.0,0.05674070040746939,5.265220342073654,C34,traseira,2024-05-01 2000UT,13,1,O1_toros_01-04mai
-15.0,0.08839474057000606,5.01896878645055,C34,traseira,2024-05-01 2000UT,14,1,O1_toros_01-04mai
-60.0,0.03506411453382847,6.614762419487247,C23,frente,2024-05-01 2000UT,31,1,O1_toros_01-04mai
-55.0,0.033302173466061125,6.870330278568707,C23,frente,2024-05-01 2000UT,38,1,O1_toros_01-04mai
-50.0,0.03333562744767218,6.8649391546098,C23,frente,2024-05-01 2000UT,17,1,O1_toros_01-04mai
-45.0,0.02604469433529879,8.424677206359888,C23,frente,2024-05-01 2000UT,12,1,O1_toros_01-04mai
-40.0,0.044914396038367166,5.710583400952196,C23,frente,2024-05-01 2000UT,11,1,O1_toros_01-04mai
-35.0,0.05729921717570348,5.2531590370053,C23,frente,2024-05-01 2000UT,5,1,O1_toros_01-04mai
-30.0,0.0902811869400481,5.016208250709454,C23,frente,2024-05-01 2000UT,5,1,O1_toros_01-04mai
-20.0,0.13125348157265007,5.000539514994063,C23,frente,2024-05-01 2000UT,8,1,O1_toros_01-04mai
-15.0,0.16438521111539658,5.000033716096792,C23,frente,2024-05-01 2000UT,26,1,O1_toros_01-04mai
-60.0,0.033521242104412846,6.836314437202988,C23,traseira,2024-05-01 2000UT,35,1,O1_toros_01-04mai
-55.0,0.03480634069116907,6.651258473599551,C23,traseira,2024-05-01 2000UT,20,1,O1_toros_01-04mai
-50.0,0.04566846858025482,5.667375348245018,C23,traseira,2024-05-01 2000UT,10,1,O1_toros_01-04mai
-45.0,0.06682828813478797,5.114426037023857,C23,traseira,2024-05-01 2000UT,13,1,O1_toros_01-04mai
-40.0,0.08190675676706351,5.033125104605144,C23,traseira,2024-05-01 2000UT,10,1,O1_toros_01-04mai
-35.0,0.1077576248679426,5.004441029399446,C23,traseira,2024-05-01 2000UT,10,1,O1_toros_01-04mai
-30.0,0.07980315539274771,5.038810456636017,C23,traseira,2024-05-01 2000UT,11,1,O1_toros_01-04mai
-25.0,0.1434779719414926,5.00027061150698,C23,traseira,2024-05-01 2000UT,10,1,O1_toros_01-04mai
-20.0,0.1405593077566349,5.0003620385476095,C23,traseira,2024-05-01 2000UT,12,1,O1_toros_01-04mai
-15.0,0.19350308249348103,5.000003165298761,C23,traseira,2024-05-01 2000UT,10,1,O1_toros_01-04mai
-60.0,0.032468313146441045,7.004737857767136,C40,frente,2024-05-01 2000UT,82,1,O1_toros_01-04mai
-55.0,0.02924542268928913,7.622370878970798,C40,frente,2024-05-01 2000UT,69,1,O1_toros_01-04mai
-50.0,0.027141269534559705,8.128471062572357,C40,frente,2024-05-01 2000UT,48,1,O1_toros_01-04mai
-45.0,0.026572601623783748,8.276624946847804,C40,frente,2024-05-01 2000UT,51,1,O1_toros_01-04mai
-40.0,0.05007777864726003,5.47261392088751,C40,frente,2024-05-01 2000UT,42,1,O1_toros_01-04mai
-35.0,0.07421602174621131,5.062944970314905,C40,frente,2024-05-01 2000UT,32,1,O1_toros_01-04mai
-30.0,0.087029866213707,5.021252272046752,C40,frente,2024-05-01 2000UT,25,1,O1_toros_01-04mai
-25.0,0.11862358645048328,5.001559874027558,C40,frente,2024-05-01 2000UT,14,1,O1_toros_01-04mai
-20.0,0.13376224978108353,5.000436384920821,C40,frente,2024-05-01 2000UT,18,1,O1_toros_01-04mai
-15.0,0.18027608170227444,5.000009287920631,C40,frente,2024-05-01 2000UT,10,1,O1_toros_01-04mai
-60.0,0.030973164095186835,7.271658701148134,C40,traseira,2024-05-01 2000UT,104,1,O1_toros_01-04mai
-55.0,0.028243694345378215,7.850689189627753,C40,traseira,2024-05-01 2000UT,60,1,O1_toros_01-04mai
-50.0,0.02922442216567319,7.626964160484498,C40,traseira,2024-05-01 2000UT,89,1,O1_toros_01-04mai
-45.0,0.040389197827904184,6.036066049349537,C40,traseira,2024-05-01 2000UT,75,1,O1_toros_01-04mai
-40.0,0.06950633589600996,5.091542033573244,C40,traseira,2024-05-01 2000UT,24,1,O1_toros_01-04mai
-35.0,0.09306214143623448,5.015854974948722,C40,traseira,2024-05-01 2000UT,28,1,O1_toros_01-04mai
-30.0,0.09737580197498633,5.00897373965465,C40,traseira,2024-05-01 2000UT,19,1,O1_toros_01-04mai
-25.0,0.1176219056842479,5.001660513989974,C40,traseira,2024-05-01 2000UT,11,1,O1_toros_01-04mai
-20.0,0.11270123389825062,5.002503152751364,C40,traseira,2024-05-01 2000UT,12,1,O1_toros_01-04mai
-15.0,0.15770685860668204,5.00005881928177,C40,traseira,2024-05-01 2000UT,17,1,O1_toros_01-04mai
-60.0,0.022272415997959205,9.688734493164684,C39,frente,2024-05-01 2000UT,21,1,O1_toros_01-04mai
-55.0,0.025267449089094354,8.653110220801214,C39,frente,2024-05-01 2000UT,14,1,O1_toros_01-04mai
-50.0,0.028297095609945047,7.838328901313923,C39,frente,2024-05-01 2000UT,16,1,O1_toros_01-04mai
-45.0,0.024415723247543892,8.928955334299108,C39,frente,2024-05-01 2000UT,16,1,O1_toros_01-04mai
-40.0,0.03881465756611392,6.181331963473308,C39,frente,2024-05-01 2000UT,9,1,O1_toros_01-04mai
-35.0,0.0374955668292047,6.378954811109216,C39,frente,2024-05-01 2000UT,8,1,O1_toros_01-04mai
-30.0,0.040367410040734346,6.037948890336164,C39,frente,2024-05-01 2000UT,11,1,O1_toros_01-04mai
-25.0,0.042771843046189376,5.849486803700369,C39,frente,2024-05-01 2000UT,9,1,O1_toros_01-04mai
-20.0,0.04992211615210679,5.46814417496306,C39,frente,2024-05-01 2000UT,17,1,O1_toros_01-04mai
-15.0,0.09446688670988529,5.011752821477728,C39,frente,2024-05-01 2000UT,12,1,O1_toros_01-04mai
-60.0,0.025930694204033482,8.477136400769233,C39,traseira,2024-05-01 2000UT,20,1,O1_toros_01-04mai
-55.0,0.02047946223571878,10.444334510848561,C39,traseira,2024-05-01 2000UT,17,1,O1_toros_01-04mai
-50.0,0.02299597793066992,9.41437335016567,C39,traseira,2024-05-01 2000UT,11,1,O1_toros_01-04mai
-45.0,0.021216688263740506,10.12006180584882,C39,traseira,2024-05-01 2000UT,24,1,O1_toros_01-04mai
-40.0,0.03900891522216986,6.162362354201896,C39,traseira,2024-05-01 2000UT,11,1,O1_toros_01-04mai
-35.0,0.02372431949619945,9.154411397324946,C39,traseira,2024-05-01 2000UT,5,1,O1_toros_01-04mai
-30.0,0.06876300742360242,5.097387906725503,C39,traseira,2024-05-01 2000UT,7,1,O1_toros_01-04mai
-20.0,0.10477596891080285,5.0059312840732115,C39,traseira,2024-05-01 2000UT,6,1,O1_toros_01-04mai
-15.0,0.08356419736434441,5.028368221203664,C39,traseira,2024-05-01 2000UT,7,1,O1_toros_01-04mai
-70.0,0.026164162294278134,8.39007267713492,C38,frente,2024-05-01 2000UT,56,1,O1_toros_01-04mai
-65.0,0.027517575073944936,8.028495996511028,C38,frente,2024-05-01 2000UT,183,1,O1_toros_01-04mai
-60.0,0.028590918750710802,7.769576871876815,C38,frente,2024-05-01 2000UT,96,1,O1_toros_01-04mai
-55.0,0.031973157124934634,7.089600507312716,C38,frente,2024-05-01 2000UT,52,1,O1_toros_01-04mai
-50.0,0.02770995597941229,7.980543037377342,C38,frente,2024-05-01 2000UT,46,1,O1_toros_01-04mai
-45.0,0.03926350362152603,6.17787355946052,C38,frente,2024-05-01 2000UT,34,1,O1_toros_01-04mai
-40.0,0.02588293359861292,8.474000837358677,C38,frente,2024-05-01 2000UT,52,1,O1_toros_01-04mai
-35.0,0.034390580480339536,6.707988664838416,C38,frente,2024-05-01 2000UT,38,1,O1_toros_01-04mai
-30.0,0.05044547311129796,5.4481657916947,C38,frente,2024-05-01 2000UT,33,1,O1_toros_01-04mai
-25.0,0.08112067544196978,5.03660579608532,C38,frente,2024-05-01 2000UT,30,1,O1_toros_01-04mai
-20.0,0.09048119384695727,5.016150065670941,C38,frente,2024-05-01 2000UT,22,1,O1_toros_01-04mai
-15.0,0.10538235268811603,5.004663369528112,C38,frente,2024-05-01 2000UT,24,1,O1_toros_01-04mai
-70.0,0.022317582030317692,9.671120035105282,C38,traseira,2024-05-01 2000UT,37,1,O1_toros_01-04mai
-65.0,0.026344815727611867,8.339485369615021,C38,traseira,2024-05-01 2000UT,122,1,O1_toros_01-04mai
-60.0,0.02242103588397917,9.631022678827925,C38,traseira,2024-05-01 2000UT,93,1,O1_toros_01-04mai
-55.0,0.026577000162824,8.275424136707594,C38,traseira,2024-05-01 2000UT,23,1,O1_toros_01-04mai
-50.0,0.04011553851999642,6.059964946597061,C38,traseira,2024-05-01 2000UT,13,1,O1_toros_01-04mai
-45.0,0.06616372765209978,5.122456045017561,C38,traseira,2024-05-01 2000UT,12,1,O1_toros_01-04mai
-40.0,0.08520889882900154,5.024734798333427,C38,traseira,2024-05-01 2000UT,9,1,O1_toros_01-04mai
-35.0,0.09927869115763,5.00793529282668,C38,traseira,2024-05-01 2000UT,6,1,O1_toros_01-04mai
-30.0,0.1284326829829843,5.000985986962489,C38,traseira,2024-05-01 2000UT,6,1,O1_toros_01-04mai
-25.0,0.10949705910774157,5.003268063916174,C38,traseira,2024-05-01 2000UT,17,1,O1_toros_01-04mai
-20.0,0.14438026484879055,5.000178576878831,C38,traseira,2024-05-01 2000UT,15,1,O1_toros_01-04mai
-15.0,0.11363363040885649,5.002626709354354,C38,traseira,2024-05-01 2000UT,14,1,O1_toros_01-04mai
-65.0,0.030234420837787636,7.415668082528136,C41,frente,2024-05-01 2000UT,10,1,O1_toros_01-04mai
-60.0,0.029094917042892424,7.655505195396763,C41,frente,2024-05-01 2000UT,32,1,O1_toros_01-04mai
-55.0,0.024559859444923574,8.874987464833978,C41,frente,2024-05-01 2000UT,15,1,O1_toros_01-04mai
-50.0,0.031386912218843516,7.204861484118586,C41,frente,2024-05-01 2000UT,16,1,O1_toros_01-04mai
-45.0,0.021412358116561194,10.037118564913314,C41,frente,2024-05-01 2000UT,13,1,O1_toros_01-04mai
-40.0,0.07110788381985317,5.08019699706278,C41,frente,2024-05-01 2000UT,12,1,O1_toros_01-04mai
-35.0,0.09197410406831467,5.0140756166992055,C41,frente,2024-05-01 2000UT,7,1,O1_toros_01-04mai
-30.0,0.11935853551056148,5.001436785080632,C41,frente,2024-05-01 2000UT,5,1,O1_toros_01-04mai
-25.0,0.10644629815291914,5.004704110568356,C41,frente,2024-05-01 2000UT,6,1,O1_toros_01-04mai
-65.0,0.025280695647343067,8.649071473404824,C41,traseira,2024-05-01 2000UT,11,1,O1_toros_01-04mai
-60.0,0.021631518819588934,9.94618816370189,C41,traseira,2024-05-01 2000UT,22,1,O1_toros_01-04mai
-55.0,0.0354927667667959,6.558103907302309,C41,traseira,2024-05-01 2000UT,10,1,O1_toros_01-04mai
-45.0,0.06900275184416667,5.095461530113809,C41,traseira,2024-05-01 2000UT,7,1,O1_toros_01-04mai
-40.0,0.04460840517445904,6.689979391531029,C41,traseira,2024-05-01 2000UT,6,1,O1_toros_01-04mai
-35.0,0.06443951744102128,5.154685279434186,C41,traseira,2024-05-01 2000UT,6,1,O1_toros_01-04mai
-15.0,0.09376755581175625,5.012263779364591,C41,traseira,2024-05-01 2000UT,12,1,O1_toros_01-04mai
-70.0,0.035826399111710205,6.515376802188615,C48,inteira,2024-05-01 2000UT,151,1,O1_toros_01-04mai
-65.0,0.03403345567320931,6.759581640449351,C48,inteira,2024-05-01 2000UT,202,1,O1_toros_01-04mai
-60.0,0.032638452734966586,6.976497463480784,C48,inteira,2024-05-01 2000UT,261,1,O1_toros_01-04mai
-55.0,0.03446277045277883,6.697920361538076,C48,inteira,2024-05-01 2000UT,170,1,O1_toros_01-04mai
-50.0,0.04869677165422101,5.518528327565495,C48,inteira,2024-05-01 2000UT,100,1,O1_toros_01-04mai
-45.0,0.057145889112337145,5.256414489463059,C48,inteira,2024-05-01 2000UT,71,1,O1_toros_01-04mai
-40.0,0.06666870113326026,5.116042407259098,C48,inteira,2024-05-01 2000UT,74,1,O1_toros_01-04mai
-35.0,0.09356041729868808,5.012332705158686,C48,inteira,2024-05-01 2000UT,64,1,O1_toros_01-04mai
-30.0,0.12106366344075181,5.0012464681107,C48,inteira,2024-05-01 2000UT,63,1,O1_toros_01-04mai
-25.0,0.13384680511331049,5.000431976988724,C48,inteira,2024-05-01 2000UT,48,1,O1_toros_01-04mai
-20.0,0.13918708773579974,5.000276704929835,C48,inteira,2024-05-01 2000UT,34,1,O1_toros_01-04mai
-15.0,0.1801313488882426,5.000009077167539,C48,inteira,2024-05-01 2000UT,43,1,O1_toros_01-04mai
-60.0,0.038288562245503914,6.234275133346236,C49,inteira,2024-05-01 2000UT,59,1,O1_toros_01-04mai
-55.0,0.036739268333813586,6.404374049547736,C49,inteira,2024-05-01 2000UT,95,1,O1_toros_01-04mai
-50.0,0.028750447891443834,7.732849266766667,C49,inteira,2024-05-01 2000UT,66,1,O1_toros_01-04mai
-45.0,0.0371512596699675,6.356976517289414,C49,inteira,2024-05-01 2000UT,39,1,O1_toros_01-04mai
-40.0,0.07365302722996256,5.064793182628979,C49,inteira,2024-05-01 2000UT,29,1,O1_toros_01-04mai
-35.0,0.08274070880211763,5.030383314536525,C49,inteira,2024-05-01 2000UT,17,1,O1_toros_01-04mai
-30.0,0.1699597583932217,5.000021233340407,C49,inteira,2024-05-01 2000UT,8,1,O1_toros_01-04mai
-25.0,0.15806407411613552,5.000057094155921,C49,inteira,2024-05-01 2000UT,13,1,O1_toros_01-04mai
-20.0,0.17022751842858147,5.000024198919473,C49,inteira,2024-05-01 2000UT,18,1,O1_toros_01-04mai
-15.0,0.17179862020039086,5.0000181769854155,C49,inteira,2024-05-01 2000UT,17,1,O1_toros_01-04mai
-65.0,0.025249602079118888,8.6585389549165,C50,inteira,2024-05-01 2000UT,73,1,O1_toros_01-04mai
-60.0,0.02996075517702112,7.470616670322235,C50,inteira,2024-05-01 2000UT,87,1,O1_toros_01-04mai
-55.0,0.03162760409505689,7.150206119488853,C50,inteira,2024-05-01 2000UT,79,1,O1_toros_01-04mai
-50.0,0.03130731239151106,7.208369990127807,C50,inteira,2024-05-01 2000UT,43,1,O1_toros_01-04mai
-45.0,0.032881074704910355,6.936936929391207,C50,inteira,2024-05-01 2000UT,31,1,O1_toros_01-04mai
-40.0,0.038476844061390236,6.215093720306847,C50,inteira,2024-05-01 2000UT,24,1,O1_toros_01-04mai
-35.0,0.06180643911083352,5.17388880932375,C50,inteira,2024-05-01 2000UT,15,1,O1_toros_01-04mai
-30.0,0.06237971079772608,5.165776986037098,C50,inteira,2024-05-01 2000UT,13,1,O1_toros_01-04mai
-25.0,0.0795354700003717,5.041885987657553,C50,inteira,2024-05-01 2000UT,14,1,O1_toros_01-04mai
-20.0,0.08227236011375968,5.03159259163461,C50,inteira,2024-05-01 2000UT,23,1,O1_toros_01-04mai
-15.0,0.11474380632761744,5.002155937715453,C50,inteira,2024-05-01 2000UT,14,1,O1_toros_01-04mai
-70.0,0.035081992654849625,6.612358467524908,C35,traseira,2024-05-01 2000UT,925,1,O1_toros_01-04mai
-65.0,0.03283633734506638,6.944171527078947,C35,traseira,2024-05-01 2000UT,1299,1,O1_toros_01-04mai
-60.0,0.03210553887454595,7.06625090631991,C35,traseira,2024-05-01 2000UT,791,1,O1_toros_01-04mai
-55.0,0.03018916258349631,7.424035790213095,C35,traseira,2024-05-01 2000UT,793,1,O1_toros_01-04mai
-50.0,0.026999882989523088,8.162007569040082,C35,traseira,2024-05-01 2000UT,505,1,O1_toros_01-04mai
-45.0,0.026719681462968867,8.236942652190669,C35,traseira,2024-05-01 2000UT,392,1,O1_toros_01-04mai
-40.0,0.03199585902182588,7.085222984448409,C35,traseira,2024-05-01 2000UT,323,1,O1_toros_01-04mai
-35.0,0.046210727043578384,5.638662217657923,C35,traseira,2024-05-01 2000UT,220,1,O1_toros_01-04mai
-30.0,0.08076938466957997,5.035882825441429,C35,traseira,2024-05-01 2000UT,170,1,O1_toros_01-04mai
-25.0,0.1014170606773138,5.006408552242359,C35,traseira,2024-05-01 2000UT,198,1,O1_toros_01-04mai
-20.0,0.10635021500129738,5.004249535682029,C35,traseira,2024-05-01 2000UT,148,1,O1_toros_01-04mai
-15.0,0.11273439219209273,5.002495327487163,C35,traseira,2024-05-01 2000UT,129,1,O1_toros_01-04mai
-60.0,0.03136040363778636,7.198664188117499,C44,frente,2024-05-01 2000UT,42,1,O1_toros_01-04mai
-55.0,0.033535764923382554,6.834093409611399,C44,frente,2024-05-01 2000UT,103,1,O1_toros_01-04mai
-50.0,0.031135763129220926,7.240167084157879,C44,frente,2024-05-01 2000UT,73,1,O1_toros_01-04mai
-45.0,0.03529644852385042,6.5837994433690135,C44,frente,2024-05-01 2000UT,65,1,O1_toros_01-04mai
-40.0,0.07263309189822803,5.072712908864757,C44,frente,2024-05-01 2000UT,14,1,O1_toros_01-04mai
-35.0,0.09748639984166274,5.008893111340621,C44,frente,2024-05-01 2000UT,8,1,O1_toros_01-04mai
-30.0,0.11596249130275627,5.001906771921432,C44,frente,2024-05-01 2000UT,17,1,O1_toros_01-04mai
-25.0,0.1285314149927773,5.000668981689787,C44,frente,2024-05-01 2000UT,13,1,O1_toros_01-04mai
-20.0,0.12197552497673804,5.001155260176043,C44,frente,2024-05-01 2000UT,11,1,O1_toros_01-04mai
-15.0,0.14720011595983046,5.000141179426482,C44,frente,2024-05-01 2000UT,15,1,O1_toros_01-04mai
-60.0,0.032564046522468894,6.988790844279512,C44,traseira,2024-05-01 2000UT,39,1,O1_toros_01-04mai
-55.0,0.035575747390563704,6.5473623408407535,C44,traseira,2024-05-01 2000UT,47,1,O1_toros_01-04mai
-50.0,0.027006296365505545,8.160318091932488,C44,traseira,2024-05-01 2000UT,123,1,O1_toros_01-04mai
-45.0,0.022864337960408924,9.463065603521787,C44,traseira,2024-05-01 2000UT,163,1,O1_toros_01-04mai
-40.0,0.03172113479699551,7.133512071945969,C44,traseira,2024-05-01 2000UT,101,1,O1_toros_01-04mai
-35.0,0.03754912250512491,6.312723306855661,C44,traseira,2024-05-01 2000UT,59,1,O1_toros_01-04mai
-30.0,0.06744362741992446,5.108709484887914,C44,traseira,2024-05-01 2000UT,42,1,O1_toros_01-04mai
-25.0,0.09077289470235617,5.01555753004654,C44,traseira,2024-05-01 2000UT,31,1,O1_toros_01-04mai
-20.0,0.15204601109958682,5.000094274148844,C44,traseira,2024-05-01 2000UT,29,1,O1_toros_01-04mai
-15.0,0.14751820917610542,5.000137819236448,C44,traseira,2024-05-01 2000UT,20,1,O1_toros_01-04mai
-70.0,0.06481915939292661,5.135281263517955,C66,frente,2024-05-02 1100UT,4021,1,O1_toros_01-04mai
-65.0,0.06188789998977319,5.172712378953033,C66,frente,2024-05-02 1100UT,8118,1,O1_toros_01-04mai
-60.0,0.056962562114015694,5.26036187405408,C66,frente,2024-05-02 1100UT,8774,1,O1_toros_01-04mai
-55.0,0.0578021898094384,5.24276733403881,C66,frente,2024-05-02 1100UT,5534,1,O1_toros_01-04mai
-50.0,0.07169454710131311,5.076279716859538,C66,frente,2024-05-02 1100UT,2599,1,O1_toros_01-04mai
-45.0,0.07230426147501394,5.07250079575464,C66,frente,2024-05-02 1100UT,983,1,O1_toros_01-04mai
-40.0,0.09790410684273956,5.00858760010748,C66,frente,2024-05-02 1100UT,536,1,O1_toros_01-04mai
-35.0,0.1289860736251771,5.000644140477912,C66,frente,2024-05-02 1100UT,316,1,O1_toros_01-04mai
-30.0,0.14907009237125235,5.000120807726195,C66,frente,2024-05-02 1100UT,181,1,O1_toros_01-04mai
-25.0,0.1595664128213075,5.0000503930924145,C66,frente,2024-05-02 1100UT,134,1,O1_toros_01-04mai
-20.0,0.1872550075857718,5.000005013981573,C66,frente,2024-05-02 1100UT,88,1,O1_toros_01-04mai
-15.0,0.20687392324637519,5.000000977471968,C66,frente,2024-05-02 1100UT,41,1,O1_toros_01-04mai
-70.0,0.07118609075830304,5.07958415936316,C66,traseira,2024-05-02 1100UT,366,1,O1_toros_01-04mai
-65.0,0.07820807918223763,5.044330461898874,C66,traseira,2024-05-02 1100UT,394,1,O1_toros_01-04mai
-60.0,0.06325281508296186,5.154144039591206,C66,traseira,2024-05-02 1100UT,272,1,O1_toros_01-04mai
-55.0,0.05859074061472583,5.227351289886087,C66,traseira,2024-05-02 1100UT,212,1,O1_toros_01-04mai
-50.0,0.0842049720701189,5.026903347106268,C66,traseira,2024-05-02 1100UT,110,1,O1_toros_01-04mai
-45.0,0.11090617844234245,5.002906380396453,C66,traseira,2024-05-02 1100UT,86,1,O1_toros_01-04mai
-40.0,0.13748200893742474,5.000317308301603,C66,traseira,2024-05-02 1100UT,103,1,O1_toros_01-04mai
-35.0,0.1655326997585581,5.000030640304814,C66,traseira,2024-05-02 1100UT,109,1,O1_toros_01-04mai
-30.0,0.19444924777972608,5.0000027527597615,C66,traseira,2024-05-02 1100UT,123,1,O1_toros_01-04mai
-25.0,0.22143625814982976,5.000000290527,C66,traseira,2024-05-02 1100UT,136,1,O1_toros_01-04mai
-20.0,0.2419074565890579,5.000000052747085,C66,traseira,2024-05-02 1100UT,133,1,O1_toros_01-04mai
-15.0,0.26235520851953975,5.000000009597755,C66,traseira,2024-05-02 1100UT,85,1,O1_toros_01-04mai
-70.0,0.09111007733401034,5.015126470406396,C69,inteira,2024-05-02 1100UT,195,1,O1_toros_01-04mai
-65.0,0.08885905767955034,5.018247556622168,C69,inteira,2024-05-02 1100UT,495,1,O1_toros_01-04mai
-60.0,0.10245650408892168,5.00587620210804,C69,inteira,2024-05-02 1100UT,303,1,O1_toros_01-04mai
-55.0,0.10908256046457106,5.003382920158076,C69,inteira,2024-05-02 1100UT,363,1,O1_toros_01-04mai
-50.0,0.1049114183818747,5.004789061494958,C69,inteira,2024-05-02 1100UT,391,1,O1_toros_01-04mai
-45.0,0.11587189330068445,5.001921222211977,C69,inteira,2024-05-02 1100UT,423,1,O1_toros_01-04mai
-40.0,0.1700211688882493,5.000021079011594,C69,inteira,2024-05-02 1100UT,280,1,O1_toros_01-04mai
-35.0,0.19348671787115362,5.000002982657804,C69,inteira,2024-05-02 1100UT,163,1,O1_toros_01-04mai
-30.0,0.21432853523975692,5.00000052630037,C69,inteira,2024-05-02 1100UT,112,1,O1_toros_01-04mai
-25.0,0.24116834566613624,5.0000000560980515,C69,inteira,2024-05-02 1100UT,111,1,O1_toros_01-04mai
-20.0,0.26035659414357626,5.000000011337761,C69,inteira,2024-05-02 1100UT,112,1,O1_toros_01-04mai
-15.0,0.2683335972749241,5.000000005831826,C69,inteira,2024-05-02 1100UT,77,1,O1_toros_01-04mai
-65.0,0.0715848065868919,5.07698049759117,C70,inteira,2024-05-02 1100UT,461,1,O1_toros_01-04mai
-60.0,0.05783257661015837,5.242153367752437,C70,inteira,2024-05-02 1100UT,2373,1,O1_toros_01-04mai
-55.0,0.05401464674398815,5.332863431231001,C70,inteira,2024-05-02 1100UT,2652,1,O1_toros_01-04mai
-50.0,0.04811354621502701,5.544294508377383,C70,inteira,2024-05-02 1100UT,853,1,O1_toros_01-04mai
-45.0,0.06358219575605908,5.149972682883096,C70,inteira,2024-05-02 1100UT,144,1,O1_toros_01-04mai
-60.0,0.05864115615718819,5.22686170543048,C4,frente,2024-05-02 1100UT,18,1,O1_toros_01-04mai
-55.0,0.05243862917777388,5.379580576021069,C4,frente,2024-05-02 1100UT,67,1,O1_toros_01-04mai
-50.0,0.06391370458909372,5.145918558233086,C4,frente,2024-05-02 1100UT,14,1,O1_toros_01-04mai
-60.0,0.05700055919599868,5.259538761392077,C4,traseira,2024-05-02 1100UT,23,1,O1_toros_01-04mai
-55.0,0.055791113409658866,5.2870605616897475,C4,traseira,2024-05-02 1100UT,67,1,O1_toros_01-04mai
-50.0,0.06632739696145543,5.119308402332594,C4,traseira,2024-05-02 1100UT,10,1,O1_toros_01-04mai
-60.0,0.05322896852773054,5.355386270314819,C71,inteira,2024-05-02 1100UT,97,1,O1_toros_01-04mai
-55.0,0.0507231601949535,5.437914130964922,C71,inteira,2024-05-02 1100UT,720,1,O1_toros_01-04mai
-50.0,0.044612364405783665,5.7286952650340925,C71,inteira,2024-05-02 1100UT,169,1,O1_toros_01-04mai
-60.0,0.05943063770607307,5.211960514465748,C72,inteira,2024-05-02 1100UT,34,1,O1_toros_01-04mai
-55.0,0.06143674155995345,5.179329374740954,C72,inteira,2024-05-02 1100UT,357,1,O1_toros_01-04mai
-50.0,0.06907426021790755,5.094894363442974,C72,inteira,2024-05-02 1100UT,31,1,O1_toros_01-04mai
-60.0,0.04574284994752775,5.663181388275419,C73,inteira,2024-05-02 1100UT,528,1,O1_toros_01-04mai
-55.0,0.04596818816825049,5.650844215516676,C73,inteira,2024-05-02 1100UT,1619,1,O1_toros_01-04mai
-50.0,0.04237164594818312,5.878294681065817,C73,inteira,2024-05-02 1100UT,265,1,O1_toros_01-04mai
-60.0,0.03884849793591863,6.1780052638335405,C74,inteira,2024-05-02 1100UT,51,1,O1_toros_01-04mai
-55.0,0.039829786249896415,6.085508486435446,C74,inteira,2024-05-02 1100UT,958,1,O1_toros_01-04mai
-60.0,0.04424089048308155,5.751607382017642,C75,inteira,2024-05-02 1100UT,410,1,O1_toros_01-04mai
-55.0,0.038936546921697346,6.169393382884559,C75,inteira,2024-05-02 1100UT,1361,1,O1_toros_01-04mai
-50.0,0.04127898009019712,5.962022379886977,C75,inteira,2024-05-02 1100UT,392,1,O1_toros_01-04mai
-60.0,0.08296128214612555,5.029829936858126,C76,inteira,2024-05-02 1100UT,57,1,O1_toros_01-04mai
-55.0,0.0773658996874425,5.047550597439358,C76,inteira,2024-05-02 1100UT,107,1,O1_toros_01-04mai
-50.0,0.08130100852243317,5.034256235862308,C76,inteira,2024-05-02 1100UT,131,1,O1_toros_01-04mai
-45.0,0.09578659270502873,5.0102506709395005,C76,inteira,2024-05-02 1100UT,56,1,O1_toros_01-04mai
-40.0,0.1114833459527558,5.0027695194772885,C76,inteira,2024-05-02 1100UT,7,1,O1_toros_01-04mai
-60.0,0.059364681996098914,5.213177838582217,C58,frente,2024-05-02 1100UT,154,1,O1_toros_01-04mai
-55.0,0.0395341634847937,6.112582454327093,C58,frente,2024-05-02 1100UT,720,1,O1_toros_01-04mai
-50.0,0.04288014965851188,5.8418542131873465,C58,frente,2024-05-02 1100UT,161,1,O1_toros_01-04mai
-60.0,0.078036822161012,5.044964988212883,C58,traseira,2024-05-02 1100UT,167,1,O1_toros_01-04mai
-55.0,0.04541707027198229,5.681432234758367,C58,traseira,2024-05-02 1100UT,386,1,O1_toros_01-04mai
-50.0,0.045847857913934614,5.657460782411227,C58,traseira,2024-05-02 1100UT,118,1,O1_toros_01-04mai
-60.0,0.04098784821552877,5.985647478165486,C77,inteira,2024-05-02 1100UT,36,1,O1_toros_01-04mai
-55.0,0.03816726052551045,6.2468150476683535,C77,inteira,2024-05-02 1100UT,435,1,O1_toros_01-04mai
-50.0,0.035936339655164476,6.501556760711564,C77,inteira,2024-05-02 1100UT,21,1,O1_toros_01-04mai
-65.0,0.08377951795660338,5.027863738948896,C78,inteira,2024-05-02 1100UT,17,1,O1_toros_01-04mai
-60.0,0.07786815452026064,5.0456014622985075,C78,inteira,2024-05-02 1100UT,109,1,O1_toros_01-04mai
-55.0,0.09728451773505284,5.009042263371835,C78,inteira,2024-05-02 1100UT,215,1,O1_toros_01-04mai
-50.0,0.10656474532562571,5.004172811344139,C78,inteira,2024-05-02 1100UT,230,1,O1_toros_01-04mai
-45.0,0.1134366517500168,5.002353488698484,C78,inteira,2024-05-02 1100UT,240,1,O1_toros_01-04mai
-40.0,0.11736382230047764,5.001696613381498,C78,inteira,2024-05-02 1100UT,269,1,O1_toros_01-04mai
-35.0,0.12563304863561964,5.000851835024009,C78,inteira,2024-05-02 1100UT,154,1,O1_toros_01-04mai
-30.0,0.1338865795415426,5.000428158296068,C78,inteira,2024-05-02 1100UT,55,1,O1_toros_01-04mai
-25.0,0.14187054124741755,5.000220331022902,C78,inteira,2024-05-02 1100UT,8,1,O1_toros_01-04mai
-70.0,0.0872436887192356,5.020876941395083,C64,frente,2024-05-02 1100UT,5,1,O1_toros_01-04mai
-65.0,0.08568569024368775,5.0237715657410815,C64,frente,2024-05-02 1100UT,86,1,O1_toros_01-04mai
-60.0,0.0742625788738632,5.061584143159213,C64,frente,2024-05-02 1100UT,297,1,O1_toros_01-04mai
-55.0,0.05943809129498845,5.211829081544993,C64,frente,2024-05-02 1100UT,578,1,O1_toros_01-04mai
-50.0,0.08464658487224881,5.02596657505638,C64,frente,2024-05-02 1100UT,196,1,O1_toros_01-04mai
-45.0,0.12203227426009605,5.001150408113562,C64,frente,2024-05-02 1100UT,86,1,O1_toros_01-04mai
-40.0,0.1652237017980127,5.000031439533294,C64,frente,2024-05-02 1100UT,45,1,O1_toros_01-04mai
-35.0,0.15370722234200063,5.00008208643229,C64,frente,2024-05-02 1100UT,29,1,O1_toros_01-04mai
-30.0,0.1595567398454044,5.000050416220192,C64,frente,2024-05-02 1100UT,15,1,O1_toros_01-04mai
-25.0,0.15558829827950327,5.000070176704858,C64,frente,2024-05-02 1100UT,7,1,O1_toros_01-04mai
-65.0,0.11771423585339989,5.00164778672092,C64,traseira,2024-05-02 1100UT,95,1,O1_toros_01-04mai
-60.0,0.09647501621348811,5.0096732920112945,C64,traseira,2024-05-02 1100UT,256,1,O1_toros_01-04mai
-55.0,0.07817972993106523,5.044432696138385,C64,traseira,2024-05-02 1100UT,288,1,O1_toros_01-04mai
-50.0,0.07449186211590077,5.060418628986709,C64,traseira,2024-05-02 1100UT,233,1,O1_toros_01-04mai
-45.0,0.09308702500249783,5.012828901779443,C64,traseira,2024-05-02 1100UT,129,1,O1_toros_01-04mai
-40.0,0.11318400451226532,5.00240360901455,C64,traseira,2024-05-02 1100UT,140,1,O1_toros_01-04mai
-35.0,0.11196907327987858,5.002659655369303,C64,traseira,2024-05-02 1100UT,165,1,O1_toros_01-04mai
-30.0,0.11677005092331542,5.001782675068625,C64,traseira,2024-05-02 1100UT,103,1,O1_toros_01-04mai
-25.0,0.11681963725827607,5.001775323907045,C64,traseira,2024-05-02 1100UT,23,1,O1_toros_01-04mai
-60.0,0.09265860145835121,5.013295192970615,C68,frente,2024-05-02 1100UT,31,1,O1_toros_01-04mai
-55.0,0.06976284870746668,5.089603497062529,C68,frente,2024-05-02 1100UT,152,1,O1_toros_01-04mai
-50.0,0.04994600029453462,5.467213333106032,C68,frente,2024-05-02 1100UT,25,1,O1_toros_01-04mai
-60.0,0.09484725111968599,5.011078597205888,C68,traseira,2024-05-02 1100UT,43,1,O1_toros_01-04mai
-55.0,0.08118334032670811,5.034593793940192,C68,traseira,2024-05-02 1100UT,295,1,O1_toros_01-04mai
-50.0,0.07232752854276193,5.072360358536514,C68,traseira,2024-05-02 1100UT,109,1,O1_toros_01-04mai
-45.0,0.07133947103500288,5.078587944381604,C68,traseira,2024-05-02 1100UT,8,1,O1_toros_01-04mai
-60.0,0.0581346786173203,5.236427122314723,C79,inteira,2024-05-02 1100UT,46,1,O1_toros_01-04mai
-55.0,0.06462999786138113,5.137430861436382,C79,inteira,2024-05-02 1100UT,252,1,O1_toros_01-04mai
-50.0,0.0707651875315128,5.082422107817424,C79,inteira,2024-05-02 1100UT,255,1,O1_toros_01-04mai
-45.0,0.07092366960341703,5.081340728799942,C79,inteira,2024-05-02 1100UT,137,1,O1_toros_01-04mai
-40.0,0.06804546673611135,5.103400024898519,C79,inteira,2024-05-02 1100UT,58,1,O1_toros_01-04mai
-35.0,0.061998934141852195,5.17112450073672,C79,inteira,2024-05-02 1100UT,36,1,O1_toros_01-04mai
-30.0,0.06809021357725736,5.103004761886941,C79,inteira,2024-05-02 1100UT,46,1,O1_toros_01-04mai
-25.0,0.06592551700100124,5.123366497223101,C79,inteira,2024-05-02 1100UT,11,1,O1_toros_01-04mai
-65.0,0.08712940215605587,5.021086702385651,C80,inteira,2024-05-02 1100UT,14,1,O1_toros_01-04mai
-60.0,0.08245210035565478,5.031122912917373,C80,inteira,2024-05-02 1100UT,145,1,O1_toros_01-04mai
-55.0,0.07125748762799448,5.079109161645034,C80,inteira,2024-05-02 1100UT,241,1,O1_toros_01-04mai
-50.0,0.07026865364497376,5.085904097061518,C80,inteira,2024-05-02 1100UT,109,1,O1_toros_01-04mai
-45.0,0.06573313177071449,5.125360260962641,C80,inteira,2024-05-02 1100UT,79,1,O1_toros_01-04mai
-40.0,0.0657651171001159,5.1250271691613785,C80,inteira,2024-05-02 1100UT,84,1,O1_toros_01-04mai
-35.0,0.06480251571850337,5.13546913951208,C80,inteira,2024-05-02 1100UT,40,1,O1_toros_01-04mai
-70.0,0.034480988663287915,6.695167679623456,C66,frente,2024-05-02 1200UT,6714,1,O1_toros_01-04mai
-65.0,0.034809189265229176,6.649433028151494,C66,frente,2024-05-02 1200UT,12787,1,O1_toros_01-04mai
-60.0,0.03552332244327866,6.55413716125058,C66,frente,2024-05-02 1200UT,15668,1,O1_toros_01-04mai
-55.0,0.03774031137670561,6.291974197485155,C66,frente,2024-05-02 1200UT,6754,1,O1_toros_01-04mai
-50.0,0.04814771704816687,5.542746796639502,C66,frente,2024-05-02 1200UT,4210,1,O1_toros_01-04mai
-45.0,0.058811621963734094,5.223181237069836,C66,frente,2024-05-02 1200UT,2051,1,O1_toros_01-04mai
-40.0,0.07003912065269169,5.087563105458166,C66,frente,2024-05-02 1200UT,1216,1,O1_toros_01-04mai
-35.0,0.07721993319252575,5.048132556583314,C66,frente,2024-05-02 1200UT,830,1,O1_toros_01-04mai
-30.0,0.0864245266691469,5.022351844004326,C66,frente,2024-05-02 1200UT,482,1,O1_toros_01-04mai
-25.0,0.10289656371200284,5.005664783348446,C66,frente,2024-05-02 1200UT,328,1,O1_toros_01-04mai
-20.0,0.11222541296066513,5.002603443297172,C66,frente,2024-05-02 1200UT,251,1,O1_toros_01-04mai
-15.0,0.1330780978212775,5.000457998749847,C66,frente,2024-05-02 1200UT,199,1,O1_toros_01-04mai
-70.0,0.040015525732807374,6.068836033554838,C66,traseira,2024-05-02 1200UT,13667,1,O1_toros_01-04mai
-65.0,0.037446525961507715,6.3239948389968,C66,traseira,2024-05-02 1200UT,9064,1,O1_toros_01-04mai
-60.0,0.03714472780426884,6.357715350716799,C66,traseira,2024-05-02 1200UT,4313,1,O1_toros_01-04mai
-55.0,0.03889780603673752,6.173174869845521,C66,traseira,2024-05-02 1200UT,2030,1,O1_toros_01-04mai
-50.0,0.04263414351282189,5.859290798008066,C66,traseira,2024-05-02 1200UT,1352,1,O1_toros_01-04mai
-45.0,0.05428043034964583,5.325571944488635,C66,traseira,2024-05-02 1200UT,995,1,O1_toros_01-04mai
-40.0,0.06059208736015688,5.192408971682736,C66,traseira,2024-05-02 1200UT,1050,1,O1_toros_01-04mai
-35.0,0.08545268754032509,5.024237363654208,C66,traseira,2024-05-02 1200UT,756,1,O1_toros_01-04mai
-30.0,0.09797564068829784,5.008536326586216,C66,traseira,2024-05-02 1200UT,602,1,O1_toros_01-04mai
-25.0,0.10126102904124476,5.006491759308508,C66,traseira,2024-05-02 1200UT,585,1,O1_toros_01-04mai
-20.0,0.10961642602227847,5.003236086064749,C66,traseira,2024-05-02 1200UT,638,1,O1_toros_01-04mai
-15.0,0.11049313581508903,5.003007747148019,C66,traseira,2024-05-02 1200UT,683,1,O1_toros_01-04mai
-70.0,0.03305903559037374,6.908423959103225,C81,inteira,2024-05-02 1200UT,5,1,O1_toros_01-04mai
-65.0,0.03725034077156601,6.345818418196966,C81,inteira,2024-05-02 1200UT,31,1,O1_toros_01-04mai
-60.0,0.0313965610986688,7.192486815207078,C81,inteira,2024-05-02 1200UT,12,1,O1_toros_01-04mai
-55.0,0.03509644147487853,6.6118608797085345,C81,inteira,2024-05-02 1200UT,12,1,O1_toros_01-04mai
-50.0,0.03724923816250508,6.345942083176824,C81,inteira,2024-05-02 1200UT,59,1,O1_toros_01-04mai
-45.0,0.04050147146654915,6.0264176800261495,C81,inteira,2024-05-02 1200UT,171,1,O1_toros_01-04mai
-40.0,0.04966642999155109,5.478226033752834,C81,inteira,2024-05-02 1200UT,179,1,O1_toros_01-04mai
-35.0,0.06389216417743192,5.146145930407759,C81,inteira,2024-05-02 1200UT,223,1,O1_toros_01-04mai
-30.0,0.07650877897022813,5.051071217479003,C81,inteira,2024-05-02 1200UT,187,1,O1_toros_01-04mai
-25.0,0.08598487691872549,5.023187539296998,C81,inteira,2024-05-02 1200UT,82,1,O1_toros_01-04mai
-20.0,0.07169138877063758,5.076353450231853,C81,inteira,2024-05-02 1200UT,46,1,O1_toros_01-04mai
-15.0,0.060879000710664835,5.187861051428283,C81,inteira,2024-05-02 1200UT,15,1,O1_toros_01-04mai
-60.0,0.03354949834180139,6.83199962203082,C82,inteira,2024-05-02 1200UT,120,1,O1_toros_01-04mai
-55.0,0.027266188927678,8.092608690104182,C82,inteira,2024-05-02 1200UT,127,1,O1_toros_01-04mai
-50.0,0.026386620225966738,8.327803120919873,C82,inteira,2024-05-02 1200UT,117,1,O1_toros_01-04mai
-45.0,0.023225260674271997,9.330836531654581,C82,inteira,2024-05-02 1200UT,44,1,O1_toros_01-04mai
-40.0,0.03485517078108312,6.643124886969144,C82,inteira,2024-05-02 1200UT,46,1,O1_toros_01-04mai
-35.0,0.04709255902674207,5.592631471812555,C82,inteira,2024-05-02 1200UT,29,1,O1_toros_01-04mai
-30.0,0.052863493079168856,5.3729356158127315,C82,inteira,2024-05-02 1200UT,14,1,O1_toros_01-04mai
-25.0,0.05988035518381041,5.204169006262183,C82,inteira,2024-05-02 1200UT,14,1,O1_toros_01-04mai
-20.0,0.0548264410816388,5.311090096788173,C82,inteira,2024-05-02 1200UT,17,1,O1_toros_01-04mai
-15.0,0.05488329527100971,5.328103400075971,C82,inteira,2024-05-02 1200UT,10,1,O1_toros_01-04mai
-60.0,0.03032156863669355,7.39743638916451,C83,inteira,2024-05-02 1200UT,27,1,O1_toros_01-04mai
-55.0,0.0305479505499016,7.352633597114048,C83,inteira,2024-05-02 1200UT,154,1,O1_toros_01-04mai
-50.0,0.03370357745254661,6.808625903488714,C83,inteira,2024-05-02 1200UT,80,1,O1_toros_01-04mai
-45.0,0.04114429490266644,5.972989257583063,C83,inteira,2024-05-02 1200UT,94,1,O1_toros_01-04mai
-40.0,0.054699024751152354,5.314410858775382,C83,inteira,2024-05-02 1200UT,41,1,O1_toros_01-04mai
-35.0,0.06308125572771844,5.156363175559422,C83,inteira,2024-05-02 1200UT,45,1,O1_toros_01-04mai
-30.0,0.06833852678398035,5.1010228346925635,C83,inteira,2024-05-02 1200UT,42,1,O1_toros_01-04mai
-25.0,0.07297194443257549,5.0694167230820595,C83,inteira,2024-05-02 1200UT,40,1,O1_toros_01-04mai
-20.0,0.07776425573395014,5.045998004547612,C83,inteira,2024-05-02 1200UT,37,1,O1_toros_01-04mai
-15.0,0.07687367172460223,5.0499199148139216,C83,inteira,2024-05-02 1200UT,18,1,O1_toros_01-04mai
-70.0,0.026892300985385056,8.19048294752648,C70,frente,2024-05-02 1200UT,73,1,O1_toros_01-04mai
-65.0,0.030743916654532563,7.314525204707944,C70,frente,2024-05-02 1200UT,140,1,O1_toros_01-04mai
-60.0,0.0385673435555859,6.205932292467482,C70,frente,2024-05-02 1200UT,718,1,O1_toros_01-04mai
-55.0,0.04087462950162596,5.994990844400576,C70,frente,2024-05-02 1200UT,785,1,O1_toros_01-04mai
-50.0,0.0371402010222208,6.358227793287563,C70,frente,2024-05-02 1200UT,866,1,O1_toros_01-04mai
-45.0,0.03531897272725811,6.5808294132378435,C70,frente,2024-05-02 1200UT,463,1,O1_toros_01-04mai
-40.0,0.043217628841104784,5.8185109109359745,C70,frente,2024-05-02 1200UT,80,1,O1_toros_01-04mai
-70.0,0.02608399155644382,8.412794368509994,C70,traseira,2024-05-02 1200UT,361,1,O1_toros_01-04mai
-65.0,0.025490109129043467,8.585967954910048,C70,traseira,2024-05-02 1200UT,294,1,O1_toros_01-04mai
-60.0,0.03601452054852563,6.491805805220851,C70,traseira,2024-05-02 1200UT,281,1,O1_toros_01-04mai
-55.0,0.03380442615035549,6.7934871785696,C70,traseira,2024-05-02 1200UT,463,1,O1_toros_01-04mai
-50.0,0.03152384461426856,7.168878945338575,C70,traseira,2024-05-02 1200UT,694,1,O1_toros_01-04mai
-45.0,0.03078839827552839,7.305961037049185,C70,traseira,2024-05-02 1200UT,359,1,O1_toros_01-04mai
-40.0,0.04307595662018547,5.8284180651759065,C70,traseira,2024-05-02 1200UT,38,1,O1_toros_01-04mai
-60.0,0.05334782019123943,5.351884463657518,C4,frente,2024-05-02 1200UT,102,1,O1_toros_01-04mai
-55.0,0.03707155766750741,6.3660196198986805,C4,frente,2024-05-02 1200UT,254,1,O1_toros_01-04mai
-50.0,0.038019058546835,6.26237160835313,C4,frente,2024-05-02 1200UT,30,1,O1_toros_01-04mai
-60.0,0.039727574194167954,6.094793979306759,C4,traseira,2024-05-02 1200UT,99,1,O1_toros_01-04mai
-55.0,0.032207569378215097,7.048757017038568,C4,traseira,2024-05-02 1200UT,390,1,O1_toros_01-04mai
-50.0,0.04173234841365997,5.926354471048272,C4,traseira,2024-05-02 1200UT,69,1,O1_toros_01-04mai
-45.0,0.05019631473818215,5.4575684232103345,C4,traseira,2024-05-02 1200UT,29,1,O1_toros_01-04mai
-40.0,0.06020552776249363,5.198705801636964,C4,traseira,2024-05-02 1200UT,13,1,O1_toros_01-04mai
-60.0,0.04965526345290013,5.478671251659146,C84,inteira,2024-05-02 1200UT,29,1,O1_toros_01-04mai
-55.0,0.046216251426340435,5.63752814799771,C84,inteira,2024-05-02 1200UT,138,1,O1_toros_01-04mai
-50.0,0.04092759698759694,5.990608675901413,C84,inteira,2024-05-02 1200UT,91,1,O1_toros_01-04mai
-60.0,0.04143606936492045,5.949510776868987,C76,frente,2024-05-02 1200UT,41,1,O1_toros_01-04mai
-55.0,0.0498694408215045,5.470203662596233,C76,frente,2024-05-02 1200UT,231,1,O1_toros_01-04mai
-50.0,0.06151041102039414,5.178232703476819,C76,frente,2024-05-02 1200UT,140,1,O1_toros_01-04mai
-45.0,0.06625727645402639,5.120002545630206,C76,frente,2024-05-02 1200UT,101,1,O1_toros_01-04mai
-40.0,0.066636480817501,5.116269711632002,C76,frente,2024-05-02 1200UT,5,1,O1_toros_01-04mai
-60.0,0.04139710413407177,5.9525989468424285,C76,traseira,2024-05-02 1200UT,31,1,O1_toros_01-04mai
-55.0,0.0448260111713306,5.715836541208448,C76,traseira,2024-05-02 1200UT,66,1,O1_toros_01-04mai
-50.0,0.05136106328659894,5.415245323928901,C76,traseira,2024-05-02 1200UT,26,1,O1_toros_01-04mai
-65.0,0.04171856644512362,5.927418997915542,C78,frente,2024-05-02 1200UT,67,1,O1_toros_01-04mai
-60.0,0.046932937739965076,5.6005671841713776,C78,frente,2024-05-02 1200UT,169,1,O1_toros_01-04mai
-55.0,0.047994967482929925,5.54970011747962,C78,frente,2024-05-02 1200UT,566,1,O1_toros_01-04mai
-50.0,0.049110581004366716,5.500898879613259,C78,frente,2024-05-02 1200UT,389,1,O1_toros_01-04mai
-45.0,0.05086694268484809,5.432698322429439,C78,frente,2024-05-02 1200UT,59,1,O1_toros_01-04mai
-65.0,0.050974688067301877,5.428842096212021,C78,traseira,2024-05-02 1200UT,92,1,O1_toros_01-04mai
-60.0,0.051801702417862985,5.400273648541939,C78,traseira,2024-05-02 1200UT,114,1,O1_toros_01-04mai
-55.0,0.04178695093989476,5.922148938474629,C78,traseira,2024-05-02 1200UT,467,1,O1_toros_01-04mai
-50.0,0.05466627861712907,5.315270350195695,C78,traseira,2024-05-02 1200UT,164,1,O1_toros_01-04mai
-45.0,0.06158911388234891,5.177066701068558,C78,traseira,2024-05-02 1200UT,23,1,O1_toros_01-04mai
-65.0,0.07040147825354018,5.084958491862002,C75,frente,2024-05-02 1200UT,183,1,O1_toros_01-04mai
-60.0,0.0672971804052622,5.110044223544884,C75,frente,2024-05-02 1200UT,346,1,O1_toros_01-04mai
-55.0,0.06873954505626537,5.0975785055640985,C75,frente,2024-05-02 1200UT,509,1,O1_toros_01-04mai
-50.0,0.07483814974614615,5.058700026706435,C75,frente,2024-05-02 1200UT,307,1,O1_toros_01-04mai
-45.0,0.07838448601497412,5.043681782554195,C75,frente,2024-05-02 1200UT,130,1,O1_toros_01-04mai
-40.0,0.0812636496352448,5.034364521650095,C75,frente,2024-05-02 1200UT,56,1,O1_toros_01-04mai
-70.0,0.06824177018206362,5.101784205714262,C75,traseira,2024-05-02 1200UT,20,1,O1_toros_01-04mai
-65.0,0.0624021772397887,5.165466908137792,C75,traseira,2024-05-02 1200UT,189,1,O1_toros_01-04mai
-60.0,0.04176275127416328,5.924010456186999,C75,traseira,2024-05-02 1200UT,421,1,O1_toros_01-04mai
-55.0,0.03165780792742567,7.144800886025079,C75,traseira,2024-05-02 1200UT,485,1,O1_toros_01-04mai
-50.0,0.027550093361824735,8.02030386628404,C75,traseira,2024-05-02 1200UT,414,1,O1_toros_01-04mai
-45.0,0.06700273866579029,5.112774596476807,C75,traseira,2024-05-02 1200UT,119,1,O1_toros_01-04mai
-40.0,0.07517699233159258,5.0570657223353574,C75,traseira,2024-05-02 1200UT,148,1,O1_toros_01-04mai
-35.0,0.07504596205282815,5.0576922292600415,C75,traseira,2024-05-02 1200UT,37,1,O1_toros_01-04mai
-60.0,0.05188442153260158,5.397522269356055,C85,inteira,2024-05-02 1200UT,92,1,O1_toros_01-04mai
-55.0,0.04813901125769729,5.543141060361895,C85,inteira,2024-05-02 1200UT,374,1,O1_toros_01-04mai
-50.0,0.045937088798460396,5.652533145876161,C85,inteira,2024-05-02 1200UT,248,1,O1_toros_01-04mai
-45.0,0.050960363004685344,5.429342952049678,C85,inteira,2024-05-02 1200UT,208,1,O1_toros_01-04mai
-40.0,0.054542116391542064,5.318551086694085,C85,inteira,2024-05-02 1200UT,182,1,O1_toros_01-04mai
-35.0,0.062489727876852,5.164264073577163,C85,inteira,2024-05-02 1200UT,109,1,O1_toros_01-04mai
-30.0,0.05327111939359848,5.354159223515511,C85,inteira,2024-05-02 1200UT,64,1,O1_toros_01-04mai
-25.0,0.0439296388769789,5.7739895945279365,C85,inteira,2024-05-02 1200UT,22,1,O1_toros_01-04mai
-70.0,0.02781501486320183,7.954352416936189,C66,frente,2024-05-02 1300UT,11354,1,O1_toros_01-04mai
-65.0,0.027461975770464168,8.042560409165198,C66,frente,2024-05-02 1300UT,8017,1,O1_toros_01-04mai
-60.0,0.02624315434944724,8.367827415173828,C66,frente,2024-05-02 1300UT,4319,1,O1_toros_01-04mai
-55.0,0.027357259887178267,8.069227397694842,C66,frente,2024-05-02 1300UT,2304,1,O1_toros_01-04mai
-50.0,0.03071115629168287,7.320851994932108,C66,frente,2024-05-02 1300UT,1640,1,O1_toros_01-04mai
-45.0,0.03564808437331307,6.538062827251567,C66,frente,2024-05-02 1300UT,1142,1,O1_toros_01-04mai
-40.0,0.041053722441665365,5.98025145338482,C66,frente,2024-05-02 1300UT,983,1,O1_toros_01-04mai
-35.0,0.05269158910488054,5.37166276666917,C66,frente,2024-05-02 1300UT,781,1,O1_toros_01-04mai
-30.0,0.0634205163850163,5.152004424436818,C66,frente,2024-05-02 1300UT,701,1,O1_toros_01-04mai
-25.0,0.06660073174591671,5.116616605943697,C66,frente,2024-05-02 1300UT,663,1,O1_toros_01-04mai
-20.0,0.0704630612014469,5.084524345566887,C66,frente,2024-05-02 1300UT,574,1,O1_toros_01-04mai
-15.0,0.08625723626106899,5.022665629064376,C66,frente,2024-05-02 1300UT,615,1,O1_toros_01-04mai
-70.0,0.0234853952637211,9.23795613624591,C66,traseira,2024-05-02 1300UT,3493,1,O1_toros_01-04mai
-65.0,0.02402425977042256,9.051858782178922,C66,traseira,2024-05-02 1300UT,13780,1,O1_toros_01-04mai
-60.0,0.022410486676411125,9.635095603778677,C66,traseira,2024-05-02 1300UT,14341,1,O1_toros_01-04mai
-55.0,0.02366145801766757,9.176231202049312,C66,traseira,2024-05-02 1300UT,6689,1,O1_toros_01-04mai
-50.0,0.027094898980224456,8.137069655039955,C66,traseira,2024-05-02 1300UT,2171,1,O1_toros_01-04mai
-45.0,0.039842300537238126,6.084377045211859,C66,traseira,2024-05-02 1300UT,1087,1,O1_toros_01-04mai
-40.0,0.04947307131904233,5.48599570328876,C66,traseira,2024-05-02 1300UT,684,1,O1_toros_01-04mai
-35.0,0.05898125161783517,5.220048591614571,C66,traseira,2024-05-02 1300UT,510,1,O1_toros_01-04mai
-30.0,0.0690234855146371,5.095297940178094,C66,traseira,2024-05-02 1300UT,392,1,O1_toros_01-04mai
-25.0,0.08097135174445806,5.035212927903778,C66,traseira,2024-05-02 1300UT,286,1,O1_toros_01-04mai
-20.0,0.09548372727201221,5.010506406729913,C66,traseira,2024-05-02 1300UT,138,1,O1_toros_01-04mai
-15.0,0.10227448428810461,5.005966013625621,C66,traseira,2024-05-02 1300UT,123,1,O1_toros_01-04mai
-70.0,0.03029084295391946,7.403582827199591,C86,inteira,2024-05-02 1300UT,95,1,O1_toros_01-04mai
-65.0,0.027213752763400732,8.106153480613022,C86,inteira,2024-05-02 1300UT,316,1,O1_toros_01-04mai
-60.0,0.02732734200013671,8.076888632523481,C86,inteira,2024-05-02 1300UT,274,1,O1_toros_01-04mai
-55.0,0.0254958055581019,8.584241653519992,C86,inteira,2024-05-02 1300UT,443,1,O1_toros_01-04mai
-50.0,0.02605071882262154,8.42227024934276,C86,inteira,2024-05-02 1300UT,549,1,O1_toros_01-04mai
-45.0,0.02771049697373731,7.980197674930028,C86,inteira,2024-05-02 1300UT,294,1,O1_toros_01-04mai
-40.0,0.028828296608976914,7.715129586359988,C86,inteira,2024-05-02 1300UT,192,1,O1_toros_01-04mai
-35.0,0.03131106725824406,7.207693524018172,C86,inteira,2024-05-02 1300UT,162,1,O1_toros_01-04mai
-30.0,0.034360723740427784,6.7122845183223765,C86,inteira,2024-05-02 1300UT,146,1,O1_toros_01-04mai
-25.0,0.03486494335354636,6.641787250817856,C86,inteira,2024-05-02 1300UT,169,1,O1_toros_01-04mai
-20.0,0.036545737376105024,6.427206827945406,C86,inteira,2024-05-02 1300UT,163,1,O1_toros_01-04mai
-15.0,0.06915659855410579,5.094245471849372,C86,inteira,2024-05-02 1300UT,165,1,O1_toros_01-04mai
-60.0,0.03179143828696046,7.121654881659682,C4,frente,2024-05-02 1300UT,18,1,O1_toros_01-04mai
-55.0,0.02880505676061606,7.720391992853901,C4,frente,2024-05-02 1300UT,79,1,O1_toros_01-04mai
-50.0,0.02515914383701448,8.686245964410016,C4,frente,2024-05-02 1300UT,258,1,O1_toros_01-04mai
-45.0,0.03325128550500505,6.878093535931955,C4,frente,2024-05-02 1300UT,80,1,O1_toros_01-04mai
-40.0,0.042828138888827263,5.848898905797212,C4,frente,2024-05-02 1300UT,14,1,O1_toros_01-04mai
-35.0,0.04084774929743458,5.998140627199451,C4,frente,2024-05-02 1300UT,24,1,O1_toros_01-04mai
-30.0,0.03131912883046922,7.206196471340156,C4,frente,2024-05-02 1300UT,5,1,O1_toros_01-04mai
-60.0,0.04047019165365447,6.029100110000289,C4,traseira,2024-05-02 1300UT,26,1,O1_toros_01-04mai
-55.0,0.03744809073053323,6.32382219424247,C4,traseira,2024-05-02 1300UT,131,1,O1_toros_01-04mai
-50.0,0.03868345916048752,6.194357147207316,C4,traseira,2024-05-02 1300UT,40,1,O1_toros_01-04mai
-45.0,0.03561729447966483,6.5420411796907345,C4,traseira,2024-05-02 1300UT,18,1,O1_toros_01-04mai
-40.0,0.03040243276334133,7.381335150634962,C4,traseira,2024-05-02 1300UT,21,1,O1_toros_01-04mai
-35.0,0.02484723827188031,8.783290722190717,C4,traseira,2024-05-02 1300UT,73,1,O1_toros_01-04mai
-30.0,0.023027058513948862,9.402954702430844,C4,traseira,2024-05-02 1300UT,53,1,O1_toros_01-04mai
-25.0,0.018985299083349,11.166239216166783,C4,traseira,2024-05-02 1300UT,5,1,O1_toros_01-04mai
-60.0,0.026742119902379527,8.230663033819662,C70,frente,2024-05-02 1300UT,19,1,O1_toros_01-04mai
-55.0,0.026128781765598654,8.400087470273473,C70,frente,2024-05-02 1300UT,38,1,O1_toros_01-04mai
-50.0,0.01836991778007392,11.54268932021247,C70,frente,2024-05-02 1300UT,28,1,O1_toros_01-04mai
-45.0,0.020366237123004977,10.495947237691606,C70,frente,2024-05-02 1300UT,171,1,O1_toros_01-04mai
-40.0,0.033269896562582946,6.877302620142784,C70,frente,2024-05-02 1300UT,12,1,O1_toros_01-04mai
-60.0,0.03902729913941129,6.161047956131017,C70,traseira,2024-05-02 1300UT,18,1,O1_toros_01-04mai
-55.0,0.028325639364738392,7.8312759899036175,C70,traseira,2024-05-02 1300UT,44,1,O1_toros_01-04mai
-50.0,0.02806586927154655,7.893234100537121,C70,traseira,2024-05-02 1300UT,57,1,O1_toros_01-04mai
-45.0,0.029628431201696694,7.539993312587547,C70,traseira,2024-05-02 1300UT,147,1,O1_toros_01-04mai
-40.0,0.04544484754040363,5.679856694295384,C70,traseira,2024-05-02 1300UT,77,1,O1_toros_01-04mai
-35.0,0.04978102722560023,5.473680822761126,C70,traseira,2024-05-02 1300UT,31,1,O1_toros_01-04mai
-30.0,0.06097132009158572,5.18652522311266,C70,traseira,2024-05-02 1300UT,10,1,O1_toros_01-04mai
-60.0,0.03930891605441169,6.133663446798182,C84,frente,2024-05-02 1300UT,13,1,O1_toros_01-04mai
-55.0,0.03096069700157269,7.27328533885637,C84,frente,2024-05-02 1300UT,58,1,O1_toros_01-04mai
-50.0,0.02875032557321428,7.732827854521644,C84,frente,2024-05-02 1300UT,101,1,O1_toros_01-04mai
-45.0,0.033246570096141556,6.878831185482393,C84,frente,2024-05-02 1300UT,11,1,O1_toros_01-04mai
-60.0,0.045238263889332914,5.691661958187124,C84,traseira,2024-05-02 1300UT,23,1,O1_toros_01-04mai
-55.0,0.04302100710080157,5.832030197785238,C84,traseira,2024-05-02 1300UT,137,1,O1_toros_01-04mai
-50.0,0.0401094203681574,6.060703494022871,C84,traseira,2024-05-02 1300UT,60,1,O1_toros_01-04mai
-60.0,0.019168260702797237,11.072939293330426,C87,inteira,2024-05-02 1300UT,58,1,O1_toros_01-04mai
-55.0,0.020347699828319476,10.504444653740626,C87,inteira,2024-05-02 1300UT,402,1,O1_toros_01-04mai
-50.0,0.0210907415471583,10.173945685194568,C87,inteira,2024-05-02 1300UT,241,1,O1_toros_01-04mai
-45.0,0.024921966104689622,8.759804167516137,C87,inteira,2024-05-02 1300UT,39,1,O1_toros_01-04mai
-65.0,0.0175789212246599,11.932962975430199,C88,inteira,2024-05-02 1300UT,217,1,O1_toros_01-04mai
-60.0,0.021577217128501292,9.968390548120588,C88,inteira,2024-05-02 1300UT,561,1,O1_toros_01-04mai
-55.0,0.027812987424781017,7.954851599900223,C88,inteira,2024-05-02 1300UT,703,1,O1_toros_01-04mai
-50.0,0.02804131615063979,7.899160200031973,C88,inteira,2024-05-02 1300UT,456,1,O1_toros_01-04mai
-45.0,0.025308351828638775,8.640688132510142,C88,inteira,2024-05-02 1300UT,260,1,O1_toros_01-04mai
-40.0,0.030316652812453476,7.398418705014267,C88,inteira,2024-05-02 1300UT,143,1,O1_toros_01-04mai
-35.0,0.02584399866244485,8.481735681004892,C88,inteira,2024-05-02 1300UT,20,1,O1_toros_01-04mai
-30.0,0.01959307365919254,10.861709258501923,C88,inteira,2024-05-02 1300UT,15,1,O1_toros_01-04mai
-60.0,0.025586991178311744,8.557206466520494,C89,inteira,2024-05-02 1300UT,74,1,O1_toros_01-04mai
-55.0,0.02242746790968202,9.628541105876488,C89,inteira,2024-05-02 1300UT,299,1,O1_toros_01-04mai
-50.0,0.021763563003709047,9.891833281869626,C89,inteira,2024-05-02 1300UT,432,1,O1_toros_01-04mai
-45.0,0.022362747184683906,9.653572179707204,C89,inteira,2024-05-02 1300UT,116,1,O1_toros_01-04mai
-40.0,0.020374442494075752,10.492191830879008,C89,inteira,2024-05-02 1300UT,28,1,O1_toros_01-04mai
-60.0,0.023488060893970486,9.237014838791708,C90,inteira,2024-05-02 1300UT,33,1,O1_toros_01-04mai
-55.0,0.020654504025326995,10.365495409815967,C90,inteira,2024-05-02 1300UT,413,1,O1_toros_01-04mai
-50.0,0.020909873454440373,10.25251981976017,C90,inteira,2024-05-02 1300UT,133,1,O1_toros_01-04mai
-45.0,0.01849610589165653,11.422906830186399,C90,inteira,2024-05-02 1300UT,54,1,O1_toros_01-04mai
-60.0,0.021710755787658312,9.913410032082412,C91,inteira,2024-05-02 1300UT,100,1,O1_toros_01-04mai
-55.0,0.024806630408227354,8.796115021411335,C91,inteira,2024-05-02 1300UT,973,1,O1_toros_01-04mai
-50.0,0.02783795612079777,7.948717008722069,C91,inteira,2024-05-02 1300UT,30,1,O1_toros_01-04mai
-60.0,0.02167660794479714,9.927409464019245,C76,frente,2024-05-02 1300UT,17,1,O1_toros_01-04mai
-55.0,0.022242826370401612,9.700310251345776,C76,frente,2024-05-02 1300UT,207,1,O1_toros_01-04mai
-60.0,0.023566806189118897,9.209302379446655,C76,traseira,2024-05-02 1300UT,20,1,O1_toros_01-04mai
-55.0,0.0245005996724998,8.894170775180473,C76,traseira,2024-05-02 1300UT,94,1,O1_toros_01-04mai
-60.0,0.021392179844832843,10.0455957191068,C92,inteira,2024-05-02 1300UT,157,1,O1_toros_01-04mai
-55.0,0.02313341941077648,9.36410195642091,C92,inteira,2024-05-02 1300UT,715,1,O1_toros_01-04mai
-50.0,0.027029294078380842,8.154267217956026,C92,inteira,2024-05-02 1300UT,229,1,O1_toros_01-04mai
-45.0,0.03636344603350879,6.449053035562017,C92,inteira,2024-05-02 1300UT,128,1,O1_toros_01-04mai
-40.0,0.042126226623083074,5.896442161785579,C92,inteira,2024-05-02 1300UT,43,1,O1_toros_01-04mai
-60.0,0.02545756023248327,8.595698421943595,C93,inteira,2024-05-02 1300UT,34,1,O1_toros_01-04mai
-55.0,0.0301767880756359,7.426536767001332,C93,inteira,2024-05-02 1300UT,195,1,O1_toros_01-04mai
-50.0,0.035240941738300294,6.59114238090056,C93,inteira,2024-05-02 1300UT,311,1,O1_toros_01-04mai
-45.0,0.04568210534511917,5.666556647740888,C93,inteira,2024-05-02 1300UT,92,1,O1_toros_01-04mai
-40.0,0.05206484146572879,5.391590194919748,C93,inteira,2024-05-02 1300UT,69,1,O1_toros_01-04mai
-35.0,0.058011040404950004,5.238580856842024,C93,inteira,2024-05-02 1300UT,56,1,O1_toros_01-04mai
-30.0,0.06290786523498737,5.158644771243652,C93,inteira,2024-05-02 1300UT,24,1,O1_toros_01-04mai
-25.0,0.06676774907499552,5.1150047660090365,C93,inteira,2024-05-02 1300UT,13,1,O1_toros_01-04mai
-70.0,0.04952557073622827,5.483872656628464,C75,frente,2024-05-02 1300UT,63,1,O1_toros_01-04mai
-65.0,0.03277801933077011,6.953642874938647,C75,frente,2024-05-02 1300UT,139,1,O1_toros_01-04mai
-60.0,0.027555647247640373,8.018902770547028,C75,frente,2024-05-02 1300UT,701,1,O1_toros_01-04mai
-55.0,0.02637387077947869,8.331340637180901,C75,frente,2024-05-02 1300UT,1206,1,O1_toros_01-04mai
-50.0,0.029695160934918207,7.525909137463347,C75,frente,2024-05-02 1300UT,506,1,O1_toros_01-04mai
-45.0,0.03711543255004353,6.361033951234264,C75,frente,2024-05-02 1300UT,207,1,O1_toros_01-04mai
-40.0,0.05114117738830363,5.422922047961788,C75,frente,2024-05-02 1300UT,75,1,O1_toros_01-04mai
-35.0,0.05936378870231517,5.213144484937336,C75,frente,2024-05-02 1300UT,31,1,O1_toros_01-04mai
-70.0,0.04080251186593121,6.000988547792818,C75,traseira,2024-05-02 1300UT,9,1,O1_toros_01-04mai
-65.0,0.0393059230424655,6.133946237749847,C75,traseira,2024-05-02 1300UT,365,1,O1_toros_01-04mai
-60.0,0.03811484323592468,6.252273181966139,C75,traseira,2024-05-02 1300UT,507,1,O1_toros_01-04mai
-55.0,0.04658463585220615,5.618314552660217,C75,traseira,2024-05-02 1300UT,448,1,O1_toros_01-04mai
-50.0,0.04031183608701224,6.042768122334307,C75,traseira,2024-05-02 1300UT,672,1,O1_toros_01-04mai
-45.0,0.04496530178380291,5.707575431574549,C75,traseira,2024-05-02 1300UT,726,1,O1_toros_01-04mai
-40.0,0.049200016198094915,5.497179590938868,C75,traseira,2024-05-02 1300UT,225,1,O1_toros_01-04mai
-35.0,0.057055596853998664,5.258351321850952,C75,traseira,2024-05-02 1300UT,28,1,O1_toros_01-04mai
-65.0,0.048604279736208754,5.522484864502583,C94,inteira,2024-05-02 1300UT,5,1,O1_toros_01-04mai
-60.0,0.04579849175391226,5.660115081776649,C94,inteira,2024-05-02 1300UT,70,1,O1_toros_01-04mai
-55.0,0.0451195784236659,5.6985401074712865,C94,inteira,2024-05-02 1300UT,148,1,O1_toros_01-04mai
-50.0,0.04309233522342154,5.8270992710450855,C94,inteira,2024-05-02 1300UT,339,1,O1_toros_01-04mai
-45.0,0.04574744026020588,5.662927725077266,C94,inteira,2024-05-02 1300UT,397,1,O1_toros_01-04mai
-40.0,0.049360415812010755,5.490578193707237,C94,inteira,2024-05-02 1300UT,168,1,O1_toros_01-04mai
-35.0,0.05253367784153685,5.3765858994661215,C94,inteira,2024-05-02 1300UT,37,1,O1_toros_01-04mai
-70.0,0.045556202088652416,5.674520651836104,C95,inteira,2024-05-02 1300UT,8,1,O1_toros_01-04mai
-65.0,0.04635734117750357,5.630082714753587,C95,inteira,2024-05-02 1300UT,168,1,O1_toros_01-04mai
-60.0,0.03984093046620851,6.084500858410996,C95,inteira,2024-05-02 1300UT,559,1,O1_toros_01-04mai
-55.0,0.032960962908832186,6.9240848894247,C95,inteira,2024-05-02 1300UT,975,1,O1_toros_01-04mai
-50.0,0.04019279110598926,6.053163111462621,C95,inteira,2024-05-02 1300UT,705,1,O1_toros_01-04mai
-45.0,0.04276676252159873,5.849846825390508,C95,inteira,2024-05-02 1300UT,430,1,O1_toros_01-04mai
-40.0,0.045917696468941095,5.653588504161686,C95,inteira,2024-05-02 1300UT,145,1,O1_toros_01-04mai
-60.0,0.039098312848719695,6.1537351599098296,C78,frente,2024-05-02 1300UT,23,1,O1_toros_01-04mai
-55.0,0.028420652347020042,7.808947017015408,C78,frente,2024-05-02 1300UT,79,1,O1_toros_01-04mai
-50.0,0.03251011502050253,6.997840103403371,C78,frente,2024-05-02 1300UT,66,1,O1_toros_01-04mai
-45.0,0.04400162861085771,5.766816016905319,C78,frente,2024-05-02 1300UT,6,1,O1_toros_01-04mai
-60.0,0.037314690008081824,6.338626538064597,C78,traseira,2024-05-02 1300UT,24,1,O1_toros_01-04mai
-55.0,0.031024944926849655,7.260950509803977,C78,traseira,2024-05-02 1300UT,187,1,O1_toros_01-04mai
-50.0,0.033115907389333635,6.899400732644884,C78,traseira,2024-05-02 1300UT,105,1,O1_toros_01-04mai
-45.0,0.03789711479192208,6.27524891232354,C78,traseira,2024-05-02 1300UT,50,1,O1_toros_01-04mai
-60.0,0.022364903085697253,9.652736112548894,C96,inteira,2024-05-02 1300UT,35,1,O1_toros_01-04mai
-55.0,0.026902391377463246,8.18780130647994,C96,inteira,2024-05-02 1300UT,303,1,O1_toros_01-04mai
-50.0,0.031577179676093574,7.159260370491172,C96,inteira,2024-05-02 1300UT,399,1,O1_toros_01-04mai
-45.0,0.03719783146557782,6.351720320740534,C96,inteira,2024-05-02 1300UT,193,1,O1_toros_01-04mai
-40.0,0.04111691128823724,5.975147119038364,C96,inteira,2024-05-02 1300UT,96,1,O1_toros_01-04mai
-35.0,0.04935802269906364,5.490979740692161,C96,inteira,2024-05-02 1300UT,8,1,O1_toros_01-04mai
-65.0,0.04028071299357251,6.045474969961012,C85,frente,2024-05-02 1300UT,117,1,O1_toros_01-04mai
-60.0,0.04064746310036198,6.014008082525592,C85,frente,2024-05-02 1300UT,228,1,O1_toros_01-04mai
-55.0,0.03545168052259709,6.563488592758635,C85,frente,2024-05-02 1300UT,296,1,O1_toros_01-04mai
-50.0,0.038534036113337694,6.209317794851016,C85,frente,2024-05-02 1300UT,204,1,O1_toros_01-04mai
-45.0,0.04267275489582757,5.856530350524858,C85,frente,2024-05-02 1300UT,113,1,O1_toros_01-04mai
-40.0,0.05271718131746331,5.370908575202199,C85,frente,2024-05-02 1300UT,32,1,O1_toros_01-04mai
-65.0,0.037729374009077686,6.293152406441052,C85,traseira,2024-05-02 1300UT,50,1,O1_toros_01-04mai
-60.0,0.03492939474934609,6.632993767845884,C85,traseira,2024-05-02 1300UT,266,1,O1_toros_01-04mai
-55.0,0.03392973174269672,6.7748567872580825,C85,traseira,2024-05-02 1300UT,445,1,O1_toros_01-04mai
-50.0,0.03550089443668814,6.557046902653129,C85,traseira,2024-05-02 1300UT,436,1,O1_toros_01-04mai
-45.0,0.04002664776527384,6.067845856735957,C85,traseira,2024-05-02 1300UT,227,1,O1_toros_01-04mai
-40.0,0.04594225905127214,5.652254776037058,C85,traseira,2024-05-02 1300UT,194,1,O1_toros_01-04mai
-35.0,0.049946378818944925,5.467198601987703,C85,traseira,2024-05-02 1300UT,84,1,O1_toros_01-04mai
-30.0,0.056018691814483344,5.281667794485246,C85,traseira,2024-05-02 1300UT,55,1,O1_toros_01-04mai
-25.0,0.06165359768399327,5.176243029108365,C85,traseira,2024-05-02 1300UT,12,1,O1_toros_01-04mai
-60.0,0.05205865521710361,5.391792119822258,C97,inteira,2024-05-02 1300UT,109,1,O1_toros_01-04mai
-55.0,0.044955278529497926,5.708166651771119,C97,inteira,2024-05-02 1300UT,195,1,O1_toros_01-04mai
-50.0,0.03540177268822289,6.569964507245347,C97,inteira,2024-05-02 1300UT,432,1,O1_toros_01-04mai
-45.0,0.038094505197953696,6.254397448595754,C97,inteira,2024-05-02 1300UT,546,1,O1_toros_01-04mai
-40.0,0.05004787672848941,5.463263811091625,C97,inteira,2024-05-02 1300UT,204,1,O1_toros_01-04mai
-35.0,0.05112736062119159,5.423409279693537,C97,inteira,2024-05-02 1300UT,99,1,O1_toros_01-04mai
-30.0,0.058169219693971895,5.235454499364658,C97,inteira,2024-05-02 1300UT,45,1,O1_toros_01-04mai
-25.0,0.040959630762347723,5.9979447990137515,C97,inteira,2024-05-02 1300UT,24,1,O1_toros_01-04mai
-70.0,0.02112226801372856,10.160370506588347,C66,frente,2024-05-02 1400UT,8883,1,O1_toros_01-04mai
-65.0,0.021444527623798483,10.023633185886684,C66,frente,2024-05-02 1400UT,9720,1,O1_toros_01-04mai
-60.0,0.020003438905324907,10.664644506042663,C66,frente,2024-05-02 1400UT,5082,1,O1_toros_01-04mai
-55.0,0.0208680163638079,10.270873076577807,C66,frente,2024-05-02 1400UT,1905,1,O1_toros_01-04mai
-50.0,0.02591598968258183,8.460910114527476,C66,frente,2024-05-02 1400UT,1154,1,O1_toros_01-04mai
-45.0,0.031473430661545135,7.178009732827025,C66,frente,2024-05-02 1400UT,1025,1,O1_toros_01-04mai
-40.0,0.036534197844512936,6.4285799295691195,C66,frente,2024-05-02 1400UT,955,1,O1_toros_01-04mai
-35.0,0.04348727523990193,5.800321128155779,C66,frente,2024-05-02 1400UT,855,1,O1_toros_01-04mai
-30.0,0.04614174252630085,5.641499436992953,C66,frente,2024-05-02 1400UT,656,1,O1_toros_01-04mai
-25.0,0.05302708462665686,5.361428670509535,C66,frente,2024-05-02 1400UT,546,1,O1_toros_01-04mai
-20.0,0.06399995134866801,5.144839087031628,C66,frente,2024-05-02 1400UT,531,1,O1_toros_01-04mai
-15.0,0.06814588658307968,5.102530714346276,C66,frente,2024-05-02 1400UT,548,1,O1_toros_01-04mai
-70.0,0.019248433481540882,11.032498429640107,C66,traseira,2024-05-02 1400UT,2233,1,O1_toros_01-04mai
-65.0,0.0191657438433843,11.074210739607185,C66,traseira,2024-05-02 1400UT,7257,1,O1_toros_01-04mai
-60.0,0.01891640122462409,11.201744435646333,C66,traseira,2024-05-02 1400UT,17110,1,O1_toros_01-04mai
-55.0,0.019319651620422304,10.996802516687891,C66,traseira,2024-05-02 1400UT,9677,1,O1_toros_01-04mai
-50.0,0.020726857642245747,10.333241660716787,C66,traseira,2024-05-02 1400UT,4491,1,O1_toros_01-04mai
-45.0,0.024213571591534058,8.988438293058776,C66,traseira,2024-05-02 1400UT,1031,1,O1_toros_01-04mai
-40.0,0.0410537742631793,5.980266469454179,C66,traseira,2024-05-02 1400UT,324,1,O1_toros_01-04mai
-35.0,0.05166051299100286,5.405009253162866,C66,traseira,2024-05-02 1400UT,194,1,O1_toros_01-04mai
-30.0,0.06198088164872052,5.171379794612252,C66,traseira,2024-05-02 1400UT,142,1,O1_toros_01-04mai
-25.0,0.0700967130299524,5.087143824437096,C66,traseira,2024-05-02 1400UT,95,1,O1_toros_01-04mai
-20.0,0.07411723934483669,5.062341755062958,C66,traseira,2024-05-02 1400UT,88,1,O1_toros_01-04mai
-15.0,0.10212026032715107,5.0060440219034295,C66,traseira,2024-05-02 1400UT,62,1,O1_toros_01-04mai
-60.0,0.01628250271718842,12.723921143487559,C70,frente,2024-05-02 1400UT,217,1,O1_toros_01-04mai
-55.0,0.020497649328568474,10.43611897709992,C70,frente,2024-05-02 1400UT,292,1,O1_toros_01-04mai
-50.0,0.02081621169319773,10.29372662418587,C70,frente,2024-05-02 1400UT,314,1,O1_toros_01-04mai
-45.0,0.021895687086758014,9.838267930590938,C70,frente,2024-05-02 1400UT,165,1,O1_toros_01-04mai
-40.0,0.032487698088165644,7.001484604917225,C70,frente,2024-05-02 1400UT,111,1,O1_toros_01-04mai
-35.0,0.04270383322814167,5.854323435242456,C70,frente,2024-05-02 1400UT,106,1,O1_toros_01-04mai
-30.0,0.04389404653742666,5.77364680812504,C70,frente,2024-05-02 1400UT,95,1,O1_toros_01-04mai
-25.0,0.05344684682738992,5.34899191591325,C70,frente,2024-05-02 1400UT,71,1,O1_toros_01-04mai
-20.0,0.06569037061760215,5.125828444391921,C70,frente,2024-05-02 1400UT,60,1,O1_toros_01-04mai
-15.0,0.06685129862095973,5.1143750051839145,C70,frente,2024-05-02 1400UT,58,1,O1_toros_01-04mai
-60.0,0.01724458296010027,12.128862274892526,C70,traseira,2024-05-02 1400UT,214,1,O1_toros_01-04mai
-55.0,0.020919587270048674,10.248269762444378,C70,traseira,2024-05-02 1400UT,388,1,O1_toros_01-04mai
-50.0,0.020419803896456413,10.471468937638685,C70,traseira,2024-05-02 1400UT,364,1,O1_toros_01-04mai
-45.0,0.018582414912188504,11.376777053221312,C70,traseira,2024-05-02 1400UT,311,1,O1_toros_01-04mai
-40.0,0.021429021898133362,10.030128632356217,C70,traseira,2024-05-02 1400UT,143,1,O1_toros_01-04mai
-35.0,0.02736603449915523,8.068384680838795,C70,traseira,2024-05-02 1400UT,72,1,O1_toros_01-04mai
-30.0,0.04036655941274728,6.038029853920726,C70,traseira,2024-05-02 1400UT,14,1,O1_toros_01-04mai
-25.0,0.05068576355207631,5.439280882221838,C70,traseira,2024-05-02 1400UT,5,1,O1_toros_01-04mai
-20.0,0.057552717298431116,5.247867142223082,C70,traseira,2024-05-02 1400UT,5,1,O1_toros_01-04mai
-60.0,0.024639654768522954,8.84930578947331,C4,frente,2024-05-02 1400UT,145,1,O1_toros_01-04mai
-55.0,0.025991627396907396,8.439164045827948,C4,frente,2024-05-02 1400UT,153,1,O1_toros_01-04mai
-50.0,0.028327929874279616,7.8307360187557515,C4,frente,2024-05-02 1400UT,294,1,O1_toros_01-04mai
-45.0,0.025928324403522166,8.457354431291499,C4,frente,2024-05-02 1400UT,87,1,O1_toros_01-04mai
-40.0,0.02244540047151508,9.62162947150251,C4,frente,2024-05-02 1400UT,27,1,O1_toros_01-04mai
-35.0,0.018858275413776545,11.23185742559629,C4,frente,2024-05-02 1400UT,5,1,O1_toros_01-04mai
-60.0,0.025786067975619484,8.49858423961162,C4,traseira,2024-05-02 1400UT,123,1,O1_toros_01-04mai
-55.0,0.0235427506328939,9.21777385311465,C4,traseira,2024-05-02 1400UT,120,1,O1_toros_01-04mai
-50.0,0.024181890335057174,8.999062051647028,C4,traseira,2024-05-02 1400UT,182,1,O1_toros_01-04mai
-45.0,0.020658531826145143,10.363694783652141,C4,traseira,2024-05-02 1400UT,412,1,O1_toros_01-04mai
-40.0,0.018401765530636556,11.473527456732661,C4,traseira,2024-05-02 1400UT,178,1,O1_toros_01-04mai
-35.0,0.018164085807367964,11.602996521336202,C4,traseira,2024-05-02 1400UT,17,1,O1_toros_01-04mai
-60.0,0.017073725179597078,12.231071942847132,C87,frente,2024-05-02 1400UT,24,1,O1_toros_01-04mai
-55.0,0.017309328260789358,12.09048227384622,C87,frente,2024-05-02 1400UT,171,1,O1_toros_01-04mai
-50.0,0.017712071859349747,11.856460872698767,C87,frente,2024-05-02 1400UT,60,1,O1_toros_01-04mai
-45.0,0.01900186485916417,11.15773358606684,C87,frente,2024-05-02 1400UT,38,1,O1_toros_01-04mai
-40.0,0.020010572293639554,10.662001488686192,C87,frente,2024-05-02 1400UT,6,1,O1_toros_01-04mai
-60.0,0.018577884026327922,11.379185238094124,C87,traseira,2024-05-02 1400UT,26,1,O1_toros_01-04mai
-55.0,0.016821087159098906,12.38492168460419,C87,traseira,2024-05-02 1400UT,146,1,O1_toros_01-04mai
-50.0,0.016750529832762213,12.42846985151894,C87,traseira,2024-05-02 1400UT,165,1,O1_toros_01-04mai
-45.0,0.01980306192793083,10.760041850223404,C87,traseira,2024-05-02 1400UT,72,1,O1_toros_01-04mai
-60.0,0.028882237747945336,7.7029619908568865,C89,frente,2024-05-02 1400UT,46,1,O1_toros_01-04mai
-55.0,0.025450013574260896,8.597955381145432,C89,frente,2024-05-02 1400UT,152,1,O1_toros_01-04mai
-50.0,0.021523016276250747,9.990882221211928,C89,frente,2024-05-02 1400UT,403,1,O1_toros_01-04mai
-45.0,0.02727738995625345,8.089726504555953,C89,frente,2024-05-02 1400UT,126,1,O1_toros_01-04mai
-40.0,0.02651829561550354,8.292448065441054,C89,frente,2024-05-02 1400UT,102,1,O1_toros_01-04mai
-35.0,0.024003808265222658,9.058811151469738,C89,frente,2024-05-02 1400UT,32,1,O1_toros_01-04mai
-30.0,0.021538568312263938,9.98441821246723,C89,frente,2024-05-02 1400UT,9,1,O1_toros_01-04mai
-60.0,0.029177004456369518,7.63736508168787,C89,traseira,2024-05-02 1400UT,37,1,O1_toros_01-04mai
-55.0,0.022704473155787826,9.522920674139119,C89,traseira,2024-05-02 1400UT,111,1,O1_toros_01-04mai
-50.0,0.022142385841471244,9.7398171619728,C89,traseira,2024-05-02 1400UT,303,1,O1_toros_01-04mai
-45.0,0.021136843860926575,10.154106247479579,C89,traseira,2024-05-02 1400UT,109,1,O1_toros_01-04mai
-60.0,0.017706178139743012,11.859829153455513,C76,frente,2024-05-02 1400UT,19,1,O1_toros_01-04mai
-55.0,0.018858677195351392,11.231648798570761,C76,frente,2024-05-02 1400UT,432,1,O1_toros_01-04mai
-60.0,0.017251452788507343,12.12476195629085,C76,traseira,2024-05-02 1400UT,31,1,O1_toros_01-04mai
-55.0,0.015881331600223536,12.986503716883249,C76,traseira,2024-05-02 1400UT,389,1,O1_toros_01-04mai
-60.0,0.015697230376259596,13.109987436233972,C92,frente,2024-05-02 1400UT,100,1,O1_toros_01-04mai
-55.0,0.01690827611565845,12.331458386001795,C92,frente,2024-05-02 1400UT,220,1,O1_toros_01-04mai
-60.0,0.014812251516704095,13.7306785177127,C92,traseira,2024-05-02 1400UT,114,1,O1_toros_01-04mai
-55.0,0.015881002463705628,12.986722774056027,C92,traseira,2024-05-02 1400UT,707,1,O1_toros_01-04mai
-50.0,0.01697928527012135,12.288202481874734,C92,traseira,2024-05-02 1400UT,187,1,O1_toros_01-04mai
-70.0,0.03653702394720339,6.4282435263850495,C97,frente,2024-05-02 1400UT,9,1,O1_toros_01-04mai
-65.0,0.034713698044841576,6.662610921894422,C97,frente,2024-05-02 1400UT,255,1,O1_toros_01-04mai
-60.0,0.028802101689055087,7.721064096690812,C97,frente,2024-05-02 1400UT,728,1,O1_toros_01-04mai
-55.0,0.025233639455503866,8.663408849904117,C97,frente,2024-05-02 1400UT,1073,1,O1_toros_01-04mai
-50.0,0.02290856037929259,9.446648575744309,C97,frente,2024-05-02 1400UT,1221,1,O1_toros_01-04mai
-45.0,0.027619549517204113,8.002869270926126,C97,frente,2024-05-02 1400UT,349,1,O1_toros_01-04mai
-40.0,0.04153978105262167,5.941346188710487,C97,frente,2024-05-02 1400UT,78,1,O1_toros_01-04mai
-35.0,0.04716333931720158,5.58914620827313,C97,frente,2024-05-02 1400UT,73,1,O1_toros_01-04mai
-30.0,0.050973755343034305,5.428863941263103,C97,frente,2024-05-02 1400UT,15,1,O1_toros_01-04mai
-70.0,0.04030009961644476,6.043791406687544,C97,traseira,2024-05-02 1400UT,132,1,O1_toros_01-04mai
-65.0,0.03892455840488426,6.170562241009796,C97,traseira,2024-05-02 1400UT,605,1,O1_toros_01-04mai
-60.0,0.03663527751274742,6.416597132471501,C97,traseira,2024-05-02 1400UT,768,1,O1_toros_01-04mai
-55.0,0.03356377871123929,6.829816744812309,C97,traseira,2024-05-02 1400UT,831,1,O1_toros_01-04mai
-50.0,0.032604866327069826,6.982037202545223,C97,traseira,2024-05-02 1400UT,650,1,O1_toros_01-04mai
-45.0,0.0358515187541463,6.512209875474997,C97,traseira,2024-05-02 1400UT,294,1,O1_toros_01-04mai
-40.0,0.03685805909550287,6.39055417838341,C97,traseira,2024-05-02 1400UT,70,1,O1_toros_01-04mai
-35.0,0.03909732425185022,6.1538302120723944,C97,traseira,2024-05-02 1400UT,41,1,O1_toros_01-04mai
-30.0,0.04092288674274822,5.990997586341791,C97,traseira,2024-05-02 1400UT,25,1,O1_toros_01-04mai
-65.0,0.037146959894059514,6.357462828988579,C96,frente,2024-05-02 1400UT,7,1,O1_toros_01-04mai
-60.0,0.031008331048878658,7.264104400929922,C96,frente,2024-05-02 1400UT,26,1,O1_toros_01-04mai
-55.0,0.027567222526521412,8.015995980902034,C96,frente,2024-05-02 1400UT,38,1,O1_toros_01-04mai
-50.0,0.02522536655675203,8.66593531221994,C96,frente,2024-05-02 1400UT,208,1,O1_toros_01-04mai
-45.0,0.031759471613190024,7.126720985499893,C96,frente,2024-05-02 1400UT,260,1,O1_toros_01-04mai
-40.0,0.03927499812814287,6.136897173592475,C96,frente,2024-05-02 1400UT,92,1,O1_toros_01-04mai
-35.0,0.04889186824305587,5.510129484594128,C96,frente,2024-05-02 1400UT,50,1,O1_toros_01-04mai
-30.0,0.0567358589090851,5.265338598428205,C96,frente,2024-05-02 1400UT,54,1,O1_toros_01-04mai
-25.0,0.06086678700020896,5.188052355474618,C96,frente,2024-05-02 1400UT,37,1,O1_toros_01-04mai
-20.0,0.07207491190683989,5.074815748197887,C96,frente,2024-05-02 1400UT,22,1,O1_toros_01-04mai
-60.0,0.0384505688108855,6.217723721705971,C96,traseira,2024-05-02 1400UT,63,1,O1_toros_01-04mai
-55.0,0.04230879222619641,5.88290783243335,C96,traseira,2024-05-02 1400UT,118,1,O1_toros_01-04mai
-50.0,0.04246827026263933,5.871281430251242,C96,traseira,2024-05-02 1400UT,88,1,O1_toros_01-04mai
-45.0,0.040587678547370165,6.019070396793269,C96,traseira,2024-05-02 1400UT,153,1,O1_toros_01-04mai
-40.0,0.04714487065055236,5.590053663728906,C96,traseira,2024-05-02 1400UT,184,1,O1_toros_01-04mai
-35.0,0.059558102820706484,5.2097422958848245,C96,traseira,2024-05-02 1400UT,102,1,O1_toros_01-04mai
-30.0,0.0746053804458087,5.059849881376726,C96,traseira,2024-05-02 1400UT,34,1,O1_toros_01-04mai
-25.0,0.0803141397108228,5.037192520704815,C96,traseira,2024-05-02 1400UT,43,1,O1_toros_01-04mai
-20.0,0.08903398174413442,5.017983491208458,C96,traseira,2024-05-02 1400UT,19,1,O1_toros_01-04mai
-60.0,0.03293946086100686,6.927535627191151,C78,frente,2024-05-02 1400UT,29,1,O1_toros_01-04mai
-55.0,0.023713561934109145,9.158137345376598,C78,frente,2024-05-02 1400UT,39,1,O1_toros_01-04mai
-60.0,0.0320819485384243,7.0703168643479675,C78,traseira,2024-05-02 1400UT,31,1,O1_toros_01-04mai
-55.0,0.02204939024785158,9.776825371478285,C78,traseira,2024-05-02 1400UT,146,1,O1_toros_01-04mai
-50.0,0.020123689114589255,10.608164345628174,C78,traseira,2024-05-02 1400UT,192,1,O1_toros_01-04mai
-45.0,0.026515523310265417,8.292247424041502,C78,traseira,2024-05-02 1400UT,180,1,O1_toros_01-04mai
-40.0,0.03423205174079585,6.730700782819472,C78,traseira,2024-05-02 1400UT,71,1,O1_toros_01-04mai
-35.0,0.041033722500578886,5.981911301968767,C78,traseira,2024-05-02 1400UT,38,1,O1_toros_01-04mai
-30.0,0.051802793827005165,5.400235520491191,C78,traseira,2024-05-02 1400UT,5,1,O1_toros_01-04mai
-60.0,0.03307531895470754,6.905836085085173,C85,frente,2024-05-02 1400UT,29,1,O1_toros_01-04mai
-55.0,0.018367705476817698,11.49190008201824,C85,frente,2024-05-02 1400UT,279,1,O1_toros_01-04mai
-50.0,0.038752397015412575,6.1874834305981965,C85,frente,2024-05-02 1400UT,116,1,O1_toros_01-04mai
-45.0,0.048210230951073005,5.5399267135616475,C85,frente,2024-05-02 1400UT,97,1,O1_toros_01-04mai
-40.0,0.05372525066001613,5.340988393134773,C85,frente,2024-05-02 1400UT,73,1,O1_toros_01-04mai
-35.0,0.06098375629427099,5.186228230918683,C85,frente,2024-05-02 1400UT,49,1,O1_toros_01-04mai
-30.0,0.07531638711469332,5.0564132437220355,C85,frente,2024-05-02 1400UT,20,1,O1_toros_01-04mai
-25.0,0.08248800572293873,5.031029928794686,C85,frente,2024-05-02 1400UT,17,1,O1_toros_01-04mai
-20.0,0.08922200538941585,5.0177040416916405,C85,frente,2024-05-02 1400UT,12,1,O1_toros_01-04mai
-60.0,0.03235670879877185,7.024201218741766,C85,traseira,2024-05-02 1400UT,20,1,O1_toros_01-04mai
-55.0,0.018756680989882077,11.284875890035371,C85,traseira,2024-05-02 1400UT,134,1,O1_toros_01-04mai
-50.0,0.02895216869107891,7.696944040988184,C85,traseira,2024-05-02 1400UT,54,1,O1_toros_01-04mai
-45.0,0.04380774539211176,5.77923074703863,C85,traseira,2024-05-02 1400UT,27,1,O1_toros_01-04mai
-40.0,0.0463457927002547,5.633445252699052,C85,traseira,2024-05-02 1400UT,12,1,O1_toros_01-04mai
-60.0,0.03559406082955667,6.545002681374635,C95,frente,2024-05-02 1400UT,37,1,O1_toros_01-04mai
-55.0,0.025999722798933755,8.43859550298265,C95,frente,2024-05-02 1400UT,54,1,O1_toros_01-04mai
-50.0,0.024343691962340923,8.945433970485249,C95,frente,2024-05-02 1400UT,66,1,O1_toros_01-04mai
-45.0,0.028683969772644882,7.748016360707971,C95,frente,2024-05-02 1400UT,46,1,O1_toros_01-04mai
-40.0,0.03358880964891525,6.826339189947441,C95,frente,2024-05-02 1400UT,26,1,O1_toros_01-04mai
-60.0,0.041271395639066094,5.962819130743168,C95,traseira,2024-05-02 1400UT,44,1,O1_toros_01-04mai
-55.0,0.026247051568063562,8.366888352032241,C95,traseira,2024-05-02 1400UT,60,1,O1_toros_01-04mai
-50.0,0.027149101902106048,8.122931747119814,C95,traseira,2024-05-02 1400UT,237,1,O1_toros_01-04mai
-45.0,0.03126789767104925,7.215635439317763,C95,traseira,2024-05-02 1400UT,347,1,O1_toros_01-04mai
-40.0,0.033818600739234234,6.791369934015378,C95,traseira,2024-05-02 1400UT,182,1,O1_toros_01-04mai
-35.0,0.04073029224786695,6.007040485401318,C95,traseira,2024-05-02 1400UT,82,1,O1_toros_01-04mai
-30.0,0.04015686629190945,6.0571207578724655,C95,traseira,2024-05-02 1400UT,8,1,O1_toros_01-04mai
-60.0,0.024258064543063736,8.973677558524798,C98,inteira,2024-05-02 1400UT,109,1,O1_toros_01-04mai
-55.0,0.020875028775076923,10.267793848885905,C98,inteira,2024-05-02 1400UT,233,1,O1_toros_01-04mai
-50.0,0.02176211829620044,9.892422226294045,C98,inteira,2024-05-02 1400UT,119,1,O1_toros_01-04mai
-45.0,0.027929846627448313,7.926216122663759,C98,inteira,2024-05-02 1400UT,51,1,O1_toros_01-04mai
-40.0,0.03621452781018164,6.467149049288734,C98,inteira,2024-05-02 1400UT,56,1,O1_toros_01-04mai
-35.0,0.042503793460322785,5.868792760383163,C98,inteira,2024-05-02 1400UT,38,1,O1_toros_01-04mai
-60.0,0.015836071422816594,13.016683142620668,C99,inteira,2024-05-02 1400UT,33,1,O1_toros_01-04mai
-55.0,0.016599483616144647,12.522592329396007,C99,inteira,2024-05-02 1400UT,96,1,O1_toros_01-04mai
-50.0,0.022449833509341176,9.620209553816569,C99,inteira,2024-05-02 1400UT,58,1,O1_toros_01-04mai
-45.0,0.04046801872121873,6.029283046206743,C99,inteira,2024-05-02 1400UT,103,1,O1_toros_01-04mai
-40.0,0.03852760135282476,6.209931728867663,C99,inteira,2024-05-02 1400UT,113,1,O1_toros_01-04mai
-35.0,0.05453884231906206,5.318635919899042,C99,inteira,2024-05-02 1400UT,27,1,O1_toros_01-04mai
-60.0,0.029213466679376732,7.629363561414799,C100,inteira,2024-05-02 1400UT,37,1,O1_toros_01-04mai
-55.0,0.02956415089177244,7.553635782335169,C100,inteira,2024-05-02 1400UT,195,1,O1_toros_01-04mai
-50.0,0.03304754464758359,6.91025609612255,C100,inteira,2024-05-02 1400UT,156,1,O1_toros_01-04mai
-45.0,0.03747523334829646,6.32083710844445,C100,inteira,2024-05-02 1400UT,144,1,O1_toros_01-04mai
-40.0,0.040126075478040986,6.059034621259213,C100,inteira,2024-05-02 1400UT,47,1,O1_toros_01-04mai
-35.0,0.03611467600765185,6.480213599118488,C100,inteira,2024-05-02 1400UT,50,1,O1_toros_01-04mai
-30.0,0.03716576240296075,6.355394616359224,C100,inteira,2024-05-02 1400UT,22,1,O1_toros_01-04mai
-25.0,0.04303488328408671,5.831162259665416,C100,inteira,2024-05-02 1400UT,10,1,O1_toros_01-04mai
-65.0,0.02360446777708821,9.197874628882559,C101,inteira,2024-05-02 1500UT,34,1,O1_toros_01-04mai
-60.0,0.023676183781181477,9.171109495813424,C101,inteira,2024-05-02 1500UT,31,1,O1_toros_01-04mai
-55.0,0.02122127025338764,10.118245327720384,C101,inteira,2024-05-02 1500UT,138,1,O1_toros_01-04mai
-50.0,0.020271836741787834,10.539353402095962,C101,inteira,2024-05-02 1500UT,274,1,O1_toros_01-04mai
-45.0,0.019266027697756996,11.023665130451679,C101,inteira,2024-05-02 1500UT,196,1,O1_toros_01-04mai
-40.0,0.02203204044970555,9.783602916757193,C101,inteira,2024-05-02 1500UT,153,1,O1_toros_01-04mai
-35.0,0.02924790284006483,7.621828945378464,C101,inteira,2024-05-02 1500UT,99,1,O1_toros_01-04mai
-30.0,0.03474730293125679,6.657964865139418,C101,inteira,2024-05-02 1500UT,70,1,O1_toros_01-04mai
-25.0,0.04325824940240841,5.815742338759552,C101,inteira,2024-05-02 1500UT,41,1,O1_toros_01-04mai
-20.0,0.05786321135524668,5.24153596394698,C101,inteira,2024-05-02 1500UT,37,1,O1_toros_01-04mai
-15.0,0.05793938746299076,5.240022601459974,C101,inteira,2024-05-02 1500UT,38,1,O1_toros_01-04mai
-70.0,0.017749274618439486,11.83553746417687,C102,inteira,2024-05-02 1500UT,20,1,O1_toros_01-04mai
-65.0,0.017969802318274955,11.71077105118207,C102,inteira,2024-05-02 1500UT,163,1,O1_toros_01-04mai
-60.0,0.01919245360947436,11.060705712684324,C102,inteira,2024-05-02 1500UT,123,1,O1_toros_01-04mai
-55.0,0.017371101257936984,12.054192110659608,C102,inteira,2024-05-02 1500UT,84,1,O1_toros_01-04mai
-50.0,0.02102665737640727,10.201779405762117,C102,inteira,2024-05-02 1500UT,72,1,O1_toros_01-04mai
-45.0,0.025313392500355653,8.639142244021079,C102,inteira,2024-05-02 1500UT,93,1,O1_toros_01-04mai
-40.0,0.01826273231345023,11.549077775893096,C102,inteira,2024-05-02 1500UT,160,1,O1_toros_01-04mai
-35.0,0.030240233936674014,7.413768592884912,C102,inteira,2024-05-02 1500UT,184,1,O1_toros_01-04mai
-30.0,0.042117144174564566,5.897136720588202,C102,inteira,2024-05-02 1500UT,152,1,O1_toros_01-04mai
-25.0,0.04339145994068606,5.806736958713371,C102,inteira,2024-05-02 1500UT,201,1,O1_toros_01-04mai
-20.0,0.04682966308166594,5.6057581034599835,C102,inteira,2024-05-02 1500UT,199,1,O1_toros_01-04mai
-15.0,0.05066204554203532,5.440149979856287,C102,inteira,2024-05-02 1500UT,181,1,O1_toros_01-04mai
-70.0,0.019171647803551115,11.071222998424687,C66,frente,2024-05-02 1500UT,6324,1,O1_toros_01-04mai
-65.0,0.019573043379873967,10.871501742502984,C66,frente,2024-05-02 1500UT,6892,1,O1_toros_01-04mai
-60.0,0.01888207092251579,11.21951215157534,C66,frente,2024-05-02 1500UT,4587,1,O1_toros_01-04mai
-55.0,0.017884289535522332,11.758763238069406,C66,frente,2024-05-02 1500UT,3601,1,O1_toros_01-04mai
-50.0,0.02178854279060658,9.881682251271847,C66,frente,2024-05-02 1500UT,804,1,O1_toros_01-04mai
-45.0,0.034148213805999576,6.742834651683482,C66,frente,2024-05-02 1500UT,421,1,O1_toros_01-04mai
-40.0,0.04512893967499022,5.697993387976677,C66,frente,2024-05-02 1500UT,354,1,O1_toros_01-04mai
-35.0,0.058079120827674385,5.237229001342204,C66,frente,2024-05-02 1500UT,359,1,O1_toros_01-04mai
-30.0,0.06996254192233742,5.088124137952509,C66,frente,2024-05-02 1500UT,374,1,O1_toros_01-04mai
-25.0,0.07989614458653192,5.038514879672228,C66,frente,2024-05-02 1500UT,374,1,O1_toros_01-04mai
-20.0,0.08792353738725048,5.019728025263129,C66,frente,2024-05-02 1500UT,280,1,O1_toros_01-04mai
-15.0,0.0936981872894938,5.012191883587837,C66,frente,2024-05-02 1500UT,272,1,O1_toros_01-04mai
-70.0,0.016059092296755284,12.869068509782604,C66,traseira,2024-05-02 1500UT,3574,1,O1_toros_01-04mai
-65.0,0.01754431467957933,11.952985657693166,C66,traseira,2024-05-02 1500UT,6841,1,O1_toros_01-04mai
-60.0,0.01795518361498926,11.718951265497868,C66,traseira,2024-05-02 1500UT,10720,1,O1_toros_01-04mai
-55.0,0.019546448199853957,10.884528992636879,C66,traseira,2024-05-02 1500UT,6398,1,O1_toros_01-04mai
-50.0,0.021011428244011168,10.208255849312604,C66,traseira,2024-05-02 1500UT,2360,1,O1_toros_01-04mai
-45.0,0.021782238939472766,9.884227531139778,C66,traseira,2024-05-02 1500UT,974,1,O1_toros_01-04mai
-40.0,0.029411478034878438,7.586375284177731,C66,traseira,2024-05-02 1500UT,538,1,O1_toros_01-04mai
-35.0,0.04543193191380441,5.680589154934182,C66,traseira,2024-05-02 1500UT,394,1,O1_toros_01-04mai
-30.0,0.0526250379204307,5.373734088845552,C66,traseira,2024-05-02 1500UT,226,1,O1_toros_01-04mai
-25.0,0.06377730417962874,5.1475515066338,C66,traseira,2024-05-02 1500UT,141,1,O1_toros_01-04mai
-20.0,0.09001665425584406,5.016569519055309,C66,traseira,2024-05-02 1500UT,123,1,O1_toros_01-04mai
-15.0,0.10293919297264964,5.0056445279960595,C66,traseira,2024-05-02 1500UT,145,1,O1_toros_01-04mai
-60.0,0.018511911704859857,11.414352597872869,C103,inteira,2024-05-02 1500UT,131,1,O1_toros_01-04mai
-55.0,0.01713736004392352,12.192825311364619,C103,inteira,2024-05-02 1500UT,423,1,O1_toros_01-04mai
-50.0,0.01635261090911689,12.678926862127529,C103,inteira,2024-05-02 1500UT,249,1,O1_toros_01-04mai
-45.0,0.016818086554313015,12.386801643604922,C103,inteira,2024-05-02 1500UT,130,1,O1_toros_01-04mai
-40.0,0.018784095022393865,11.270500210149745,C103,inteira,2024-05-02 1500UT,71,1,O1_toros_01-04mai
-35.0,0.034990535243553056,6.6248752286413435,C103,inteira,2024-05-02 1500UT,44,1,O1_toros_01-04mai
-30.0,0.047146127885957796,5.58999181867307,C103,inteira,2024-05-02 1500UT,43,1,O1_toros_01-04mai
-25.0,0.055033216840463625,5.305847611896215,C103,inteira,2024-05-02 1500UT,22,1,O1_toros_01-04mai
-20.0,0.06997907570597767,5.088002305982325,C103,inteira,2024-05-02 1500UT,19,1,O1_toros_01-04mai
-15.0,0.0784812353091499,5.043378839490224,C103,inteira,2024-05-02 1500UT,28,1,O1_toros_01-04mai
-60.0,0.019323715896208328,10.99789279544611,C70,frente,2024-05-02 1500UT,70,1,O1_toros_01-04mai
-55.0,0.015246526024530655,13.420368113862224,C70,frente,2024-05-02 1500UT,127,1,O1_toros_01-04mai
-50.0,0.015070205666947417,13.545005065896062,C70,frente,2024-05-02 1500UT,137,1,O1_toros_01-04mai
-45.0,0.017304824766488563,12.093222407218626,C70,frente,2024-05-02 1500UT,146,1,O1_toros_01-04mai
-40.0,0.02482782547426028,8.789720981720293,C70,frente,2024-05-02 1500UT,98,1,O1_toros_01-04mai
-35.0,0.022157008438061503,9.734076451254692,C70,frente,2024-05-02 1500UT,152,1,O1_toros_01-04mai
-30.0,0.019541961296814563,10.886729656808846,C70,frente,2024-05-02 1500UT,129,1,O1_toros_01-04mai
-25.0,0.01769627856305293,11.865490605448976,C70,frente,2024-05-02 1500UT,87,1,O1_toros_01-04mai
-20.0,0.03114587463584086,7.255498248532422,C70,frente,2024-05-02 1500UT,52,1,O1_toros_01-04mai
-15.0,0.06646837754034488,5.118017708149641,C70,frente,2024-05-02 1500UT,60,1,O1_toros_01-04mai
-60.0,0.025106417238903486,8.702454377805976,C70,traseira,2024-05-02 1500UT,93,1,O1_toros_01-04mai
-55.0,0.02120541734857426,10.1247373210465,C70,traseira,2024-05-02 1500UT,129,1,O1_toros_01-04mai
-50.0,0.02209051078341808,9.760351371419155,C70,traseira,2024-05-02 1500UT,357,1,O1_toros_01-04mai
-45.0,0.02580912239878321,8.492110769853682,C70,traseira,2024-05-02 1500UT,150,1,O1_toros_01-04mai
-40.0,0.03273967818612858,6.959894932917864,C70,traseira,2024-05-02 1500UT,127,1,O1_toros_01-04mai
-35.0,0.039224072647074545,6.141715940005369,C70,traseira,2024-05-02 1500UT,118,1,O1_toros_01-04mai
-30.0,0.045465940665986276,5.678696849354819,C70,traseira,2024-05-02 1500UT,66,1,O1_toros_01-04mai
-25.0,0.04562240238144774,5.669871428040844,C70,traseira,2024-05-02 1500UT,27,1,O1_toros_01-04mai
-60.0,0.02567079773230732,8.532353057155754,C104,inteira,2024-05-02 1500UT,35,1,O1_toros_01-04mai
-55.0,0.02241507287897096,9.633325184954074,C104,inteira,2024-05-02 1500UT,208,1,O1_toros_01-04mai
-50.0,0.01680731837986655,12.393414513174282,C104,inteira,2024-05-02 1500UT,52,1,O1_toros_01-04mai
-45.0,0.01915791470314517,11.078175019981225,C104,inteira,2024-05-02 1500UT,13,1,O1_toros_01-04mai
-60.0,0.013731864988735635,14.553191615801282,C87,frente,2024-05-02 1500UT,97,1,O1_toros_01-04mai
-55.0,0.013392998067964599,14.826809429452252,C87,frente,2024-05-02 1500UT,290,1,O1_toros_01-04mai
-50.0,0.013641356145541744,14.62551805736318,C87,frente,2024-05-02 1500UT,139,1,O1_toros_01-04mai
-45.0,0.014802152950682898,13.73802888125818,C87,frente,2024-05-02 1500UT,61,1,O1_toros_01-04mai
-60.0,0.017469656263350494,11.996378744960992,C87,traseira,2024-05-02 1500UT,75,1,O1_toros_01-04mai
-55.0,0.01538213661309936,13.325756202348456,C87,traseira,2024-05-02 1500UT,454,1,O1_toros_01-04mai
-50.0,0.014048357441131542,14.304536206786072,C87,traseira,2024-05-02 1500UT,186,1,O1_toros_01-04mai
-60.0,0.020152592383067217,10.594671814251281,C105,inteira,2024-05-02 1500UT,197,1,O1_toros_01-04mai
-55.0,0.01808887602985442,11.644510638195396,C105,inteira,2024-05-02 1500UT,289,1,O1_toros_01-04mai
-50.0,0.022595829131500593,9.564056156242216,C105,inteira,2024-05-02 1500UT,132,1,O1_toros_01-04mai
-45.0,0.023941166082876077,9.0823253364062,C105,inteira,2024-05-02 1500UT,10,1,O1_toros_01-04mai
-60.0,0.015176158360071416,13.469890141023566,C106,inteira,2024-05-02 1500UT,84,1,O1_toros_01-04mai
-55.0,0.01755626905348499,11.946062557461676,C106,inteira,2024-05-02 1500UT,337,1,O1_toros_01-04mai
-50.0,0.020842161749228177,10.28225485673742,C106,inteira,2024-05-02 1500UT,166,1,O1_toros_01-04mai
-45.0,0.025803271094659425,8.493578790953649,C106,inteira,2024-05-02 1500UT,130,1,O1_toros_01-04mai
-40.0,0.028307160928368415,7.835638987781392,C106,inteira,2024-05-02 1500UT,141,1,O1_toros_01-04mai
-35.0,0.043886916410751056,5.774106628030778,C106,inteira,2024-05-02 1500UT,47,1,O1_toros_01-04mai
-30.0,0.05504708348497081,5.305630095643188,C106,inteira,2024-05-02 1500UT,22,1,O1_toros_01-04mai
-25.0,0.05496702475761969,5.30755175280407,C106,inteira,2024-05-02 1500UT,8,1,O1_toros_01-04mai
-60.0,0.017685581848807443,11.871613183118026,C92,frente,2024-05-02 1500UT,379,1,O1_toros_01-04mai
-55.0,0.016074955674815747,12.858672854152093,C92,frente,2024-05-02 1500UT,830,1,O1_toros_01-04mai
-50.0,0.013837605664261189,14.46938133667202,C92,frente,2024-05-02 1500UT,429,1,O1_toros_01-04mai
-45.0,0.01359952396703688,14.659239688636513,C92,frente,2024-05-02 1500UT,24,1,O1_toros_01-04mai
-60.0,0.017291267412082142,12.101161985992029,C92,traseira,2024-05-02 1500UT,357,1,O1_toros_01-04mai
-55.0,0.018716087976352942,11.306137614299335,C92,traseira,2024-05-02 1500UT,954,1,O1_toros_01-04mai
-60.0,0.024637953280558,8.84985162379235,C76,frente,2024-05-02 1500UT,91,1,O1_toros_01-04mai
-55.0,0.023582068358483414,9.203955403803548,C76,frente,2024-05-02 1500UT,396,1,O1_toros_01-04mai
-50.0,0.025531908986309543,8.573516125159813,C76,frente,2024-05-02 1500UT,16,1,O1_toros_01-04mai
-60.0,0.023166918910751087,9.351943801118074,C76,traseira,2024-05-02 1500UT,102,1,O1_toros_01-04mai
-55.0,0.020480370677367455,10.443922404205729,C76,traseira,2024-05-02 1500UT,526,1,O1_toros_01-04mai
-50.0,0.0240827020892192,9.032173681498465,C76,traseira,2024-05-02 1500UT,30,1,O1_toros_01-04mai
-60.0,0.02517846072948303,8.680292824432787,C4,frente,2024-05-02 1500UT,49,1,O1_toros_01-04mai
-55.0,0.02152275540993141,9.990990718480836,C4,frente,2024-05-02 1500UT,147,1,O1_toros_01-04mai
-50.0,0.01875861428345324,11.283830415871654,C4,frente,2024-05-02 1500UT,300,1,O1_toros_01-04mai
-45.0,0.019730400165859016,10.79576765977921,C4,frente,2024-05-02 1500UT,8,1,O1_toros_01-04mai
-60.0,0.02451338689431464,8.890023273312995,C4,traseira,2024-05-02 1500UT,45,1,O1_toros_01-04mai
-55.0,0.019573894319064047,10.87108539230872,C4,traseira,2024-05-02 1500UT,87,1,O1_toros_01-04mai
-50.0,0.017375865909580526,12.051276536942083,C4,traseira,2024-05-02 1500UT,380,1,O1_toros_01-04mai
-45.0,0.01647917085490531,12.598365388915933,C4,traseira,2024-05-02 1500UT,121,1,O1_toros_01-04mai
-60.0,0.017101302354286106,12.214530857886086,C89,frente,2024-05-02 1500UT,100,1,O1_toros_01-04mai
-55.0,0.01937889424923996,10.967283832989462,C89,frente,2024-05-02 1500UT,336,1,O1_toros_01-04mai
-50.0,0.019439889288340485,10.937027293831761,C89,frente,2024-05-02 1500UT,182,1,O1_toros_01-04mai
-60.0,0.016765539727779367,12.419184007585113,C89,traseira,2024-05-02 1500UT,92,1,O1_toros_01-04mai
-55.0,0.01707871511359634,12.228063241415551,C89,traseira,2024-05-02 1500UT,335,1,O1_toros_01-04mai
-60.0,0.012878263052896414,15.257496395377514,C107,inteira,2024-05-02 1500UT,33,1,O1_toros_01-04mai
-55.0,0.014889084221890019,13.674956949017421,C107,inteira,2024-05-02 1500UT,153,1,O1_toros_01-04mai
-50.0,0.01734294063343851,12.070649402020614,C107,inteira,2024-05-02 1500UT,323,1,O1_toros_01-04mai
-45.0,0.016635731581120045,12.49987547123299,C107,inteira,2024-05-02 1500UT,195,1,O1_toros_01-04mai
-40.0,0.016296974394994994,12.714615720850325,C107,inteira,2024-05-02 1500UT,40,1,O1_toros_01-04mai
-60.0,0.01529951826530232,13.383265896536312,C108,inteira,2024-05-02 1500UT,152,1,O1_toros_01-04mai
-55.0,0.015768725849310748,13.061800319894555,C108,inteira,2024-05-02 1500UT,1128,1,O1_toros_01-04mai
-50.0,0.016998623223349555,12.276467030338925,C108,inteira,2024-05-02 1500UT,137,1,O1_toros_01-04mai
-60.0,0.014407064627206818,14.030509402551015,C109,inteira,2024-05-02 1500UT,80,1,O1_toros_01-04mai
-55.0,0.015188824722267983,13.460954464691238,C109,inteira,2024-05-02 1500UT,291,1,O1_toros_01-04mai
-50.0,0.015757551230401554,13.069398526621887,C109,inteira,2024-05-02 1500UT,44,1,O1_toros_01-04mai
-60.0,0.016860649413160296,12.360613342877905,C110,inteira,2024-05-02 1500UT,53,1,O1_toros_01-04mai
-55.0,0.014013063807036843,14.331932023029136,C110,inteira,2024-05-02 1500UT,652,1,O1_toros_01-04mai
-50.0,0.015899415370174474,12.974477272975413,C110,inteira,2024-05-02 1500UT,555,1,O1_toros_01-04mai
-45.0,0.02167837262627867,9.926693947667358,C110,inteira,2024-05-02 1500UT,14,1,O1_toros_01-04mai
-60.0,0.015434451890492012,13.289536623221917,C96,frente,2024-05-02 1500UT,36,1,O1_toros_01-04mai
-55.0,0.015021971745645827,13.579420778247671,C96,frente,2024-05-02 1500UT,297,1,O1_toros_01-04mai
-50.0,0.015375310753058868,13.33048339888726,C96,frente,2024-05-02 1500UT,49,1,O1_toros_01-04mai
-45.0,0.01868236681858965,11.32405023472711,C96,frente,2024-05-02 1500UT,6,1,O1_toros_01-04mai
-60.0,0.01543970620085571,13.285902255064364,C96,traseira,2024-05-02 1500UT,32,1,O1_toros_01-04mai
-55.0,0.016073645376280463,12.85953098576751,C96,traseira,2024-05-02 1500UT,213,1,O1_toros_01-04mai
-50.0,0.01856317943841988,11.387006944042021,C96,traseira,2024-05-02 1500UT,301,1,O1_toros_01-04mai
-45.0,0.02273481258483039,9.511499881831206,C96,traseira,2024-05-02 1500UT,139,1,O1_toros_01-04mai
-40.0,0.0271855634688979,8.11345723301994,C96,traseira,2024-05-02 1500UT,55,1,O1_toros_01-04mai
-35.0,0.034635110041712054,6.673536778789447,C96,traseira,2024-05-02 1500UT,44,1,O1_toros_01-04mai
-30.0,0.038540421341423284,6.20863980984258,C96,traseira,2024-05-02 1500UT,7,1,O1_toros_01-04mai
-65.0,0.04141497233090285,5.951194613868594,C95,frente,2024-05-02 1500UT,100,1,O1_toros_01-04mai
-60.0,0.039256559749115315,6.1386204551718695,C95,frente,2024-05-02 1500UT,283,1,O1_toros_01-04mai
-55.0,0.04003398109039992,6.067193504217283,C95,frente,2024-05-02 1500UT,288,1,O1_toros_01-04mai
-50.0,0.040680731970591286,6.011198624468028,C95,frente,2024-05-02 1500UT,369,1,O1_toros_01-04mai
-45.0,0.04348396267087988,5.800542085233093,C95,frente,2024-05-02 1500UT,217,1,O1_toros_01-04mai
-40.0,0.04621798382499143,5.637493631072239,C95,frente,2024-05-02 1500UT,126,1,O1_toros_01-04mai
-35.0,0.05073511901420405,5.437616305002503,C95,frente,2024-05-02 1500UT,52,1,O1_toros_01-04mai
-30.0,0.05229872976916065,5.384031730191452,C95,frente,2024-05-02 1500UT,23,1,O1_toros_01-04mai
-65.0,0.039247238862166134,6.139505211452163,C95,traseira,2024-05-02 1500UT,99,1,O1_toros_01-04mai
-60.0,0.03745913384134134,6.322604495029441,C95,traseira,2024-05-02 1500UT,207,1,O1_toros_01-04mai
-55.0,0.029837829467237825,7.4960552675892185,C95,traseira,2024-05-02 1500UT,287,1,O1_toros_01-04mai
-50.0,0.028565183009668364,7.77535055600398,C95,traseira,2024-05-02 1500UT,456,1,O1_toros_01-04mai
-45.0,0.024141456681973428,9.012480650562278,C95,traseira,2024-05-02 1500UT,678,1,O1_toros_01-04mai
-40.0,0.028002518292035507,7.908548828281752,C95,traseira,2024-05-02 1500UT,342,1,O1_toros_01-04mai
-35.0,0.03927029320711847,6.137452664357787,C95,traseira,2024-05-02 1500UT,52,1,O1_toros_01-04mai
-30.0,0.045237017374277544,5.69232108417075,C95,traseira,2024-05-02 1500UT,38,1,O1_toros_01-04mai
-25.0,0.05780320536894462,5.242747399849273,C95,traseira,2024-05-02 1500UT,22,1,O1_toros_01-04mai
-20.0,0.06157779600003313,5.1772433688916575,C95,traseira,2024-05-02 1500UT,14,1,O1_toros_01-04mai
-65.0,0.02477912999416349,8.804824558671484,C100,frente,2024-05-02 1500UT,27,1,O1_toros_01-04mai
-60.0,0.02774836274838027,7.9708075532214515,C100,frente,2024-05-02 1500UT,157,1,O1_toros_01-04mai
-55.0,0.030029202999750537,7.456707071951486,C100,frente,2024-05-02 1500UT,42,1,O1_toros_01-04mai
-50.0,0.0308290786391548,7.298156994701781,C100,frente,2024-05-02 1500UT,25,1,O1_toros_01-04mai
-45.0,0.03509176342377957,6.611046170019028,C100,frente,2024-05-02 1500UT,55,1,O1_toros_01-04mai
-40.0,0.04081076180179251,6.000300610020252,C100,frente,2024-05-02 1500UT,49,1,O1_toros_01-04mai
-35.0,0.04239587271077497,5.876523283408443,C100,frente,2024-05-02 1500UT,49,1,O1_toros_01-04mai
-30.0,0.05169580735876803,5.403819789996719,C100,frente,2024-05-02 1500UT,13,1,O1_toros_01-04mai
-20.0,0.06891178773222291,5.096187910852313,C100,frente,2024-05-02 1500UT,5,1,O1_toros_01-04mai
-60.0,0.025611087055569387,8.550032505165333,C100,traseira,2024-05-02 1500UT,120,1,O1_toros_01-04mai
-55.0,0.025096090370673597,8.70564448317165,C100,traseira,2024-05-02 1500UT,306,1,O1_toros_01-04mai
-50.0,0.028534274742411644,7.782475928586125,C100,traseira,2024-05-02 1500UT,389,1,O1_toros_01-04mai
-45.0,0.03342103573890742,6.85171283977843,C100,traseira,2024-05-02 1500UT,225,1,O1_toros_01-04mai
-40.0,0.03797890429571952,6.2665398952423255,C100,traseira,2024-05-02 1500UT,173,1,O1_toros_01-04mai
-35.0,0.05109958695702703,5.424413370457307,C100,traseira,2024-05-02 1500UT,72,1,O1_toros_01-04mai
-30.0,0.05812795307884814,5.236265594046201,C100,traseira,2024-05-02 1500UT,29,1,O1_toros_01-04mai
-25.0,0.06328546400320623,5.153724800445235,C100,traseira,2024-05-02 1500UT,5,1,O1_toros_01-04mai
-65.0,0.025476795289232572,8.590530715246913,C97,frente,2024-05-02 1500UT,14,1,O1_toros_01-04mai
-60.0,0.025295014637051447,8.644719818819146,C97,frente,2024-05-02 1500UT,171,1,O1_toros_01-04mai
-55.0,0.02422107031396522,8.98594672231529,C97,frente,2024-05-02 1500UT,231,1,O1_toros_01-04mai
-50.0,0.023127283547697455,9.366333988021251,C97,frente,2024-05-02 1500UT,147,1,O1_toros_01-04mai
-45.0,0.022688548199394712,9.52892693485973,C97,frente,2024-05-02 1500UT,89,1,O1_toros_01-04mai
-40.0,0.020725752043097706,10.333736621208075,C97,frente,2024-05-02 1500UT,92,1,O1_toros_01-04mai
-65.0,0.029066913421755967,7.6622115739911445,C97,traseira,2024-05-02 1500UT,6,1,O1_toros_01-04mai
-60.0,0.03096149383188576,7.27294613907078,C97,traseira,2024-05-02 1500UT,206,1,O1_toros_01-04mai
-55.0,0.028149179645541388,7.8732235604855445,C97,traseira,2024-05-02 1500UT,344,1,O1_toros_01-04mai
-50.0,0.024073460875520744,9.035279797865556,C97,traseira,2024-05-02 1500UT,323,1,O1_toros_01-04mai
-45.0,0.024433751522929884,8.915924409201537,C97,traseira,2024-05-02 1500UT,233,1,O1_toros_01-04mai
-40.0,0.028665506430698595,7.75221262507188,C97,traseira,2024-05-02 1500UT,149,1,O1_toros_01-04mai
-35.0,0.03977116396359997,6.09089158715696,C97,traseira,2024-05-02 1500UT,52,1,O1_toros_01-04mai
-30.0,0.05649999687743505,5.270594012172087,C97,traseira,2024-05-02 1500UT,7,1,O1_toros_01-04mai
-65.0,0.014758779090576785,13.769726409261335,C111,inteira,2024-05-02 1500UT,6,1,O1_toros_01-04mai
-60.0,0.017566454193400728,11.940466419355587,C111,inteira,2024-05-02 1500UT,42,1,O1_toros_01-04mai
-55.0,0.02095582859849095,10.232451132518605,C111,inteira,2024-05-02 1500UT,54,1,O1_toros_01-04mai
-50.0,0.02930757006692391,7.608824863527389,C111,inteira,2024-05-02 1500UT,79,1,O1_toros_01-04mai
-45.0,0.04682539466040411,5.606212158369398,C111,inteira,2024-05-02 1500UT,134,1,O1_toros_01-04mai
-40.0,0.05854160080371726,5.2282636327848016,C111,inteira,2024-05-02 1500UT,82,1,O1_toros_01-04mai
-35.0,0.054795114969384336,5.31190326132096,C111,inteira,2024-05-02 1500UT,9,1,O1_toros_01-04mai
-60.0,0.01670603022732516,12.45606798910184,C112,inteira,2024-05-02 1500UT,65,1,O1_toros_01-04mai
-55.0,0.01925083060250754,11.03129349762052,C112,inteira,2024-05-02 1500UT,121,1,O1_toros_01-04mai
-50.0,0.021346280649925324,10.064932086625777,C112,inteira,2024-05-02 1500UT,166,1,O1_toros_01-04mai
-45.0,0.027163246897280256,8.119252761306285,C112,inteira,2024-05-02 1500UT,123,1,O1_toros_01-04mai
-40.0,0.037926846127514284,6.273851006405514,C112,inteira,2024-05-02 1500UT,152,1,O1_toros_01-04mai
-35.0,0.034310610832773376,6.719407598915696,C112,inteira,2024-05-02 1500UT,105,1,O1_toros_01-04mai
-30.0,0.052063068093230455,5.391648068802831,C112,inteira,2024-05-02 1500UT,33,1,O1_toros_01-04mai
-65.0,0.02269465624478272,9.526676764592775,C102,frente,2024-05-02 1600UT,8,1,O1_toros_01-04mai
-60.0,0.02706396310529173,8.145167421409072,C102,frente,2024-05-02 1600UT,51,1,O1_toros_01-04mai
-55.0,0.031203219452792003,7.2276297872559425,C102,frente,2024-05-02 1600UT,24,1,O1_toros_01-04mai
-50.0,0.044533774473013966,5.733483269283265,C102,frente,2024-05-02 1600UT,7,1,O1_toros_01-04mai
-45.0,0.057541335458757115,5.248107728289999,C102,frente,2024-05-02 1600UT,8,1,O1_toros_01-04mai
-30.0,0.08507344777365888,5.0272732357165415,C102,frente,2024-05-02 1600UT,6,1,O1_toros_01-04mai
-20.0,0.11118124873826837,5.002840126516152,C102,frente,2024-05-02 1600UT,7,1,O1_toros_01-04mai
-15.0,0.17892358831741462,5.000050209275648,C102,frente,2024-05-02 1600UT,10,1,O1_toros_01-04mai
-60.0,0.026030156618234067,8.428139394708328,C102,traseira,2024-05-02 1600UT,63,1,O1_toros_01-04mai
-55.0,0.0260047559949768,8.435403486451701,C102,traseira,2024-05-02 1600UT,29,1,O1_toros_01-04mai
-50.0,0.030815305726879065,7.300796201867749,C102,traseira,2024-05-02 1600UT,15,1,O1_toros_01-04mai
-45.0,0.03334647572617473,6.864208057889877,C102,traseira,2024-05-02 1600UT,12,1,O1_toros_01-04mai
-40.0,0.03800131618663519,6.264200387688443,C102,traseira,2024-05-02 1600UT,12,1,O1_toros_01-04mai
-35.0,0.039716556018234206,6.095856465166014,C102,traseira,2024-05-02 1600UT,34,1,O1_toros_01-04mai
-30.0,0.04661561814277088,5.618152208291523,C102,traseira,2024-05-02 1600UT,36,1,O1_toros_01-04mai
-25.0,0.06018696888462048,5.199013352459358,C102,traseira,2024-05-02 1600UT,83,1,O1_toros_01-04mai
-20.0,0.07830757138525717,5.043972513168067,C102,traseira,2024-05-02 1600UT,96,1,O1_toros_01-04mai
-15.0,0.09498443787981568,5.010952665346983,C102,traseira,2024-05-02 1600UT,143,1,O1_toros_01-04mai
-70.0,0.01799943047129919,11.694222509567645,C101,frente,2024-05-02 1600UT,7,1,O1_toros_01-04mai
-65.0,0.017710787833789998,11.857194516723126,C101,frente,2024-05-02 1600UT,15,1,O1_toros_01-04mai
-60.0,0.023209641665239665,9.33999910725122,C101,frente,2024-05-02 1600UT,14,1,O1_toros_01-04mai
-55.0,0.025375965401187854,8.621298604233903,C101,frente,2024-05-02 1600UT,10,1,O1_toros_01-04mai
-50.0,0.033725271430693066,6.8075179670259764,C101,frente,2024-05-02 1600UT,6,1,O1_toros_01-04mai
-45.0,0.024217354225430244,8.987181257700193,C101,frente,2024-05-02 1600UT,15,1,O1_toros_01-04mai
-40.0,0.01933667986579523,10.988298966078636,C101,frente,2024-05-02 1600UT,39,1,O1_toros_01-04mai
-35.0,0.020550408432922662,10.412241571508902,C101,frente,2024-05-02 1600UT,121,1,O1_toros_01-04mai
-30.0,0.029714322811767196,7.5218793381168325,C101,frente,2024-05-02 1600UT,124,1,O1_toros_01-04mai
-25.0,0.040896451406957586,5.993183105577112,C101,frente,2024-05-02 1600UT,103,1,O1_toros_01-04mai
-20.0,0.053849389670595355,5.337479079399886,C101,frente,2024-05-02 1600UT,93,1,O1_toros_01-04mai
-15.0,0.07994241743854112,5.038362658085283,C101,frente,2024-05-02 1600UT,53,1,O1_toros_01-04mai
-65.0,0.016281174151860322,12.724776335313127,C101,traseira,2024-05-02 1600UT,11,1,O1_toros_01-04mai
-60.0,0.019321161186296412,10.99604818343263,C101,traseira,2024-05-02 1600UT,23,1,O1_toros_01-04mai
-55.0,0.019091805285538197,11.111752811289547,C101,traseira,2024-05-02 1600UT,33,1,O1_toros_01-04mai
-50.0,0.015555934390725355,13.206039285106902,C101,traseira,2024-05-02 1600UT,18,1,O1_toros_01-04mai
-45.0,0.01840237997534981,11.473382905640166,C101,traseira,2024-05-02 1600UT,82,1,O1_toros_01-04mai
-40.0,0.024438387129629743,8.914411977561318,C101,traseira,2024-05-02 1600UT,71,1,O1_toros_01-04mai
-35.0,0.027945728998185225,7.922376419955951,C101,traseira,2024-05-02 1600UT,50,1,O1_toros_01-04mai
-30.0,0.03232030851423431,7.029599207454266,C101,traseira,2024-05-02 1600UT,37,1,O1_toros_01-04mai
-25.0,0.0647776228790998,5.135750334204051,C101,traseira,2024-05-02 1600UT,11,1,O1_toros_01-04mai
-65.0,0.02106601598568662,10.184634819786876,C113,inteira,2024-05-02 1600UT,22,1,O1_toros_01-04mai
-60.0,0.021599770148006892,9.95907948884038,C113,inteira,2024-05-02 1600UT,222,1,O1_toros_01-04mai
-55.0,0.019458728460647695,10.927702354378795,C113,inteira,2024-05-02 1600UT,169,1,O1_toros_01-04mai
-50.0,0.020593086034419127,10.393027301801581,C113,inteira,2024-05-02 1600UT,115,1,O1_toros_01-04mai
-45.0,0.020581659680598663,10.398164967288867,C113,inteira,2024-05-02 1600UT,139,1,O1_toros_01-04mai
-40.0,0.02468556721240478,8.834606341383997,C113,inteira,2024-05-02 1600UT,115,1,O1_toros_01-04mai
-35.0,0.030476338842719712,7.366713959583665,C113,inteira,2024-05-02 1600UT,101,1,O1_toros_01-04mai
-30.0,0.03447054488309297,6.6966447866996734,C113,inteira,2024-05-02 1600UT,104,1,O1_toros_01-04mai
-25.0,0.034630062546805535,6.674239171466537,C113,inteira,2024-05-02 1600UT,137,1,O1_toros_01-04mai
-20.0,0.04295013388884702,5.836958792226921,C113,inteira,2024-05-02 1600UT,111,1,O1_toros_01-04mai
-15.0,0.052208725364273324,5.386925526421031,C113,inteira,2024-05-02 1600UT,112,1,O1_toros_01-04mai
-70.0,0.01822030600174597,11.572133787359423,C66,frente,2024-05-02 1600UT,5508,1,O1_toros_01-04mai
-65.0,0.019285629153246754,11.013828809868617,C66,frente,2024-05-02 1600UT,7089,1,O1_toros_01-04mai
-60.0,0.019491362875049986,10.911603663516464,C66,frente,2024-05-02 1600UT,4259,1,O1_toros_01-04mai
-55.0,0.017631680058015516,11.902548630621617,C66,frente,2024-05-02 1600UT,2485,1,O1_toros_01-04mai
-50.0,0.021040644493689642,10.195605981401114,C66,frente,2024-05-02 1600UT,1004,1,O1_toros_01-04mai
-45.0,0.029660109032272636,7.53329887478691,C66,frente,2024-05-02 1600UT,614,1,O1_toros_01-04mai
-40.0,0.03483176558639202,6.646332767937195,C66,frente,2024-05-02 1600UT,549,1,O1_toros_01-04mai
-35.0,0.048298553252924314,5.5361901671562475,C66,frente,2024-05-02 1600UT,576,1,O1_toros_01-04mai
-30.0,0.059178740712991444,5.216456788124258,C66,frente,2024-05-02 1600UT,553,1,O1_toros_01-04mai
-25.0,0.07025259974735412,5.086019449265587,C66,frente,2024-05-02 1600UT,600,1,O1_toros_01-04mai
-20.0,0.08729711426512685,5.020784201161456,C66,frente,2024-05-02 1600UT,463,1,O1_toros_01-04mai
-15.0,0.09728421367280288,5.009042492492316,C66,frente,2024-05-02 1600UT,389,1,O1_toros_01-04mai
-70.0,0.0172519462315414,12.12446900412829,C66,traseira,2024-05-02 1600UT,3840,1,O1_toros_01-04mai
-65.0,0.01682882384512342,12.380160560703,C66,traseira,2024-05-02 1600UT,8027,1,O1_toros_01-04mai
-60.0,0.01683979890726591,12.373413836923438,C66,traseira,2024-05-02 1600UT,8080,1,O1_toros_01-04mai
-55.0,0.017664614417094004,11.883630352124271,C66,traseira,2024-05-02 1600UT,5493,1,O1_toros_01-04mai
-50.0,0.01993236013891018,10.69829711331424,C66,traseira,2024-05-02 1600UT,2340,1,O1_toros_01-04mai
-45.0,0.022146977159273287,9.738005563922382,C66,traseira,2024-05-02 1600UT,780,1,O1_toros_01-04mai
-40.0,0.02770150746087801,7.982433328420903,C66,traseira,2024-05-02 1600UT,228,1,O1_toros_01-04mai
-35.0,0.03857726573961738,6.205202461022585,C66,traseira,2024-05-02 1600UT,66,1,O1_toros_01-04mai
-30.0,0.043294263942264294,5.813297793479053,C66,traseira,2024-05-02 1600UT,37,1,O1_toros_01-04mai
-25.0,0.045078459403429624,5.702809038596511,C66,traseira,2024-05-02 1600UT,12,1,O1_toros_01-04mai
-20.0,0.055669209335766606,5.29171491055691,C66,traseira,2024-05-02 1600UT,14,1,O1_toros_01-04mai
-15.0,0.04217620867103587,5.905927318005225,C66,traseira,2024-05-02 1600UT,8,1,O1_toros_01-04mai
-65.0,0.013980137647506358,14.357616692450165,C114,inteira,2024-05-02 1600UT,22,1,O1_toros_01-04mai
-60.0,0.013300401828201604,14.902928907669775,C114,inteira,2024-05-02 1600UT,33,1,O1_toros_01-04mai
-55.0,0.014706824098450932,13.807771654165212,C114,inteira,2024-05-02 1600UT,26,1,O1_toros_01-04mai
-50.0,0.01552310883523331,13.236708365417151,C114,inteira,2024-05-02 1600UT,12,1,O1_toros_01-04mai
-45.0,0.018705547901032606,11.365629898792708,C114,inteira,2024-05-02 1600UT,16,1,O1_toros_01-04mai
-40.0,0.019441292779353945,10.936321408578817,C114,inteira,2024-05-02 1600UT,11,1,O1_toros_01-04mai
-35.0,0.034113195015185144,6.748531270488639,C114,inteira,2024-05-02 1600UT,10,1,O1_toros_01-04mai
-30.0,0.03511045614953521,6.624008251942221,C114,inteira,2024-05-02 1600UT,24,1,O1_toros_01-04mai
-25.0,0.034831262014301714,6.646401856656256,C114,inteira,2024-05-02 1600UT,61,1,O1_toros_01-04mai
-20.0,0.0468107593229744,5.606831771300778,C114,inteira,2024-05-02 1600UT,84,1,O1_toros_01-04mai
-15.0,0.06466097594582408,5.137211744079617,C114,inteira,2024-05-02 1600UT,66,1,O1_toros_01-04mai
-70.0,0.02547644982353078,8.59002762109143,C115,inteira,2024-05-02 1600UT,5,1,O1_toros_01-04mai
-65.0,0.026056090538514314,8.421970821093549,C115,inteira,2024-05-02 1600UT,6,1,O1_toros_01-04mai
-60.0,0.018753361761415184,11.28660820585129,C115,inteira,2024-05-02 1600UT,24,1,O1_toros_01-04mai
-55.0,0.01685692966065265,12.36289533487319,C115,inteira,2024-05-02 1600UT,169,1,O1_toros_01-04mai
-50.0,0.016685141736865992,12.469058125590454,C115,inteira,2024-05-02 1600UT,97,1,O1_toros_01-04mai
-45.0,0.017891110059298124,11.754922804133235,C115,inteira,2024-05-02 1600UT,91,1,O1_toros_01-04mai
-40.0,0.018408704519407536,11.469757788429547,C115,inteira,2024-05-02 1600UT,65,1,O1_toros_01-04mai
-35.0,0.03449988748183458,6.693088456747241,C115,inteira,2024-05-02 1600UT,84,1,O1_toros_01-04mai
-30.0,0.05009642182077686,5.461393361501823,C115,inteira,2024-05-02 1600UT,92,1,O1_toros_01-04mai
-25.0,0.06489386316498696,5.134462138033198,C115,inteira,2024-05-02 1600UT,78,1,O1_toros_01-04mai
-20.0,0.09379209932059733,5.012096841481347,C115,inteira,2024-05-02 1600UT,97,1,O1_toros_01-04mai
-15.0,0.09677300944974182,5.009436028732227,C115,inteira,2024-05-02 1600UT,65,1,O1_toros_01-04mai
-60.0,0.018200516968412715,11.582980684246941,C103,frente,2024-05-02 1600UT,23,1,O1_toros_01-04mai
-55.0,0.016966447662666702,12.296008088428442,C103,frente,2024-05-02 1600UT,194,1,O1_toros_01-04mai
-50.0,0.01801873283508581,11.683463305294918,C103,frente,2024-05-02 1600UT,203,1,O1_toros_01-04mai
-45.0,0.021423296610547034,10.032543736556526,C103,frente,2024-05-02 1600UT,60,1,O1_toros_01-04mai
-40.0,0.027524516127809262,8.026754972585488,C103,frente,2024-05-02 1600UT,40,1,O1_toros_01-04mai
-35.0,0.03958727259564694,6.108050484936548,C103,frente,2024-05-02 1600UT,26,1,O1_toros_01-04mai
-30.0,0.05096141763270914,5.429305101268274,C103,frente,2024-05-02 1600UT,17,1,O1_toros_01-04mai
-25.0,0.06703017329619823,5.112943437035025,C103,frente,2024-05-02 1600UT,22,1,O1_toros_01-04mai
-20.0,0.0741637864293017,5.062093239909208,C103,frente,2024-05-02 1600UT,25,1,O1_toros_01-04mai
-15.0,0.0902569305731025,5.016241046617583,C103,frente,2024-05-02 1600UT,37,1,O1_toros_01-04mai
-60.0,0.0168396161296348,12.37352614512847,C103,traseira,2024-05-02 1600UT,33,1,O1_toros_01-04mai
-55.0,0.016153226692466514,12.807580785517132,C103,traseira,2024-05-02 1600UT,83,1,O1_toros_01-04mai
-50.0,0.01544278849443876,13.283771436650841,C103,traseira,2024-05-02 1600UT,208,1,O1_toros_01-04mai
-45.0,0.0217320902689928,9.906890241158358,C103,traseira,2024-05-02 1600UT,36,1,O1_toros_01-04mai
-40.0,0.032842089968398464,6.944019683770369,C103,traseira,2024-05-02 1600UT,24,1,O1_toros_01-04mai
-35.0,0.04578298825958749,5.662002296225465,C103,traseira,2024-05-02 1600UT,20,1,O1_toros_01-04mai
-30.0,0.0566851962187482,5.266449920155379,C103,traseira,2024-05-02 1600UT,15,1,O1_toros_01-04mai
-25.0,0.07988258036623842,5.0385544282402535,C103,traseira,2024-05-02 1600UT,13,1,O1_toros_01-04mai
-20.0,0.10456523667641104,5.004931023432471,C103,traseira,2024-05-02 1600UT,20,1,O1_toros_01-04mai
-15.0,0.11363225732536374,5.002319054090018,C103,traseira,2024-05-02 1600UT,30,1,O1_toros_01-04mai
-60.0,0.013330639360595465,14.878161517522047,C104,frente,2024-05-02 1600UT,40,1,O1_toros_01-04mai
-55.0,0.012144378712362127,15.904393945785898,C104,frente,2024-05-02 1600UT,223,1,O1_toros_01-04mai
-50.0,0.011271210020992021,16.728269083356178,C104,frente,2024-05-02 1600UT,42,1,O1_toros_01-04mai
-45.0,0.011720633232307615,16.296360635651695,C104,frente,2024-05-02 1600UT,16,1,O1_toros_01-04mai
-40.0,0.014213068331571236,14.177685243365652,C104,frente,2024-05-02 1600UT,13,1,O1_toros_01-04mai
-60.0,0.015899783388361587,12.974233315811098,C104,traseira,2024-05-02 1600UT,36,1,O1_toros_01-04mai
-55.0,0.014450859372676303,13.997642232679814,C104,traseira,2024-05-02 1600UT,124,1,O1_toros_01-04mai
-50.0,0.01431224230754551,14.102149085254052,C104,traseira,2024-05-02 1600UT,20,1,O1_toros_01-04mai
-60.0,0.022956764699736447,9.428822098363023,C87,frente,2024-05-02 1600UT,27,1,O1_toros_01-04mai
-55.0,0.024974345593544875,8.74342876272735,C87,frente,2024-05-02 1600UT,174,1,O1_toros_01-04mai
-50.0,0.022056467190679635,9.774090011978558,C87,frente,2024-05-02 1600UT,170,1,O1_toros_01-04mai
-45.0,0.018426585537104696,11.460124479642927,C87,frente,2024-05-02 1600UT,93,1,O1_toros_01-04mai
-40.0,0.026243889604470445,8.367621070493367,C87,frente,2024-05-02 1600UT,59,1,O1_toros_01-04mai
-35.0,0.03288281350221321,6.9366562879984155,C87,frente,2024-05-02 1600UT,45,1,O1_toros_01-04mai
-30.0,0.045232486981167726,5.691995010649071,C87,frente,2024-05-02 1600UT,11,1,O1_toros_01-04mai
-25.0,0.051915222080279294,5.423326356751909,C87,frente,2024-05-02 1600UT,6,1,O1_toros_01-04mai
-20.0,0.05579023808194423,5.28708150179225,C87,frente,2024-05-02 1600UT,5,1,O1_toros_01-04mai
-60.0,0.021584538873839102,9.965394377718201,C87,traseira,2024-05-02 1600UT,44,1,O1_toros_01-04mai
-55.0,0.02223540316597066,9.703224992832734,C87,traseira,2024-05-02 1600UT,464,1,O1_toros_01-04mai
-50.0,0.020969366850700298,10.22672867560105,C87,traseira,2024-05-02 1600UT,92,1,O1_toros_01-04mai
-60.0,0.014105807418122902,14.26008688496113,C116,inteira,2024-05-02 1600UT,70,1,O1_toros_01-04mai
-55.0,0.01415748308830707,14.220295844440528,C116,inteira,2024-05-02 1600UT,419,1,O1_toros_01-04mai
-50.0,0.01410967633969724,14.25711459707294,C116,inteira,2024-05-02 1600UT,272,1,O1_toros_01-04mai
-45.0,0.020003938620491556,10.664408617000124,C116,inteira,2024-05-02 1600UT,15,1,O1_toros_01-04mai
-60.0,0.016405485221671616,12.6451664625782,C92,frente,2024-05-02 1600UT,63,1,O1_toros_01-04mai
-55.0,0.01619155813445194,12.782680922847051,C92,frente,2024-05-02 1600UT,617,1,O1_toros_01-04mai
-50.0,0.01672560523178658,12.443915191494977,C92,frente,2024-05-02 1600UT,114,1,O1_toros_01-04mai
-45.0,0.0193749433204692,10.969234959007974,C92,frente,2024-05-02 1600UT,17,1,O1_toros_01-04mai
-60.0,0.01774396707312983,11.83826099560551,C92,traseira,2024-05-02 1600UT,55,1,O1_toros_01-04mai
-55.0,0.018864171825142613,11.228799672717724,C92,traseira,2024-05-02 1600UT,198,1,O1_toros_01-04mai
-50.0,0.021199173528494115,10.127404509695793,C92,traseira,2024-05-02 1600UT,75,1,O1_toros_01-04mai
-60.0,0.02255486328657936,9.57966312127409,C117,inteira,2024-05-02 1600UT,73,1,O1_toros_01-04mai
-55.0,0.020032518258217495,10.650934132251297,C117,inteira,2024-05-02 1600UT,286,1,O1_toros_01-04mai
-50.0,0.018266801588154087,11.546718396827032,C117,inteira,2024-05-02 1600UT,7,1,O1_toros_01-04mai
-60.0,0.016191054067379772,12.783007845812168,C89,frente,2024-05-02 1600UT,235,1,O1_toros_01-04mai
-55.0,0.017581914274951486,11.931233965493469,C89,frente,2024-05-02 1600UT,569,1,O1_toros_01-04mai
-50.0,0.01611094106035936,12.835147879781905,C89,frente,2024-05-02 1600UT,256,1,O1_toros_01-04mai
-45.0,0.017872536021813913,11.765386415804562,C89,frente,2024-05-02 1600UT,149,1,O1_toros_01-04mai
-60.0,0.02479060085827644,8.801189244332654,C89,traseira,2024-05-02 1600UT,205,1,O1_toros_01-04mai
-55.0,0.023354210835365402,9.284540598344092,C89,traseira,2024-05-02 1600UT,1082,1,O1_toros_01-04mai
-50.0,0.02730457068907021,8.082788751475473,C89,traseira,2024-05-02 1600UT,150,1,O1_toros_01-04mai
-45.0,0.01969335802833643,10.812950631706904,C89,traseira,2024-05-02 1600UT,10,1,O1_toros_01-04mai
-60.0,0.02143809980453709,10.02632481823854,C118,inteira,2024-05-02 1600UT,301,1,O1_toros_01-04mai
-55.0,0.021253997647006966,10.104032729829928,C118,inteira,2024-05-02 1600UT,952,1,O1_toros_01-04mai
-50.0,0.022171940737036107,9.728157792408718,C118,inteira,2024-05-02 1600UT,437,1,O1_toros_01-04mai
-45.0,0.027497126068272787,8.033661208289237,C118,inteira,2024-05-02 1600UT,138,1,O1_toros_01-04mai
-40.0,0.034317687177184614,6.718411425856145,C118,inteira,2024-05-02 1600UT,108,1,O1_toros_01-04mai
-35.0,0.04645374745057017,5.625034619725687,C118,inteira,2024-05-02 1600UT,73,1,O1_toros_01-04mai
-30.0,0.049051115381624516,5.503387228639405,C118,inteira,2024-05-02 1600UT,49,1,O1_toros_01-04mai
-25.0,0.05048069116360175,5.446852426037194,C118,inteira,2024-05-02 1600UT,19,1,O1_toros_01-04mai
-20.0,0.048789726607909034,5.51790399479142,C118,inteira,2024-05-02 1600UT,10,1,O1_toros_01-04mai
-15.0,0.05547686586262399,5.294677195723837,C118,inteira,2024-05-02 1600UT,7,1,O1_toros_01-04mai
-60.0,0.01854039543579631,11.399146295667148,C107,frente,2024-05-02 1600UT,108,1,O1_toros_01-04mai
-55.0,0.017736668644175734,11.842421307470287,C107,frente,2024-05-02 1600UT,269,1,O1_toros_01-04mai
-60.0,0.01781871482547171,11.79579799686212,C107,traseira,2024-05-02 1600UT,91,1,O1_toros_01-04mai
-55.0,0.020090612865528313,10.623642821877926,C107,traseira,2024-05-02 1600UT,353,1,O1_toros_01-04mai
-50.0,0.022654850266796082,9.541662764837508,C107,traseira,2024-05-02 1600UT,205,1,O1_toros_01-04mai
-45.0,0.024975481531198156,8.743077622133544,C107,traseira,2024-05-02 1600UT,80,1,O1_toros_01-04mai
-40.0,0.02078923674689405,10.305644144794034,C107,traseira,2024-05-02 1600UT,6,1,O1_toros_01-04mai
-60.0,0.01391297281812997,14.41009438323475,C76,frente,2024-05-02 1600UT,104,1,O1_toros_01-04mai
-55.0,0.014467467534777689,13.98516833711865,C76,frente,2024-05-02 1600UT,300,1,O1_toros_01-04mai
-50.0,0.015146422474921387,13.490909778485975,C76,frente,2024-05-02 1600UT,222,1,O1_toros_01-04mai
-45.0,0.019440477873471952,10.936808710850428,C76,frente,2024-05-02 1600UT,84,1,O1_toros_01-04mai
-40.0,0.020757565830166566,10.319612073769655,C76,frente,2024-05-02 1600UT,36,1,O1_toros_01-04mai
-35.0,0.025825702595729808,8.490499010724786,C76,frente,2024-05-02 1600UT,6,1,O1_toros_01-04mai
-60.0,0.013824358846116921,14.479840372858305,C76,traseira,2024-05-02 1600UT,107,1,O1_toros_01-04mai
-55.0,0.0151317130077189,13.501319059437526,C76,traseira,2024-05-02 1600UT,576,1,O1_toros_01-04mai
-50.0,0.015255273761625488,13.414232086773461,C76,traseira,2024-05-02 1600UT,33,1,O1_toros_01-04mai
-60.0,0.012922347138272627,15.21988283209048,C109,frente,2024-05-02 1600UT,27,1,O1_toros_01-04mai
-55.0,0.017328915995931452,12.078917840723676,C109,frente,2024-05-02 1600UT,129,1,O1_toros_01-04mai
-50.0,0.02012217424937073,10.608871426488523,C109,frente,2024-05-02 1600UT,19,1,O1_toros_01-04mai
-60.0,0.011966183046384114,16.067528504449214,C109,traseira,2024-05-02 1600UT,35,1,O1_toros_01-04mai
-55.0,0.014230221929242419,14.164575422271414,C109,traseira,2024-05-02 1600UT,201,1,O1_toros_01-04mai
-50.0,0.022084893338769052,9.76258031061263,C109,traseira,2024-05-02 1600UT,247,1,O1_toros_01-04mai
-45.0,0.027842123649037737,7.947783470764423,C109,traseira,2024-05-02 1600UT,28,1,O1_toros_01-04mai
-60.0,0.023658242349404987,9.177350733141122,C110,frente,2024-05-02 1600UT,134,1,O1_toros_01-04mai
-55.0,0.021782569486027074,9.88409133936157,C110,frente,2024-05-02 1600UT,563,1,O1_toros_01-04mai
-50.0,0.021296630285566866,10.085931826691041,C110,frente,2024-05-02 1600UT,386,1,O1_toros_01-04mai
-45.0,0.02428616823303555,8.964382197341907,C110,frente,2024-05-02 1600UT,95,1,O1_toros_01-04mai
-40.0,0.024720417222693945,8.82361181234758,C110,frente,2024-05-02 1600UT,28,1,O1_toros_01-04mai
-35.0,0.024138260591967785,9.01354811041525,C110,frente,2024-05-02 1600UT,5,1,O1_toros_01-04mai
-60.0,0.02462344550737551,8.854510430476394,C110,traseira,2024-05-02 1600UT,164,1,O1_toros_01-04mai
-55.0,0.021998370486579183,9.797043742094676,C110,traseira,2024-05-02 1600UT,623,1,O1_toros_01-04mai
-50.0,0.024157184020177518,9.00722402237274,C110,traseira,2024-05-02 1600UT,64,1,O1_toros_01-04mai
-60.0,0.014327735005925504,14.090405025902054,C119,inteira,2024-05-02 1600UT,33,1,O1_toros_01-04mai
-55.0,0.014563249249178234,13.913734472849946,C119,inteira,2024-05-02 1600UT,842,1,O1_toros_01-04mai
-50.0,0.02245789591887517,9.616829631532351,C119,inteira,2024-05-02 1600UT,244,1,O1_toros_01-04mai
-45.0,0.02926932841746731,7.6171519386858755,C119,inteira,2024-05-02 1600UT,39,1,O1_toros_01-04mai
-40.0,0.036543566396419556,6.427465054389087,C119,inteira,2024-05-02 1600UT,35,1,O1_toros_01-04mai
-35.0,0.039916507296724545,6.077692060593006,C119,inteira,2024-05-02 1600UT,9,1,O1_toros_01-04mai
-60.0,0.022107911236843525,9.75356434129688,C108,frente,2024-05-02 1600UT,14,1,O1_toros_01-04mai
-55.0,0.022410765017170067,9.634988305723283,C108,frente,2024-05-02 1600UT,508,1,O1_toros_01-04mai
-50.0,0.022346347109361335,9.659936349857352,C108,frente,2024-05-02 1600UT,125,1,O1_toros_01-04mai
-60.0,0.018828166360336338,11.247967577955066,C108,traseira,2024-05-02 1600UT,12,1,O1_toros_01-04mai
-55.0,0.017228827863088308,12.138208086544427,C108,traseira,2024-05-02 1600UT,298,1,O1_toros_01-04mai
-50.0,0.017079046344414924,12.227865115522464,C108,traseira,2024-05-02 1600UT,186,1,O1_toros_01-04mai
-45.0,0.019541794487169077,10.886811487651528,C108,traseira,2024-05-02 1600UT,13,1,O1_toros_01-04mai
-60.0,0.0222331090760895,9.704170953876838,C120,inteira,2024-05-02 1600UT,36,1,O1_toros_01-04mai
-55.0,0.020255881180865486,10.54672331008496,C120,inteira,2024-05-02 1600UT,528,1,O1_toros_01-04mai
-50.0,0.02005048560226126,10.642483961053891,C120,inteira,2024-05-02 1600UT,274,1,O1_toros_01-04mai
-65.0,0.03407438980253424,6.753589619325604,C112,frente,2024-05-02 1600UT,211,1,O1_toros_01-04mai
-60.0,0.037726612162228654,6.293453377388141,C112,frente,2024-05-02 1600UT,362,1,O1_toros_01-04mai
-55.0,0.03862035764702665,6.200615382875286,C112,frente,2024-05-02 1600UT,249,1,O1_toros_01-04mai
-50.0,0.03214104655188035,7.060145962084366,C112,frente,2024-05-02 1600UT,319,1,O1_toros_01-04mai
-45.0,0.03424890828142388,6.728285122620432,C112,frente,2024-05-02 1600UT,266,1,O1_toros_01-04mai
-40.0,0.03662334891660648,6.418005970503952,C112,frente,2024-05-02 1600UT,151,1,O1_toros_01-04mai
-35.0,0.032866520351387624,6.939430190338015,C112,frente,2024-05-02 1600UT,152,1,O1_toros_01-04mai
-30.0,0.0487592042733645,5.515782743898778,C112,frente,2024-05-02 1600UT,43,1,O1_toros_01-04mai
-25.0,0.04949934570742077,5.484931277502187,C112,frente,2024-05-02 1600UT,9,1,O1_toros_01-04mai
-65.0,0.031107513697426988,7.245451813987749,C112,traseira,2024-05-02 1600UT,224,1,O1_toros_01-04mai
-60.0,0.03009999952535839,7.442114073841502,C112,traseira,2024-05-02 1600UT,411,1,O1_toros_01-04mai
-55.0,0.029404742766770787,7.58778462126322,C112,traseira,2024-05-02 1600UT,531,1,O1_toros_01-04mai
-50.0,0.02994569293626003,7.473719702617043,C112,traseira,2024-05-02 1600UT,487,1,O1_toros_01-04mai
-45.0,0.03086563753482936,7.291166294183518,C112,traseira,2024-05-02 1600UT,358,1,O1_toros_01-04mai
-40.0,0.02823016736211285,7.8539381407355595,C112,traseira,2024-05-02 1600UT,312,1,O1_toros_01-04mai
-35.0,0.03930003916722499,6.134531720118591,C112,traseira,2024-05-02 1600UT,132,1,O1_toros_01-04mai
-30.0,0.0517523797993267,5.405979795690354,C112,traseira,2024-05-02 1600UT,42,1,O1_toros_01-04mai
-25.0,0.0656863685765312,5.125849734584984,C112,traseira,2024-05-02 1600UT,31,1,O1_toros_01-04mai
-60.0,0.04006533814624802,6.064408608728943,C95,frente,2024-05-02 1600UT,42,1,O1_toros_01-04mai
-55.0,0.03695378622996987,6.379491834979044,C95,frente,2024-05-02 1600UT,99,1,O1_toros_01-04mai
-50.0,0.04084022130224707,5.997847925514956,C95,frente,2024-05-02 1600UT,121,1,O1_toros_01-04mai
-45.0,0.04424762858419323,5.7512288302068715,C95,frente,2024-05-02 1600UT,100,1,O1_toros_01-04mai
-40.0,0.05106170959128558,5.4257320657275505,C95,frente,2024-05-02 1600UT,105,1,O1_toros_01-04mai
-35.0,0.06344612743069289,5.1516804047373,C95,frente,2024-05-02 1600UT,118,1,O1_toros_01-04mai
-30.0,0.07330978846557311,5.066673236588148,C95,frente,2024-05-02 1600UT,119,1,O1_toros_01-04mai
-25.0,0.08260827133239682,5.030728191483291,C95,frente,2024-05-02 1600UT,90,1,O1_toros_01-04mai
-20.0,0.09116864852054526,5.0150528190196795,C95,frente,2024-05-02 1600UT,29,1,O1_toros_01-04mai
-60.0,0.03821244302248953,6.242282726433414,C95,traseira,2024-05-02 1600UT,48,1,O1_toros_01-04mai
-55.0,0.03247426521272922,7.003726333834674,C95,traseira,2024-05-02 1600UT,117,1,O1_toros_01-04mai
-50.0,0.03583996464211995,6.513664695931149,C95,traseira,2024-05-02 1600UT,63,1,O1_toros_01-04mai
-45.0,0.036310690454146276,6.455437456699888,C95,traseira,2024-05-02 1600UT,80,1,O1_toros_01-04mai
-40.0,0.037418951508885676,6.327139629633927,C95,traseira,2024-05-02 1600UT,78,1,O1_toros_01-04mai
-35.0,0.04166789243810312,5.932138489390816,C95,traseira,2024-05-02 1600UT,40,1,O1_toros_01-04mai
-30.0,0.05311760049670422,5.359247664957166,C95,traseira,2024-05-02 1600UT,10,1,O1_toros_01-04mai
-25.0,0.06880301874434312,5.09972534417035,C95,traseira,2024-05-02 1600UT,6,1,O1_toros_01-04mai
-65.0,0.028541042453300913,7.780907121625621,C111,frente,2024-05-02 1600UT,11,1,O1_toros_01-04mai
-60.0,0.03011902461382086,7.438247003126566,C111,frente,2024-05-02 1600UT,118,1,O1_toros_01-04mai
-55.0,0.025901834002430686,8.464997484082616,C111,frente,2024-05-02 1600UT,212,1,O1_toros_01-04mai
-50.0,0.027973133467970875,7.915697176411806,C111,frente,2024-05-02 1600UT,194,1,O1_toros_01-04mai
-45.0,0.03832032936767691,6.2310120070110955,C111,frente,2024-05-02 1600UT,121,1,O1_toros_01-04mai
-40.0,0.04169109614647616,5.92990820313418,C111,frente,2024-05-02 1600UT,62,1,O1_toros_01-04mai
-35.0,0.04468779279780554,5.724129270957634,C111,frente,2024-05-02 1600UT,47,1,O1_toros_01-04mai
-30.0,0.05882559263706902,5.223438879579595,C111,frente,2024-05-02 1600UT,20,1,O1_toros_01-04mai
-25.0,0.07629033099599289,5.05200943152652,C111,frente,2024-05-02 1600UT,33,1,O1_toros_01-04mai
-20.0,0.08918559305450975,5.017757712100611,C111,frente,2024-05-02 1600UT,69,1,O1_toros_01-04mai
-15.0,0.08902300679524869,5.0180019416966,C111,frente,2024-05-02 1600UT,14,1,O1_toros_01-04mai
-60.0,0.026950591187711773,8.176824793399962,C111,traseira,2024-05-02 1600UT,98,1,O1_toros_01-04mai
-55.0,0.03053988475609653,7.354234832006321,C111,traseira,2024-05-02 1600UT,146,1,O1_toros_01-04mai
-50.0,0.03287675596855457,6.937686757137758,C111,traseira,2024-05-02 1600UT,102,1,O1_toros_01-04mai
-45.0,0.03826029989394604,6.237185532102444,C111,traseira,2024-05-02 1600UT,118,1,O1_toros_01-04mai
-40.0,0.04566482300274606,5.667507578487172,C111,traseira,2024-05-02 1600UT,139,1,O1_toros_01-04mai
-35.0,0.05342279827318468,5.34969201310975,C111,traseira,2024-05-02 1600UT,91,1,O1_toros_01-04mai
-30.0,0.06238447094456729,5.165711238845186,C111,traseira,2024-05-02 1600UT,73,1,O1_toros_01-04mai
-25.0,0.07180935849674391,5.0755533819855865,C111,traseira,2024-05-02 1600UT,39,1,O1_toros_01-04mai
-20.0,0.08939703840050375,5.01746585134198,C111,traseira,2024-05-02 1600UT,12,1,O1_toros_01-04mai
-60.0,0.02099535695000217,10.21523604651268,C97,frente,2024-05-02 1600UT,26,1,O1_toros_01-04mai
-55.0,0.02104775805125944,10.19251969575102,C97,frente,2024-05-02 1600UT,66,1,O1_toros_01-04mai
-50.0,0.026030555745787897,8.428025374530296,C97,frente,2024-05-02 1600UT,71,1,O1_toros_01-04mai
-45.0,0.03184964681522403,7.1108447654624065,C97,frente,2024-05-02 1600UT,64,1,O1_toros_01-04mai
-60.0,0.02997772788143883,7.467124719858264,C97,traseira,2024-05-02 1600UT,19,1,O1_toros_01-04mai
-55.0,0.02691140143289192,8.185408682623162,C97,traseira,2024-05-02 1600UT,39,1,O1_toros_01-04mai
-50.0,0.02985222272441207,7.493154705401139,C97,traseira,2024-05-02 1600UT,50,1,O1_toros_01-04mai
-45.0,0.03438028688562612,6.709547773613871,C97,traseira,2024-05-02 1600UT,42,1,O1_toros_01-04mai
-40.0,0.037133116314136703,6.359029744733718,C97,traseira,2024-05-02 1600UT,17,1,O1_toros_01-04mai
-60.0,0.02486906633977318,8.77771770102881,C100,frente,2024-05-02 1600UT,18,1,O1_toros_01-04mai
-55.0,0.024243868519673285,8.978381480234054,C100,frente,2024-05-02 1600UT,32,1,O1_toros_01-04mai
-50.0,0.024266328038609584,8.970942241919984,C100,frente,2024-05-02 1600UT,22,1,O1_toros_01-04mai
-45.0,0.028911514858515744,7.69636474962346,C100,frente,2024-05-02 1600UT,5,1,O1_toros_01-04mai
-60.0,0.027902810308643777,7.932816397834703,C100,traseira,2024-05-02 1600UT,27,1,O1_toros_01-04mai
-55.0,0.026311283653839612,8.348821325569528,C100,traseira,2024-05-02 1600UT,42,1,O1_toros_01-04mai
-50.0,0.029347814602845152,7.600112426455471,C100,traseira,2024-05-02 1600UT,42,1,O1_toros_01-04mai
-45.0,0.02695535298080621,8.17376305225849,C100,traseira,2024-05-02 1600UT,31,1,O1_toros_01-04mai
-60.0,0.03535038114587901,6.576697210679745,C121,inteira,2024-05-02 1600UT,53,1,O1_toros_01-04mai
-55.0,0.03986783629168317,6.082071966499167,C121,inteira,2024-05-02 1600UT,85,1,O1_toros_01-04mai
-50.0,0.043075287209257074,5.8282751394472125,C121,inteira,2024-05-02 1600UT,73,1,O1_toros_01-04mai
-45.0,0.04829452038840305,5.536250987650348,C121,inteira,2024-05-02 1600UT,32,1,O1_toros_01-04mai
-40.0,0.056046621082206184,5.2810129921836095,C121,inteira,2024-05-02 1600UT,11,1,O1_toros_01-04mai
-65.0,0.021501206034433437,9.999961498607913,C102,frente,2024-05-02 1700UT,55,1,O1_toros_01-04mai
-60.0,0.022016415031513914,9.789837671076727,C102,frente,2024-05-02 1700UT,390,1,O1_toros_01-04mai
-55.0,0.02598605649064454,8.440761021534506,C102,frente,2024-05-02 1700UT,145,1,O1_toros_01-04mai
-50.0,0.03221551118008816,7.047434768399344,C102,frente,2024-05-02 1700UT,80,1,O1_toros_01-04mai
-45.0,0.03777934867069384,6.2877780942563675,C102,frente,2024-05-02 1700UT,49,1,O1_toros_01-04mai
-40.0,0.04470671363356894,5.723010334665318,C102,frente,2024-05-02 1700UT,52,1,O1_toros_01-04mai
-35.0,0.05626147490696055,5.276026373799822,C102,frente,2024-05-02 1700UT,51,1,O1_toros_01-04mai
-30.0,0.06154659366167037,5.179669260074572,C102,frente,2024-05-02 1700UT,50,1,O1_toros_01-04mai
-25.0,0.06680627622027362,5.114636124328039,C102,frente,2024-05-02 1700UT,63,1,O1_toros_01-04mai
-20.0,0.08362495648786826,5.028224948535134,C102,frente,2024-05-02 1700UT,61,1,O1_toros_01-04mai
-15.0,0.09943394070201425,5.00755950585285,C102,frente,2024-05-02 1700UT,70,1,O1_toros_01-04mai
-70.0,0.019626163176106808,10.845568095728112,C102,traseira,2024-05-02 1700UT,111,1,O1_toros_01-04mai
-65.0,0.022249634275744563,9.697656591070462,C102,traseira,2024-05-02 1700UT,246,1,O1_toros_01-04mai
-60.0,0.021965399869490573,9.810356369087852,C102,traseira,2024-05-02 1700UT,88,1,O1_toros_01-04mai
-55.0,0.021508638616532804,9.998516668191357,C102,traseira,2024-05-02 1700UT,36,1,O1_toros_01-04mai
-50.0,0.02550541950093326,8.592282027422876,C102,traseira,2024-05-02 1700UT,22,1,O1_toros_01-04mai
-45.0,0.03285450432246681,6.94123044389908,C102,traseira,2024-05-02 1700UT,19,1,O1_toros_01-04mai
-40.0,0.021949519281231584,9.816617111891885,C102,traseira,2024-05-02 1700UT,30,1,O1_toros_01-04mai
-35.0,0.031174762931638077,7.2328983959755995,C102,traseira,2024-05-02 1700UT,41,1,O1_toros_01-04mai
-30.0,0.04047153392107253,6.029377948800437,C102,traseira,2024-05-02 1700UT,30,1,O1_toros_01-04mai
-25.0,0.05313818439321895,5.358168821901062,C102,traseira,2024-05-02 1700UT,42,1,O1_toros_01-04mai
-20.0,0.06559968772771343,5.126764995068427,C102,traseira,2024-05-02 1700UT,38,1,O1_toros_01-04mai
-15.0,0.0846673894029467,5.025876542855288,C102,traseira,2024-05-02 1700UT,45,1,O1_toros_01-04mai
-70.0,0.020054554126353437,10.640566692180178,C66,frente,2024-05-02 1700UT,3035,1,O1_toros_01-04mai
-65.0,0.017353358918957205,12.06451339566106,C66,frente,2024-05-02 1700UT,6489,1,O1_toros_01-04mai
-60.0,0.017723996404449202,11.849650858228511,C66,frente,2024-05-02 1700UT,11046,1,O1_toros_01-04mai
-55.0,0.017733509685357828,11.844222788626366,C66,frente,2024-05-02 1700UT,6314,1,O1_toros_01-04mai
-50.0,0.017954260753049046,11.719468005645625,C66,frente,2024-05-02 1700UT,3045,1,O1_toros_01-04mai
-45.0,0.025636670183344024,8.542415427486507,C66,frente,2024-05-02 1700UT,1056,1,O1_toros_01-04mai
-40.0,0.030408520394141263,7.380127755504662,C66,frente,2024-05-02 1700UT,588,1,O1_toros_01-04mai
-35.0,0.030241474297253455,7.413511638395361,C66,frente,2024-05-02 1700UT,314,1,O1_toros_01-04mai
-30.0,0.03921396497108473,6.1433342680073375,C66,frente,2024-05-02 1700UT,92,1,O1_toros_01-04mai
-25.0,0.055661742479300266,5.290271797957285,C66,frente,2024-05-02 1700UT,54,1,O1_toros_01-04mai
-20.0,0.09656588598517517,5.009600311013735,C66,frente,2024-05-02 1700UT,45,1,O1_toros_01-04mai
-15.0,0.1372887972860929,5.000322460456225,C66,frente,2024-05-02 1700UT,24,1,O1_toros_01-04mai
-70.0,0.02135758048515103,10.060164665011992,C66,traseira,2024-05-02 1700UT,3176,1,O1_toros_01-04mai
-65.0,0.01926381327670579,11.024771832910849,C66,traseira,2024-05-02 1700UT,6661,1,O1_toros_01-04mai
-60.0,0.019681610392201968,10.81862037288213,C66,traseira,2024-05-02 1700UT,9174,1,O1_toros_01-04mai
-55.0,0.017843682917211626,11.781672854549086,C66,traseira,2024-05-02 1700UT,3597,1,O1_toros_01-04mai
-50.0,0.018846425118526508,11.238014577803018,C66,traseira,2024-05-02 1700UT,1571,1,O1_toros_01-04mai
-45.0,0.020615824083470867,10.382819272118718,C66,traseira,2024-05-02 1700UT,1254,1,O1_toros_01-04mai
-40.0,0.027191359981873178,8.11195366325598,C66,traseira,2024-05-02 1700UT,869,1,O1_toros_01-04mai
-35.0,0.039681574450144266,6.098998720100197,C66,traseira,2024-05-02 1700UT,639,1,O1_toros_01-04mai
-30.0,0.05502924278429165,5.3058768067652675,C66,traseira,2024-05-02 1700UT,599,1,O1_toros_01-04mai
-25.0,0.06418647800685678,5.142605131614083,C66,traseira,2024-05-02 1700UT,557,1,O1_toros_01-04mai
-20.0,0.07584399777216913,5.053980318773012,C66,traseira,2024-05-02 1700UT,579,1,O1_toros_01-04mai
-15.0,0.09224062541363752,5.013766441788291,C66,traseira,2024-05-02 1700UT,601,1,O1_toros_01-04mai
-65.0,0.021183081820212342,10.134284846648118,C114,frente,2024-05-02 1700UT,83,1,O1_toros_01-04mai
-60.0,0.021992138803388094,9.799535535595327,C114,frente,2024-05-02 1700UT,50,1,O1_toros_01-04mai
-55.0,0.023017469225223276,9.411968919178008,C114,frente,2024-05-02 1700UT,14,1,O1_toros_01-04mai
-50.0,0.028477883156693667,7.795582385865666,C114,frente,2024-05-02 1700UT,13,1,O1_toros_01-04mai
-45.0,0.027108613940429425,8.174485872461855,C114,frente,2024-05-02 1700UT,10,1,O1_toros_01-04mai
-40.0,0.03481677199771973,6.803164763490716,C114,frente,2024-05-02 1700UT,12,1,O1_toros_01-04mai
-35.0,0.02968655447142116,7.527720332952322,C114,frente,2024-05-02 1700UT,21,1,O1_toros_01-04mai
-30.0,0.045860680445824545,5.656732798675959,C114,frente,2024-05-02 1700UT,26,1,O1_toros_01-04mai
-25.0,0.05700344840698996,5.259476280393906,C114,frente,2024-05-02 1700UT,39,1,O1_toros_01-04mai
-20.0,0.07311822758686735,5.067746109137465,C114,frente,2024-05-02 1700UT,71,1,O1_toros_01-04mai
-15.0,0.08663954026924808,5.021958577782617,C114,frente,2024-05-02 1700UT,86,1,O1_toros_01-04mai
-65.0,0.019346884111191773,10.983208957859413,C114,traseira,2024-05-02 1700UT,47,1,O1_toros_01-04mai
-60.0,0.021326508212194256,10.073424895763122,C114,traseira,2024-05-02 1700UT,78,1,O1_toros_01-04mai
-55.0,0.019525157525587217,10.894978702625032,C114,traseira,2024-05-02 1700UT,49,1,O1_toros_01-04mai
-50.0,0.021000079481283428,10.215386905707362,C114,traseira,2024-05-02 1700UT,18,1,O1_toros_01-04mai
-45.0,0.024097936492848346,9.063382412058907,C114,traseira,2024-05-02 1700UT,16,1,O1_toros_01-04mai
-40.0,0.019964921206730057,10.682856139250287,C114,traseira,2024-05-02 1700UT,5,1,O1_toros_01-04mai
-35.0,0.023459437635773607,9.252814776826908,C114,traseira,2024-05-02 1700UT,8,1,O1_toros_01-04mai
-30.0,0.03284012638715954,6.943557745006599,C114,traseira,2024-05-02 1700UT,9,1,O1_toros_01-04mai
-25.0,0.03876596900523605,6.1866367692424955,C114,traseira,2024-05-02 1700UT,12,1,O1_toros_01-04mai
-20.0,0.054159714756047306,5.382146684778174,C114,traseira,2024-05-02 1700UT,12,1,O1_toros_01-04mai
-15.0,0.07530475065714493,5.056476673700036,C114,traseira,2024-05-02 1700UT,26,1,O1_toros_01-04mai
-60.0,0.023241862214034698,9.324841665118694,C122,inteira,2024-05-02 1700UT,33,1,O1_toros_01-04mai
-55.0,0.030201431046150917,7.421558790589103,C122,inteira,2024-05-02 1700UT,31,1,O1_toros_01-04mai
-50.0,0.037338291117708707,6.335990710475123,C122,inteira,2024-05-02 1700UT,7,1,O1_toros_01-04mai
-45.0,0.04532161419839327,5.686874417727358,C122,inteira,2024-05-02 1700UT,13,1,O1_toros_01-04mai
-35.0,0.06316249318210874,5.155308205023327,C122,inteira,2024-05-02 1700UT,9,1,O1_toros_01-04mai
-30.0,0.06467014968028041,5.145971011208275,C122,inteira,2024-05-02 1700UT,8,1,O1_toros_01-04mai
-25.0,0.08005056074688802,5.038018489166293,C122,inteira,2024-05-02 1700UT,11,1,O1_toros_01-04mai
-20.0,0.08695177289778871,5.023209599580008,C122,inteira,2024-05-02 1700UT,8,1,O1_toros_01-04mai
-15.0,0.10350808859126578,5.005400305539048,C122,inteira,2024-05-02 1700UT,14,1,O1_toros_01-04mai
-70.0,0.015627199563715537,13.157442912931343,C123,inteira,2024-05-02 1700UT,7,1,O1_toros_01-04mai
-65.0,0.01548532721276082,13.25445824124747,C123,inteira,2024-05-02 1700UT,19,1,O1_toros_01-04mai
-60.0,0.015233698415304794,13.429490229262957,C123,inteira,2024-05-02 1700UT,30,1,O1_toros_01-04mai
-55.0,0.016286714131294743,12.721210899891979,C123,inteira,2024-05-02 1700UT,23,1,O1_toros_01-04mai
-50.0,0.02204352933484965,9.779025253076902,C123,inteira,2024-05-02 1700UT,11,1,O1_toros_01-04mai
-45.0,0.02498019760342004,8.741603444571975,C123,inteira,2024-05-02 1700UT,13,1,O1_toros_01-04mai
-40.0,0.02793761699069341,7.924321922488691,C123,inteira,2024-05-02 1700UT,15,1,O1_toros_01-04mai
-35.0,0.02090664057376383,10.253935074543561,C123,inteira,2024-05-02 1700UT,15,1,O1_toros_01-04mai
-30.0,0.0429645729768882,5.836052073931667,C123,inteira,2024-05-02 1700UT,12,1,O1_toros_01-04mai
-25.0,0.027269734247945453,8.091695134373786,C123,inteira,2024-05-02 1700UT,17,1,O1_toros_01-04mai
-20.0,0.037831291951888876,6.28221585633937,C123,inteira,2024-05-02 1700UT,19,1,O1_toros_01-04mai
-15.0,0.0697968984072698,5.0893485005795736,C123,inteira,2024-05-02 1700UT,21,1,O1_toros_01-04mai
-70.0,0.021490789214627645,10.004303691159041,C115,frente,2024-05-02 1700UT,15,1,O1_toros_01-04mai
-65.0,0.02299512823823279,9.414685932869697,C115,frente,2024-05-02 1700UT,129,1,O1_toros_01-04mai
-60.0,0.021769330800538243,9.889482558437049,C115,frente,2024-05-02 1700UT,209,1,O1_toros_01-04mai
-55.0,0.021780434165908125,9.88498256567232,C115,frente,2024-05-02 1700UT,238,1,O1_toros_01-04mai
-50.0,0.019129758350724987,11.09561735680545,C115,frente,2024-05-02 1700UT,100,1,O1_toros_01-04mai
-45.0,0.02009894842493733,10.621476127903945,C115,frente,2024-05-02 1700UT,102,1,O1_toros_01-04mai
-40.0,0.02563853924044882,8.542303899477332,C115,frente,2024-05-02 1700UT,114,1,O1_toros_01-04mai
-35.0,0.028057487671115912,7.895255634123801,C115,frente,2024-05-02 1700UT,125,1,O1_toros_01-04mai
-30.0,0.038576506209097014,6.205012262092994,C115,frente,2024-05-02 1700UT,64,1,O1_toros_01-04mai
-25.0,0.08795678528121778,5.019672477031369,C115,frente,2024-05-02 1700UT,63,1,O1_toros_01-04mai
-20.0,0.10261375527889532,5.005799701132834,C115,frente,2024-05-02 1700UT,79,1,O1_toros_01-04mai
-15.0,0.11461120782050038,5.002144550851838,C115,frente,2024-05-02 1700UT,116,1,O1_toros_01-04mai
-70.0,0.024916804094926814,8.76142186091565,C115,traseira,2024-05-02 1700UT,137,1,O1_toros_01-04mai
-65.0,0.025606592039732874,8.55130347334291,C115,traseira,2024-05-02 1700UT,95,1,O1_toros_01-04mai
-60.0,0.028412311130745133,7.810900198647506,C115,traseira,2024-05-02 1700UT,109,1,O1_toros_01-04mai
-55.0,0.035757635599783864,6.524089044771186,C115,traseira,2024-05-02 1700UT,66,1,O1_toros_01-04mai
-50.0,0.025457663555586083,8.59565229111747,C115,traseira,2024-05-02 1700UT,73,1,O1_toros_01-04mai
-45.0,0.029484678137196657,7.571107156635767,C115,traseira,2024-05-02 1700UT,58,1,O1_toros_01-04mai
-40.0,0.04000438940649944,6.069828402859745,C115,traseira,2024-05-02 1700UT,99,1,O1_toros_01-04mai
-35.0,0.049377245469280996,5.489918063986513,C115,traseira,2024-05-02 1700UT,130,1,O1_toros_01-04mai
-30.0,0.06947747879611967,5.0917587418089525,C115,traseira,2024-05-02 1700UT,101,1,O1_toros_01-04mai
-25.0,0.07916350596229135,5.040937430217086,C115,traseira,2024-05-02 1700UT,114,1,O1_toros_01-04mai
-20.0,0.0920809409337601,5.013950856666464,C115,traseira,2024-05-02 1700UT,77,1,O1_toros_01-04mai
-15.0,0.11937226641889259,5.0014351419905045,C115,traseira,2024-05-02 1700UT,39,1,O1_toros_01-04mai
-60.0,0.014741395268862674,13.782382936780419,C124,inteira,2024-05-02 1700UT,91,1,O1_toros_01-04mai
-55.0,0.016432919314689598,12.627708630326595,C124,inteira,2024-05-02 1700UT,384,1,O1_toros_01-04mai
-50.0,0.019478626961948325,10.91788113336098,C124,inteira,2024-05-02 1700UT,449,1,O1_toros_01-04mai
-45.0,0.031110894485879576,7.244814391023732,C124,inteira,2024-05-02 1700UT,115,1,O1_toros_01-04mai
-40.0,0.040387699171185544,6.036195480078417,C124,inteira,2024-05-02 1700UT,54,1,O1_toros_01-04mai
-60.0,0.0186995649537145,11.314826632791545,C118,frente,2024-05-02 1700UT,27,1,O1_toros_01-04mai
-55.0,0.020507868017201083,10.431462204153764,C118,frente,2024-05-02 1700UT,135,1,O1_toros_01-04mai
-50.0,0.027787283317205216,7.961211256545804,C118,frente,2024-05-02 1700UT,90,1,O1_toros_01-04mai
-45.0,0.03237693699577722,7.020044010760001,C118,frente,2024-05-02 1700UT,89,1,O1_toros_01-04mai
-40.0,0.039516382093653296,6.11423232296708,C118,frente,2024-05-02 1700UT,38,1,O1_toros_01-04mai
-60.0,0.017708447476301948,11.85853200435504,C118,traseira,2024-05-02 1700UT,21,1,O1_toros_01-04mai
-55.0,0.018922087295344954,11.198806501216204,C118,traseira,2024-05-02 1700UT,183,1,O1_toros_01-04mai
-50.0,0.026126227908953345,8.400803653086076,C118,traseira,2024-05-02 1700UT,76,1,O1_toros_01-04mai
-45.0,0.03392779666381295,6.775143017659957,C118,traseira,2024-05-02 1700UT,41,1,O1_toros_01-04mai
-40.0,0.04007615610560835,6.063449326003019,C118,traseira,2024-05-02 1700UT,65,1,O1_toros_01-04mai
-35.0,0.04350134242595994,5.79938348899285,C118,traseira,2024-05-02 1700UT,5,1,O1_toros_01-04mai
-60.0,0.01809279585779686,11.642340547775284,C76,frente,2024-05-02 1700UT,23,1,O1_toros_01-04mai
-55.0,0.01727399676540275,12.111389482344224,C76,frente,2024-05-02 1700UT,87,1,O1_toros_01-04mai
-60.0,0.015598538901964975,13.176949340795515,C76,traseira,2024-05-02 1700UT,17,1,O1_toros_01-04mai
-55.0,0.017486970640475424,11.986291195854037,C76,traseira,2024-05-02 1700UT,131,1,O1_toros_01-04mai
-50.0,0.018280509724879896,11.539244448450042,C76,traseira,2024-05-02 1700UT,224,1,O1_toros_01-04mai
-45.0,0.016497802308269693,12.586587588018851,C76,traseira,2024-05-02 1700UT,30,1,O1_toros_01-04mai
-60.0,0.028491763333783938,7.792350657050803,C110,frente,2024-05-02 1700UT,161,1,O1_toros_01-04mai
-55.0,0.024048032115158435,9.0438398779196,C110,frente,2024-05-02 1700UT,213,1,O1_toros_01-04mai
-50.0,0.02118124289510598,10.13524296779157,C110,frente,2024-05-02 1700UT,156,1,O1_toros_01-04mai
-45.0,0.022463545846974405,9.614646318997067,C110,frente,2024-05-02 1700UT,55,1,O1_toros_01-04mai
-40.0,0.022906316508586134,9.447809460892067,C110,frente,2024-05-02 1700UT,94,1,O1_toros_01-04mai
-35.0,0.026399201998345348,8.324810072611754,C110,frente,2024-05-02 1700UT,38,1,O1_toros_01-04mai
-60.0,0.02271146737162867,9.520285722388945,C110,traseira,2024-05-02 1700UT,156,1,O1_toros_01-04mai
-55.0,0.020628563804365143,10.3771065174159,C110,traseira,2024-05-02 1700UT,910,1,O1_toros_01-04mai
-50.0,0.022676703303086118,9.533399531050893,C110,traseira,2024-05-02 1700UT,321,1,O1_toros_01-04mai
-45.0,0.018833464871859534,11.24475540123176,C110,traseira,2024-05-02 1700UT,7,1,O1_toros_01-04mai
-60.0,0.014739155035478596,13.784027048095549,C109,frente,2024-05-02 1700UT,38,1,O1_toros_01-04mai
-55.0,0.01740461841159651,12.03440080857941,C109,frente,2024-05-02 1700UT,337,1,O1_toros_01-04mai
-50.0,0.019424185410427473,10.944790693179485,C109,frente,2024-05-02 1700UT,400,1,O1_toros_01-04mai
-45.0,0.024765290978232223,8.809280376302297,C109,frente,2024-05-02 1700UT,88,1,O1_toros_01-04mai
-60.0,0.01729256638381613,12.100393343536457,C109,traseira,2024-05-02 1700UT,47,1,O1_toros_01-04mai
-55.0,0.019088140744041648,11.113619493946844,C109,traseira,2024-05-02 1700UT,341,1,O1_toros_01-04mai
-50.0,0.01956086109122593,10.877863125659982,C109,traseira,2024-05-02 1700UT,34,1,O1_toros_01-04mai
-60.0,0.02630814752900107,8.34963623791933,C120,frente,2024-05-02 1700UT,25,1,O1_toros_01-04mai
-55.0,0.02480430050040303,8.79685214280926,C120,frente,2024-05-02 1700UT,45,1,O1_toros_01-04mai
-60.0,0.027873047748686486,7.942818171434968,C120,traseira,2024-05-02 1700UT,18,1,O1_toros_01-04mai
-55.0,0.023477979214505937,9.240576019985149,C120,traseira,2024-05-02 1700UT,109,1,O1_toros_01-04mai
-50.0,0.02075342858966652,10.321456675861059,C120,traseira,2024-05-02 1700UT,66,1,O1_toros_01-04mai
-60.0,0.02523171856012927,8.663995315601586,C125,inteira,2024-05-02 1700UT,305,1,O1_toros_01-04mai
-55.0,0.022269505646475042,9.68988183457989,C125,inteira,2024-05-02 1700UT,880,1,O1_toros_01-04mai
-50.0,0.023952755193870152,9.07607478019536,C125,inteira,2024-05-02 1700UT,742,1,O1_toros_01-04mai
-45.0,0.02972784977635974,7.51903946791495,C125,inteira,2024-05-02 1700UT,218,1,O1_toros_01-04mai
-40.0,0.03163664662985566,7.148590137714967,C125,inteira,2024-05-02 1700UT,62,1,O1_toros_01-04mai
-35.0,0.029870707276122704,7.489225891811493,C125,inteira,2024-05-02 1700UT,5,1,O1_toros_01-04mai
-65.0,0.028520363829289783,7.785703363990778,C112,frente,2024-05-02 1700UT,19,1,O1_toros_01-04mai
-60.0,0.02839422039543758,7.815140998766479,C112,frente,2024-05-02 1700UT,331,1,O1_toros_01-04mai
-55.0,0.03098565978757372,7.26836445189468,C112,frente,2024-05-02 1700UT,239,1,O1_toros_01-04mai
-50.0,0.036155241382145584,6.474466595833445,C112,frente,2024-05-02 1700UT,122,1,O1_toros_01-04mai
-45.0,0.03943339057133037,6.121964874788608,C112,frente,2024-05-02 1700UT,139,1,O1_toros_01-04mai
-40.0,0.04337616390564278,5.807785866053088,C112,frente,2024-05-02 1700UT,120,1,O1_toros_01-04mai
-35.0,0.05380505449647126,5.338728408205656,C112,frente,2024-05-02 1700UT,96,1,O1_toros_01-04mai
-30.0,0.07644340115960858,5.051350220512899,C112,frente,2024-05-02 1700UT,47,1,O1_toros_01-04mai
-25.0,0.10430323376206697,5.005038036958274,C112,frente,2024-05-02 1700UT,61,1,O1_toros_01-04mai
-20.0,0.11169121325139464,5.002721958223424,C112,frente,2024-05-02 1700UT,55,1,O1_toros_01-04mai
-15.0,0.11562208852217493,5.001961635604089,C112,frente,2024-05-02 1700UT,11,1,O1_toros_01-04mai
-65.0,0.03030645198511166,7.402462978768355,C112,traseira,2024-05-02 1700UT,30,1,O1_toros_01-04mai
-60.0,0.03193981058884665,7.094985327003703,C112,traseira,2024-05-02 1700UT,296,1,O1_toros_01-04mai
-55.0,0.02764453074200158,7.996624493914304,C112,traseira,2024-05-02 1700UT,367,1,O1_toros_01-04mai
-50.0,0.029480534940667366,7.5714916435995665,C112,traseira,2024-05-02 1700UT,457,1,O1_toros_01-04mai
-45.0,0.035339422560008306,6.578137732647731,C112,traseira,2024-05-02 1700UT,401,1,O1_toros_01-04mai
-40.0,0.041874701658711405,5.915430293594775,C112,traseira,2024-05-02 1700UT,310,1,O1_toros_01-04mai
-35.0,0.05447355772383196,5.3203878721716364,C112,traseira,2024-05-02 1700UT,182,1,O1_toros_01-04mai
-30.0,0.06883089126504764,5.09683853996922,C112,traseira,2024-05-02 1700UT,135,1,O1_toros_01-04mai
-25.0,0.06942300217330324,5.092177868807073,C112,traseira,2024-05-02 1700UT,110,1,O1_toros_01-04mai
-20.0,0.07086476517216292,5.081740987819803,C112,traseira,2024-05-02 1700UT,9,1,O1_toros_01-04mai
-65.0,0.020202965844164922,10.571237571095157,C102,frente,2024-05-02 1800UT,450,1,O1_toros_01-04mai
-60.0,0.02205727171599076,9.773555453468424,C102,frente,2024-05-02 1800UT,607,1,O1_toros_01-04mai
-55.0,0.02385938414663216,9.107914050761796,C102,frente,2024-05-02 1800UT,237,1,O1_toros_01-04mai
-50.0,0.030586955202425874,7.344997763406719,C102,frente,2024-05-02 1800UT,89,1,O1_toros_01-04mai
-45.0,0.03754938795761665,6.3126942683707785,C102,frente,2024-05-02 1800UT,89,1,O1_toros_01-04mai
-40.0,0.04376643427528802,5.78191794421652,C102,frente,2024-05-02 1800UT,93,1,O1_toros_01-04mai
-35.0,0.051010805694108395,5.427541853340376,C102,frente,2024-05-02 1800UT,77,1,O1_toros_01-04mai
-30.0,0.05741625254722778,5.250789225865646,C102,frente,2024-05-02 1800UT,52,1,O1_toros_01-04mai
-25.0,0.06515044955115207,5.13160181276209,C102,frente,2024-05-02 1800UT,60,1,O1_toros_01-04mai
-20.0,0.07773107463047771,5.04612536926641,C102,frente,2024-05-02 1800UT,63,1,O1_toros_01-04mai
-15.0,0.09362018902815364,5.012271386378607,C102,frente,2024-05-02 1800UT,63,1,O1_toros_01-04mai
-70.0,0.01822811998501169,11.567855576266492,C102,traseira,2024-05-02 1800UT,207,1,O1_toros_01-04mai
-65.0,0.02022356020616936,10.561682819068869,C102,traseira,2024-05-02 1800UT,580,1,O1_toros_01-04mai
-60.0,0.02534979559829905,8.628119301065873,C102,traseira,2024-05-02 1800UT,217,1,O1_toros_01-04mai
-55.0,0.027570385201818683,8.015533085474194,C102,traseira,2024-05-02 1800UT,120,1,O1_toros_01-04mai
-50.0,0.030754871265370846,7.31241271050011,C102,traseira,2024-05-02 1800UT,83,1,O1_toros_01-04mai
-45.0,0.03360795216974244,6.823099786300929,C102,traseira,2024-05-02 1800UT,118,1,O1_toros_01-04mai
-40.0,0.040995300781432126,5.985040389304936,C102,traseira,2024-05-02 1800UT,146,1,O1_toros_01-04mai
-35.0,0.04500271790809006,5.705372596096077,C102,traseira,2024-05-02 1800UT,143,1,O1_toros_01-04mai
-30.0,0.04663652768661611,5.615650895470607,C102,traseira,2024-05-02 1800UT,178,1,O1_toros_01-04mai
-25.0,0.05960313477367485,5.208935326780853,C102,traseira,2024-05-02 1800UT,213,1,O1_toros_01-04mai
-20.0,0.07051730243000909,5.084147885754608,C102,traseira,2024-05-02 1800UT,154,1,O1_toros_01-04mai
-15.0,0.07889180055485079,5.04187277890819,C102,traseira,2024-05-02 1800UT,141,1,O1_toros_01-04mai
-65.0,0.019483188468255613,10.915632376959215,C122,frente,2024-05-02 1800UT,44,1,O1_toros_01-04mai
-60.0,0.022462426009365405,9.615076976966233,C122,frente,2024-05-02 1800UT,31,1,O1_toros_01-04mai
-55.0,0.030065584500199506,7.44912791136659,C122,frente,2024-05-02 1800UT,15,1,O1_toros_01-04mai
-50.0,0.03237562316635623,7.029344888597518,C122,frente,2024-05-02 1800UT,14,1,O1_toros_01-04mai
-45.0,0.040036523907769746,6.066967368468283,C122,frente,2024-05-02 1800UT,15,1,O1_toros_01-04mai
-40.0,0.03940925867796408,6.124352935768107,C122,frente,2024-05-02 1800UT,10,1,O1_toros_01-04mai
-35.0,0.04448385077936734,5.736541141887601,C122,frente,2024-05-02 1800UT,11,1,O1_toros_01-04mai
-30.0,0.05885222458687027,5.222427367861876,C122,frente,2024-05-02 1800UT,17,1,O1_toros_01-04mai
-25.0,0.059225076969134885,5.215678688182399,C122,frente,2024-05-02 1800UT,16,1,O1_toros_01-04mai
-20.0,0.05780380734303564,5.242734612133115,C122,frente,2024-05-02 1800UT,17,1,O1_toros_01-04mai
-15.0,0.07038450547538065,5.085119494847522,C122,frente,2024-05-02 1800UT,22,1,O1_toros_01-04mai
-70.0,0.018373711838519463,11.488651503423121,C122,traseira,2024-05-02 1800UT,33,1,O1_toros_01-04mai
-65.0,0.02004489506972991,10.645138810109835,C122,traseira,2024-05-02 1800UT,30,1,O1_toros_01-04mai
-60.0,0.024050099739511756,9.048821894924847,C122,traseira,2024-05-02 1800UT,16,1,O1_toros_01-04mai
-55.0,0.025082923908133825,8.709710060107582,C122,traseira,2024-05-02 1800UT,15,1,O1_toros_01-04mai
-50.0,0.027602557356449207,8.007124385979889,C122,traseira,2024-05-02 1800UT,39,1,O1_toros_01-04mai
-45.0,0.03523716479774948,6.591659412178457,C122,traseira,2024-05-02 1800UT,40,1,O1_toros_01-04mai
-40.0,0.04137769710012268,5.9541407866205125,C122,traseira,2024-05-02 1800UT,31,1,O1_toros_01-04mai
-35.0,0.04460612560360527,5.73008209369534,C122,traseira,2024-05-02 1800UT,26,1,O1_toros_01-04mai
-30.0,0.05721233941101379,5.2552928562508106,C122,traseira,2024-05-02 1800UT,16,1,O1_toros_01-04mai
-25.0,0.06637155997939223,5.11891846175725,C122,traseira,2024-05-02 1800UT,8,1,O1_toros_01-04mai
-60.0,0.026578345408782154,8.275056969698298,C114,frente,2024-05-02 1800UT,31,1,O1_toros_01-04mai
-55.0,0.03084271523468063,7.295553482565051,C114,frente,2024-05-02 1800UT,22,1,O1_toros_01-04mai
-50.0,0.039555947143652445,6.1105645093439875,C114,frente,2024-05-02 1800UT,11,1,O1_toros_01-04mai
-45.0,0.03555389404107076,6.550182829109966,C114,frente,2024-05-02 1800UT,5,1,O1_toros_01-04mai
-40.0,0.056360030502658545,5.299252873160623,C114,frente,2024-05-02 1800UT,6,1,O1_toros_01-04mai
-35.0,0.049538723429078585,5.483342594801439,C114,frente,2024-05-02 1800UT,7,1,O1_toros_01-04mai
-25.0,0.060565029417717325,5.207614640073303,C114,frente,2024-05-02 1800UT,6,1,O1_toros_01-04mai
-15.0,0.09987206853333797,5.007710957113872,C114,frente,2024-05-02 1800UT,8,1,O1_toros_01-04mai
-60.0,0.02533751020101872,8.6318356103381,C114,traseira,2024-05-02 1800UT,25,1,O1_toros_01-04mai
-55.0,0.025509275286336584,8.580220680584347,C114,traseira,2024-05-02 1800UT,25,1,O1_toros_01-04mai
-50.0,0.02294393941665863,9.433850579152537,C114,traseira,2024-05-02 1800UT,12,1,O1_toros_01-04mai
-45.0,0.04167851665133471,5.931683016666653,C114,traseira,2024-05-02 1800UT,12,1,O1_toros_01-04mai
-40.0,0.04636732717120895,5.629552172746059,C114,traseira,2024-05-02 1800UT,11,1,O1_toros_01-04mai
-35.0,0.055553641162504365,5.293153875758144,C114,traseira,2024-05-02 1800UT,26,1,O1_toros_01-04mai
-30.0,0.06223128608935316,5.167840169275152,C114,traseira,2024-05-02 1800UT,41,1,O1_toros_01-04mai
-25.0,0.06336781728346856,5.1527271791591565,C114,traseira,2024-05-02 1800UT,32,1,O1_toros_01-04mai
-20.0,0.07331857284040581,5.066624447556083,C114,traseira,2024-05-02 1800UT,35,1,O1_toros_01-04mai
-15.0,0.07525539621384657,5.056709168000731,C114,traseira,2024-05-02 1800UT,26,1,O1_toros_01-04mai
-70.0,0.02347479370201521,9.241701870423931,C66,frente,2024-05-02 1800UT,3204,1,O1_toros_01-04mai
-65.0,0.02058131993341818,10.398317906663312,C66,frente,2024-05-02 1800UT,4314,1,O1_toros_01-04mai
-60.0,0.017543451041591007,11.953486080912823,C66,frente,2024-05-02 1800UT,3905,1,O1_toros_01-04mai
-55.0,0.019072119708090148,11.121787154836113,C66,frente,2024-05-02 1800UT,2410,1,O1_toros_01-04mai
-50.0,0.02068784555042827,10.350608582160218,C66,frente,2024-05-02 1800UT,1126,1,O1_toros_01-04mai
-45.0,0.023912555645434142,9.090036367008178,C66,frente,2024-05-02 1800UT,474,1,O1_toros_01-04mai
-40.0,0.030814750914346083,7.300902580207618,C66,frente,2024-05-02 1800UT,369,1,O1_toros_01-04mai
-35.0,0.04186504426318999,5.916167283624979,C66,frente,2024-05-02 1800UT,239,1,O1_toros_01-04mai
-30.0,0.061889781259158,5.172685304527967,C66,frente,2024-05-02 1800UT,183,1,O1_toros_01-04mai
-25.0,0.08534349940481911,5.024458905357562,C66,frente,2024-05-02 1800UT,151,1,O1_toros_01-04mai
-20.0,0.10207486031868684,5.006067252174019,C66,frente,2024-05-02 1800UT,106,1,O1_toros_01-04mai
-15.0,0.11448278379351202,5.002157014771325,C66,frente,2024-05-02 1800UT,108,1,O1_toros_01-04mai
-70.0,0.02396238161749475,9.07280620395816,C66,traseira,2024-05-02 1800UT,3703,1,O1_toros_01-04mai
-65.0,0.020116165523351368,10.611680644614527,C66,traseira,2024-05-02 1800UT,2710,1,O1_toros_01-04mai
-60.0,0.01836503360634762,11.493345702627213,C66,traseira,2024-05-02 1800UT,4043,1,O1_toros_01-04mai
-55.0,0.018187747868705313,11.589989307221611,C66,traseira,2024-05-02 1800UT,3799,1,O1_toros_01-04mai
-50.0,0.020243485362650776,10.55245582740227,C66,traseira,2024-05-02 1800UT,1380,1,O1_toros_01-04mai
-45.0,0.0269475715405396,8.175821756974301,C66,traseira,2024-05-02 1800UT,355,1,O1_toros_01-04mai
-40.0,0.038800504519724624,6.182726072605521,C66,traseira,2024-05-02 1800UT,215,1,O1_toros_01-04mai
-35.0,0.06508396886718609,5.132328648334535,C66,traseira,2024-05-02 1800UT,149,1,O1_toros_01-04mai
-30.0,0.08102553358748396,5.03505172619215,C66,traseira,2024-05-02 1800UT,89,1,O1_toros_01-04mai
-25.0,0.09783359416226865,5.008637845144364,C66,traseira,2024-05-02 1800UT,117,1,O1_toros_01-04mai
-20.0,0.10922582159627492,5.003342773531178,C66,traseira,2024-05-02 1800UT,107,1,O1_toros_01-04mai
-15.0,0.1122856185098657,5.002590414197713,C66,traseira,2024-05-02 1800UT,109,1,O1_toros_01-04mai
-70.0,0.016173234220065964,12.794574099177439,C123,frente,2024-05-02 1800UT,417,1,O1_toros_01-04mai
-65.0,0.016623572532429007,12.507478601786552,C123,frente,2024-05-02 1800UT,575,1,O1_toros_01-04mai
-60.0,0.015409411839281396,13.306843792751128,C123,frente,2024-05-02 1800UT,287,1,O1_toros_01-04mai
-55.0,0.014571703203678996,13.907456913259335,C123,frente,2024-05-02 1800UT,173,1,O1_toros_01-04mai
-50.0,0.015659461248407593,13.135541296154626,C123,frente,2024-05-02 1800UT,107,1,O1_toros_01-04mai
-45.0,0.019753103659894237,10.784057407339986,C123,frente,2024-05-02 1800UT,73,1,O1_toros_01-04mai
-40.0,0.024043820206199353,9.045259484158112,C123,frente,2024-05-02 1800UT,63,1,O1_toros_01-04mai
-35.0,0.027870951959962014,7.940966657931177,C123,frente,2024-05-02 1800UT,60,1,O1_toros_01-04mai
-30.0,0.038669440034528,6.199571010422429,C123,frente,2024-05-02 1800UT,50,1,O1_toros_01-04mai
-25.0,0.04338959233139533,5.808564151525899,C123,frente,2024-05-02 1800UT,40,1,O1_toros_01-04mai
-20.0,0.08951640228961773,5.017281653210372,C123,frente,2024-05-02 1800UT,28,1,O1_toros_01-04mai
-15.0,0.0840378466285815,5.0272703157358425,C123,frente,2024-05-02 1800UT,33,1,O1_toros_01-04mai
-70.0,0.015839706010962053,13.014255503759859,C123,traseira,2024-05-02 1800UT,344,1,O1_toros_01-04mai
-65.0,0.018276837308723946,11.541248279182536,C123,traseira,2024-05-02 1800UT,386,1,O1_toros_01-04mai
-60.0,0.015833082692042217,13.018680054751492,C123,traseira,2024-05-02 1800UT,240,1,O1_toros_01-04mai
-55.0,0.015978957354685217,12.921793763935138,C123,traseira,2024-05-02 1800UT,140,1,O1_toros_01-04mai
-50.0,0.018800190335993415,11.262329950644542,C123,traseira,2024-05-02 1800UT,86,1,O1_toros_01-04mai
-45.0,0.022853153319975356,9.467227358043068,C123,traseira,2024-05-02 1800UT,61,1,O1_toros_01-04mai
-40.0,0.020188797335754426,10.578092043061083,C123,traseira,2024-05-02 1800UT,58,1,O1_toros_01-04mai
-35.0,0.02616041663804739,8.41467389702364,C123,traseira,2024-05-02 1800UT,48,1,O1_toros_01-04mai
-30.0,0.03738454374836453,6.330851197929341,C123,traseira,2024-05-02 1800UT,63,1,O1_toros_01-04mai
-25.0,0.05559253119842014,5.292201499710924,C123,traseira,2024-05-02 1800UT,50,1,O1_toros_01-04mai
-20.0,0.07812205132620571,5.04464675895053,C123,traseira,2024-05-02 1800UT,45,1,O1_toros_01-04mai
-15.0,0.10019651097629717,5.007128421880804,C123,traseira,2024-05-02 1800UT,80,1,O1_toros_01-04mai
-70.0,0.018226855113834123,11.568547903688298,C126,inteira,2024-05-02 1800UT,27,1,O1_toros_01-04mai
-65.0,0.02324745976017411,9.32282476049628,C126,inteira,2024-05-02 1800UT,1101,1,O1_toros_01-04mai
-60.0,0.02240084651901124,9.638820693262385,C126,inteira,2024-05-02 1800UT,1826,1,O1_toros_01-04mai
-55.0,0.01762951146050741,11.903796147488299,C126,inteira,2024-05-02 1800UT,871,1,O1_toros_01-04mai
-50.0,0.01702312695470941,12.2617068870414,C126,inteira,2024-05-02 1800UT,596,1,O1_toros_01-04mai
-45.0,0.01858903931785494,11.373258769495685,C126,inteira,2024-05-02 1800UT,328,1,O1_toros_01-04mai
-40.0,0.026019260879737462,8.431253484121601,C126,inteira,2024-05-02 1800UT,235,1,O1_toros_01-04mai
-35.0,0.04017411854755504,6.055032532718048,C126,inteira,2024-05-02 1800UT,168,1,O1_toros_01-04mai
-30.0,0.04752988121168819,5.571426471177677,C126,inteira,2024-05-02 1800UT,134,1,O1_toros_01-04mai
-25.0,0.059365347310399476,5.213116802675338,C126,inteira,2024-05-02 1800UT,129,1,O1_toros_01-04mai
-20.0,0.0710153207063028,5.080743923193628,C126,inteira,2024-05-02 1800UT,148,1,O1_toros_01-04mai
-15.0,0.08614736000362909,5.022874116642056,C126,inteira,2024-05-02 1800UT,199,1,O1_toros_01-04mai
-65.0,0.02864095628646925,7.757848990079492,C115,frente,2024-05-02 1800UT,15,1,O1_toros_01-04mai
-60.0,0.042231878993748646,5.888584201421969,C115,frente,2024-05-02 1800UT,33,1,O1_toros_01-04mai
-55.0,0.024231449257443888,8.983084441952894,C115,frente,2024-05-02 1800UT,100,1,O1_toros_01-04mai
-50.0,0.021380661412309498,10.050704720934963,C115,frente,2024-05-02 1800UT,70,1,O1_toros_01-04mai
-45.0,0.021481441486779787,10.008721605508082,C115,frente,2024-05-02 1800UT,42,1,O1_toros_01-04mai
-40.0,0.021531502585862283,9.991772241631326,C115,frente,2024-05-02 1800UT,36,1,O1_toros_01-04mai
-35.0,0.021316763557923196,10.077405579837638,C115,frente,2024-05-02 1800UT,19,1,O1_toros_01-04mai
-30.0,0.042362937104499926,5.87936496813122,C115,frente,2024-05-02 1800UT,28,1,O1_toros_01-04mai
-25.0,0.06262474325693757,5.165114990681575,C115,frente,2024-05-02 1800UT,16,1,O1_toros_01-04mai
-20.0,0.07934653607521105,5.040315714102145,C115,frente,2024-05-02 1800UT,27,1,O1_toros_01-04mai
-15.0,0.08933418794480799,5.017539175843405,C115,frente,2024-05-02 1800UT,25,1,O1_toros_01-04mai
-65.0,0.026898587236361418,8.189092535778855,C115,traseira,2024-05-02 1800UT,10,1,O1_toros_01-04mai
-60.0,0.024829337895786598,8.789615382076638,C115,traseira,2024-05-02 1800UT,30,1,O1_toros_01-04mai
-55.0,0.01782164591600482,11.79413827463908,C115,traseira,2024-05-02 1800UT,91,1,O1_toros_01-04mai
-50.0,0.020153738225390773,10.594137976534597,C115,traseira,2024-05-02 1800UT,100,1,O1_toros_01-04mai
-45.0,0.028705946494667095,7.74338497390055,C115,traseira,2024-05-02 1800UT,70,1,O1_toros_01-04mai
-40.0,0.03772344346312029,6.293791549496628,C115,traseira,2024-05-02 1800UT,65,1,O1_toros_01-04mai
-35.0,0.045896674693667976,5.654734473519513,C115,traseira,2024-05-02 1800UT,37,1,O1_toros_01-04mai
-30.0,0.05588255109755628,5.28488152797082,C115,traseira,2024-05-02 1800UT,39,1,O1_toros_01-04mai
-25.0,0.08516626612113462,5.024842843360567,C115,traseira,2024-05-02 1800UT,34,1,O1_toros_01-04mai
-20.0,0.09387869704486917,5.012009859133294,C115,traseira,2024-05-02 1800UT,41,1,O1_toros_01-04mai
-15.0,0.09605947887026275,5.010014119910504,C115,traseira,2024-05-02 1800UT,31,1,O1_toros_01-04mai
-65.0,0.02492063802268922,8.760220301229857,C127,inteira,2024-05-02 1800UT,19,1,O1_toros_01-04mai
-60.0,0.023591707153208113,9.200576532709672,C127,inteira,2024-05-02 1800UT,109,1,O1_toros_01-04mai
-55.0,0.022959221362259905,9.4279155143923,C127,inteira,2024-05-02 1800UT,251,1,O1_toros_01-04mai
-50.0,0.021966665414974378,9.809734718002456,C127,inteira,2024-05-02 1800UT,419,1,O1_toros_01-04mai
-45.0,0.026112891500803776,8.404585127140118,C127,inteira,2024-05-02 1800UT,207,1,O1_toros_01-04mai
-40.0,0.03101666277562574,7.2626019804952175,C127,inteira,2024-05-02 1800UT,184,1,O1_toros_01-04mai
-35.0,0.03415561781654266,6.746111123836373,C127,inteira,2024-05-02 1800UT,148,1,O1_toros_01-04mai
-30.0,0.04793372774227829,5.552522942249776,C127,inteira,2024-05-02 1800UT,114,1,O1_toros_01-04mai
-25.0,0.056269597098043744,5.275914946762311,C127,inteira,2024-05-02 1800UT,130,1,O1_toros_01-04mai
-20.0,0.08398721203480222,5.027385627292789,C127,inteira,2024-05-02 1800UT,135,1,O1_toros_01-04mai
-15.0,0.09360382684924487,5.012310593265275,C127,inteira,2024-05-02 1800UT,100,1,O1_toros_01-04mai
-60.0,0.01668442701633264,12.46950300900935,C128,inteira,2024-05-02 1800UT,494,1,O1_toros_01-04mai
-55.0,0.015921072876948453,12.960097978068525,C128,inteira,2024-05-02 1800UT,513,1,O1_toros_01-04mai
-50.0,0.015756092089611963,13.070292343030028,C128,inteira,2024-05-02 1800UT,161,1,O1_toros_01-04mai
-45.0,0.01620430938244423,12.77441540723542,C128,inteira,2024-05-02 1800UT,27,1,O1_toros_01-04mai
-40.0,0.015123004499912,13.511741471321955,C128,inteira,2024-05-02 1800UT,8,1,O1_toros_01-04mai
-35.0,0.02712003782787739,8.13221655965897,C128,inteira,2024-05-02 1800UT,10,1,O1_toros_01-04mai
-65.0,0.028832438751734468,7.714885829892319,C129,inteira,2024-05-02 1800UT,10,1,O1_toros_01-04mai
-60.0,0.027085122124110583,8.139626586399476,C129,inteira,2024-05-02 1800UT,343,1,O1_toros_01-04mai
-55.0,0.024177744457925886,9.000429594426837,C129,inteira,2024-05-02 1800UT,444,1,O1_toros_01-04mai
-50.0,0.023352959470979175,9.284986603814646,C129,inteira,2024-05-02 1800UT,393,1,O1_toros_01-04mai
-45.0,0.0359177029479248,6.503891267089166,C129,inteira,2024-05-02 1800UT,208,1,O1_toros_01-04mai
-40.0,0.031226813095770287,7.223801189963354,C129,inteira,2024-05-02 1800UT,66,1,O1_toros_01-04mai
-35.0,0.0683193415219007,5.101055937532529,C129,inteira,2024-05-02 1800UT,25,1,O1_toros_01-04mai
-30.0,0.09050404091015422,5.015910700385948,C129,inteira,2024-05-02 1800UT,18,1,O1_toros_01-04mai
-25.0,0.10686455524625046,5.004265533693839,C129,inteira,2024-05-02 1800UT,8,1,O1_toros_01-04mai
-60.0,0.02242690502958638,9.629182195525033,C118,frente,2024-05-02 1800UT,28,1,O1_toros_01-04mai
-55.0,0.022738581994696624,9.510083531243865,C118,frente,2024-05-02 1800UT,132,1,O1_toros_01-04mai
-50.0,0.020906013667743802,10.254209558673908,C118,frente,2024-05-02 1800UT,7,1,O1_toros_01-04mai
-60.0,0.024619710526207816,8.855708785822705,C118,traseira,2024-05-02 1800UT,30,1,O1_toros_01-04mai
-55.0,0.02512369812045734,8.697126408763374,C118,traseira,2024-05-02 1800UT,161,1,O1_toros_01-04mai
-50.0,0.024041485897117205,9.046046467862723,C118,traseira,2024-05-02 1800UT,321,1,O1_toros_01-04mai
-65.0,0.010725080218408758,17.273478278057617,C76,frente,2024-05-02 1800UT,19,1,O1_toros_01-04mai
-60.0,0.012114669174664309,15.931424434868097,C76,frente,2024-05-02 1800UT,547,1,O1_toros_01-04mai
-55.0,0.014420150283233579,14.020666245771103,C76,frente,2024-05-02 1800UT,642,1,O1_toros_01-04mai
-50.0,0.015996711119317254,12.910081880162585,C76,frente,2024-05-02 1800UT,450,1,O1_toros_01-04mai
-45.0,0.018102108199298302,11.637212847158525,C76,frente,2024-05-02 1800UT,82,1,O1_toros_01-04mai
-40.0,0.01904041454424136,11.137993745277281,C76,frente,2024-05-02 1800UT,48,1,O1_toros_01-04mai
-35.0,0.01499518482691625,13.598593523329326,C76,frente,2024-05-02 1800UT,67,1,O1_toros_01-04mai
-30.0,0.014879854383578969,13.681910062335215,C76,frente,2024-05-02 1800UT,8,1,O1_toros_01-04mai
-65.0,0.010706253977172784,17.292748678894647,C76,traseira,2024-05-02 1800UT,11,1,O1_toros_01-04mai
-60.0,0.014981881984491961,13.608130953367244,C76,traseira,2024-05-02 1800UT,559,1,O1_toros_01-04mai
-55.0,0.02543344392422226,8.6029173569754,C76,traseira,2024-05-02 1800UT,1176,1,O1_toros_01-04mai
-50.0,0.02439298340139909,8.92925077368746,C76,traseira,2024-05-02 1800UT,179,1,O1_toros_01-04mai
-60.0,0.0168915097449809,12.34170841463164,C124,frente,2024-05-02 1800UT,301,1,O1_toros_01-04mai
-55.0,0.019312795807970184,11.000229583390542,C124,frente,2024-05-02 1800UT,910,1,O1_toros_01-04mai
-50.0,0.02146373664653374,10.015598022767767,C124,frente,2024-05-02 1800UT,561,1,O1_toros_01-04mai
-45.0,0.02088016934758344,10.265537709145022,C124,frente,2024-05-02 1800UT,17,1,O1_toros_01-04mai
-60.0,0.016568733470754864,12.541866561779115,C124,traseira,2024-05-02 1800UT,328,1,O1_toros_01-04mai
-55.0,0.01618904422285393,12.784311630118342,C124,traseira,2024-05-02 1800UT,730,1,O1_toros_01-04mai
-50.0,0.016753210528869387,12.426810581008073,C124,traseira,2024-05-02 1800UT,277,1,O1_toros_01-04mai
-45.0,0.017002991252814202,12.273818860472742,C124,traseira,2024-05-02 1800UT,15,1,O1_toros_01-04mai
-60.0,0.013463816513432944,14.768985986756679,C130,inteira,2024-05-02 1800UT,429,1,O1_toros_01-04mai
-55.0,0.01421346533679072,14.177381615976216,C130,inteira,2024-05-02 1800UT,783,1,O1_toros_01-04mai
-50.0,0.013723213376159324,14.56008809340885,C130,inteira,2024-05-02 1800UT,88,1,O1_toros_01-04mai
-60.0,0.011732050698450316,16.28558802204936,C131,inteira,2024-05-02 1800UT,50,1,O1_toros_01-04mai
-55.0,0.01347025393933441,14.763746798550718,C131,inteira,2024-05-02 1800UT,717,1,O1_toros_01-04mai
-50.0,0.015424493503649042,13.296410264745079,C131,inteira,2024-05-02 1800UT,61,1,O1_toros_01-04mai
-60.0,0.013391674132459463,14.827892708593076,C132,inteira,2024-05-02 1800UT,66,1,O1_toros_01-04mai
-55.0,0.013527505066039064,14.717275616588399,C132,inteira,2024-05-02 1800UT,641,1,O1_toros_01-04mai
-50.0,0.015027686191112773,13.575336256772186,C132,inteira,2024-05-02 1800UT,288,1,O1_toros_01-04mai
-60.0,0.014121067632068475,14.248318718199256,C133,inteira,2024-05-02 1800UT,42,1,O1_toros_01-04mai
-55.0,0.014382449731810607,14.049051134680592,C133,inteira,2024-05-02 1800UT,594,1,O1_toros_01-04mai
-50.0,0.015921089542540606,12.960086923097338,C133,inteira,2024-05-02 1800UT,107,1,O1_toros_01-04mai
-60.0,0.014130670307816298,14.240932658584203,C109,frente,2024-05-02 1800UT,32,1,O1_toros_01-04mai
-55.0,0.015875698824186137,12.990261199407136,C109,frente,2024-05-02 1800UT,338,1,O1_toros_01-04mai
-50.0,0.016822561250882162,12.38402230682171,C109,frente,2024-05-02 1800UT,168,1,O1_toros_01-04mai
-60.0,0.0149082355219534,13.661131476173669,C109,traseira,2024-05-02 1800UT,30,1,O1_toros_01-04mai
-55.0,0.020299453369097675,10.526619173635615,C109,traseira,2024-05-02 1800UT,323,1,O1_toros_01-04mai
-50.0,0.02246724231332832,9.61322539116763,C109,traseira,2024-05-02 1800UT,282,1,O1_toros_01-04mai
-70.0,0.018350188104774432,11.501383754793844,C123,frente,2024-05-02 1900UT,353,1,O1_toros_01-04mai
-65.0,0.020974963601883126,10.224106343097922,C123,frente,2024-05-02 1900UT,2276,1,O1_toros_01-04mai
-60.0,0.021549683882834937,9.9798033635407,C123,frente,2024-05-02 1900UT,1250,1,O1_toros_01-04mai
-55.0,0.024725708350203723,8.82180064965527,C123,frente,2024-05-02 1900UT,719,1,O1_toros_01-04mai
-50.0,0.026837467595810485,8.205095056278132,C123,frente,2024-05-02 1900UT,603,1,O1_toros_01-04mai
-45.0,0.03546341908455207,6.561915688619339,C123,frente,2024-05-02 1900UT,372,1,O1_toros_01-04mai
-40.0,0.04535991259842935,5.684685729618643,C123,frente,2024-05-02 1900UT,305,1,O1_toros_01-04mai
-35.0,0.057605830341975764,5.246773736976046,C123,frente,2024-05-02 1900UT,278,1,O1_toros_01-04mai
-30.0,0.06463770843664675,5.137342383473685,C123,frente,2024-05-02 1900UT,219,1,O1_toros_01-04mai
-25.0,0.06872588538120927,5.09768964302954,C123,frente,2024-05-02 1900UT,135,1,O1_toros_01-04mai
-20.0,0.07365316966986477,5.064814945834931,C123,frente,2024-05-02 1900UT,122,1,O1_toros_01-04mai
-15.0,0.07544996112256946,5.055783363673454,C123,frente,2024-05-02 1900UT,118,1,O1_toros_01-04mai
-70.0,0.018550644370186234,11.393682227219816,C123,traseira,2024-05-02 1900UT,1147,1,O1_toros_01-04mai
-65.0,0.01834403950947424,11.504715846888411,C123,traseira,2024-05-02 1900UT,1888,1,O1_toros_01-04mai
-60.0,0.016914089907776046,12.327906656352113,C123,traseira,2024-05-02 1900UT,1253,1,O1_toros_01-04mai
-55.0,0.021809493910718,9.87314859101813,C123,traseira,2024-05-02 1900UT,788,1,O1_toros_01-04mai
-50.0,0.025523683635992573,8.57592450434992,C123,traseira,2024-05-02 1900UT,483,1,O1_toros_01-04mai
-45.0,0.029049519890688543,7.665533052824563,C123,traseira,2024-05-02 1900UT,265,1,O1_toros_01-04mai
-40.0,0.027353931901601646,8.0701625959984,C123,traseira,2024-05-02 1900UT,280,1,O1_toros_01-04mai
-35.0,0.02779249982788071,7.95990072623305,C123,traseira,2024-05-02 1900UT,291,1,O1_toros_01-04mai
-30.0,0.04210349221371824,5.898142111840295,C123,traseira,2024-05-02 1900UT,193,1,O1_toros_01-04mai
-25.0,0.06307926541284897,5.156389112039715,C123,traseira,2024-05-02 1900UT,135,1,O1_toros_01-04mai
-20.0,0.07387480616338386,5.063606700189936,C123,traseira,2024-05-02 1900UT,117,1,O1_toros_01-04mai
-15.0,0.09631957054271881,5.009802310090925,C123,traseira,2024-05-02 1900UT,198,1,O1_toros_01-04mai
-70.0,0.026784418136190837,8.219295552357956,C66,frente,2024-05-02 1900UT,1924,1,O1_toros_01-04mai
-65.0,0.02312996636471916,9.365357970422089,C66,frente,2024-05-02 1900UT,3876,1,O1_toros_01-04mai
-60.0,0.022808330064785814,9.483944866904686,C66,frente,2024-05-02 1900UT,4578,1,O1_toros_01-04mai
-55.0,0.022272337238793852,9.688765266666941,C66,frente,2024-05-02 1900UT,2277,1,O1_toros_01-04mai
-50.0,0.023866032474180485,9.10563878458729,C66,frente,2024-05-02 1900UT,1543,1,O1_toros_01-04mai
-45.0,0.03736756547977275,6.332735493042374,C66,frente,2024-05-02 1900UT,473,1,O1_toros_01-04mai
-40.0,0.04501145990096561,5.704858919707793,C66,frente,2024-05-02 1900UT,257,1,O1_toros_01-04mai
-35.0,0.0522373940162011,5.38600418367389,C66,frente,2024-05-02 1900UT,248,1,O1_toros_01-04mai
-30.0,0.05920687696652629,5.215950663254281,C66,frente,2024-05-02 1900UT,256,1,O1_toros_01-04mai
-25.0,0.07743292856215145,5.047289650720504,C66,frente,2024-05-02 1900UT,284,1,O1_toros_01-04mai
-20.0,0.09611320664449097,5.009969383769652,C66,frente,2024-05-02 1900UT,291,1,O1_toros_01-04mai
-15.0,0.10297893715343387,5.005626412800464,C66,frente,2024-05-02 1900UT,248,1,O1_toros_01-04mai
-70.0,0.026364453979649816,8.333955882979305,C66,traseira,2024-05-02 1900UT,4866,1,O1_toros_01-04mai
-65.0,0.02357289205444961,9.207167887259244,C66,traseira,2024-05-02 1900UT,3547,1,O1_toros_01-04mai
-60.0,0.020437358159178173,10.463470534456464,C66,traseira,2024-05-02 1900UT,2448,1,O1_toros_01-04mai
-55.0,0.019698983279036585,10.810202603337242,C66,traseira,2024-05-02 1900UT,2473,1,O1_toros_01-04mai
-50.0,0.020618431128862996,10.381648855169967,C66,traseira,2024-05-02 1900UT,1492,1,O1_toros_01-04mai
-45.0,0.0278927743599178,7.935270223377097,C66,traseira,2024-05-02 1900UT,479,1,O1_toros_01-04mai
-40.0,0.03481318349004492,6.648884102317699,C66,traseira,2024-05-02 1900UT,267,1,O1_toros_01-04mai
-35.0,0.052933252235580666,5.364302780661948,C66,traseira,2024-05-02 1900UT,126,1,O1_toros_01-04mai
-30.0,0.05980781912532313,5.205401732769837,C66,traseira,2024-05-02 1900UT,121,1,O1_toros_01-04mai
-25.0,0.06542546555474243,5.128615911283513,C66,traseira,2024-05-02 1900UT,119,1,O1_toros_01-04mai
-20.0,0.07106935720122148,5.080359171272683,C66,traseira,2024-05-02 1900UT,133,1,O1_toros_01-04mai
-15.0,0.0740169960555185,5.06285746205663,C66,traseira,2024-05-02 1900UT,99,1,O1_toros_01-04mai
-70.0,0.025310118960560485,8.640146888443965,C134,inteira,2024-05-02 1900UT,18,1,O1_toros_01-04mai
-65.0,0.025295207428515355,8.644661263383739,C134,inteira,2024-05-02 1900UT,9,1,O1_toros_01-04mai
-60.0,0.024244914820578993,8.978034341620729,C134,inteira,2024-05-02 1900UT,17,1,O1_toros_01-04mai
-55.0,0.02123859766699917,10.110586858584362,C134,inteira,2024-05-02 1900UT,31,1,O1_toros_01-04mai
-50.0,0.028360904438315307,7.822967618111285,C134,inteira,2024-05-02 1900UT,19,1,O1_toros_01-04mai
-45.0,0.032240928339308354,7.0430695399001175,C134,inteira,2024-05-02 1900UT,25,1,O1_toros_01-04mai
-40.0,0.04221148855317088,5.89009537022973,C134,inteira,2024-05-02 1900UT,29,1,O1_toros_01-04mai
-35.0,0.06669052853572242,5.115747213124783,C134,inteira,2024-05-02 1900UT,61,1,O1_toros_01-04mai
-30.0,0.0728197225324252,5.069452457212839,C134,inteira,2024-05-02 1900UT,39,1,O1_toros_01-04mai
-25.0,0.0842678239550568,5.027033726521019,C134,inteira,2024-05-02 1900UT,42,1,O1_toros_01-04mai
-20.0,0.09474522430585501,5.011173191599128,C134,inteira,2024-05-02 1900UT,31,1,O1_toros_01-04mai
-15.0,0.07835567490083542,5.044851066617591,C134,inteira,2024-05-02 1900UT,38,1,O1_toros_01-04mai
-60.0,0.02253765644473314,9.586515542557306,C126,frente,2024-05-02 1900UT,12,1,O1_toros_01-04mai
-55.0,0.021907892978994446,9.833349151187846,C126,frente,2024-05-02 1900UT,7,1,O1_toros_01-04mai
-50.0,0.021012131728352552,10.207950521074693,C126,frente,2024-05-02 1900UT,7,1,O1_toros_01-04mai
-45.0,0.023275580492791537,9.31270653735012,C126,frente,2024-05-02 1900UT,15,1,O1_toros_01-04mai
-40.0,0.02540089306410208,8.61270317108178,C126,frente,2024-05-02 1900UT,33,1,O1_toros_01-04mai
-35.0,0.027687032625434572,7.98603171376377,C126,frente,2024-05-02 1900UT,100,1,O1_toros_01-04mai
-30.0,0.030508312178586686,7.360416374731599,C126,frente,2024-05-02 1900UT,93,1,O1_toros_01-04mai
-25.0,0.03683409587251614,6.393758411918247,C126,frente,2024-05-02 1900UT,58,1,O1_toros_01-04mai
-20.0,0.042268316908059295,5.8875414837809394,C126,frente,2024-05-02 1900UT,48,1,O1_toros_01-04mai
-15.0,0.04697112389322387,5.59865910915531,C126,frente,2024-05-02 1900UT,51,1,O1_toros_01-04mai
-60.0,0.024760139698230488,8.810913759914353,C126,traseira,2024-05-02 1900UT,14,1,O1_toros_01-04mai
-55.0,0.021747405206678908,9.89842445903265,C126,traseira,2024-05-02 1900UT,13,1,O1_toros_01-04mai
-50.0,0.02043367476582298,10.465154283070227,C126,traseira,2024-05-02 1900UT,28,1,O1_toros_01-04mai
-45.0,0.022118417535912135,9.750080290092555,C126,traseira,2024-05-02 1900UT,28,1,O1_toros_01-04mai
-40.0,0.021434532506845835,10.029371659888477,C126,traseira,2024-05-02 1900UT,22,1,O1_toros_01-04mai
-35.0,0.02602336328397596,8.430080652206247,C126,traseira,2024-05-02 1900UT,35,1,O1_toros_01-04mai
-30.0,0.031735519677756445,7.130956077841899,C126,traseira,2024-05-02 1900UT,45,1,O1_toros_01-04mai
-25.0,0.03350258334486628,6.83917193731389,C126,traseira,2024-05-02 1900UT,65,1,O1_toros_01-04mai
-20.0,0.033889432898780006,6.780827196391776,C126,traseira,2024-05-02 1900UT,69,1,O1_toros_01-04mai
-15.0,0.03604954379540082,6.487458162579933,C126,traseira,2024-05-02 1900UT,61,1,O1_toros_01-04mai
-65.0,0.024711782820412396,8.826238273902067,C129,frente,2024-05-02 1900UT,143,1,O1_toros_01-04mai
-60.0,0.017531412441131936,11.960465434623398,C129,frente,2024-05-02 1900UT,551,1,O1_toros_01-04mai
-55.0,0.014553886603933,13.920691785393775,C129,frente,2024-05-02 1900UT,265,1,O1_toros_01-04mai
-50.0,0.012719957400421651,15.39375474961774,C129,frente,2024-05-02 1900UT,224,1,O1_toros_01-04mai
-45.0,0.013523801686584529,14.720274975960884,C129,frente,2024-05-02 1900UT,187,1,O1_toros_01-04mai
-40.0,0.024359756304896712,8.940145649825741,C129,frente,2024-05-02 1900UT,87,1,O1_toros_01-04mai
-35.0,0.04071891895422991,6.035415844824122,C129,frente,2024-05-02 1900UT,38,1,O1_toros_01-04mai
-30.0,0.04296914383955831,5.835925876435455,C129,frente,2024-05-02 1900UT,50,1,O1_toros_01-04mai
-25.0,0.03599996179491724,6.493616806341157,C129,frente,2024-05-02 1900UT,75,1,O1_toros_01-04mai
-20.0,0.04274146607875719,5.85163993052574,C129,frente,2024-05-02 1900UT,81,1,O1_toros_01-04mai
-15.0,0.10254780131451563,5.005831664998517,C129,frente,2024-05-02 1900UT,165,1,O1_toros_01-04mai
-60.0,0.025013175740908725,8.731334968100615,C129,traseira,2024-05-02 1900UT,557,1,O1_toros_01-04mai
-55.0,0.022854112027560006,9.466872375978642,C129,traseira,2024-05-02 1900UT,840,1,O1_toros_01-04mai
-50.0,0.0172788999237181,12.108484386851103,C129,traseira,2024-05-02 1900UT,543,1,O1_toros_01-04mai
-45.0,0.0311276432373443,7.241747683572335,C129,traseira,2024-05-02 1900UT,120,1,O1_toros_01-04mai
-40.0,0.03687465603132023,6.3886958132144205,C129,traseira,2024-05-02 1900UT,52,1,O1_toros_01-04mai
-35.0,0.044272136594613154,5.749782354055414,C129,traseira,2024-05-02 1900UT,22,1,O1_toros_01-04mai
-30.0,0.050365234508908174,5.451172515861915,C129,traseira,2024-05-02 1900UT,15,1,O1_toros_01-04mai
-25.0,0.07619254539505096,5.053225363326117,C129,traseira,2024-05-02 1900UT,18,1,O1_toros_01-04mai
-20.0,0.08850085612661752,5.018800459607782,C129,traseira,2024-05-02 1900UT,13,1,O1_toros_01-04mai
-15.0,0.10273907531331751,5.005739448073129,C129,traseira,2024-05-02 1900UT,7,1,O1_toros_01-04mai
-60.0,0.026079103007029886,8.414184952897454,C128,frente,2024-05-02 1900UT,89,1,O1_toros_01-04mai
-55.0,0.028308458771212224,7.835332319884645,C128,frente,2024-05-02 1900UT,355,1,O1_toros_01-04mai
-50.0,0.02418287897177426,8.998652651880311,C128,frente,2024-05-02 1900UT,305,1,O1_toros_01-04mai
-45.0,0.04037522829394755,6.037449381600153,C128,frente,2024-05-02 1900UT,66,1,O1_toros_01-04mai
-40.0,0.026019722022104414,8.431121628625682,C128,frente,2024-05-02 1900UT,151,1,O1_toros_01-04mai
-35.0,0.06579400519569217,5.124726487279423,C128,frente,2024-05-02 1900UT,54,1,O1_toros_01-04mai
-30.0,0.0800876215909704,5.037908007471658,C128,frente,2024-05-02 1900UT,26,1,O1_toros_01-04mai
-25.0,0.09035084335667906,5.0161147064195015,C128,frente,2024-05-02 1900UT,16,1,O1_toros_01-04mai
-20.0,0.09510784903938195,5.010840602482453,C128,frente,2024-05-02 1900UT,11,1,O1_toros_01-04mai
-15.0,0.09309600671528612,5.012828622992276,C128,frente,2024-05-02 1900UT,12,1,O1_toros_01-04mai
-60.0,0.026539564646074293,8.285658193031257,C128,traseira,2024-05-02 1900UT,104,1,O1_toros_01-04mai
-55.0,0.024571280024697346,8.871323604922289,C128,traseira,2024-05-02 1900UT,184,1,O1_toros_01-04mai
-50.0,0.025324449034831567,8.63579076310804,C128,traseira,2024-05-02 1900UT,171,1,O1_toros_01-04mai
-45.0,0.024737194481920355,8.818144967208276,C128,traseira,2024-05-02 1900UT,130,1,O1_toros_01-04mai
-40.0,0.01978675707366492,10.767859025308592,C128,traseira,2024-05-02 1900UT,103,1,O1_toros_01-04mai
-35.0,0.024922608178049827,8.759603000390056,C128,traseira,2024-05-02 1900UT,5,1,O1_toros_01-04mai
-60.0,0.017242572395921314,12.130036464642327,C76,frente,2024-05-02 1900UT,83,1,O1_toros_01-04mai
-55.0,0.01668494579845575,12.469180082867384,C76,frente,2024-05-02 1900UT,483,1,O1_toros_01-04mai
-50.0,0.01989783844189063,10.7147197564695,C76,frente,2024-05-02 1900UT,186,1,O1_toros_01-04mai
-45.0,0.022454206009350924,9.618239387703046,C76,frente,2024-05-02 1900UT,137,1,O1_toros_01-04mai
-40.0,0.022532724229439905,9.588120038676175,C76,frente,2024-05-02 1900UT,33,1,O1_toros_01-04mai
-60.0,0.019197690788579237,11.058068517266623,C76,traseira,2024-05-02 1900UT,52,1,O1_toros_01-04mai
-55.0,0.018768249805234387,11.278785465476208,C76,traseira,2024-05-02 1900UT,297,1,O1_toros_01-04mai
-50.0,0.021376879439818378,10.05203384721196,C76,traseira,2024-05-02 1900UT,140,1,O1_toros_01-04mai
-45.0,0.023019724419209617,9.406115690121968,C76,traseira,2024-05-02 1900UT,18,1,O1_toros_01-04mai
-60.0,0.01580583622338384,13.036907444964175,C130,frente,2024-05-02 1900UT,25,1,O1_toros_01-04mai
-55.0,0.01719154649966529,12.160419641155018,C130,frente,2024-05-02 1900UT,164,1,O1_toros_01-04mai
-50.0,0.018813344222066177,11.25523489574267,C130,frente,2024-05-02 1900UT,89,1,O1_toros_01-04mai
-60.0,0.0159699097384315,12.927770053514163,C130,traseira,2024-05-02 1900UT,28,1,O1_toros_01-04mai
-55.0,0.017107449659410977,12.210776020996743,C130,traseira,2024-05-02 1900UT,235,1,O1_toros_01-04mai
-60.0,0.01431731900011357,14.09829892732678,C109,frente,2024-05-02 1900UT,13,1,O1_toros_01-04mai
-55.0,0.017484077405201633,11.987976496925244,C109,frente,2024-05-02 1900UT,320,1,O1_toros_01-04mai
-60.0,0.015273590858728965,13.401398192070607,C109,traseira,2024-05-02 1900UT,19,1,O1_toros_01-04mai
-55.0,0.016306588522348453,12.708433902931777,C109,traseira,2024-05-02 1900UT,280,1,O1_toros_01-04mai
-50.0,0.01973224023544164,10.79412242481406,C109,traseira,2024-05-02 1900UT,161,1,O1_toros_01-04mai
-45.0,0.021872095999094322,9.847788953235398,C109,traseira,2024-05-02 1900UT,131,1,O1_toros_01-04mai
-60.0,0.024703978830393377,8.82872741030582,C133,frente,2024-05-02 1900UT,49,1,O1_toros_01-04mai
-55.0,0.020383607957994383,10.487997227128549,C133,frente,2024-05-02 1900UT,165,1,O1_toros_01-04mai
-50.0,0.019321950543269677,10.995653777867584,C133,frente,2024-05-02 1900UT,551,1,O1_toros_01-04mai
-45.0,0.027832899921697456,7.949962165883569,C133,frente,2024-05-02 1900UT,282,1,O1_toros_01-04mai
-40.0,0.03454380453365941,6.686317241094546,C133,frente,2024-05-02 1900UT,25,1,O1_toros_01-04mai
-60.0,0.024776226303980492,8.806705631432173,C133,traseira,2024-05-02 1900UT,52,1,O1_toros_01-04mai
-55.0,0.026006816189730723,8.434813737058057,C133,traseira,2024-05-02 1900UT,225,1,O1_toros_01-04mai
-50.0,0.025230019657666945,8.66451408321167,C133,traseira,2024-05-02 1900UT,693,1,O1_toros_01-04mai
-45.0,0.020143815241894188,10.598801086332998,C133,traseira,2024-05-02 1900UT,128,1,O1_toros_01-04mai
-65.0,0.024631119848470395,8.852044556420312,C126,frente,2024-05-02 2000UT,35,1,O1_toros_01-04mai
-60.0,0.025402605181342325,8.61218889597474,C126,frente,2024-05-02 2000UT,186,1,O1_toros_01-04mai
-55.0,0.03071715071377254,7.319707165674472,C126,frente,2024-05-02 2000UT,58,1,O1_toros_01-04mai
-50.0,0.03405645014679773,6.756213146058404,C126,frente,2024-05-02 2000UT,15,1,O1_toros_01-04mai
-45.0,0.044429109486339276,5.739908751725481,C126,frente,2024-05-02 2000UT,13,1,O1_toros_01-04mai
-40.0,0.06389939354126783,5.14605791174837,C126,frente,2024-05-02 2000UT,5,1,O1_toros_01-04mai
-65.0,0.02463412840268687,8.851078920399694,C126,traseira,2024-05-02 2000UT,5,1,O1_toros_01-04mai
-60.0,0.027283157078226927,8.088238796435654,C126,traseira,2024-05-02 2000UT,200,1,O1_toros_01-04mai
-55.0,0.02853981854271753,7.781190967482483,C126,traseira,2024-05-02 2000UT,118,1,O1_toros_01-04mai
-50.0,0.031611379571561994,7.153115258162265,C126,traseira,2024-05-02 2000UT,43,1,O1_toros_01-04mai
-45.0,0.032043205547170696,7.077011855211882,C126,traseira,2024-05-02 2000UT,41,1,O1_toros_01-04mai
-40.0,0.031881954764578446,7.105110201345779,C126,traseira,2024-05-02 2000UT,25,1,O1_toros_01-04mai
-35.0,0.04405296640733331,5.763468698700077,C126,traseira,2024-05-02 2000UT,37,1,O1_toros_01-04mai
-30.0,0.058013718651992896,5.238525472202123,C126,traseira,2024-05-02 2000UT,41,1,O1_toros_01-04mai
-25.0,0.07062231721701824,5.083409278754561,C126,traseira,2024-05-02 2000UT,49,1,O1_toros_01-04mai
-20.0,0.09996533262846605,5.007232362757156,C126,traseira,2024-05-02 2000UT,52,1,O1_toros_01-04mai
-15.0,0.10739386963463715,5.003894620181081,C126,traseira,2024-05-02 2000UT,48,1,O1_toros_01-04mai
-65.0,0.028814330385509856,7.718290480409593,C135,inteira,2024-05-02 2000UT,41,1,O1_toros_01-04mai
-60.0,0.03425329910306064,6.727639134328524,C135,inteira,2024-05-02 2000UT,66,1,O1_toros_01-04mai
-55.0,0.04806242181996426,5.546618349024971,C135,inteira,2024-05-02 2000UT,51,1,O1_toros_01-04mai
-50.0,0.06181823171715986,5.1737180097385975,C135,inteira,2024-05-02 2000UT,45,1,O1_toros_01-04mai
-45.0,0.08223600236346507,5.0316884564172515,C135,inteira,2024-05-02 2000UT,29,1,O1_toros_01-04mai
-40.0,0.08617971654448275,5.022876330286425,C135,inteira,2024-05-02 2000UT,34,1,O1_toros_01-04mai
-35.0,0.08988777711733786,5.016748430753647,C135,inteira,2024-05-02 2000UT,53,1,O1_toros_01-04mai
-30.0,0.09591830687161022,5.0101580279992985,C135,inteira,2024-05-02 2000UT,56,1,O1_toros_01-04mai
-25.0,0.10235785655776232,5.005924707275553,C135,inteira,2024-05-02 2000UT,69,1,O1_toros_01-04mai
-20.0,0.10176308899165398,5.006225758265635,C135,inteira,2024-05-02 2000UT,59,1,O1_toros_01-04mai
-15.0,0.08781206931375252,5.020148642640908,C135,inteira,2024-05-02 2000UT,26,1,O1_toros_01-04mai
-70.0,0.022104611885582263,9.754760806690498,C123,frente,2024-05-02 2000UT,169,1,O1_toros_01-04mai
-65.0,0.021189722178624745,10.131444508292201,C123,frente,2024-05-02 2000UT,1353,1,O1_toros_01-04mai
-60.0,0.020429985958014037,10.466827966684951,C123,frente,2024-05-02 2000UT,3617,1,O1_toros_01-04mai
-55.0,0.02306141377753831,9.390367340336523,C123,frente,2024-05-02 2000UT,2575,1,O1_toros_01-04mai
-50.0,0.03567974340756721,6.534010320919396,C123,frente,2024-05-02 2000UT,569,1,O1_toros_01-04mai
-45.0,0.045716670430668786,5.664633590451059,C123,frente,2024-05-02 2000UT,234,1,O1_toros_01-04mai
-40.0,0.04872903277665934,5.517086162848887,C123,frente,2024-05-02 2000UT,90,1,O1_toros_01-04mai
-35.0,0.057133253732034636,5.256684622872153,C123,frente,2024-05-02 2000UT,37,1,O1_toros_01-04mai
-30.0,0.06661607525779195,5.116621759401735,C123,frente,2024-05-02 2000UT,38,1,O1_toros_01-04mai
-25.0,0.06724086519949839,5.110558769179232,C123,frente,2024-05-02 2000UT,29,1,O1_toros_01-04mai
-20.0,0.08112950917939521,5.034749327837849,C123,frente,2024-05-02 2000UT,9,1,O1_toros_01-04mai
-70.0,0.022514356145393773,9.595148332367653,C123,traseira,2024-05-02 2000UT,1678,1,O1_toros_01-04mai
-65.0,0.024408290612948705,8.924241814125946,C123,traseira,2024-05-02 2000UT,2690,1,O1_toros_01-04mai
-60.0,0.024934119870562984,8.755998113621676,C123,traseira,2024-05-02 2000UT,999,1,O1_toros_01-04mai
-55.0,0.02698993265653915,8.164633569553146,C123,traseira,2024-05-02 2000UT,486,1,O1_toros_01-04mai
-50.0,0.034984808914362495,6.625471193762897,C123,traseira,2024-05-02 2000UT,254,1,O1_toros_01-04mai
-45.0,0.048855760554644294,5.511905424470728,C123,traseira,2024-05-02 2000UT,174,1,O1_toros_01-04mai
-40.0,0.06341868948762372,5.152029736511704,C123,traseira,2024-05-02 2000UT,192,1,O1_toros_01-04mai
-35.0,0.07352588677922087,5.065483318383896,C123,traseira,2024-05-02 2000UT,229,1,O1_toros_01-04mai
-30.0,0.08507547424442512,5.0250113521284865,C123,traseira,2024-05-02 2000UT,241,1,O1_toros_01-04mai
-25.0,0.07029382506113961,5.085724091937059,C123,traseira,2024-05-02 2000UT,249,1,O1_toros_01-04mai
-20.0,0.070043981670702,5.08753340017801,C123,traseira,2024-05-02 2000UT,340,1,O1_toros_01-04mai
-15.0,0.09173886878923906,5.014354263080852,C123,traseira,2024-05-02 2000UT,320,1,O1_toros_01-04mai
-70.0,0.025781236195791094,8.499993222317915,C66,frente,2024-05-02 2000UT,1623,1,O1_toros_01-04mai
-65.0,0.02722311645475703,8.103729161261217,C66,frente,2024-05-02 2000UT,2181,1,O1_toros_01-04mai
-60.0,0.027044518950825314,8.150268471414304,C66,frente,2024-05-02 2000UT,1148,1,O1_toros_01-04mai
-55.0,0.034181865506119395,6.737954052479754,C66,frente,2024-05-02 2000UT,439,1,O1_toros_01-04mai
-50.0,0.04659288986597594,5.617829073113459,C66,frente,2024-05-02 2000UT,341,1,O1_toros_01-04mai
-45.0,0.06174186960027492,5.17483460519434,C66,frente,2024-05-02 2000UT,220,1,O1_toros_01-04mai
-40.0,0.08298324318396039,5.029775395416796,C66,frente,2024-05-02 2000UT,171,1,O1_toros_01-04mai
-35.0,0.09822439502670113,5.008367075886417,C66,frente,2024-05-02 2000UT,156,1,O1_toros_01-04mai
-30.0,0.11547278921077604,5.0019861939638,C66,frente,2024-05-02 2000UT,181,1,O1_toros_01-04mai
-25.0,0.11101310042017382,5.002880212171938,C66,frente,2024-05-02 2000UT,288,1,O1_toros_01-04mai
-20.0,0.11758106418883935,5.001666175107739,C66,frente,2024-05-02 2000UT,249,1,O1_toros_01-04mai
-15.0,0.14374025728561882,5.000188359649735,C66,frente,2024-05-02 2000UT,91,1,O1_toros_01-04mai
-70.0,0.033728051200824186,6.804941746405809,C66,traseira,2024-05-02 2000UT,922,1,O1_toros_01-04mai
-65.0,0.027915935109619427,7.929610432096917,C66,traseira,2024-05-02 2000UT,1191,1,O1_toros_01-04mai
-60.0,0.024946240525249522,8.752207765620586,C66,traseira,2024-05-02 2000UT,858,1,O1_toros_01-04mai
-55.0,0.02841747463363351,7.809690951222967,C66,traseira,2024-05-02 2000UT,897,1,O1_toros_01-04mai
-50.0,0.03217695041414251,7.053991241031273,C66,traseira,2024-05-02 2000UT,503,1,O1_toros_01-04mai
-45.0,0.0375380421158327,6.3139366587206425,C66,traseira,2024-05-02 2000UT,222,1,O1_toros_01-04mai
-40.0,0.03884069655572727,6.178774290373681,C66,traseira,2024-05-02 2000UT,190,1,O1_toros_01-04mai
-35.0,0.04112732049072127,5.974258756119509,C66,traseira,2024-05-02 2000UT,84,1,O1_toros_01-04mai
-30.0,0.09459733722405864,5.011311741140871,C66,traseira,2024-05-02 2000UT,23,1,O1_toros_01-04mai
-25.0,0.09326337270642944,5.012641751347686,C66,traseira,2024-05-02 2000UT,31,1,O1_toros_01-04mai
-20.0,0.10306488725869872,5.005585712821234,C66,traseira,2024-05-02 2000UT,25,1,O1_toros_01-04mai
-15.0,0.08185991684999479,5.032697313649748,C66,traseira,2024-05-02 2000UT,11,1,O1_toros_01-04mai
-60.0,0.018501329700542576,11.420011484845027,C129,frente,2024-05-02 2000UT,23,1,O1_toros_01-04mai
-55.0,0.021549326148948347,9.981746645214562,C129,frente,2024-05-02 2000UT,24,1,O1_toros_01-04mai
-50.0,0.020664938532948637,10.360843290462629,C129,frente,2024-05-02 2000UT,72,1,O1_toros_01-04mai
-45.0,0.021053019905770756,10.190237017087796,C129,frente,2024-05-02 2000UT,66,1,O1_toros_01-04mai
-40.0,0.025998465376917874,8.43720485950099,C129,frente,2024-05-02 2000UT,39,1,O1_toros_01-04mai
-35.0,0.031951985569251565,7.09288058121754,C129,frente,2024-05-02 2000UT,40,1,O1_toros_01-04mai
-30.0,0.044952319697900305,5.708341285455357,C129,frente,2024-05-02 2000UT,43,1,O1_toros_01-04mai
-25.0,0.053088662367007836,5.359579325395988,C129,frente,2024-05-02 2000UT,70,1,O1_toros_01-04mai
-20.0,0.05298131137760108,5.362796974600396,C129,frente,2024-05-02 2000UT,103,1,O1_toros_01-04mai
-15.0,0.05575387267597591,5.287952807629932,C129,frente,2024-05-02 2000UT,71,1,O1_toros_01-04mai
-60.0,0.022778734695951368,9.495056452629612,C129,traseira,2024-05-02 2000UT,26,1,O1_toros_01-04mai
-55.0,0.023305632617988965,9.302208954225392,C129,traseira,2024-05-02 2000UT,30,1,O1_toros_01-04mai
-50.0,0.02083515507813108,10.285622826361893,C129,traseira,2024-05-02 2000UT,46,1,O1_toros_01-04mai
-45.0,0.021104243531891647,10.168292931566643,C129,traseira,2024-05-02 2000UT,72,1,O1_toros_01-04mai
-40.0,0.025482531989604536,8.588208486791842,C129,traseira,2024-05-02 2000UT,69,1,O1_toros_01-04mai
-35.0,0.03193510977980549,7.097338973445513,C129,traseira,2024-05-02 2000UT,30,1,O1_toros_01-04mai
-30.0,0.03904651964460057,6.158725558412834,C129,traseira,2024-05-02 2000UT,29,1,O1_toros_01-04mai
-25.0,0.030906019335661887,7.29213784423105,C129,traseira,2024-05-02 2000UT,18,1,O1_toros_01-04mai
-20.0,0.02803878898131298,7.899770608131238,C129,traseira,2024-05-02 2000UT,29,1,O1_toros_01-04mai
-15.0,0.01813330392780893,11.619955984180041,C129,traseira,2024-05-02 2000UT,35,1,O1_toros_01-04mai
-60.0,0.02540890190453653,8.610299067115985,C136,inteira,2024-05-02 2000UT,110,1,O1_toros_01-04mai
-55.0,0.020000705885464477,10.665934783573388,C136,inteira,2024-05-02 2000UT,133,1,O1_toros_01-04mai
-50.0,0.020613925892814036,10.383669602592942,C136,inteira,2024-05-02 2000UT,109,1,O1_toros_01-04mai
-45.0,0.024307461008567344,8.961232315645477,C136,inteira,2024-05-02 2000UT,76,1,O1_toros_01-04mai
-40.0,0.021005938900434076,10.210638876485543,C136,inteira,2024-05-02 2000UT,77,1,O1_toros_01-04mai
-35.0,0.04160050583175939,5.936687920728911,C136,inteira,2024-05-02 2000UT,70,1,O1_toros_01-04mai
-30.0,0.03817712765496291,6.249595002779897,C136,inteira,2024-05-02 2000UT,92,1,O1_toros_01-04mai
-25.0,0.045588739929625706,5.67175319239638,C136,inteira,2024-05-02 2000UT,127,1,O1_toros_01-04mai
-20.0,0.03587089136777677,6.509768660839032,C136,inteira,2024-05-02 2000UT,137,1,O1_toros_01-04mai
-15.0,0.03194730936780395,7.093676478046494,C136,inteira,2024-05-02 2000UT,181,1,O1_toros_01-04mai
-60.0,0.025588065855942012,8.556790382802323,C137,inteira,2024-05-02 2000UT,101,1,O1_toros_01-04mai
-55.0,0.02747832953172719,8.038417948614843,C137,inteira,2024-05-02 2000UT,264,1,O1_toros_01-04mai
-50.0,0.02604090903984453,8.425246705423405,C137,inteira,2024-05-02 2000UT,234,1,O1_toros_01-04mai
-45.0,0.0221076421829117,9.753560263365792,C137,inteira,2024-05-02 2000UT,281,1,O1_toros_01-04mai
-40.0,0.023703761269446396,9.161588909996299,C137,inteira,2024-05-02 2000UT,146,1,O1_toros_01-04mai
-35.0,0.03116821230875567,7.234117635004848,C137,inteira,2024-05-02 2000UT,89,1,O1_toros_01-04mai
-30.0,0.04758946200528382,5.568592586065586,C137,inteira,2024-05-02 2000UT,23,1,O1_toros_01-04mai
-25.0,0.05221803051212991,5.39705028692906,C137,inteira,2024-05-02 2000UT,20,1,O1_toros_01-04mai
-20.0,0.06223641397917502,5.179494129072449,C137,inteira,2024-05-02 2000UT,12,1,O1_toros_01-04mai
-15.0,0.07382210283382874,5.063886671622849,C137,inteira,2024-05-02 2000UT,13,1,O1_toros_01-04mai
-60.0,0.041140406597022734,5.973195944991933,C128,frente,2024-05-02 2000UT,25,1,O1_toros_01-04mai
-55.0,0.0329977396361934,6.918197823744279,C128,frente,2024-05-02 2000UT,172,1,O1_toros_01-04mai
-50.0,0.03445347746049569,6.699061119004214,C128,frente,2024-05-02 2000UT,124,1,O1_toros_01-04mai
-45.0,0.035718860285897165,6.529060442360989,C128,frente,2024-05-02 2000UT,60,1,O1_toros_01-04mai
-40.0,0.02892457386703573,7.694496698809372,C128,frente,2024-05-02 2000UT,78,1,O1_toros_01-04mai
-35.0,0.04001361572645137,6.069009583096939,C128,frente,2024-05-02 2000UT,60,1,O1_toros_01-04mai
-30.0,0.05607989180924838,5.28023494572597,C128,frente,2024-05-02 2000UT,13,1,O1_toros_01-04mai
-60.0,0.035051386270701014,6.616476088241329,C128,traseira,2024-05-02 2000UT,31,1,O1_toros_01-04mai
-55.0,0.03074215953273713,7.314865174882009,C128,traseira,2024-05-02 2000UT,168,1,O1_toros_01-04mai
-50.0,0.03628165632944136,6.459001786015526,C128,traseira,2024-05-02 2000UT,80,1,O1_toros_01-04mai
-45.0,0.04318997932273548,5.820405866553626,C128,traseira,2024-05-02 2000UT,50,1,O1_toros_01-04mai
-40.0,0.04102025131586461,5.982989446740747,C128,traseira,2024-05-02 2000UT,43,1,O1_toros_01-04mai
-35.0,0.04266748410307358,5.860691304784683,C128,traseira,2024-05-02 2000UT,10,1,O1_toros_01-04mai
-30.0,0.050588829969733684,5.44284367507439,C128,traseira,2024-05-02 2000UT,7,1,O1_toros_01-04mai
-65.0,0.08720211876309573,5.0209504778278005,C152,inteira,2024-05-03 1100UT,8,1,O1_toros_01-04mai
-60.0,0.08314988929952515,5.029364757153709,C152,inteira,2024-05-03 1100UT,47,1,O1_toros_01-04mai
-55.0,0.08201108412337466,5.032288522346634,C152,inteira,2024-05-03 1100UT,254,1,O1_toros_01-04mai
-50.0,0.08845986426919841,5.018866875812599,C152,inteira,2024-05-03 1100UT,200,1,O1_toros_01-04mai
-45.0,0.1017136045890809,5.006253392993125,C152,inteira,2024-05-03 1100UT,120,1,O1_toros_01-04mai
-40.0,0.12541776060690793,5.000867165110201,C152,inteira,2024-05-03 1100UT,104,1,O1_toros_01-04mai
-35.0,0.12309520951026073,5.001052348738693,C152,inteira,2024-05-03 1100UT,100,1,O1_toros_01-04mai
-30.0,0.13029734570223156,5.0005786758678585,C152,inteira,2024-05-03 1100UT,58,1,O1_toros_01-04mai
-25.0,0.15282778044911444,5.000088630664145,C152,inteira,2024-05-03 1100UT,68,1,O1_toros_01-04mai
-20.0,0.14927811668658156,5.000118731528627,C152,inteira,2024-05-03 1100UT,51,1,O1_toros_01-04mai
-15.0,0.13620267492461896,5.000353219335421,C152,inteira,2024-05-03 1100UT,20,1,O1_toros_01-04mai
-60.0,0.062198330259377564,5.168301745476301,C153,inteira,2024-05-03 1100UT,63,1,O1_toros_01-04mai
-55.0,0.07231271343620829,5.0724497492408585,C153,inteira,2024-05-03 1100UT,147,1,O1_toros_01-04mai
-50.0,0.07135257263675274,5.07848479728824,C153,inteira,2024-05-03 1100UT,185,1,O1_toros_01-04mai
-45.0,0.08526680918543096,5.024615719145481,C153,inteira,2024-05-03 1100UT,179,1,O1_toros_01-04mai
-40.0,0.10253283339431693,5.005839602282558,C153,inteira,2024-05-03 1100UT,154,1,O1_toros_01-04mai
-35.0,0.11433038735796476,5.002184572988432,C153,inteira,2024-05-03 1100UT,109,1,O1_toros_01-04mai
-30.0,0.1079914948601541,5.0037145488106605,C153,inteira,2024-05-03 1100UT,94,1,O1_toros_01-04mai
-25.0,0.18596325516348364,5.000005583267571,C153,inteira,2024-05-03 1100UT,88,1,O1_toros_01-04mai
-20.0,0.18329367730826512,5.000006974319991,C153,inteira,2024-05-03 1100UT,87,1,O1_toros_01-04mai
-15.0,0.2092813601499433,5.0000008380724275,C153,inteira,2024-05-03 1100UT,58,1,O1_toros_01-04mai
-60.0,0.054651347829687315,5.315662522091254,C154,inteira,2024-05-03 1100UT,57,1,O1_toros_01-04mai
-55.0,0.05105170883495819,5.4260988790437565,C154,inteira,2024-05-03 1100UT,164,1,O1_toros_01-04mai
-50.0,0.04649653393079775,5.622811260073739,C154,inteira,2024-05-03 1100UT,246,1,O1_toros_01-04mai
-45.0,0.04449171854261174,5.736058389218872,C154,inteira,2024-05-03 1100UT,119,1,O1_toros_01-04mai
-40.0,0.04372236626963892,5.784843409606891,C154,inteira,2024-05-03 1100UT,92,1,O1_toros_01-04mai
-35.0,0.0509126164787562,5.431054538157949,C154,inteira,2024-05-03 1100UT,57,1,O1_toros_01-04mai
-30.0,0.07557869921192405,5.055187016998526,C154,inteira,2024-05-03 1100UT,81,1,O1_toros_01-04mai
-25.0,0.05743586577837341,5.251673327426361,C154,inteira,2024-05-03 1100UT,70,1,O1_toros_01-04mai
-20.0,0.028209829962017957,7.858732138030648,C154,inteira,2024-05-03 1100UT,53,1,O1_toros_01-04mai
-60.0,0.028259371475755538,7.846954307117404,C143,frente,2024-05-03 1100UT,31,1,O1_toros_01-04mai
-55.0,0.027560589372242886,8.017731411729558,C143,frente,2024-05-03 1100UT,168,1,O1_toros_01-04mai
-50.0,0.028889782331991607,7.701268898995531,C143,frente,2024-05-03 1100UT,168,1,O1_toros_01-04mai
-45.0,0.029647217417687152,7.536020020968719,C143,frente,2024-05-03 1100UT,112,1,O1_toros_01-04mai
-40.0,0.02533479240374805,8.632658252901015,C143,frente,2024-05-03 1100UT,67,1,O1_toros_01-04mai
-35.0,0.01553015468392582,13.223680223835396,C143,frente,2024-05-03 1100UT,29,1,O1_toros_01-04mai
-30.0,0.014107035603825799,14.25913916268091,C143,frente,2024-05-03 1100UT,19,1,O1_toros_01-04mai
-60.0,0.034114715338943294,6.747706639455066,C143,traseira,2024-05-03 1100UT,41,1,O1_toros_01-04mai
-55.0,0.035572775623477916,6.547745588333415,C143,traseira,2024-05-03 1100UT,147,1,O1_toros_01-04mai
-50.0,0.041131990323933484,5.975035580408981,C143,traseira,2024-05-03 1100UT,54,1,O1_toros_01-04mai
-45.0,0.04057149566290699,6.022710355835958,C143,traseira,2024-05-03 1100UT,30,1,O1_toros_01-04mai
-40.0,0.054790862315484204,5.312013815627746,C143,traseira,2024-05-03 1100UT,5,1,O1_toros_01-04mai
-60.0,0.07616898118673367,5.052538044365849,C145,frente,2024-05-03 1100UT,95,1,O1_toros_01-04mai
-55.0,0.07363264604857062,5.064903552669159,C145,frente,2024-05-03 1100UT,80,1,O1_toros_01-04mai
-50.0,0.07004261818605614,5.087537547167375,C145,frente,2024-05-03 1100UT,147,1,O1_toros_01-04mai
-45.0,0.06467952807911655,5.136920405748981,C145,frente,2024-05-03 1100UT,122,1,O1_toros_01-04mai
-40.0,0.053976429187674174,5.333925159663475,C145,frente,2024-05-03 1100UT,37,1,O1_toros_01-04mai
-35.0,0.0376309708090179,6.303800091356003,C145,frente,2024-05-03 1100UT,7,1,O1_toros_01-04mai
-60.0,0.07077989776158435,5.0823211323731545,C145,traseira,2024-05-03 1100UT,63,1,O1_toros_01-04mai
-55.0,0.06669905810045285,5.1156735021566,C145,traseira,2024-05-03 1100UT,50,1,O1_toros_01-04mai
-60.0,0.0632425911321387,5.154275414253077,C155,inteira,2024-05-03 1100UT,240,1,O1_toros_01-04mai
-55.0,0.053334443245646845,5.35235874297054,C155,inteira,2024-05-03 1100UT,426,1,O1_toros_01-04mai
-50.0,0.04687902354801965,5.603328934430372,C155,inteira,2024-05-03 1100UT,158,1,O1_toros_01-04mai
-45.0,0.051531300578286435,5.409393834165788,C155,inteira,2024-05-03 1100UT,99,1,O1_toros_01-04mai
-40.0,0.053819744596333687,5.338313826094886,C155,inteira,2024-05-03 1100UT,67,1,O1_toros_01-04mai
-35.0,0.04595437486309512,5.651593839362986,C155,inteira,2024-05-03 1100UT,27,1,O1_toros_01-04mai
-30.0,0.045988035343863205,5.65413730535267,C155,inteira,2024-05-03 1100UT,20,1,O1_toros_01-04mai
-25.0,0.05330633176865258,5.353102487123541,C155,inteira,2024-05-03 1100UT,5,1,O1_toros_01-04mai
-60.0,0.03854499861076013,6.208178875262334,C157,inteira,2024-05-03 1100UT,41,1,O1_toros_01-04mai
-55.0,0.04637604873158311,5.629094782540764,C157,inteira,2024-05-03 1100UT,165,1,O1_toros_01-04mai
-50.0,0.029489802430182937,7.570966434388103,C157,inteira,2024-05-03 1100UT,36,1,O1_toros_01-04mai
-65.0,0.07119996420649957,5.079600525328237,C158,inteira,2024-05-03 1100UT,40,1,O1_toros_01-04mai
-60.0,0.058655933339751665,5.2261001979348105,C158,inteira,2024-05-03 1100UT,502,1,O1_toros_01-04mai
-55.0,0.054566630250857034,5.3178997444404015,C158,inteira,2024-05-03 1100UT,546,1,O1_toros_01-04mai
-50.0,0.05779134611164506,5.243006493475752,C158,inteira,2024-05-03 1100UT,276,1,O1_toros_01-04mai
-45.0,0.05681489085052029,5.263585665946316,C158,inteira,2024-05-03 1100UT,109,1,O1_toros_01-04mai
-40.0,0.06112609001615602,5.1840323994296105,C158,inteira,2024-05-03 1100UT,75,1,O1_toros_01-04mai
-35.0,0.057701180102423054,5.244819446412419,C158,inteira,2024-05-03 1100UT,31,1,O1_toros_01-04mai
-30.0,0.043217375387185855,5.818749840231812,C158,inteira,2024-05-03 1100UT,12,1,O1_toros_01-04mai
-60.0,0.0547338635162582,5.3135057047992404,C159,inteira,2024-05-03 1100UT,126,1,O1_toros_01-04mai
-55.0,0.05640440617016123,5.27275814309581,C159,inteira,2024-05-03 1100UT,519,1,O1_toros_01-04mai
-50.0,0.06126932263303214,5.181848836732053,C159,inteira,2024-05-03 1100UT,343,1,O1_toros_01-04mai
-45.0,0.055178965874813246,5.302084114796462,C159,inteira,2024-05-03 1100UT,223,1,O1_toros_01-04mai
-40.0,0.05033875814423393,5.452186066118708,C159,inteira,2024-05-03 1100UT,210,1,O1_toros_01-04mai
-35.0,0.04283843203260444,5.844785986271331,C159,inteira,2024-05-03 1100UT,73,1,O1_toros_01-04mai
-30.0,0.04324568974479037,5.816596572758457,C159,inteira,2024-05-03 1100UT,9,1,O1_toros_01-04mai
-60.0,0.06277173228261299,5.16044881313499,C160,inteira,2024-05-03 1100UT,195,1,O1_toros_01-04mai
-55.0,0.06101892545926508,5.185683238981773,C160,inteira,2024-05-03 1100UT,331,1,O1_toros_01-04mai
-50.0,0.05852698307117894,5.22853835946825,C160,inteira,2024-05-03 1100UT,389,1,O1_toros_01-04mai
-45.0,0.061736766761509146,5.174901781244255,C160,inteira,2024-05-03 1100UT,386,1,O1_toros_01-04mai
-40.0,0.0741868549402181,5.0619739880208545,C160,inteira,2024-05-03 1100UT,227,1,O1_toros_01-04mai
-35.0,0.08545865446549822,5.024227497506977,C160,inteira,2024-05-03 1100UT,182,1,O1_toros_01-04mai
-30.0,0.07860170909424972,5.042897396757672,C160,inteira,2024-05-03 1100UT,156,1,O1_toros_01-04mai
-25.0,0.0814930945826644,5.03401180132728,C160,inteira,2024-05-03 1100UT,56,1,O1_toros_01-04mai
-20.0,0.0806483156354585,5.036171072277669,C160,inteira,2024-05-03 1100UT,11,1,O1_toros_01-04mai
-65.0,0.053692904721836826,5.342612263601387,C161,inteira,2024-05-03 1100UT,6,1,O1_toros_01-04mai
-60.0,0.06371761505781343,5.148287269982434,C161,inteira,2024-05-03 1100UT,87,1,O1_toros_01-04mai
-55.0,0.0718372232419644,5.075378145873928,C161,inteira,2024-05-03 1100UT,103,1,O1_toros_01-04mai
-50.0,0.07790951069829685,5.045444574283027,C161,inteira,2024-05-03 1100UT,83,1,O1_toros_01-04mai
-45.0,0.06764219341775718,5.107037107911669,C161,inteira,2024-05-03 1100UT,78,1,O1_toros_01-04mai
-40.0,0.06294447985831317,5.158155596927354,C161,inteira,2024-05-03 1100UT,77,1,O1_toros_01-04mai
-35.0,0.08447461767712215,5.026302947871159,C161,inteira,2024-05-03 1100UT,88,1,O1_toros_01-04mai
-30.0,0.11878204993945173,5.001507503926058,C161,inteira,2024-05-03 1100UT,94,1,O1_toros_01-04mai
-25.0,0.11819727333527058,5.001582775391095,C161,inteira,2024-05-03 1100UT,143,1,O1_toros_01-04mai
-20.0,0.12172016549588821,5.001180107499957,C161,inteira,2024-05-03 1100UT,35,1,O1_toros_01-04mai
-65.0,0.061501950239596974,5.178357531678522,C162,inteira,2024-05-03 1100UT,151,1,O1_toros_01-04mai
-60.0,0.052239566760856435,5.385929854896433,C162,inteira,2024-05-03 1100UT,698,1,O1_toros_01-04mai
-55.0,0.06092535178676237,5.187136820873906,C162,inteira,2024-05-03 1100UT,1047,1,O1_toros_01-04mai
-50.0,0.05731105932703627,5.252909429332496,C162,inteira,2024-05-03 1100UT,672,1,O1_toros_01-04mai
-45.0,0.06410986023121305,5.143518551852146,C162,inteira,2024-05-03 1100UT,483,1,O1_toros_01-04mai
-40.0,0.07223355298811886,5.072929258643935,C162,inteira,2024-05-03 1100UT,373,1,O1_toros_01-04mai
-35.0,0.0871738304665975,5.020999080513267,C162,inteira,2024-05-03 1100UT,232,1,O1_toros_01-04mai
-30.0,0.09123614814550195,5.01496846151638,C162,inteira,2024-05-03 1100UT,164,1,O1_toros_01-04mai
-25.0,0.09280745520826446,5.013131291683176,C162,inteira,2024-05-03 1100UT,103,1,O1_toros_01-04mai
-20.0,0.09203193330914654,5.014007948028995,C162,inteira,2024-05-03 1100UT,85,1,O1_toros_01-04mai
-15.0,0.08690532322275965,5.0214923271137355,C162,inteira,2024-05-03 1100UT,44,1,O1_toros_01-04mai
-60.0,0.05510934282587238,5.3038418771569535,C163,inteira,2024-05-03 1100UT,25,1,O1_toros_01-04mai
-55.0,0.05942768642628965,5.212218557723884,C163,inteira,2024-05-03 1100UT,58,1,O1_toros_01-04mai
-50.0,0.05748256305237175,5.249320463986447,C163,inteira,2024-05-03 1100UT,115,1,O1_toros_01-04mai
-45.0,0.06376863430304851,5.147658149599362,C163,inteira,2024-05-03 1100UT,119,1,O1_toros_01-04mai
-40.0,0.0756452978376661,5.054881583755029,C163,inteira,2024-05-03 1100UT,84,1,O1_toros_01-04mai
-35.0,0.08828923894149851,5.019134941892995,C163,inteira,2024-05-03 1100UT,65,1,O1_toros_01-04mai
-30.0,0.09835241396291608,5.008274726320989,C163,inteira,2024-05-03 1100UT,60,1,O1_toros_01-04mai
-25.0,0.10628562369278476,5.0042708691430615,C163,inteira,2024-05-03 1100UT,89,1,O1_toros_01-04mai
-20.0,0.1060932775089093,5.004339950676551,C163,inteira,2024-05-03 1100UT,56,1,O1_toros_01-04mai
-15.0,0.10576850591015514,5.004458942993213,C163,inteira,2024-05-03 1100UT,8,1,O1_toros_01-04mai
-65.0,0.06973134230042564,5.089837947944151,C164,inteira,2024-05-03 1100UT,11,1,O1_toros_01-04mai
-60.0,0.05844585589707401,5.230088649948589,C164,inteira,2024-05-03 1100UT,311,1,O1_toros_01-04mai
-55.0,0.05885261856011952,5.22242006544568,C164,inteira,2024-05-03 1100UT,255,1,O1_toros_01-04mai
-50.0,0.06838588776887135,5.100497417967615,C164,inteira,2024-05-03 1100UT,146,1,O1_toros_01-04mai
-45.0,0.06989735190534546,5.088605636351747,C164,inteira,2024-05-03 1100UT,146,1,O1_toros_01-04mai
-40.0,0.09049239305645254,5.015927647296137,C164,inteira,2024-05-03 1100UT,138,1,O1_toros_01-04mai
-35.0,0.10323069219625441,5.005509224745765,C164,inteira,2024-05-03 1100UT,140,1,O1_toros_01-04mai
-30.0,0.11316918147417022,5.002406533999358,C164,inteira,2024-05-03 1100UT,95,1,O1_toros_01-04mai
-25.0,0.12227878473722847,5.001126430667919,C164,inteira,2024-05-03 1100UT,83,1,O1_toros_01-04mai
-20.0,0.12796448808657795,5.000701345476246,C164,inteira,2024-05-03 1100UT,35,1,O1_toros_01-04mai
-15.0,0.13962680778680012,5.000265374125335,C164,inteira,2024-05-03 1100UT,19,1,O1_toros_01-04mai
-65.0,0.06891941703784352,5.096126813972259,C151,frente,2024-05-03 1100UT,40,1,O1_toros_01-04mai
-60.0,0.05680726211124387,5.263776070635801,C151,frente,2024-05-03 1100UT,250,1,O1_toros_01-04mai
-55.0,0.05853582110195722,5.22837010234884,C151,frente,2024-05-03 1100UT,193,1,O1_toros_01-04mai
-50.0,0.0724814377488985,5.071438207712033,C151,frente,2024-05-03 1100UT,99,1,O1_toros_01-04mai
-45.0,0.0843186789536555,5.026639526757945,C151,frente,2024-05-03 1100UT,99,1,O1_toros_01-04mai
-40.0,0.09836355909193323,5.008268779098561,C151,frente,2024-05-03 1100UT,96,1,O1_toros_01-04mai
-35.0,0.1047893432303834,5.004838028927736,C151,frente,2024-05-03 1100UT,121,1,O1_toros_01-04mai
-30.0,0.11117006867023488,5.002842773816475,C151,frente,2024-05-03 1100UT,143,1,O1_toros_01-04mai
-25.0,0.1139844089139441,5.002248474381573,C151,frente,2024-05-03 1100UT,102,1,O1_toros_01-04mai
-20.0,0.10875993825922438,5.003475104228485,C151,frente,2024-05-03 1100UT,45,1,O1_toros_01-04mai
-15.0,0.15168056940066016,5.000099101869442,C151,frente,2024-05-03 1100UT,10,1,O1_toros_01-04mai
-65.0,0.06750819339804502,5.108123044276673,C151,traseira,2024-05-03 1100UT,13,1,O1_toros_01-04mai
-60.0,0.05714214363517359,5.256494602444828,C151,traseira,2024-05-03 1100UT,312,1,O1_toros_01-04mai
-55.0,0.060079325236764944,5.200806593663327,C151,traseira,2024-05-03 1100UT,251,1,O1_toros_01-04mai
-50.0,0.07411651766141311,5.062343220045342,C151,traseira,2024-05-03 1100UT,152,1,O1_toros_01-04mai
-45.0,0.09292291300968467,5.0130059363520765,C151,traseira,2024-05-03 1100UT,112,1,O1_toros_01-04mai
-40.0,0.1072960211194561,5.003934135882908,C151,traseira,2024-05-03 1100UT,98,1,O1_toros_01-04mai
-35.0,0.129899097690416,5.000596920018522,C151,traseira,2024-05-03 1100UT,111,1,O1_toros_01-04mai
-30.0,0.1486216887559773,5.0001255182951,C151,traseira,2024-05-03 1100UT,154,1,O1_toros_01-04mai
-25.0,0.16780701065244297,5.000025350295462,C151,traseira,2024-05-03 1100UT,137,1,O1_toros_01-04mai
-20.0,0.1676952610555569,5.000025587471871,C151,traseira,2024-05-03 1100UT,73,1,O1_toros_01-04mai
-15.0,0.1915436546606138,5.000003506914945,C151,traseira,2024-05-03 1100UT,35,1,O1_toros_01-04mai
-60.0,0.060801785475966,5.189073760158309,C165,inteira,2024-05-03 1100UT,67,1,O1_toros_01-04mai
-55.0,0.06140037561355851,5.180041591968054,C165,inteira,2024-05-03 1100UT,194,1,O1_toros_01-04mai
-50.0,0.06448476663395072,5.139104035194524,C165,inteira,2024-05-03 1100UT,109,1,O1_toros_01-04mai
-45.0,0.08500298974431127,5.02516288727866,C165,inteira,2024-05-03 1100UT,65,1,O1_toros_01-04mai
-40.0,0.10321353403802952,5.0055169480844555,C165,inteira,2024-05-03 1100UT,53,1,O1_toros_01-04mai
-35.0,0.1112925670313165,5.002813901838161,C165,inteira,2024-05-03 1100UT,39,1,O1_toros_01-04mai
-30.0,0.13500450306806755,5.000390072525226,C165,inteira,2024-05-03 1100UT,25,1,O1_toros_01-04mai
-25.0,0.15451052236337384,5.0000767811392475,C165,inteira,2024-05-03 1100UT,16,1,O1_toros_01-04mai
-20.0,0.1697458998361405,5.00002161115137,C165,inteira,2024-05-03 1100UT,14,1,O1_toros_01-04mai
-15.0,0.16031165866655975,5.000047345750279,C165,inteira,2024-05-03 1100UT,10,1,O1_toros_01-04mai
-60.0,0.07317148723637379,5.067446097565572,C166,inteira,2024-05-03 1100UT,105,1,O1_toros_01-04mai
-55.0,0.0756249820223793,5.054974576089695,C166,inteira,2024-05-03 1100UT,169,1,O1_toros_01-04mai
-50.0,0.09423327994794095,5.011660176658814,C166,inteira,2024-05-03 1100UT,95,1,O1_toros_01-04mai
-45.0,0.10920980836851288,5.003347686916946,C166,inteira,2024-05-03 1100UT,30,1,O1_toros_01-04mai
-40.0,0.11908057291575896,5.001472649010491,C166,inteira,2024-05-03 1100UT,48,1,O1_toros_01-04mai
-35.0,0.13299880702394676,5.00046108076794,C166,inteira,2024-05-03 1100UT,38,1,O1_toros_01-04mai
-30.0,0.14449180051585928,5.0001769247610355,C166,inteira,2024-05-03 1100UT,29,1,O1_toros_01-04mai
-25.0,0.15331101772602726,5.000084841923013,C166,inteira,2024-05-03 1100UT,23,1,O1_toros_01-04mai
-20.0,0.15287496581400373,5.0000879815783055,C166,inteira,2024-05-03 1100UT,17,1,O1_toros_01-04mai
-15.0,0.1564079240495354,5.000065653230101,C166,inteira,2024-05-03 1100UT,22,1,O1_toros_01-04mai
-60.0,0.07040757696575764,5.084916185452699,C167,inteira,2024-05-03 1100UT,112,1,O1_toros_01-04mai
-55.0,0.07791854964011355,5.045410356266687,C167,inteira,2024-05-03 1100UT,157,1,O1_toros_01-04mai
-50.0,0.08880363896127828,5.018332022864128,C167,inteira,2024-05-03 1100UT,107,1,O1_toros_01-04mai
-45.0,0.10800913386641474,5.003699477173143,C167,inteira,2024-05-03 1100UT,79,1,O1_toros_01-04mai
-40.0,0.13497260109912895,5.000391110973435,C167,inteira,2024-05-03 1100UT,112,1,O1_toros_01-04mai
-35.0,0.1525459398438023,5.000090427306603,C167,inteira,2024-05-03 1100UT,127,1,O1_toros_01-04mai
-30.0,0.1640094924302829,5.000034787379279,C167,inteira,2024-05-03 1100UT,110,1,O1_toros_01-04mai
-25.0,0.16877414834221507,5.000023455041944,C167,inteira,2024-05-03 1100UT,66,1,O1_toros_01-04mai
-20.0,0.1834475172704997,5.0000068854799125,C167,inteira,2024-05-03 1100UT,31,1,O1_toros_01-04mai
-15.0,0.19478427620156735,5.000002795870648,C167,inteira,2024-05-03 1100UT,12,1,O1_toros_01-04mai
-60.0,0.0654304456839046,5.1285676919107415,C168,inteira,2024-05-03 1100UT,136,1,O1_toros_01-04mai
-55.0,0.07267939872503486,5.070274484249707,C168,inteira,2024-05-03 1100UT,292,1,O1_toros_01-04mai
-50.0,0.08582327691377398,5.023500293673807,C168,inteira,2024-05-03 1100UT,375,1,O1_toros_01-04mai
-45.0,0.10464532754396758,5.004896905170382,C168,inteira,2024-05-03 1100UT,210,1,O1_toros_01-04mai
-40.0,0.12407849882252851,5.000969550961232,C168,inteira,2024-05-03 1100UT,135,1,O1_toros_01-04mai
-35.0,0.1443919186382684,5.000178436518047,C168,inteira,2024-05-03 1100UT,74,1,O1_toros_01-04mai
-30.0,0.16269235232124565,5.000038822963442,C168,inteira,2024-05-03 1100UT,41,1,O1_toros_01-04mai
-25.0,0.17962925600390925,5.000009465023549,C168,inteira,2024-05-03 1100UT,49,1,O1_toros_01-04mai
-20.0,0.18817200535617432,5.0000046446103985,C168,inteira,2024-05-03 1100UT,33,1,O1_toros_01-04mai
-15.0,0.1986184041688828,5.000001944829395,C168,inteira,2024-05-03 1100UT,33,1,O1_toros_01-04mai
-70.0,0.029185407945991195,7.635519500601097,C128,frente,2024-05-03 1200UT,842,1,O1_toros_01-04mai
-65.0,0.02624263168924745,8.367974104147466,C128,frente,2024-05-03 1200UT,1759,1,O1_toros_01-04mai
-60.0,0.026857988871195563,8.19961868700906,C128,frente,2024-05-03 1200UT,2115,1,O1_toros_01-04mai
-55.0,0.02711492442211706,8.131839061674633,C128,frente,2024-05-03 1200UT,1768,1,O1_toros_01-04mai
-50.0,0.028573439176166206,7.773409753607533,C128,frente,2024-05-03 1200UT,888,1,O1_toros_01-04mai
-45.0,0.03398144770962562,6.767226553884979,C128,frente,2024-05-03 1200UT,314,1,O1_toros_01-04mai
-40.0,0.03655524274377082,6.426076765104215,C128,frente,2024-05-03 1200UT,165,1,O1_toros_01-04mai
-35.0,0.03137401100552759,7.196129438003665,C128,frente,2024-05-03 1200UT,219,1,O1_toros_01-04mai
-30.0,0.02362286429452885,9.189684183043909,C128,frente,2024-05-03 1200UT,257,1,O1_toros_01-04mai
-25.0,0.11754450602491855,5.001671258872913,C128,frente,2024-05-03 1200UT,69,1,O1_toros_01-04mai
-20.0,0.12277692563667897,5.001081001922182,C128,frente,2024-05-03 1200UT,72,1,O1_toros_01-04mai
-15.0,0.133967856272076,5.0004263795811665,C128,frente,2024-05-03 1200UT,56,1,O1_toros_01-04mai
-70.0,0.023128401656239535,9.365927400386752,C128,traseira,2024-05-03 1200UT,1222,1,O1_toros_01-04mai
-65.0,0.02296263506950357,9.42665605976645,C128,traseira,2024-05-03 1200UT,2438,1,O1_toros_01-04mai
-60.0,0.02198486376332433,9.802446143744145,C128,traseira,2024-05-03 1200UT,929,1,O1_toros_01-04mai
-55.0,0.02035736229513383,10.500018985683468,C128,traseira,2024-05-03 1200UT,610,1,O1_toros_01-04mai
-50.0,0.020818305569187918,10.292753405247677,C128,traseira,2024-05-03 1200UT,390,1,O1_toros_01-04mai
-45.0,0.022114392011258203,9.751027183849123,C128,traseira,2024-05-03 1200UT,260,1,O1_toros_01-04mai
-40.0,0.022290059498640324,9.682198415613357,C128,traseira,2024-05-03 1200UT,212,1,O1_toros_01-04mai
-35.0,0.02571474300419633,8.51944086320558,C128,traseira,2024-05-03 1200UT,173,1,O1_toros_01-04mai
-30.0,0.024742595246299993,8.816444279234112,C128,traseira,2024-05-03 1200UT,210,1,O1_toros_01-04mai
-25.0,0.03499689800027346,6.62383269314943,C128,traseira,2024-05-03 1200UT,253,1,O1_toros_01-04mai
-20.0,0.04158140211859196,5.938080548038119,C128,traseira,2024-05-03 1200UT,289,1,O1_toros_01-04mai
-15.0,0.03654381843722098,6.42743507308425,C128,traseira,2024-05-03 1200UT,359,1,O1_toros_01-04mai
-60.0,0.026678782234347474,8.247760002780637,C145,frente,2024-05-03 1200UT,147,1,O1_toros_01-04mai
-55.0,0.026627386102318053,8.26170109016274,C145,frente,2024-05-03 1200UT,500,1,O1_toros_01-04mai
-50.0,0.027522188234708946,8.027335030055715,C145,frente,2024-05-03 1200UT,200,1,O1_toros_01-04mai
-45.0,0.02828862519627688,7.841119615986484,C145,frente,2024-05-03 1200UT,24,1,O1_toros_01-04mai
-60.0,0.026098680492111784,8.408619397865511,C145,traseira,2024-05-03 1200UT,117,1,O1_toros_01-04mai
-55.0,0.029976226608056787,7.467441256085257,C145,traseira,2024-05-03 1200UT,222,1,O1_toros_01-04mai
-50.0,0.03203939988758107,7.077670659679471,C145,traseira,2024-05-03 1200UT,79,1,O1_toros_01-04mai
-45.0,0.03927547626551341,6.13682701486543,C145,traseira,2024-05-03 1200UT,30,1,O1_toros_01-04mai
-40.0,0.03659525204621612,6.421329987919483,C145,traseira,2024-05-03 1200UT,13,1,O1_toros_01-04mai
-35.0,0.03578273149512099,6.520901255512422,C145,traseira,2024-05-03 1200UT,13,1,O1_toros_01-04mai
-60.0,0.03453930585076612,6.686949543486238,C161,frente,2024-05-03 1200UT,55,1,O1_toros_01-04mai
-55.0,0.03695281860754113,6.379664198996724,C161,frente,2024-05-03 1200UT,158,1,O1_toros_01-04mai
-50.0,0.03404886851889859,6.757323076198453,C161,frente,2024-05-03 1200UT,85,1,O1_toros_01-04mai
-45.0,0.0347460098731993,6.658140110538231,C161,frente,2024-05-03 1200UT,119,1,O1_toros_01-04mai
-40.0,0.04496909552804265,5.707356653705973,C161,frente,2024-05-03 1200UT,48,1,O1_toros_01-04mai
-35.0,0.050388306294783476,5.450305902918486,C161,frente,2024-05-03 1200UT,31,1,O1_toros_01-04mai
-30.0,0.056371557302963934,5.273505815638725,C161,frente,2024-05-03 1200UT,27,1,O1_toros_01-04mai
-25.0,0.06022758318322256,5.198341106336089,C161,frente,2024-05-03 1200UT,36,1,O1_toros_01-04mai
-20.0,0.062392697325459164,5.165597677460533,C161,frente,2024-05-03 1200UT,51,1,O1_toros_01-04mai
-15.0,0.060354790062706304,5.196690627716968,C161,frente,2024-05-03 1200UT,54,1,O1_toros_01-04mai
-60.0,0.02926546305079288,7.617995095465316,C161,traseira,2024-05-03 1200UT,49,1,O1_toros_01-04mai
-55.0,0.03308194927635741,6.904783350422679,C161,traseira,2024-05-03 1200UT,141,1,O1_toros_01-04mai
-50.0,0.033980576994823986,6.7673529707614,C161,traseira,2024-05-03 1200UT,190,1,O1_toros_01-04mai
-45.0,0.0343874798591712,6.7084287014967074,C161,traseira,2024-05-03 1200UT,181,1,O1_toros_01-04mai
-40.0,0.04096741688016993,5.987508023140929,C161,traseira,2024-05-03 1200UT,178,1,O1_toros_01-04mai
-35.0,0.04993969645287162,5.467462454477417,C161,traseira,2024-05-03 1200UT,118,1,O1_toros_01-04mai
-30.0,0.055461939321118967,5.295058922382929,C161,traseira,2024-05-03 1200UT,50,1,O1_toros_01-04mai
-25.0,0.06138309383767023,5.180132887219366,C161,traseira,2024-05-03 1200UT,19,1,O1_toros_01-04mai
-60.0,0.049818977708505935,5.472185209933153,C162,frente,2024-05-03 1200UT,240,1,O1_toros_01-04mai
-55.0,0.05544095984918766,5.2955971458587285,C162,frente,2024-05-03 1200UT,188,1,O1_toros_01-04mai
-50.0,0.05696622012420186,5.260282804154974,C162,frente,2024-05-03 1200UT,92,1,O1_toros_01-04mai
-45.0,0.059914283237681186,5.203668700225452,C162,frente,2024-05-03 1200UT,76,1,O1_toros_01-04mai
-40.0,0.057290499989164086,5.253343006697108,C162,frente,2024-05-03 1200UT,87,1,O1_toros_01-04mai
-35.0,0.06441548840474702,5.139909431244179,C162,frente,2024-05-03 1200UT,89,1,O1_toros_01-04mai
-30.0,0.07375900801959412,5.064223466069414,C162,frente,2024-05-03 1200UT,85,1,O1_toros_01-04mai
-25.0,0.08064446917474018,5.036182727212423,C162,frente,2024-05-03 1200UT,52,1,O1_toros_01-04mai
-20.0,0.08186441671166397,5.03268505483265,C162,frente,2024-05-03 1200UT,27,1,O1_toros_01-04mai
-15.0,0.08845610044311555,5.018870709481386,C162,frente,2024-05-03 1200UT,25,1,O1_toros_01-04mai
-60.0,0.052383101016117234,5.381341097116081,C162,traseira,2024-05-03 1200UT,195,1,O1_toros_01-04mai
-55.0,0.040080105254515115,6.063099406939348,C162,traseira,2024-05-03 1200UT,457,1,O1_toros_01-04mai
-50.0,0.03789179137871387,6.275767680921298,C162,traseira,2024-05-03 1200UT,323,1,O1_toros_01-04mai
-45.0,0.035254456419120575,6.589362650341141,C162,traseira,2024-05-03 1200UT,76,1,O1_toros_01-04mai
-40.0,0.036975489979095465,6.3770682714628055,C162,traseira,2024-05-03 1200UT,30,1,O1_toros_01-04mai
-35.0,0.039633033833041786,6.103461595512514,C162,traseira,2024-05-03 1200UT,8,1,O1_toros_01-04mai
-60.0,0.036202657445061834,6.468599552378077,C163,frente,2024-05-03 1200UT,49,1,O1_toros_01-04mai
-55.0,0.03954998030021993,6.111118422955539,C163,frente,2024-05-03 1200UT,84,1,O1_toros_01-04mai
-50.0,0.03793441244071182,6.271244503833108,C163,frente,2024-05-03 1200UT,37,1,O1_toros_01-04mai
-60.0,0.03185830295554001,7.1092634316839565,C163,traseira,2024-05-03 1200UT,53,1,O1_toros_01-04mai
-55.0,0.03714023667839973,6.358288803447284,C163,traseira,2024-05-03 1200UT,108,1,O1_toros_01-04mai
-50.0,0.039916666616392614,6.0776778516070085,C163,traseira,2024-05-03 1200UT,60,1,O1_toros_01-04mai
-45.0,0.049341365092861654,5.491357631427747,C163,traseira,2024-05-03 1200UT,45,1,O1_toros_01-04mai
-40.0,0.053748523194339766,5.3409887458249425,C163,traseira,2024-05-03 1200UT,36,1,O1_toros_01-04mai
-35.0,0.0557456746285316,5.288149595740428,C163,traseira,2024-05-03 1200UT,45,1,O1_toros_01-04mai
-30.0,0.060742782507660124,5.190024806892756,C163,traseira,2024-05-03 1200UT,84,1,O1_toros_01-04mai
-25.0,0.06202173117728078,5.170796888254419,C163,traseira,2024-05-03 1200UT,103,1,O1_toros_01-04mai
-20.0,0.06591504639776245,5.123474187669381,C163,traseira,2024-05-03 1200UT,17,1,O1_toros_01-04mai
-60.0,0.03231743877240187,7.030401942907213,C164,frente,2024-05-03 1200UT,24,1,O1_toros_01-04mai
-55.0,0.03723184811509747,6.347893996882747,C164,frente,2024-05-03 1200UT,81,1,O1_toros_01-04mai
-50.0,0.04427391755134684,5.7495436036802445,C164,frente,2024-05-03 1200UT,62,1,O1_toros_01-04mai
-45.0,0.05200768706149481,5.393459735596911,C164,frente,2024-05-03 1200UT,29,1,O1_toros_01-04mai
-40.0,0.05925349096750361,5.2151126289803384,C164,frente,2024-05-03 1200UT,17,1,O1_toros_01-04mai
-35.0,0.062043282112121255,5.170494134768863,C164,frente,2024-05-03 1200UT,28,1,O1_toros_01-04mai
-30.0,0.06454889410525674,5.138364659516162,C164,frente,2024-05-03 1200UT,28,1,O1_toros_01-04mai
-25.0,0.06990636746376905,5.088544554179721,C164,frente,2024-05-03 1200UT,80,1,O1_toros_01-04mai
-20.0,0.06884265989263835,5.096743617314949,C164,frente,2024-05-03 1200UT,76,1,O1_toros_01-04mai
-15.0,0.07122397268033945,5.079330415423376,C164,frente,2024-05-03 1200UT,7,1,O1_toros_01-04mai
-60.0,0.045868301698562985,5.6566370510855855,C164,traseira,2024-05-03 1200UT,48,1,O1_toros_01-04mai
-55.0,0.04638919614460189,5.62840591256759,C164,traseira,2024-05-03 1200UT,81,1,O1_toros_01-04mai
-50.0,0.04769732515563167,5.563649074869922,C164,traseira,2024-05-03 1200UT,74,1,O1_toros_01-04mai
-45.0,0.05220678744183272,5.386985428742034,C164,traseira,2024-05-03 1200UT,65,1,O1_toros_01-04mai
-40.0,0.05737974723866314,5.251466292023583,C164,traseira,2024-05-03 1200UT,54,1,O1_toros_01-04mai
-35.0,0.066213516247659,5.120442313330461,C164,traseira,2024-05-03 1200UT,40,1,O1_toros_01-04mai
-30.0,0.07043546583047175,5.084721856417698,C164,traseira,2024-05-03 1200UT,54,1,O1_toros_01-04mai
-25.0,0.07167267970570215,5.076418846816918,C164,traseira,2024-05-03 1200UT,73,1,O1_toros_01-04mai
-20.0,0.0659594631715748,5.123018005357528,C164,traseira,2024-05-03 1200UT,23,1,O1_toros_01-04mai
-15.0,0.06340533708557278,5.152196822820464,C164,traseira,2024-05-03 1200UT,9,1,O1_toros_01-04mai
-60.0,0.04601584747631938,5.64826444308375,C151,frente,2024-05-03 1200UT,179,1,O1_toros_01-04mai
-55.0,0.04480593495517529,5.717035067257818,C151,frente,2024-05-03 1200UT,247,1,O1_toros_01-04mai
-50.0,0.04316821737431601,5.821918544284112,C151,frente,2024-05-03 1200UT,130,1,O1_toros_01-04mai
-45.0,0.050357663143734264,5.451457271674897,C151,frente,2024-05-03 1200UT,91,1,O1_toros_01-04mai
-40.0,0.05338133236489908,5.350902461331251,C151,frente,2024-05-03 1200UT,51,1,O1_toros_01-04mai
-35.0,0.06104315943347187,5.185663117326966,C151,frente,2024-05-03 1200UT,40,1,O1_toros_01-04mai
-30.0,0.060807549002256205,5.188982970997171,C151,frente,2024-05-03 1200UT,19,1,O1_toros_01-04mai
-25.0,0.09073319770522477,5.015609177937549,C151,frente,2024-05-03 1200UT,16,1,O1_toros_01-04mai
-20.0,0.09009888180895481,5.016503309828368,C151,frente,2024-05-03 1200UT,16,1,O1_toros_01-04mai
-15.0,0.09266006031949187,5.013458949876015,C151,frente,2024-05-03 1200UT,18,1,O1_toros_01-04mai
-65.0,0.04542411132107303,5.681032514716242,C151,traseira,2024-05-03 1200UT,5,1,O1_toros_01-04mai
-60.0,0.045811121578421085,5.659419033946861,C151,traseira,2024-05-03 1200UT,165,1,O1_toros_01-04mai
-55.0,0.04117489238963966,5.970410037035306,C151,traseira,2024-05-03 1200UT,112,1,O1_toros_01-04mai
-50.0,0.03602675303017867,6.490286101095877,C151,traseira,2024-05-03 1200UT,88,1,O1_toros_01-04mai
-45.0,0.039850116789707526,6.083744629699121,C151,traseira,2024-05-03 1200UT,52,1,O1_toros_01-04mai
-40.0,0.045719513072532476,5.664472330649861,C151,traseira,2024-05-03 1200UT,53,1,O1_toros_01-04mai
-35.0,0.05589445596324301,5.284599045088427,C151,traseira,2024-05-03 1200UT,63,1,O1_toros_01-04mai
-30.0,0.06408280494531338,5.1438425199633215,C151,traseira,2024-05-03 1200UT,88,1,O1_toros_01-04mai
-25.0,0.06837628869473593,5.100601326281889,C151,traseira,2024-05-03 1200UT,26,1,O1_toros_01-04mai
-20.0,0.07291812228614691,5.0688852770998025,C151,traseira,2024-05-03 1200UT,11,1,O1_toros_01-04mai
-15.0,0.06763341768660114,5.107000608364385,C151,traseira,2024-05-03 1200UT,5,1,O1_toros_01-04mai
-60.0,0.037606183699438564,6.30652226385941,C165,frente,2024-05-03 1200UT,142,1,O1_toros_01-04mai
-55.0,0.04223325415720005,5.888482378213287,C165,frente,2024-05-03 1200UT,121,1,O1_toros_01-04mai
-50.0,0.04327384618258487,5.8149338629869,C165,frente,2024-05-03 1200UT,46,1,O1_toros_01-04mai
-45.0,0.0446786981372757,5.727808353408258,C165,frente,2024-05-03 1200UT,28,1,O1_toros_01-04mai
-40.0,0.04681795253078269,5.606349538755552,C165,frente,2024-05-03 1200UT,27,1,O1_toros_01-04mai
-35.0,0.05347339599775426,5.348220648929346,C165,frente,2024-05-03 1200UT,13,1,O1_toros_01-04mai
-30.0,0.10594723009478813,5.004393253044428,C165,frente,2024-05-03 1200UT,14,1,O1_toros_01-04mai
-25.0,0.07782658137323192,5.045759719300025,C165,frente,2024-05-03 1200UT,31,1,O1_toros_01-04mai
-20.0,0.07225611184349706,5.072792287380846,C165,frente,2024-05-03 1200UT,17,1,O1_toros_01-04mai
-15.0,0.07408361711809569,5.062602880262988,C165,frente,2024-05-03 1200UT,18,1,O1_toros_01-04mai
-60.0,0.037274533510194024,6.343124058717217,C165,traseira,2024-05-03 1200UT,116,1,O1_toros_01-04mai
-55.0,0.03874025293298919,6.188739046007305,C165,traseira,2024-05-03 1200UT,74,1,O1_toros_01-04mai
-50.0,0.0447058678588931,5.723326361913811,C165,traseira,2024-05-03 1200UT,48,1,O1_toros_01-04mai
-45.0,0.05193367920750359,5.400014106511231,C165,traseira,2024-05-03 1200UT,30,1,O1_toros_01-04mai
-40.0,0.05578940615679497,5.287198837005105,C165,traseira,2024-05-03 1200UT,42,1,O1_toros_01-04mai
-35.0,0.07003677686814999,5.087580168760272,C165,traseira,2024-05-03 1200UT,21,1,O1_toros_01-04mai
-30.0,0.08544821384516614,5.024263746473418,C165,traseira,2024-05-03 1200UT,36,1,O1_toros_01-04mai
-25.0,0.087067932014785,5.021195306956228,C165,traseira,2024-05-03 1200UT,44,1,O1_toros_01-04mai
-20.0,0.09213928553273623,5.013883803981312,C165,traseira,2024-05-03 1200UT,44,1,O1_toros_01-04mai
-15.0,0.09156190255649638,5.0145721062264315,C165,traseira,2024-05-03 1200UT,48,1,O1_toros_01-04mai
-60.0,0.031054884971517305,7.25548248907665,C166,frente,2024-05-03 1200UT,42,1,O1_toros_01-04mai
-55.0,0.03297745328738574,6.921442631317376,C166,frente,2024-05-03 1200UT,73,1,O1_toros_01-04mai
-50.0,0.03638390841202456,6.446825314377339,C166,frente,2024-05-03 1200UT,74,1,O1_toros_01-04mai
-45.0,0.043984528720116614,5.767862364856808,C166,frente,2024-05-03 1200UT,48,1,O1_toros_01-04mai
-40.0,0.05058009145360841,5.44316627557017,C166,frente,2024-05-03 1200UT,21,1,O1_toros_01-04mai
-35.0,0.05912290428678203,5.217466316110764,C166,frente,2024-05-03 1200UT,11,1,O1_toros_01-04mai
-30.0,0.06901570317850735,5.0953585561764525,C166,frente,2024-05-03 1200UT,13,1,O1_toros_01-04mai
-25.0,0.0746824333342068,5.059466738983164,C166,frente,2024-05-03 1200UT,8,1,O1_toros_01-04mai
-20.0,0.08752458083080406,5.020446324648127,C166,frente,2024-05-03 1200UT,12,1,O1_toros_01-04mai
-15.0,0.08842623310567227,5.019578611030907,C166,frente,2024-05-03 1200UT,12,1,O1_toros_01-04mai
-60.0,0.03187302188982913,7.106714182833234,C166,traseira,2024-05-03 1200UT,52,1,O1_toros_01-04mai
-55.0,0.036783077229269254,6.399256390529808,C166,traseira,2024-05-03 1200UT,103,1,O1_toros_01-04mai
-50.0,0.04092346575077529,5.990949771198915,C166,traseira,2024-05-03 1200UT,61,1,O1_toros_01-04mai
-45.0,0.05242001078354651,5.380169964864696,C166,traseira,2024-05-03 1200UT,33,1,O1_toros_01-04mai
-40.0,0.06043022232417511,5.195019743137259,C166,traseira,2024-05-03 1200UT,31,1,O1_toros_01-04mai
-35.0,0.0691818611670073,5.094071492979769,C166,traseira,2024-05-03 1200UT,36,1,O1_toros_01-04mai
-30.0,0.077152741627902,5.048404055759461,C166,traseira,2024-05-03 1200UT,26,1,O1_toros_01-04mai
-25.0,0.08325753930878921,5.029102508840515,C166,traseira,2024-05-03 1200UT,37,1,O1_toros_01-04mai
-20.0,0.09169538996685409,5.014406365584826,C166,traseira,2024-05-03 1200UT,37,1,O1_toros_01-04mai
-15.0,0.0942661931396992,5.01162823934127,C166,traseira,2024-05-03 1200UT,39,1,O1_toros_01-04mai
-60.0,0.0359130721998726,6.504471035521659,C169,inteira,2024-05-03 1200UT,45,1,O1_toros_01-04mai
-55.0,0.03527082322936149,6.587185167685664,C169,inteira,2024-05-03 1200UT,51,1,O1_toros_01-04mai
-50.0,0.0460953504955316,5.643983724122532,C169,inteira,2024-05-03 1200UT,23,1,O1_toros_01-04mai
-45.0,0.05097012280076463,5.428993783113993,C169,inteira,2024-05-03 1200UT,25,1,O1_toros_01-04mai
-40.0,0.0624857648038855,5.164413719694954,C169,inteira,2024-05-03 1200UT,24,1,O1_toros_01-04mai
-35.0,0.06802936163802224,5.103617558910695,C169,inteira,2024-05-03 1200UT,24,1,O1_toros_01-04mai
-30.0,0.07576063851430366,5.054356604155481,C169,inteira,2024-05-03 1200UT,25,1,O1_toros_01-04mai
-25.0,0.08071258838809658,5.035977855648006,C169,inteira,2024-05-03 1200UT,19,1,O1_toros_01-04mai
-20.0,0.08980299336324729,5.016867182672249,C169,inteira,2024-05-03 1200UT,11,1,O1_toros_01-04mai
-15.0,0.0950388574642956,5.010903107844601,C169,inteira,2024-05-03 1200UT,13,1,O1_toros_01-04mai
-60.0,0.042688201426795636,5.855428524602798,C167,frente,2024-05-03 1200UT,79,1,O1_toros_01-04mai
-55.0,0.03858926892221407,6.203729882312604,C167,frente,2024-05-03 1200UT,185,1,O1_toros_01-04mai
-50.0,0.039166802296859836,6.14716902532291,C167,frente,2024-05-03 1200UT,223,1,O1_toros_01-04mai
-45.0,0.04105906982013635,5.979912063029522,C167,frente,2024-05-03 1200UT,110,1,O1_toros_01-04mai
-40.0,0.0664748813938226,5.117846061728217,C167,frente,2024-05-03 1200UT,35,1,O1_toros_01-04mai
-35.0,0.0785992806646033,5.042915633818924,C167,frente,2024-05-03 1200UT,26,1,O1_toros_01-04mai
-30.0,0.0923590322458083,5.013631273025824,C167,frente,2024-05-03 1200UT,17,1,O1_toros_01-04mai
-25.0,0.09641486171438023,5.009721897846518,C167,frente,2024-05-03 1200UT,13,1,O1_toros_01-04mai
-20.0,0.08885631422945155,5.018253953857884,C167,frente,2024-05-03 1200UT,6,1,O1_toros_01-04mai
-15.0,0.08837107067153507,5.019004898682876,C167,frente,2024-05-03 1200UT,7,1,O1_toros_01-04mai
-60.0,0.04576645774484042,5.661877955643776,C167,traseira,2024-05-03 1200UT,93,1,O1_toros_01-04mai
-55.0,0.040900609370711445,5.992872154213327,C167,traseira,2024-05-03 1200UT,144,1,O1_toros_01-04mai
-50.0,0.04901459185908691,5.504921685511133,C167,traseira,2024-05-03 1200UT,71,1,O1_toros_01-04mai
-45.0,0.04904499672240508,5.503643965329644,C167,traseira,2024-05-03 1200UT,49,1,O1_toros_01-04mai
-40.0,0.06043217410479028,5.19499770440954,C167,traseira,2024-05-03 1200UT,38,1,O1_toros_01-04mai
-35.0,0.08120745167372129,5.034524355143659,C167,traseira,2024-05-03 1200UT,21,1,O1_toros_01-04mai
-30.0,0.08924302060312445,5.017672933299448,C167,traseira,2024-05-03 1200UT,25,1,O1_toros_01-04mai
-25.0,0.10352933619774099,5.005373894546614,C167,traseira,2024-05-03 1200UT,34,1,O1_toros_01-04mai
-20.0,0.10958278785838754,5.003244799862001,C167,traseira,2024-05-03 1200UT,39,1,O1_toros_01-04mai
-15.0,0.1179261177173259,5.001618947398743,C167,traseira,2024-05-03 1200UT,27,1,O1_toros_01-04mai
-60.0,0.06947972792693885,5.091741545302708,C170,inteira,2024-05-03 1200UT,51,1,O1_toros_01-04mai
-55.0,0.07369231232974138,5.064594031913495,C170,inteira,2024-05-03 1200UT,88,1,O1_toros_01-04mai
-50.0,0.08240966400567457,5.031234252864403,C170,inteira,2024-05-03 1200UT,128,1,O1_toros_01-04mai
-45.0,0.08473550375479187,5.025730078599729,C170,inteira,2024-05-03 1200UT,153,1,O1_toros_01-04mai
-40.0,0.0872854885995905,5.020804346766061,C170,inteira,2024-05-03 1200UT,169,1,O1_toros_01-04mai
-35.0,0.0918428516092088,5.014231106446033,C170,inteira,2024-05-03 1200UT,244,1,O1_toros_01-04mai
-30.0,0.0870675702572015,5.0211858608351365,C170,inteira,2024-05-03 1200UT,256,1,O1_toros_01-04mai
-25.0,0.081757695274012,5.0329770342643325,C170,inteira,2024-05-03 1200UT,171,1,O1_toros_01-04mai
-20.0,0.08116084217717003,5.034658712806704,C170,inteira,2024-05-03 1200UT,109,1,O1_toros_01-04mai
-15.0,0.08214015071269086,5.031943089848488,C170,inteira,2024-05-03 1200UT,86,1,O1_toros_01-04mai
-60.0,0.0325931992641233,6.983965149605194,C168,frente,2024-05-03 1200UT,23,1,O1_toros_01-04mai
-55.0,0.03752020426277703,6.315890592563789,C168,frente,2024-05-03 1200UT,99,1,O1_toros_01-04mai
-50.0,0.0422235378612,5.88920206601792,C168,frente,2024-05-03 1200UT,115,1,O1_toros_01-04mai
-45.0,0.05672509552174306,5.26556546085001,C168,frente,2024-05-03 1200UT,33,1,O1_toros_01-04mai
-40.0,0.05575917793661968,5.28822511907866,C168,frente,2024-05-03 1200UT,6,1,O1_toros_01-04mai
-60.0,0.03405454764884755,6.757438804167283,C168,traseira,2024-05-03 1200UT,52,1,O1_toros_01-04mai
-55.0,0.03957310659733252,6.108977587539293,C168,traseira,2024-05-03 1200UT,183,1,O1_toros_01-04mai
-50.0,0.04451660185316867,5.734568778766702,C168,traseira,2024-05-03 1200UT,120,1,O1_toros_01-04mai
-45.0,0.05295392455594772,5.363723627255589,C168,traseira,2024-05-03 1200UT,48,1,O1_toros_01-04mai
-40.0,0.06406481636618516,5.14406492850609,C168,traseira,2024-05-03 1200UT,38,1,O1_toros_01-04mai
-35.0,0.07307839163681894,5.06797137705562,C168,traseira,2024-05-03 1200UT,25,1,O1_toros_01-04mai
-30.0,0.08702510239672118,5.021278441193179,C168,traseira,2024-05-03 1200UT,14,1,O1_toros_01-04mai
-25.0,0.09853951662311969,5.00814436498623,C168,traseira,2024-05-03 1200UT,25,1,O1_toros_01-04mai
-20.0,0.10449207589031922,5.004960192463849,C168,traseira,2024-05-03 1200UT,22,1,O1_toros_01-04mai
-15.0,0.10825873193348476,5.0036233233826675,C168,traseira,2024-05-03 1200UT,17,1,O1_toros_01-04mai
-65.0,0.022797264412027465,9.488081588569948,C171,inteira,2024-05-03 1300UT,205,1,O1_toros_01-04mai
-60.0,0.022783562214195942,9.493216266497207,C171,inteira,2024-05-03 1300UT,258,1,O1_toros_01-04mai
-55.0,0.02656514945546099,8.372292991496954,C171,inteira,2024-05-03 1300UT,70,1,O1_toros_01-04mai
-50.0,0.030344459577942403,7.392867450393508,C171,inteira,2024-05-03 1300UT,59,1,O1_toros_01-04mai
-45.0,0.020794003975118967,10.308390379528651,C171,inteira,2024-05-03 1300UT,62,1,O1_toros_01-04mai
-40.0,0.021422176617819456,10.032998837626995,C171,inteira,2024-05-03 1300UT,71,1,O1_toros_01-04mai
-35.0,0.037692111729471206,6.297174024377316,C171,inteira,2024-05-03 1300UT,69,1,O1_toros_01-04mai
-30.0,0.05235189390645939,5.383021991602377,C171,inteira,2024-05-03 1300UT,72,1,O1_toros_01-04mai
-25.0,0.05767903385868513,5.245316790156764,C171,inteira,2024-05-03 1300UT,64,1,O1_toros_01-04mai
-20.0,0.05968171397220849,5.207571632360718,C171,inteira,2024-05-03 1300UT,69,1,O1_toros_01-04mai
-15.0,0.06030586144292026,5.19736935961061,C171,inteira,2024-05-03 1300UT,90,1,O1_toros_01-04mai
-70.0,0.016950335780222835,12.305806198633867,C128,frente,2024-05-03 1300UT,446,1,O1_toros_01-04mai
-65.0,0.01574206381509435,13.079732328605594,C128,frente,2024-05-03 1300UT,2656,1,O1_toros_01-04mai
-60.0,0.015953029133854588,12.938928291508317,C128,frente,2024-05-03 1300UT,2798,1,O1_toros_01-04mai
-55.0,0.016160686238345632,12.802728876460426,C128,frente,2024-05-03 1300UT,2183,1,O1_toros_01-04mai
-50.0,0.01783657320982808,11.78569222750981,C128,frente,2024-05-03 1300UT,1170,1,O1_toros_01-04mai
-45.0,0.019885358286395417,10.720660044497613,C128,frente,2024-05-03 1300UT,375,1,O1_toros_01-04mai
-40.0,0.027684860148028272,7.986570391050425,C128,frente,2024-05-03 1300UT,191,1,O1_toros_01-04mai
-35.0,0.03287832901051898,6.937380166502631,C128,frente,2024-05-03 1300UT,153,1,O1_toros_01-04mai
-30.0,0.042745319563203266,5.851366492662951,C128,frente,2024-05-03 1300UT,123,1,O1_toros_01-04mai
-25.0,0.05724586311596623,5.254287131529805,C128,frente,2024-05-03 1300UT,115,1,O1_toros_01-04mai
-20.0,0.06616897911305607,5.12088879433084,C128,frente,2024-05-03 1300UT,119,1,O1_toros_01-04mai
-15.0,0.05956836166568724,5.2095416490678925,C128,frente,2024-05-03 1300UT,139,1,O1_toros_01-04mai
-70.0,0.02011404740792822,10.612671247095316,C128,traseira,2024-05-03 1300UT,1385,1,O1_toros_01-04mai
-65.0,0.018730834224126313,11.298393051379117,C128,traseira,2024-05-03 1300UT,2525,1,O1_toros_01-04mai
-60.0,0.01790311090243474,11.748170783529122,C128,traseira,2024-05-03 1300UT,1385,1,O1_toros_01-04mai
-55.0,0.017616490137588647,11.911304422063266,C128,traseira,2024-05-03 1300UT,398,1,O1_toros_01-04mai
-50.0,0.017971090939943785,11.710050452790949,C128,traseira,2024-05-03 1300UT,239,1,O1_toros_01-04mai
-45.0,0.01977587517590643,10.773091994659534,C128,traseira,2024-05-03 1300UT,216,1,O1_toros_01-04mai
-40.0,0.023488019994665325,9.237029279729889,C128,traseira,2024-05-03 1300UT,157,1,O1_toros_01-04mai
-35.0,0.02953633036657655,7.5595629410935565,C128,traseira,2024-05-03 1300UT,189,1,O1_toros_01-04mai
-30.0,0.030616235441202486,7.339282897232093,C128,traseira,2024-05-03 1300UT,175,1,O1_toros_01-04mai
-25.0,0.0328347990923833,6.9444207619753575,C128,traseira,2024-05-03 1300UT,197,1,O1_toros_01-04mai
-20.0,0.036558388173560115,6.425703012062037,C128,traseira,2024-05-03 1300UT,233,1,O1_toros_01-04mai
-15.0,0.03599980648816025,6.493715779894558,C128,traseira,2024-05-03 1300UT,380,1,O1_toros_01-04mai
-60.0,0.05316777794908364,5.357203089514142,C145,frente,2024-05-03 1300UT,13,1,O1_toros_01-04mai
-55.0,0.052856467665416795,5.3665910867623765,C145,frente,2024-05-03 1300UT,29,1,O1_toros_01-04mai
-50.0,0.05883205422851453,5.222801552226632,C145,frente,2024-05-03 1300UT,17,1,O1_toros_01-04mai
-45.0,0.06544531115081821,5.128403382120262,C145,frente,2024-05-03 1300UT,13,1,O1_toros_01-04mai
-40.0,0.06764504739415855,5.106896959782298,C145,frente,2024-05-03 1300UT,13,1,O1_toros_01-04mai
-35.0,0.07854013193789942,5.043174892288766,C145,frente,2024-05-03 1300UT,16,1,O1_toros_01-04mai
-30.0,0.09045368497414577,5.0160213132809375,C145,frente,2024-05-03 1300UT,16,1,O1_toros_01-04mai
-25.0,0.08497977014399483,5.025211623763976,C145,frente,2024-05-03 1300UT,23,1,O1_toros_01-04mai
-20.0,0.08162253797073105,5.033350581714007,C145,frente,2024-05-03 1300UT,40,1,O1_toros_01-04mai
-15.0,0.07426053103511324,5.06159465804933,C145,frente,2024-05-03 1300UT,46,1,O1_toros_01-04mai
-60.0,0.05846736910367201,5.229676524093315,C145,traseira,2024-05-03 1300UT,11,1,O1_toros_01-04mai
-55.0,0.05726457722446319,5.253891087030767,C145,traseira,2024-05-03 1300UT,36,1,O1_toros_01-04mai
-50.0,0.04409499198915538,5.760799607161146,C145,traseira,2024-05-03 1300UT,31,1,O1_toros_01-04mai
-45.0,0.05854276116112622,5.2282380653649785,C145,traseira,2024-05-03 1300UT,7,1,O1_toros_01-04mai
-40.0,0.0631581140488203,5.1553993327542,C145,traseira,2024-05-03 1300UT,8,1,O1_toros_01-04mai
-60.0,0.02408711426543227,9.030691346633485,C172,inteira,2024-05-03 1300UT,230,1,O1_toros_01-04mai
-55.0,0.02399637824014522,9.061284061774355,C172,inteira,2024-05-03 1300UT,557,1,O1_toros_01-04mai
-50.0,0.023529399390718207,9.222443965273808,C172,inteira,2024-05-03 1300UT,423,1,O1_toros_01-04mai
-45.0,0.030010855062899227,7.460323371383662,C172,inteira,2024-05-03 1300UT,119,1,O1_toros_01-04mai
-40.0,0.05432734922862136,5.324310963316314,C172,inteira,2024-05-03 1300UT,58,1,O1_toros_01-04mai
-35.0,0.06671075514990897,5.115552279604228,C172,inteira,2024-05-03 1300UT,25,1,O1_toros_01-04mai
-30.0,0.08446225673937205,5.02746223601116,C172,inteira,2024-05-03 1300UT,18,1,O1_toros_01-04mai
-25.0,0.0999104765163285,5.007444593265606,C172,inteira,2024-05-03 1300UT,22,1,O1_toros_01-04mai
-20.0,0.0794415155700531,5.039997876417409,C172,inteira,2024-05-03 1300UT,13,1,O1_toros_01-04mai
-15.0,0.06447681408096655,5.139196251765214,C172,inteira,2024-05-03 1300UT,7,1,O1_toros_01-04mai
-60.0,0.033046959304498726,6.910670448608773,C173,inteira,2024-05-03 1300UT,38,1,O1_toros_01-04mai
-55.0,0.028150936586323252,7.872796654737855,C173,inteira,2024-05-03 1300UT,103,1,O1_toros_01-04mai
-50.0,0.032202501939818225,7.049622343187766,C173,inteira,2024-05-03 1300UT,95,1,O1_toros_01-04mai
-45.0,0.03765306170365068,6.301402123382264,C173,inteira,2024-05-03 1300UT,111,1,O1_toros_01-04mai
-40.0,0.043657813925609766,5.789027756980343,C173,inteira,2024-05-03 1300UT,93,1,O1_toros_01-04mai
-35.0,0.045912352737458306,5.653879619097417,C173,inteira,2024-05-03 1300UT,93,1,O1_toros_01-04mai
-30.0,0.044336273960396966,5.745655102303372,C173,inteira,2024-05-03 1300UT,131,1,O1_toros_01-04mai
-25.0,0.04717347154827371,5.588648971097962,C173,inteira,2024-05-03 1300UT,117,1,O1_toros_01-04mai
-20.0,0.07837850974419155,5.043702712974097,C173,inteira,2024-05-03 1300UT,57,1,O1_toros_01-04mai
-15.0,0.08523123021267094,5.024688810947484,C173,inteira,2024-05-03 1300UT,41,1,O1_toros_01-04mai
-60.0,0.03069994333059983,7.323021643469907,C174,inteira,2024-05-03 1300UT,39,1,O1_toros_01-04mai
-55.0,0.02459271919710457,8.864391052284141,C174,inteira,2024-05-03 1300UT,135,1,O1_toros_01-04mai
-50.0,0.023329744829745543,9.293284162820697,C174,inteira,2024-05-03 1300UT,183,1,O1_toros_01-04mai
-45.0,0.026448544578765096,8.310674682199593,C174,inteira,2024-05-03 1300UT,59,1,O1_toros_01-04mai
-40.0,0.033829302231915104,6.789773235137517,C174,inteira,2024-05-03 1300UT,88,1,O1_toros_01-04mai
-35.0,0.03190174177608321,7.101641908281995,C174,inteira,2024-05-03 1300UT,107,1,O1_toros_01-04mai
-30.0,0.027225902786069536,8.103241000002743,C174,inteira,2024-05-03 1300UT,108,1,O1_toros_01-04mai
-25.0,0.03327348188725533,6.874626496966702,C174,inteira,2024-05-03 1300UT,134,1,O1_toros_01-04mai
-20.0,0.047100851114588116,5.592237655796675,C174,inteira,2024-05-03 1300UT,54,1,O1_toros_01-04mai
-15.0,0.052083379529953934,5.390985718267476,C174,inteira,2024-05-03 1300UT,25,1,O1_toros_01-04mai
-60.0,0.033718576171379175,6.806849486023907,C162,frente,2024-05-03 1300UT,24,1,O1_toros_01-04mai
-55.0,0.02901018380522813,7.674285025832875,C162,frente,2024-05-03 1300UT,41,1,O1_toros_01-04mai
-50.0,0.031226941153617044,7.22358904874652,C162,frente,2024-05-03 1300UT,20,1,O1_toros_01-04mai
-45.0,0.02489835123191171,8.767342222375982,C162,frente,2024-05-03 1300UT,48,1,O1_toros_01-04mai
-40.0,0.023995780997024214,9.061538147517965,C162,frente,2024-05-03 1300UT,48,1,O1_toros_01-04mai
-35.0,0.028573493407202475,7.773397391889418,C162,frente,2024-05-03 1300UT,52,1,O1_toros_01-04mai
-30.0,0.03288010871730247,6.937191613486231,C162,frente,2024-05-03 1300UT,62,1,O1_toros_01-04mai
-25.0,0.03981610556815355,6.086746732614162,C162,frente,2024-05-03 1300UT,29,1,O1_toros_01-04mai
-20.0,0.04732683526814111,5.5811737245050015,C162,frente,2024-05-03 1300UT,17,1,O1_toros_01-04mai
-15.0,0.049921070520287214,5.468299496552856,C162,frente,2024-05-03 1300UT,12,1,O1_toros_01-04mai
-60.0,0.02797685602856867,7.914785074548346,C162,traseira,2024-05-03 1300UT,28,1,O1_toros_01-04mai
-55.0,0.024299498309246173,8.960003956528261,C162,traseira,2024-05-03 1300UT,154,1,O1_toros_01-04mai
-50.0,0.024540697529508656,8.881180089627394,C162,traseira,2024-05-03 1300UT,125,1,O1_toros_01-04mai
-45.0,0.03030441218793471,7.400866567541833,C162,traseira,2024-05-03 1300UT,108,1,O1_toros_01-04mai
-40.0,0.032041723391291604,7.077268408999764,C162,traseira,2024-05-03 1300UT,85,1,O1_toros_01-04mai
-35.0,0.03828689785432255,6.234446338272903,C162,traseira,2024-05-03 1300UT,43,1,O1_toros_01-04mai
-30.0,0.04680049577901939,5.607232255104877,C162,traseira,2024-05-03 1300UT,29,1,O1_toros_01-04mai
-25.0,0.05259505693567604,5.374696600365029,C162,traseira,2024-05-03 1300UT,24,1,O1_toros_01-04mai
-20.0,0.05113701103512666,5.423069814246933,C162,traseira,2024-05-03 1300UT,18,1,O1_toros_01-04mai
-15.0,0.051378382338832934,5.416507655731204,C162,traseira,2024-05-03 1300UT,20,1,O1_toros_01-04mai
-60.0,0.03749986496076262,6.318122841810705,C151,frente,2024-05-03 1300UT,75,1,O1_toros_01-04mai
-55.0,0.03275278778596068,6.957755753642381,C151,frente,2024-05-03 1300UT,88,1,O1_toros_01-04mai
-50.0,0.027918196204147712,7.92905847358998,C151,frente,2024-05-03 1300UT,67,1,O1_toros_01-04mai
-45.0,0.028716907691646358,7.740450365088194,C151,frente,2024-05-03 1300UT,58,1,O1_toros_01-04mai
-40.0,0.03126603042428168,7.215983100573057,C151,frente,2024-05-03 1300UT,66,1,O1_toros_01-04mai
-35.0,0.042635193926771606,5.859215559959669,C151,frente,2024-05-03 1300UT,41,1,O1_toros_01-04mai
-30.0,0.05537073047480773,5.2972960239295706,C151,frente,2024-05-03 1300UT,24,1,O1_toros_01-04mai
-25.0,0.06336188631360432,5.153327052892418,C151,frente,2024-05-03 1300UT,20,1,O1_toros_01-04mai
-20.0,0.07341690216533657,5.066080750077468,C151,frente,2024-05-03 1300UT,29,1,O1_toros_01-04mai
-15.0,0.07999637275549178,5.038267620236534,C151,frente,2024-05-03 1300UT,30,1,O1_toros_01-04mai
-60.0,0.03580957518837884,6.5175096688283025,C151,traseira,2024-05-03 1300UT,66,1,O1_toros_01-04mai
-55.0,0.02778494708418185,7.9617642602512575,C151,traseira,2024-05-03 1300UT,117,1,O1_toros_01-04mai
-50.0,0.02972496851319825,7.519641668227184,C151,traseira,2024-05-03 1300UT,142,1,O1_toros_01-04mai
-45.0,0.0371845007130615,6.3532227758773425,C151,traseira,2024-05-03 1300UT,65,1,O1_toros_01-04mai
-40.0,0.044336953675455024,5.745662361850588,C151,traseira,2024-05-03 1300UT,42,1,O1_toros_01-04mai
-35.0,0.05242146227528259,5.380454210556261,C151,traseira,2024-05-03 1300UT,20,1,O1_toros_01-04mai
-30.0,0.058693833203918876,5.22538271069015,C151,traseira,2024-05-03 1300UT,19,1,O1_toros_01-04mai
-25.0,0.05839225372379007,5.231118719792225,C151,traseira,2024-05-03 1300UT,7,1,O1_toros_01-04mai
-20.0,0.05653649533820077,5.269772240452663,C151,traseira,2024-05-03 1300UT,5,1,O1_toros_01-04mai
-65.0,0.05404105846548795,5.332131548830138,C165,frente,2024-05-03 1300UT,7,1,O1_toros_01-04mai
-60.0,0.0440162713263775,5.765806900708222,C165,frente,2024-05-03 1300UT,135,1,O1_toros_01-04mai
-55.0,0.04314780797804785,5.823326238397005,C165,frente,2024-05-03 1300UT,154,1,O1_toros_01-04mai
-50.0,0.034562067351765965,6.684502781955871,C165,frente,2024-05-03 1300UT,144,1,O1_toros_01-04mai
-45.0,0.04784975089921809,5.556392187638829,C165,frente,2024-05-03 1300UT,83,1,O1_toros_01-04mai
-40.0,0.05698263604090978,5.259992638839897,C165,frente,2024-05-03 1300UT,56,1,O1_toros_01-04mai
-35.0,0.0672444903728987,5.11052537466459,C165,frente,2024-05-03 1300UT,35,1,O1_toros_01-04mai
-30.0,0.0792172887860024,5.040753767171745,C165,frente,2024-05-03 1300UT,24,1,O1_toros_01-04mai
-25.0,0.08390597379854528,5.0275716529371195,C165,frente,2024-05-03 1300UT,21,1,O1_toros_01-04mai
-20.0,0.08961065009754428,5.0171397184380355,C165,frente,2024-05-03 1300UT,17,1,O1_toros_01-04mai
-15.0,0.0879713343975321,5.019648640054869,C165,frente,2024-05-03 1300UT,25,1,O1_toros_01-04mai
-65.0,0.04723625758200961,5.585577103192727,C165,traseira,2024-05-03 1300UT,5,1,O1_toros_01-04mai
-60.0,0.03301761825848012,6.91502215825399,C165,traseira,2024-05-03 1300UT,147,1,O1_toros_01-04mai
-55.0,0.026450586428737932,8.310123722825256,C165,traseira,2024-05-03 1300UT,166,1,O1_toros_01-04mai
-50.0,0.03123117615331007,7.222612097395766,C165,traseira,2024-05-03 1300UT,126,1,O1_toros_01-04mai
-45.0,0.03558628728086893,6.5460044075287716,C165,traseira,2024-05-03 1300UT,94,1,O1_toros_01-04mai
-40.0,0.04192251882127492,5.912519749306959,C165,traseira,2024-05-03 1300UT,62,1,O1_toros_01-04mai
-35.0,0.04592467787734734,5.653208367394727,C165,traseira,2024-05-03 1300UT,43,1,O1_toros_01-04mai
-30.0,0.048330840891045994,5.534527183183312,C165,traseira,2024-05-03 1300UT,57,1,O1_toros_01-04mai
-25.0,0.04993760331326679,5.467990555172131,C165,traseira,2024-05-03 1300UT,42,1,O1_toros_01-04mai
-20.0,0.053701107183004804,5.341678065647024,C165,traseira,2024-05-03 1300UT,20,1,O1_toros_01-04mai
-15.0,0.04709472216503788,5.60565100461649,C165,traseira,2024-05-03 1300UT,8,1,O1_toros_01-04mai
-60.0,0.03199069662076029,7.08612482914111,C166,frente,2024-05-03 1300UT,32,1,O1_toros_01-04mai
-55.0,0.033401174679643486,6.85478146426073,C166,frente,2024-05-03 1300UT,140,1,O1_toros_01-04mai
-50.0,0.03825907611834429,6.237311695298221,C166,frente,2024-05-03 1300UT,47,1,O1_toros_01-04mai
-45.0,0.04445820255627251,5.738219396709896,C166,frente,2024-05-03 1300UT,20,1,O1_toros_01-04mai
-40.0,0.051560405981840106,5.408402072989388,C166,frente,2024-05-03 1300UT,15,1,O1_toros_01-04mai
-35.0,0.06778970110896249,5.1056161084273075,C166,frente,2024-05-03 1300UT,11,1,O1_toros_01-04mai
-30.0,0.07675649329140632,5.0500277684212795,C166,frente,2024-05-03 1300UT,9,1,O1_toros_01-04mai
-25.0,0.08641813712459451,5.0223637475214895,C166,frente,2024-05-03 1300UT,7,1,O1_toros_01-04mai
-20.0,0.09356660909678226,5.012326300553112,C166,frente,2024-05-03 1300UT,11,1,O1_toros_01-04mai
-15.0,0.1044089060040078,5.004993866670899,C166,frente,2024-05-03 1300UT,11,1,O1_toros_01-04mai
-60.0,0.031422356345079575,7.18730152388508,C166,traseira,2024-05-03 1300UT,38,1,O1_toros_01-04mai
-55.0,0.027507893412307024,8.030940388578305,C166,traseira,2024-05-03 1300UT,187,1,O1_toros_01-04mai
-50.0,0.03129424305775882,7.21077646071769,C166,traseira,2024-05-03 1300UT,95,1,O1_toros_01-04mai
-45.0,0.03354113387708465,6.833272996273342,C166,traseira,2024-05-03 1300UT,41,1,O1_toros_01-04mai
-40.0,0.040834574530890025,5.99836251856394,C166,traseira,2024-05-03 1300UT,40,1,O1_toros_01-04mai
-35.0,0.04892151260849881,5.508957762610871,C166,traseira,2024-05-03 1300UT,34,1,O1_toros_01-04mai
-30.0,0.04672819032347814,5.6114603243157415,C166,traseira,2024-05-03 1300UT,18,1,O1_toros_01-04mai
-25.0,0.0758696206536614,5.054012073132276,C166,traseira,2024-05-03 1300UT,12,1,O1_toros_01-04mai
-20.0,0.08250826514609255,5.031081229979744,C166,traseira,2024-05-03 1300UT,6,1,O1_toros_01-04mai
-60.0,0.03184790668714525,7.111108992558744,C167,frente,2024-05-03 1300UT,36,1,O1_toros_01-04mai
-55.0,0.03412882414709308,6.745653008813485,C167,frente,2024-05-03 1300UT,133,1,O1_toros_01-04mai
-50.0,0.038881769745062356,6.174744440870761,C167,frente,2024-05-03 1300UT,40,1,O1_toros_01-04mai
-45.0,0.04608814162669232,5.64444086768803,C167,frente,2024-05-03 1300UT,30,1,O1_toros_01-04mai
-40.0,0.05653751205940784,5.269756155945578,C167,frente,2024-05-03 1300UT,14,1,O1_toros_01-04mai
-35.0,0.06433332568349237,5.140870663181982,C167,frente,2024-05-03 1300UT,13,1,O1_toros_01-04mai
-30.0,0.0772793327698409,5.04789486341911,C167,frente,2024-05-03 1300UT,13,1,O1_toros_01-04mai
-25.0,0.08809446458527917,5.019448059151646,C167,frente,2024-05-03 1300UT,9,1,O1_toros_01-04mai
-20.0,0.12619010189179397,5.001130742976313,C167,frente,2024-05-03 1300UT,6,1,O1_toros_01-04mai
-15.0,0.1073447382726485,5.0039100798844345,C167,frente,2024-05-03 1300UT,7,1,O1_toros_01-04mai
-60.0,0.029142433105309833,7.644975053037164,C167,traseira,2024-05-03 1300UT,42,1,O1_toros_01-04mai
-55.0,0.02698165377843386,8.166817123184007,C167,traseira,2024-05-03 1300UT,234,1,O1_toros_01-04mai
-50.0,0.02931220214289297,7.608074039259138,C167,traseira,2024-05-03 1300UT,100,1,O1_toros_01-04mai
-45.0,0.032675864297102425,6.970345070767758,C167,traseira,2024-05-03 1300UT,55,1,O1_toros_01-04mai
-40.0,0.03752485471762099,6.31538073388326,C167,traseira,2024-05-03 1300UT,19,1,O1_toros_01-04mai
-35.0,0.04622030126649113,5.637312992204443,C167,traseira,2024-05-03 1300UT,7,1,O1_toros_01-04mai
-60.0,0.027141346368138818,8.124951304402806,C168,frente,2024-05-03 1300UT,16,1,O1_toros_01-04mai
-55.0,0.02044582408418074,10.459622966163124,C168,frente,2024-05-03 1300UT,42,1,O1_toros_01-04mai
-60.0,0.03224811821551471,7.041845788456547,C168,traseira,2024-05-03 1300UT,13,1,O1_toros_01-04mai
-55.0,0.029739705943796834,7.51654908676943,C168,traseira,2024-05-03 1300UT,55,1,O1_toros_01-04mai
-50.0,0.03656402084326714,6.425033981886395,C168,traseira,2024-05-03 1300UT,50,1,O1_toros_01-04mai
-45.0,0.04445049704439624,5.738609899437973,C168,traseira,2024-05-03 1300UT,42,1,O1_toros_01-04mai
-40.0,0.050971511409008116,5.428944143960801,C168,traseira,2024-05-03 1300UT,47,1,O1_toros_01-04mai
-35.0,0.05992902910238838,5.203337447542867,C168,traseira,2024-05-03 1300UT,45,1,O1_toros_01-04mai
-30.0,0.0710617422315501,5.080410181843807,C168,traseira,2024-05-03 1300UT,45,1,O1_toros_01-04mai
-25.0,0.07896739521690255,5.041609828133339,C168,traseira,2024-05-03 1300UT,49,1,O1_toros_01-04mai
-20.0,0.08776118303018107,5.019995990666657,C168,traseira,2024-05-03 1300UT,86,1,O1_toros_01-04mai
-15.0,0.0909183498840359,5.015370091391687,C168,traseira,2024-05-03 1300UT,53,1,O1_toros_01-04mai
-65.0,0.018354728342510326,11.498925395351645,C171,frente,2024-05-03 1400UT,62,1,O1_toros_01-04mai
-60.0,0.018142638728757713,11.6148083223394,C171,frente,2024-05-03 1400UT,893,1,O1_toros_01-04mai
-55.0,0.022506750938047257,9.59806703679615,C171,frente,2024-05-03 1400UT,272,1,O1_toros_01-04mai
-50.0,0.028553259759734963,7.778077296199445,C171,frente,2024-05-03 1400UT,109,1,O1_toros_01-04mai
-45.0,0.03566674622219811,6.535672705728622,C171,frente,2024-05-03 1400UT,81,1,O1_toros_01-04mai
-40.0,0.042020577178565464,5.9043693914255755,C171,frente,2024-05-03 1400UT,95,1,O1_toros_01-04mai
-35.0,0.0493346765379012,5.491631580477711,C171,frente,2024-05-03 1400UT,95,1,O1_toros_01-04mai
-30.0,0.05989455455610364,5.203929724866928,C171,frente,2024-05-03 1400UT,54,1,O1_toros_01-04mai
-25.0,0.054214670056845285,5.327360984201874,C171,frente,2024-05-03 1400UT,23,1,O1_toros_01-04mai
-20.0,0.07024535341215742,5.086071057890271,C171,frente,2024-05-03 1400UT,17,1,O1_toros_01-04mai
-15.0,0.06838365202189052,5.1017720336227335,C171,frente,2024-05-03 1400UT,28,1,O1_toros_01-04mai
-70.0,0.014624361850283572,13.868454665600424,C171,traseira,2024-05-03 1400UT,35,1,O1_toros_01-04mai
-65.0,0.0160892311182826,12.849355501268562,C171,traseira,2024-05-03 1400UT,178,1,O1_toros_01-04mai
-60.0,0.015886539187451348,12.983038601130417,C171,traseira,2024-05-03 1400UT,632,1,O1_toros_01-04mai
-55.0,0.014838834897029845,13.711384832793799,C171,traseira,2024-05-03 1400UT,108,1,O1_toros_01-04mai
-50.0,0.015235393279214764,13.428398136547115,C171,traseira,2024-05-03 1400UT,76,1,O1_toros_01-04mai
-45.0,0.014911759072611205,13.65859952988254,C171,traseira,2024-05-03 1400UT,86,1,O1_toros_01-04mai
-40.0,0.014505496722102504,13.956737014343418,C171,traseira,2024-05-03 1400UT,107,1,O1_toros_01-04mai
-35.0,0.017344797124394164,12.069555603576799,C171,traseira,2024-05-03 1400UT,67,1,O1_toros_01-04mai
-30.0,0.018932272405520374,11.194799364058868,C171,traseira,2024-05-03 1400UT,64,1,O1_toros_01-04mai
-25.0,0.02714707435349913,8.123459449692282,C171,traseira,2024-05-03 1400UT,47,1,O1_toros_01-04mai
-20.0,0.028138291850804756,7.875825396350603,C171,traseira,2024-05-03 1400UT,45,1,O1_toros_01-04mai
-15.0,0.03694955989586508,6.379977769994964,C171,traseira,2024-05-03 1400UT,45,1,O1_toros_01-04mai
-65.0,0.01344925916194312,14.780844058116173,C128,frente,2024-05-03 1400UT,981,1,O1_toros_01-04mai
-60.0,0.012391610359436473,15.6820331476313,C128,frente,2024-05-03 1400UT,4491,1,O1_toros_01-04mai
-55.0,0.012679925196190513,15.428442711852437,C128,frente,2024-05-03 1400UT,2794,1,O1_toros_01-04mai
-50.0,0.01345045613714054,14.779869015151274,C128,frente,2024-05-03 1400UT,1494,1,O1_toros_01-04mai
-45.0,0.01388817715518686,14.429558580255769,C128,frente,2024-05-03 1400UT,725,1,O1_toros_01-04mai
-40.0,0.024965633337415003,8.746204059982025,C128,frente,2024-05-03 1400UT,162,1,O1_toros_01-04mai
-35.0,0.04532806997208776,5.6865049916252906,C128,frente,2024-05-03 1400UT,81,1,O1_toros_01-04mai
-30.0,0.05750828246475123,5.248903401559549,C128,frente,2024-05-03 1400UT,70,1,O1_toros_01-04mai
-25.0,0.06199490943763987,5.1711814355559,C128,frente,2024-05-03 1400UT,92,1,O1_toros_01-04mai
-20.0,0.08075484689752985,5.035888907269426,C128,frente,2024-05-03 1400UT,90,1,O1_toros_01-04mai
-15.0,0.09935071745014594,5.007638642719519,C128,frente,2024-05-03 1400UT,76,1,O1_toros_01-04mai
-70.0,0.014615749027748176,13.874831372960307,C128,traseira,2024-05-03 1400UT,142,1,O1_toros_01-04mai
-65.0,0.01590227194671214,12.972579190178651,C128,traseira,2024-05-03 1400UT,3961,1,O1_toros_01-04mai
-60.0,0.015922921655601385,12.958871700932653,C128,traseira,2024-05-03 1400UT,1737,1,O1_toros_01-04mai
-55.0,0.01737124136464311,12.054006505373764,C128,traseira,2024-05-03 1400UT,508,1,O1_toros_01-04mai
-50.0,0.019790868243742474,10.765925589959181,C128,traseira,2024-05-03 1400UT,262,1,O1_toros_01-04mai
-45.0,0.025037692280563663,8.723719465014593,C128,traseira,2024-05-03 1400UT,207,1,O1_toros_01-04mai
-40.0,0.03096785729611517,7.271732160909117,C128,traseira,2024-05-03 1400UT,189,1,O1_toros_01-04mai
-35.0,0.03318612227674479,6.8886865753037645,C128,traseira,2024-05-03 1400UT,172,1,O1_toros_01-04mai
-30.0,0.038078703313543946,6.256178836503336,C128,traseira,2024-05-03 1400UT,148,1,O1_toros_01-04mai
-25.0,0.04494910785771551,5.708530900746907,C128,traseira,2024-05-03 1400UT,233,1,O1_toros_01-04mai
-20.0,0.055263296460322325,5.299968645926946,C128,traseira,2024-05-03 1400UT,305,1,O1_toros_01-04mai
-15.0,0.06034095205012502,5.196475941716422,C128,traseira,2024-05-03 1400UT,351,1,O1_toros_01-04mai
-65.0,0.015167500053487753,13.477387226035733,C175,inteira,2024-05-03 1400UT,12,1,O1_toros_01-04mai
-60.0,0.016348121721356794,12.681810118434198,C175,inteira,2024-05-03 1400UT,110,1,O1_toros_01-04mai
-55.0,0.018185799074763878,11.591060873066368,C175,inteira,2024-05-03 1400UT,80,1,O1_toros_01-04mai
-50.0,0.02281225433951515,9.482569931792026,C175,inteira,2024-05-03 1400UT,72,1,O1_toros_01-04mai
-45.0,0.026724462015103152,8.235449778894404,C175,inteira,2024-05-03 1400UT,58,1,O1_toros_01-04mai
-40.0,0.027544265996140585,8.023151843205024,C175,inteira,2024-05-03 1400UT,34,1,O1_toros_01-04mai
-35.0,0.025766005322418156,8.507694898043884,C175,inteira,2024-05-03 1400UT,18,1,O1_toros_01-04mai
-30.0,0.0339313481035774,6.778166227838991,C175,inteira,2024-05-03 1400UT,14,1,O1_toros_01-04mai
-25.0,0.0295575012613005,7.5550512356683885,C175,inteira,2024-05-03 1400UT,9,1,O1_toros_01-04mai
-20.0,0.034106183485028654,6.749214330582756,C175,inteira,2024-05-03 1400UT,12,1,O1_toros_01-04mai
-15.0,0.05864765362218632,5.226251721666951,C175,inteira,2024-05-03 1400UT,17,1,O1_toros_01-04mai
-70.0,0.012993243677092337,15.15968131716665,C176,inteira,2024-05-03 1400UT,5,1,O1_toros_01-04mai
-65.0,0.014278726384080018,14.127608341691078,C176,inteira,2024-05-03 1400UT,106,1,O1_toros_01-04mai
-60.0,0.014562566082516437,13.914861296430807,C176,inteira,2024-05-03 1400UT,88,1,O1_toros_01-04mai
-55.0,0.015314215038924495,13.373004620748663,C176,inteira,2024-05-03 1400UT,61,1,O1_toros_01-04mai
-50.0,0.016741556323861415,12.434026907951264,C176,inteira,2024-05-03 1400UT,84,1,O1_toros_01-04mai
-45.0,0.017905267973285427,11.747058169727548,C176,inteira,2024-05-03 1400UT,86,1,O1_toros_01-04mai
-40.0,0.02266626332120949,9.537345297952944,C176,inteira,2024-05-03 1400UT,103,1,O1_toros_01-04mai
-35.0,0.0273480773496263,8.07157646360413,C176,inteira,2024-05-03 1400UT,101,1,O1_toros_01-04mai
-30.0,0.03011962925939534,7.439383449416388,C176,inteira,2024-05-03 1400UT,94,1,O1_toros_01-04mai
-25.0,0.03198199072841417,7.087634251201246,C176,inteira,2024-05-03 1400UT,81,1,O1_toros_01-04mai
-20.0,0.03426147188781975,6.726677284767316,C176,inteira,2024-05-03 1400UT,66,1,O1_toros_01-04mai
-15.0,0.038834139099297976,6.17968686698788,C176,inteira,2024-05-03 1400UT,78,1,O1_toros_01-04mai
-60.0,0.012261375426747073,15.79859665856365,C177,inteira,2024-05-03 1400UT,188,1,O1_toros_01-04mai
-55.0,0.013162329277834589,15.017531771367626,C177,inteira,2024-05-03 1400UT,278,1,O1_toros_01-04mai
-50.0,0.014345024680346274,14.077316985059538,C177,inteira,2024-05-03 1400UT,394,1,O1_toros_01-04mai
-45.0,0.014773958184241334,13.758584535093602,C177,inteira,2024-05-03 1400UT,232,1,O1_toros_01-04mai
-40.0,0.016207372593214246,12.772433023511034,C177,inteira,2024-05-03 1400UT,24,1,O1_toros_01-04mai
-60.0,0.01043719292869755,17.571487360923832,C178,inteira,2024-05-03 1400UT,38,1,O1_toros_01-04mai
-55.0,0.011652017459166414,16.361107806674816,C178,inteira,2024-05-03 1400UT,165,1,O1_toros_01-04mai
-50.0,0.01311930238061802,15.053513579208843,C178,inteira,2024-05-03 1400UT,313,1,O1_toros_01-04mai
-65.0,0.016963402758911818,12.297870109742671,C171,frente,2024-05-03 1500UT,138,1,O1_toros_01-04mai
-60.0,0.016637094070890077,12.499023977606372,C171,frente,2024-05-03 1500UT,305,1,O1_toros_01-04mai
-55.0,0.014644710631694702,13.853429414873894,C171,frente,2024-05-03 1500UT,114,1,O1_toros_01-04mai
-50.0,0.014137651737567957,14.235546019018843,C171,frente,2024-05-03 1500UT,59,1,O1_toros_01-04mai
-45.0,0.014632407276601781,13.86251078348677,C171,frente,2024-05-03 1500UT,55,1,O1_toros_01-04mai
-40.0,0.013659213922424224,14.611204514186692,C171,frente,2024-05-03 1500UT,57,1,O1_toros_01-04mai
-35.0,0.016477978749388535,12.599334223639456,C171,frente,2024-05-03 1500UT,46,1,O1_toros_01-04mai
-30.0,0.02740388527097527,8.065251576421417,C171,frente,2024-05-03 1500UT,26,1,O1_toros_01-04mai
-25.0,0.037738666547389374,6.31092528368883,C171,frente,2024-05-03 1500UT,32,1,O1_toros_01-04mai
-20.0,0.04615299907437366,5.640986262986232,C171,frente,2024-05-03 1500UT,30,1,O1_toros_01-04mai
-15.0,0.053705305712961796,5.341590236376742,C171,frente,2024-05-03 1500UT,34,1,O1_toros_01-04mai
-65.0,0.017623686856752172,11.907147950624879,C171,traseira,2024-05-03 1500UT,163,1,O1_toros_01-04mai
-60.0,0.018639816524930904,11.34634703398737,C171,traseira,2024-05-03 1500UT,260,1,O1_toros_01-04mai
-55.0,0.019968563004285456,10.681131749958753,C171,traseira,2024-05-03 1500UT,101,1,O1_toros_01-04mai
-50.0,0.020031762323225264,10.651290096326338,C171,traseira,2024-05-03 1500UT,57,1,O1_toros_01-04mai
-45.0,0.018330870497703676,11.511858114746543,C171,traseira,2024-05-03 1500UT,59,1,O1_toros_01-04mai
-40.0,0.015331552648404228,13.360916031962288,C171,traseira,2024-05-03 1500UT,61,1,O1_toros_01-04mai
-35.0,0.010410944193359657,17.599035890088373,C171,traseira,2024-05-03 1500UT,24,1,O1_toros_01-04mai
-30.0,0.018889209509143585,11.247230871790144,C171,traseira,2024-05-03 1500UT,16,1,O1_toros_01-04mai
-25.0,0.029736944687879123,7.51712822306936,C171,traseira,2024-05-03 1500UT,9,1,O1_toros_01-04mai
-20.0,0.03429099332965441,8.057906170293345,C171,traseira,2024-05-03 1500UT,10,1,O1_toros_01-04mai
-15.0,0.07257514325149908,5.070882534009256,C171,traseira,2024-05-03 1500UT,9,1,O1_toros_01-04mai
-70.0,0.013182101871394403,15.001108398892535,C176,frente,2024-05-03 1500UT,30,1,O1_toros_01-04mai
-65.0,0.016336733431903696,12.689093752190791,C176,frente,2024-05-03 1500UT,837,1,O1_toros_01-04mai
-60.0,0.01565209660940606,13.140535772329965,C176,frente,2024-05-03 1500UT,883,1,O1_toros_01-04mai
-55.0,0.01697847658022404,12.288693667089849,C176,frente,2024-05-03 1500UT,404,1,O1_toros_01-04mai
-50.0,0.01782224274413573,11.793800371971427,C176,frente,2024-05-03 1500UT,179,1,O1_toros_01-04mai
-45.0,0.014505409136839283,13.95680238776274,C176,frente,2024-05-03 1500UT,151,1,O1_toros_01-04mai
-40.0,0.020757890462828166,10.319467351414623,C176,frente,2024-05-03 1500UT,113,1,O1_toros_01-04mai
-35.0,0.035153813292045054,6.602737236989018,C176,frente,2024-05-03 1500UT,63,1,O1_toros_01-04mai
-30.0,0.04351049684561277,5.798831328299782,C176,frente,2024-05-03 1500UT,62,1,O1_toros_01-04mai
-25.0,0.04452757661146761,5.733864341985024,C176,frente,2024-05-03 1500UT,78,1,O1_toros_01-04mai
-20.0,0.05988354033194893,5.204109707873064,C176,frente,2024-05-03 1500UT,75,1,O1_toros_01-04mai
-15.0,0.06383009013697664,5.146917507430755,C176,frente,2024-05-03 1500UT,104,1,O1_toros_01-04mai
-65.0,0.01411023524622882,14.25667066396527,C176,traseira,2024-05-03 1500UT,624,1,O1_toros_01-04mai
-60.0,0.014925215640458388,13.648876891522544,C176,traseira,2024-05-03 1500UT,1224,1,O1_toros_01-04mai
-55.0,0.0170367170022513,12.25340464474531,C176,traseira,2024-05-03 1500UT,629,1,O1_toros_01-04mai
-50.0,0.01782589393259084,11.791733565959426,C176,traseira,2024-05-03 1500UT,353,1,O1_toros_01-04mai
-45.0,0.02196207259923725,9.81157592243503,C176,traseira,2024-05-03 1500UT,269,1,O1_toros_01-04mai
-40.0,0.02911065344882266,7.652599646540022,C176,traseira,2024-05-03 1500UT,218,1,O1_toros_01-04mai
-35.0,0.03600517902313021,6.49302506823893,C176,traseira,2024-05-03 1500UT,216,1,O1_toros_01-04mai
-30.0,0.04270432827627056,5.854279831527391,C176,traseira,2024-05-03 1500UT,206,1,O1_toros_01-04mai
-25.0,0.050806165376129975,5.434895401549668,C176,traseira,2024-05-03 1500UT,211,1,O1_toros_01-04mai
-20.0,0.0760980460342902,5.052849530278539,C176,traseira,2024-05-03 1500UT,233,1,O1_toros_01-04mai
-15.0,0.08452067616844422,5.026196887985352,C176,traseira,2024-05-03 1500UT,258,1,O1_toros_01-04mai
-65.0,0.016820546606887636,12.385252929047118,C175,frente,2024-05-03 1500UT,5,1,O1_toros_01-04mai
-60.0,0.01584950794649704,13.016152708308606,C175,frente,2024-05-03 1500UT,8,1,O1_toros_01-04mai
-50.0,0.01690897254089313,12.432186833289588,C175,frente,2024-05-03 1500UT,6,1,O1_toros_01-04mai
-40.0,0.01526116512144124,13.410102161576518,C175,frente,2024-05-03 1500UT,5,1,O1_toros_01-04mai
-35.0,0.01789193825265917,11.754456621702072,C175,frente,2024-05-03 1500UT,7,1,O1_toros_01-04mai
-30.0,0.02162156012251059,9.95040077262571,C175,frente,2024-05-03 1500UT,34,1,O1_toros_01-04mai
-25.0,0.03135891490727693,7.198893925326862,C175,frente,2024-05-03 1500UT,45,1,O1_toros_01-04mai
-20.0,0.044614424930454866,5.728743765447111,C175,frente,2024-05-03 1500UT,52,1,O1_toros_01-04mai
-15.0,0.0600147557225417,5.201917053721788,C175,frente,2024-05-03 1500UT,60,1,O1_toros_01-04mai
-60.0,0.018129384588571572,11.622118491747383,C175,traseira,2024-05-03 1500UT,13,1,O1_toros_01-04mai
-55.0,0.018558653538832386,11.395268844116877,C175,traseira,2024-05-03 1500UT,6,1,O1_toros_01-04mai
-50.0,0.015752723902132223,13.086002120722418,C175,traseira,2024-05-03 1500UT,10,1,O1_toros_01-04mai
-45.0,0.01380421715920713,14.495765398718488,C175,traseira,2024-05-03 1500UT,9,1,O1_toros_01-04mai
-25.0,0.036604728390369864,6.420208013310058,C175,traseira,2024-05-03 1500UT,5,1,O1_toros_01-04mai
-20.0,0.03950185546230273,6.115581834125512,C175,traseira,2024-05-03 1500UT,11,1,O1_toros_01-04mai
-15.0,0.05440861835395823,5.47313382630597,C175,traseira,2024-05-03 1500UT,6,1,O1_toros_01-04mai
-60.0,0.013831924308258319,14.473865642002263,C128,frente,2024-05-03 1500UT,43,1,O1_toros_01-04mai
-55.0,0.013589214641537029,14.667433136914713,C128,frente,2024-05-03 1500UT,75,1,O1_toros_01-04mai
-50.0,0.019299564241179033,11.196574750205114,C128,frente,2024-05-03 1500UT,30,1,O1_toros_01-04mai
-45.0,0.023029271223818506,9.402142905500632,C128,frente,2024-05-03 1500UT,45,1,O1_toros_01-04mai
-40.0,0.020080498745132357,10.628384669961843,C128,frente,2024-05-03 1500UT,61,1,O1_toros_01-04mai
-35.0,0.021751267548126674,9.89696127184718,C128,frente,2024-05-03 1500UT,58,1,O1_toros_01-04mai
-30.0,0.020232217775565723,10.557671545122655,C128,frente,2024-05-03 1500UT,59,1,O1_toros_01-04mai
-25.0,0.02057664111134589,10.401058807011866,C128,frente,2024-05-03 1500UT,62,1,O1_toros_01-04mai
-20.0,0.027764400762540116,7.966839717520228,C128,frente,2024-05-03 1500UT,61,1,O1_toros_01-04mai
-15.0,0.046723181765478815,5.611157182255278,C128,frente,2024-05-03 1500UT,77,1,O1_toros_01-04mai
-60.0,0.013063815718691195,15.10010754460505,C128,traseira,2024-05-03 1500UT,37,1,O1_toros_01-04mai
-55.0,0.01278603170878541,15.3366541104756,C128,traseira,2024-05-03 1500UT,36,1,O1_toros_01-04mai
-50.0,0.01335024046143414,14.861885161696165,C128,traseira,2024-05-03 1500UT,73,1,O1_toros_01-04mai
-45.0,0.01485922691278797,13.696568062528609,C128,traseira,2024-05-03 1500UT,49,1,O1_toros_01-04mai
-40.0,0.01706628606024558,12.236558144090802,C128,traseira,2024-05-03 1500UT,28,1,O1_toros_01-04mai
-35.0,0.02580141659595908,8.494112230085317,C128,traseira,2024-05-03 1500UT,31,1,O1_toros_01-04mai
-30.0,0.036499429920966234,6.432724994621475,C128,traseira,2024-05-03 1500UT,25,1,O1_toros_01-04mai
-25.0,0.05285440888866132,5.428277866032516,C128,traseira,2024-05-03 1500UT,28,1,O1_toros_01-04mai
-20.0,0.09936324976181872,5.007604056441152,C128,traseira,2024-05-03 1500UT,27,1,O1_toros_01-04mai
-15.0,0.11194749600088968,5.002680560564709,C128,traseira,2024-05-03 1500UT,64,1,O1_toros_01-04mai
-60.0,0.012974912190523104,15.175213349499007,C179,inteira,2024-05-03 1500UT,43,1,O1_toros_01-04mai
-55.0,0.01405337586700757,14.300635452755222,C179,inteira,2024-05-03 1500UT,73,1,O1_toros_01-04mai
-50.0,0.01900625651369834,11.155479570432682,C179,inteira,2024-05-03 1500UT,43,1,O1_toros_01-04mai
-45.0,0.023562827324459346,9.210698034868987,C179,inteira,2024-05-03 1500UT,53,1,O1_toros_01-04mai
-40.0,0.028599917985392402,7.767412249932447,C179,inteira,2024-05-03 1500UT,34,1,O1_toros_01-04mai
-35.0,0.029987180907426775,7.499105303038978,C179,inteira,2024-05-03 1500UT,30,1,O1_toros_01-04mai
-30.0,0.043464776509119056,5.801823053157925,C179,inteira,2024-05-03 1500UT,37,1,O1_toros_01-04mai
-25.0,0.06917681166757353,5.094210355708098,C179,inteira,2024-05-03 1500UT,44,1,O1_toros_01-04mai
-20.0,0.10719829498941556,5.0039580893106885,C179,inteira,2024-05-03 1500UT,39,1,O1_toros_01-04mai
-15.0,0.16404416359062304,5.00003468686114,C179,inteira,2024-05-03 1500UT,33,1,O1_toros_01-04mai
-65.0,0.013812732890904436,14.48902917329686,C178,frente,2024-05-03 1500UT,125,1,O1_toros_01-04mai
-60.0,0.013899768988903768,14.42045437130992,C178,frente,2024-05-03 1500UT,2010,1,O1_toros_01-04mai
-55.0,0.013757763662061804,14.532596258782757,C178,frente,2024-05-03 1500UT,1216,1,O1_toros_01-04mai
-50.0,0.01545734479107493,13.27372901190777,C178,frente,2024-05-03 1500UT,319,1,O1_toros_01-04mai
-45.0,0.017382843869890217,12.047176634045414,C178,frente,2024-05-03 1500UT,147,1,O1_toros_01-04mai
-40.0,0.02089390840197381,10.259664934181142,C178,frente,2024-05-03 1500UT,90,1,O1_toros_01-04mai
-35.0,0.046286354384922776,5.633814586849163,C178,frente,2024-05-03 1500UT,63,1,O1_toros_01-04mai
-30.0,0.08324100457666105,5.029142636662443,C178,frente,2024-05-03 1500UT,53,1,O1_toros_01-04mai
-25.0,0.10517108095616082,5.004692485882865,C178,frente,2024-05-03 1500UT,40,1,O1_toros_01-04mai
-20.0,0.12208241168165503,5.001145106024064,C178,frente,2024-05-03 1500UT,40,1,O1_toros_01-04mai
-15.0,0.12255348274052148,5.001102468746803,C178,frente,2024-05-03 1500UT,60,1,O1_toros_01-04mai
-65.0,0.012630115753722986,15.471818908337546,C178,traseira,2024-05-03 1500UT,217,1,O1_toros_01-04mai
-60.0,0.012538103485766491,15.55242218446806,C178,traseira,2024-05-03 1500UT,1959,1,O1_toros_01-04mai
-55.0,0.011670514688259616,16.343608886453907,C178,traseira,2024-05-03 1500UT,1978,1,O1_toros_01-04mai
-50.0,0.011187163579554798,16.809847886093014,C178,traseira,2024-05-03 1500UT,149,1,O1_toros_01-04mai
-45.0,0.02686922889773932,8.19680799165165,C178,traseira,2024-05-03 1500UT,22,1,O1_toros_01-04mai
-40.0,0.041566333660545116,5.9441136544164035,C178,traseira,2024-05-03 1500UT,34,1,O1_toros_01-04mai
-35.0,0.07229144884943389,5.072578247558177,C178,traseira,2024-05-03 1500UT,31,1,O1_toros_01-04mai
-30.0,0.10674746500323468,5.0041142173777065,C178,traseira,2024-05-03 1500UT,18,1,O1_toros_01-04mai
-25.0,0.14675616236962788,5.000146500338958,C178,traseira,2024-05-03 1500UT,19,1,O1_toros_01-04mai
-20.0,0.18014131875226094,5.000009087898739,C178,traseira,2024-05-03 1500UT,18,1,O1_toros_01-04mai
-15.0,0.16431958061222546,5.0000338998149365,C178,traseira,2024-05-03 1500UT,15,1,O1_toros_01-04mai
-60.0,0.011232136876493777,16.767553677365562,C177,frente,2024-05-03 1500UT,24,1,O1_toros_01-04mai
-55.0,0.011244592770502528,16.753465298624928,C177,frente,2024-05-03 1500UT,112,1,O1_toros_01-04mai
-50.0,0.012756740633402748,15.361901069342096,C177,frente,2024-05-03 1500UT,120,1,O1_toros_01-04mai
-45.0,0.03171900376781729,7.135494704714354,C177,frente,2024-05-03 1500UT,12,1,O1_toros_01-04mai
-40.0,0.04185237297217687,5.924033818706358,C177,frente,2024-05-03 1500UT,6,1,O1_toros_01-04mai
-35.0,0.07335549758302815,5.066419755095079,C177,frente,2024-05-03 1500UT,19,1,O1_toros_01-04mai
-30.0,0.10539717971077979,5.004599071114219,C177,frente,2024-05-03 1500UT,15,1,O1_toros_01-04mai
-25.0,0.12656370921101437,5.001507909956768,C177,frente,2024-05-03 1500UT,6,1,O1_toros_01-04mai
-20.0,0.18028322139979291,5.000009507450375,C177,frente,2024-05-03 1500UT,6,1,O1_toros_01-04mai
-60.0,0.00977685943265426,18.282655622197165,C177,traseira,2024-05-03 1500UT,23,1,O1_toros_01-04mai
-55.0,0.01030162683216932,17.71431444623644,C177,traseira,2024-05-03 1500UT,200,1,O1_toros_01-04mai
-50.0,0.010115774569948624,17.912762882966877,C177,traseira,2024-05-03 1500UT,174,1,O1_toros_01-04mai
-60.0,0.011245936766952198,16.752149099576798,C180,inteira,2024-05-03 1500UT,412,1,O1_toros_01-04mai
-55.0,0.010694935918862008,17.304348318788737,C180,inteira,2024-05-03 1500UT,1153,1,O1_toros_01-04mai
-50.0,0.010339183433564998,17.67458470333036,C180,inteira,2024-05-03 1500UT,336,1,O1_toros_01-04mai
-45.0,0.013769162446580375,14.523558031141587,C180,inteira,2024-05-03 1500UT,24,1,O1_toros_01-04mai
-60.0,0.013624739448103468,14.638855983347444,C181,inteira,2024-05-03 1500UT,255,1,O1_toros_01-04mai
-55.0,0.014155411105563736,14.221888259494655,C181,inteira,2024-05-03 1500UT,822,1,O1_toros_01-04mai
-50.0,0.021157688738391627,10.145202128488688,C181,inteira,2024-05-03 1500UT,138,1,O1_toros_01-04mai
-45.0,0.03037620884897826,7.388208343017755,C181,inteira,2024-05-03 1500UT,82,1,O1_toros_01-04mai
-40.0,0.03603856393176192,6.488819792739138,C181,inteira,2024-05-03 1500UT,87,1,O1_toros_01-04mai
-35.0,0.04415107312956859,5.757252360053745,C181,inteira,2024-05-03 1500UT,65,1,O1_toros_01-04mai
-30.0,0.0486906789739579,5.522615066787875,C181,inteira,2024-05-03 1500UT,46,1,O1_toros_01-04mai
-25.0,0.05666855157938192,5.2668889901276845,C181,inteira,2024-05-03 1500UT,56,1,O1_toros_01-04mai
-20.0,0.05632332011575819,5.2749650012724105,C181,inteira,2024-05-03 1500UT,68,1,O1_toros_01-04mai
-15.0,0.069225635609834,5.093704826040997,C181,inteira,2024-05-03 1500UT,85,1,O1_toros_01-04mai
-60.0,0.01325212595534123,14.94285744259583,C182,inteira,2024-05-03 1500UT,62,1,O1_toros_01-04mai
-55.0,0.012804368269659767,15.320880353054772,C182,inteira,2024-05-03 1500UT,212,1,O1_toros_01-04mai
-50.0,0.012312726839017421,15.752484151560889,C182,inteira,2024-05-03 1500UT,11,1,O1_toros_01-04mai
-60.0,0.012654802505316375,15.45029811984911,C183,inteira,2024-05-03 1500UT,57,1,O1_toros_01-04mai
-55.0,0.013295836666602829,14.906696996935406,C183,inteira,2024-05-03 1500UT,549,1,O1_toros_01-04mai
-50.0,0.0143901174300732,14.043270854545728,C183,inteira,2024-05-03 1500UT,9,1,O1_toros_01-04mai
-70.0,0.013481233528157152,14.754817390456765,C176,frente,2024-05-03 1600UT,209,1,O1_toros_01-04mai
-65.0,0.015425956359455635,13.295398955393848,C176,frente,2024-05-03 1600UT,927,1,O1_toros_01-04mai
-60.0,0.01496686227720772,13.61891206946709,C176,frente,2024-05-03 1600UT,2526,1,O1_toros_01-04mai
-55.0,0.015354640086323347,13.344845485589175,C176,frente,2024-05-03 1600UT,1081,1,O1_toros_01-04mai
-50.0,0.02099091134264899,10.217171142430406,C176,frente,2024-05-03 1600UT,436,1,O1_toros_01-04mai
-45.0,0.02771688839868431,7.97861211637298,C176,frente,2024-05-03 1600UT,324,1,O1_toros_01-04mai
-40.0,0.03736095928555254,6.333469387493492,C176,frente,2024-05-03 1600UT,257,1,O1_toros_01-04mai
-35.0,0.04664938786763289,5.615018049375205,C176,frente,2024-05-03 1600UT,256,1,O1_toros_01-04mai
-30.0,0.057792454296713335,5.243319877289776,C176,frente,2024-05-03 1600UT,230,1,O1_toros_01-04mai
-25.0,0.06438635590822546,5.1402495031263635,C176,frente,2024-05-03 1600UT,209,1,O1_toros_01-04mai
-20.0,0.07665687217116135,5.050444933322085,C176,frente,2024-05-03 1600UT,206,1,O1_toros_01-04mai
-15.0,0.09834524652138987,5.008277815978527,C176,frente,2024-05-03 1600UT,188,1,O1_toros_01-04mai
-70.0,0.015921418403579864,12.959870761532017,C176,traseira,2024-05-03 1600UT,192,1,O1_toros_01-04mai
-65.0,0.01652474602432488,12.569562054247953,C176,traseira,2024-05-03 1600UT,1841,1,O1_toros_01-04mai
-60.0,0.016871666365408357,12.353859812562085,C176,traseira,2024-05-03 1600UT,1042,1,O1_toros_01-04mai
-55.0,0.01765448230694006,11.88944494828309,C176,traseira,2024-05-03 1600UT,613,1,O1_toros_01-04mai
-50.0,0.017509692278606596,11.973075379974329,C176,traseira,2024-05-03 1600UT,415,1,O1_toros_01-04mai
-45.0,0.01815504757815161,11.6079787083651,C176,traseira,2024-05-03 1600UT,244,1,O1_toros_01-04mai
-40.0,0.017175390775698088,12.170065694774344,C176,traseira,2024-05-03 1600UT,213,1,O1_toros_01-04mai
-35.0,0.021852844811740553,9.855572335988587,C176,traseira,2024-05-03 1600UT,151,1,O1_toros_01-04mai
-30.0,0.029981771260033645,7.4678818260087985,C176,traseira,2024-05-03 1600UT,126,1,O1_toros_01-04mai
-25.0,0.037788376369403846,6.286809652532023,C176,traseira,2024-05-03 1600UT,129,1,O1_toros_01-04mai
-20.0,0.04762420825688565,5.567616842737589,C176,traseira,2024-05-03 1600UT,114,1,O1_toros_01-04mai
-15.0,0.07072077111245303,5.0827708738321355,C176,traseira,2024-05-03 1600UT,150,1,O1_toros_01-04mai
-60.0,0.017686314583173504,11.871193607000603,C171,frente,2024-05-03 1600UT,75,1,O1_toros_01-04mai
-55.0,0.01904654139648592,11.135961511228482,C171,frente,2024-05-03 1600UT,74,1,O1_toros_01-04mai
-50.0,0.027714107834453012,7.9793000651348045,C171,frente,2024-05-03 1600UT,25,1,O1_toros_01-04mai
-45.0,0.035294872037085784,6.5840075269421146,C171,frente,2024-05-03 1600UT,15,1,O1_toros_01-04mai
-40.0,0.039731340987643346,6.0944503780028665,C171,frente,2024-05-03 1600UT,21,1,O1_toros_01-04mai
-35.0,0.04456233927171474,5.731739362210039,C171,frente,2024-05-03 1600UT,31,1,O1_toros_01-04mai
-30.0,0.03926070600465359,6.144999873680764,C171,frente,2024-05-03 1600UT,26,1,O1_toros_01-04mai
-25.0,0.06979175438915738,5.089386809648701,C171,frente,2024-05-03 1600UT,17,1,O1_toros_01-04mai
-20.0,0.05300308271015875,5.362139356865969,C171,frente,2024-05-03 1600UT,25,1,O1_toros_01-04mai
-15.0,0.049870793979569915,5.47015064392903,C171,frente,2024-05-03 1600UT,37,1,O1_toros_01-04mai
-60.0,0.014732290198513168,13.78904915001443,C171,traseira,2024-05-03 1600UT,67,1,O1_toros_01-04mai
-55.0,0.013468998082044659,14.764770938468633,C171,traseira,2024-05-03 1600UT,96,1,O1_toros_01-04mai
-50.0,0.012698303913446205,15.412485011376136,C171,traseira,2024-05-03 1600UT,156,1,O1_toros_01-04mai
-45.0,0.011892699625085818,16.135509759300163,C171,traseira,2024-05-03 1600UT,75,1,O1_toros_01-04mai
-40.0,0.011492771919126659,16.51287976703089,C171,traseira,2024-05-03 1600UT,33,1,O1_toros_01-04mai
-35.0,0.015053001373731296,13.560069293614209,C171,traseira,2024-05-03 1600UT,14,1,O1_toros_01-04mai
-30.0,0.014950797010243266,13.6344747795793,C171,traseira,2024-05-03 1600UT,8,1,O1_toros_01-04mai
-25.0,0.021277781441183127,10.098290833621796,C171,traseira,2024-05-03 1600UT,8,1,O1_toros_01-04mai
-15.0,0.11167934316520989,5.002724652045425,C171,traseira,2024-05-03 1600UT,5,1,O1_toros_01-04mai
-60.0,0.010485163101590818,17.521332501774875,C180,frente,2024-05-03 1600UT,407,1,O1_toros_01-04mai
-55.0,0.011157596748926621,16.838983497848975,C180,frente,2024-05-03 1600UT,680,1,O1_toros_01-04mai
-50.0,0.01152174507882991,16.485116255034686,C180,frente,2024-05-03 1600UT,867,1,O1_toros_01-04mai
-45.0,0.013564882645029433,14.687059053439283,C180,frente,2024-05-03 1600UT,186,1,O1_toros_01-04mai
-40.0,0.019642666570342898,10.837534311788877,C180,frente,2024-05-03 1600UT,55,1,O1_toros_01-04mai
-35.0,0.02530197376548763,8.667651419186662,C180,frente,2024-05-03 1600UT,28,1,O1_toros_01-04mai
-60.0,0.009946850504950549,18.095821016193213,C180,traseira,2024-05-03 1600UT,413,1,O1_toros_01-04mai
-55.0,0.010479717909023054,17.52701557936171,C180,traseira,2024-05-03 1600UT,1008,1,O1_toros_01-04mai
-50.0,0.012468409387509054,15.613887297226585,C180,traseira,2024-05-03 1600UT,563,1,O1_toros_01-04mai
-45.0,0.015037174273360964,13.568558590060501,C180,traseira,2024-05-03 1600UT,108,1,O1_toros_01-04mai
-40.0,0.01796805071263352,11.711766555164651,C180,traseira,2024-05-03 1600UT,32,1,O1_toros_01-04mai
-35.0,0.01610251341090966,12.840646275672222,C180,traseira,2024-05-03 1600UT,21,1,O1_toros_01-04mai
-60.0,0.01230486588374541,15.759530192249231,C178,frente,2024-05-03 1600UT,23,1,O1_toros_01-04mai
-55.0,0.012928772290147984,15.214412271824985,C178,frente,2024-05-03 1600UT,151,1,O1_toros_01-04mai
-50.0,0.013621626749097011,14.64141899194534,C178,frente,2024-05-03 1600UT,26,1,O1_toros_01-04mai
-45.0,0.022508506767927226,9.602054199680794,C178,frente,2024-05-03 1600UT,14,1,O1_toros_01-04mai
-40.0,0.027631020098071758,8.000000254464208,C178,frente,2024-05-03 1600UT,9,1,O1_toros_01-04mai
-35.0,0.037432787998499924,6.325511445795227,C178,frente,2024-05-03 1600UT,7,1,O1_toros_01-04mai
-30.0,0.04256874045895545,5.884010621924359,C178,frente,2024-05-03 1600UT,10,1,O1_toros_01-04mai
-25.0,0.05874394916571319,5.22444340087952,C178,frente,2024-05-03 1600UT,5,1,O1_toros_01-04mai
-60.0,0.013013945628321874,15.142169324765785,C178,traseira,2024-05-03 1600UT,21,1,O1_toros_01-04mai
-55.0,0.014560368308041057,13.915874646097867,C178,traseira,2024-05-03 1600UT,47,1,O1_toros_01-04mai
-50.0,0.01606678839011068,12.864023327081235,C178,traseira,2024-05-03 1600UT,77,1,O1_toros_01-04mai
-45.0,0.019965392702822472,10.6828981522657,C178,traseira,2024-05-03 1600UT,140,1,O1_toros_01-04mai
-40.0,0.022820129791226502,9.479857232939526,C178,traseira,2024-05-03 1600UT,88,1,O1_toros_01-04mai
-35.0,0.033936832619545665,6.774957954265035,C178,traseira,2024-05-03 1600UT,50,1,O1_toros_01-04mai
-30.0,0.04200566683903318,5.905493794389559,C178,traseira,2024-05-03 1600UT,31,1,O1_toros_01-04mai
-25.0,0.05923867816377265,5.215855937054609,C178,traseira,2024-05-03 1600UT,34,1,O1_toros_01-04mai
-20.0,0.08104303833192665,5.035000632508017,C178,traseira,2024-05-03 1600UT,41,1,O1_toros_01-04mai
-15.0,0.07782046449360627,5.045783050803909,C178,traseira,2024-05-03 1600UT,29,1,O1_toros_01-04mai
-60.0,0.0123455944402532,15.72307375022082,C183,frente,2024-05-03 1600UT,25,1,O1_toros_01-04mai
-55.0,0.011029189654893023,16.96636905440065,C183,frente,2024-05-03 1600UT,248,1,O1_toros_01-04mai
-50.0,0.013186618582563765,14.997426019548552,C183,frente,2024-05-03 1600UT,184,1,O1_toros_01-04mai
-45.0,0.013840936364686848,14.46676332909201,C183,frente,2024-05-03 1600UT,14,1,O1_toros_01-04mai
-60.0,0.012174783086006783,15.877998040020614,C183,traseira,2024-05-03 1600UT,20,1,O1_toros_01-04mai
-55.0,0.0116631061806441,16.35061615174184,C183,traseira,2024-05-03 1600UT,286,1,O1_toros_01-04mai
-50.0,0.011307959974313973,16.691566627866628,C183,traseira,2024-05-03 1600UT,130,1,O1_toros_01-04mai
-45.0,0.013372727315632433,14.843889577345173,C183,traseira,2024-05-03 1600UT,10,1,O1_toros_01-04mai
-40.0,0.013632473740901485,14.638011259753615,C183,traseira,2024-05-03 1600UT,6,1,O1_toros_01-04mai
-60.0,0.013307565491910298,14.897042013387562,C177,frente,2024-05-03 1600UT,32,1,O1_toros_01-04mai
-55.0,0.012402160809636395,15.67264558679756,C177,frente,2024-05-03 1600UT,365,1,O1_toros_01-04mai
-50.0,0.014745351098446446,13.779488279735604,C177,frente,2024-05-03 1600UT,103,1,O1_toros_01-04mai
-45.0,0.016548258747118298,12.554744824193701,C177,frente,2024-05-03 1600UT,11,1,O1_toros_01-04mai
-60.0,0.01244063045109646,15.638490073215783,C177,traseira,2024-05-03 1600UT,30,1,O1_toros_01-04mai
-55.0,0.01409301948942149,14.26996024382946,C177,traseira,2024-05-03 1600UT,463,1,O1_toros_01-04mai
-50.0,0.014338302072857015,14.082405098783308,C177,traseira,2024-05-03 1600UT,98,1,O1_toros_01-04mai
-70.0,0.019342495287092303,10.98969017508762,C184,inteira,2024-05-03 1700UT,6,1,O1_toros_01-04mai
-65.0,0.019714808385292118,10.802545470528212,C184,inteira,2024-05-03 1700UT,84,1,O1_toros_01-04mai
-60.0,0.023697655779536232,9.163652664494919,C184,inteira,2024-05-03 1700UT,191,1,O1_toros_01-04mai
-55.0,0.02266607599046697,9.5374161305278,C184,inteira,2024-05-03 1700UT,75,1,O1_toros_01-04mai
-50.0,0.022949586796195826,9.431472028975161,C184,inteira,2024-05-03 1700UT,51,1,O1_toros_01-04mai
-45.0,0.02565151680285414,8.538033206715436,C184,inteira,2024-05-03 1700UT,45,1,O1_toros_01-04mai
-40.0,0.022445013098514117,9.622533821893974,C184,inteira,2024-05-03 1700UT,30,1,O1_toros_01-04mai
-35.0,0.020641663845651196,10.371325001678183,C184,inteira,2024-05-03 1700UT,34,1,O1_toros_01-04mai
-30.0,0.022509339508495922,9.597069748343394,C184,inteira,2024-05-03 1700UT,51,1,O1_toros_01-04mai
-25.0,0.05721939318542925,5.256749050747684,C184,inteira,2024-05-03 1700UT,42,1,O1_toros_01-04mai
-20.0,0.06264465953058464,5.162649194096465,C184,inteira,2024-05-03 1700UT,52,1,O1_toros_01-04mai
-15.0,0.09629703700643946,5.009818081997573,C184,inteira,2024-05-03 1700UT,50,1,O1_toros_01-04mai
-70.0,0.014546118261057686,13.926468571067018,C176,frente,2024-05-03 1700UT,23,1,O1_toros_01-04mai
-65.0,0.015478470725747972,13.259175971057102,C176,frente,2024-05-03 1700UT,1055,1,O1_toros_01-04mai
-60.0,0.015576558381520365,13.191940866848299,C176,frente,2024-05-03 1700UT,3659,1,O1_toros_01-04mai
-55.0,0.015399233597069186,13.313892537333244,C176,frente,2024-05-03 1700UT,2713,1,O1_toros_01-04mai
-50.0,0.01740721509327212,12.032927996753955,C176,frente,2024-05-03 1700UT,768,1,O1_toros_01-04mai
-45.0,0.023467368564379122,9.244327283920638,C176,frente,2024-05-03 1700UT,329,1,O1_toros_01-04mai
-40.0,0.03210995799360959,7.065490129012872,C176,frente,2024-05-03 1700UT,299,1,O1_toros_01-04mai
-35.0,0.03816089144813238,6.247478490034872,C176,frente,2024-05-03 1700UT,322,1,O1_toros_01-04mai
-30.0,0.05319296600983148,5.356454104757365,C176,frente,2024-05-03 1700UT,317,1,O1_toros_01-04mai
-25.0,0.07606954765013399,5.052975189949907,C176,frente,2024-05-03 1700UT,227,1,O1_toros_01-04mai
-20.0,0.09703549734231715,5.009234293194261,C176,frente,2024-05-03 1700UT,156,1,O1_toros_01-04mai
-15.0,0.11832618449545383,5.001565863276089,C176,frente,2024-05-03 1700UT,129,1,O1_toros_01-04mai
-70.0,0.01658445344766655,12.531992422895492,C176,traseira,2024-05-03 1700UT,642,1,O1_toros_01-04mai
-65.0,0.01723916367003906,12.13206211398538,C176,traseira,2024-05-03 1700UT,2507,1,O1_toros_01-04mai
-60.0,0.017435890698581622,12.016092857681823,C176,traseira,2024-05-03 1700UT,1297,1,O1_toros_01-04mai
-55.0,0.02222815652042364,9.70606167060507,C176,traseira,2024-05-03 1700UT,920,1,O1_toros_01-04mai
-50.0,0.024005192428667926,9.058302860726318,C176,traseira,2024-05-03 1700UT,674,1,O1_toros_01-04mai
-45.0,0.02389223659677062,9.096684005788987,C176,traseira,2024-05-03 1700UT,434,1,O1_toros_01-04mai
-40.0,0.02611814297346464,8.403102333452473,C176,traseira,2024-05-03 1700UT,330,1,O1_toros_01-04mai
-35.0,0.03334264302174971,6.863849171694069,C176,traseira,2024-05-03 1700UT,309,1,O1_toros_01-04mai
-30.0,0.04139944372504564,5.9524132406213965,C176,traseira,2024-05-03 1700UT,249,1,O1_toros_01-04mai
-25.0,0.04914200612571311,5.49960148565256,C176,traseira,2024-05-03 1700UT,246,1,O1_toros_01-04mai
-20.0,0.0674052952089477,5.109059610084878,C176,traseira,2024-05-03 1700UT,192,1,O1_toros_01-04mai
-15.0,0.0895929400419992,5.017165032560343,C176,traseira,2024-05-03 1700UT,199,1,O1_toros_01-04mai
-65.0,0.025002380831591887,8.73469309687075,C184,frente,2024-05-03 1800UT,329,1,O1_toros_01-04mai
-60.0,0.020649965394138544,10.36752512736495,C184,frente,2024-05-03 1800UT,455,1,O1_toros_01-04mai
-55.0,0.021221677025396582,10.117798142255062,C184,frente,2024-05-03 1800UT,313,1,O1_toros_01-04mai
-50.0,0.025109723559693035,8.701565853646793,C184,frente,2024-05-03 1800UT,190,1,O1_toros_01-04mai
-45.0,0.03193359508404808,7.096117397744235,C184,frente,2024-05-03 1800UT,92,1,O1_toros_01-04mai
-40.0,0.038519364317533354,6.210762534838368,C184,frente,2024-05-03 1800UT,71,1,O1_toros_01-04mai
-35.0,0.047763556094655,5.560403084988183,C184,frente,2024-05-03 1800UT,57,1,O1_toros_01-04mai
-30.0,0.055879474794176424,5.284954569166736,C184,frente,2024-05-03 1800UT,51,1,O1_toros_01-04mai
-25.0,0.065576256707117,5.1270119650596255,C184,frente,2024-05-03 1800UT,54,1,O1_toros_01-04mai
-20.0,0.07780725488713855,5.045840021500293,C184,frente,2024-05-03 1800UT,80,1,O1_toros_01-04mai
-15.0,0.08164179434992733,5.033297083086521,C184,frente,2024-05-03 1800UT,71,1,O1_toros_01-04mai
-70.0,0.02258968637891593,9.566392549705814,C184,traseira,2024-05-03 1800UT,9,1,O1_toros_01-04mai
-65.0,0.022257876872776416,9.694418777469785,C184,traseira,2024-05-03 1800UT,239,1,O1_toros_01-04mai
-60.0,0.019235170849890813,11.039169349092363,C184,traseira,2024-05-03 1800UT,245,1,O1_toros_01-04mai
-55.0,0.01830168935703893,11.527728122545117,C184,traseira,2024-05-03 1800UT,118,1,O1_toros_01-04mai
-50.0,0.022709904348801227,9.520876755676818,C184,traseira,2024-05-03 1800UT,92,1,O1_toros_01-04mai
-45.0,0.02169931556412661,9.919050721891423,C184,traseira,2024-05-03 1800UT,62,1,O1_toros_01-04mai
-40.0,0.020459849955866728,10.453239770387649,C184,traseira,2024-05-03 1800UT,85,1,O1_toros_01-04mai
-35.0,0.01833987827633852,11.506971834214946,C184,traseira,2024-05-03 1800UT,83,1,O1_toros_01-04mai
-30.0,0.020209431832915174,10.568234636123062,C184,traseira,2024-05-03 1800UT,77,1,O1_toros_01-04mai
-25.0,0.03587646170819809,6.510380801689269,C184,traseira,2024-05-03 1800UT,72,1,O1_toros_01-04mai
-20.0,0.05311423570843756,5.358800438246908,C184,traseira,2024-05-03 1800UT,75,1,O1_toros_01-04mai
-15.0,0.07305431728922106,5.068801577294127,C184,traseira,2024-05-03 1800UT,62,1,O1_toros_01-04mai
-65.0,0.014391577612394334,14.042170519473576,C176,frente,2024-05-03 1800UT,1575,1,O1_toros_01-04mai
-60.0,0.015920824835321326,12.960262522716604,C176,frente,2024-05-03 1800UT,3100,1,O1_toros_01-04mai
-55.0,0.016941905908295682,12.310940240079084,C176,frente,2024-05-03 1800UT,2867,1,O1_toros_01-04mai
-50.0,0.019875063882634998,10.725569715475,C176,frente,2024-05-03 1800UT,881,1,O1_toros_01-04mai
-45.0,0.025165797919672373,8.684178444865527,C176,frente,2024-05-03 1800UT,347,1,O1_toros_01-04mai
-40.0,0.033131978620685676,6.896858626256967,C176,frente,2024-05-03 1800UT,251,1,O1_toros_01-04mai
-35.0,0.04699529287518222,5.597454574144504,C176,frente,2024-05-03 1800UT,221,1,O1_toros_01-04mai
-30.0,0.06489841550793056,5.13439927142945,C176,frente,2024-05-03 1800UT,214,1,O1_toros_01-04mai
-25.0,0.07681812579043681,5.049771738794167,C176,frente,2024-05-03 1800UT,180,1,O1_toros_01-04mai
-20.0,0.07763295855582042,5.046510454408672,C176,frente,2024-05-03 1800UT,102,1,O1_toros_01-04mai
-15.0,0.11756261038061344,5.0016694427716875,C176,frente,2024-05-03 1800UT,84,1,O1_toros_01-04mai
-70.0,0.01605407469633717,12.87235948046093,C176,traseira,2024-05-03 1800UT,250,1,O1_toros_01-04mai
-65.0,0.01656905168599101,12.541665717079752,C176,traseira,2024-05-03 1800UT,3042,1,O1_toros_01-04mai
-60.0,0.016867386103595217,12.356482321420085,C176,traseira,2024-05-03 1800UT,1515,1,O1_toros_01-04mai
-55.0,0.020679514623964203,10.354324201120221,C176,traseira,2024-05-03 1800UT,759,1,O1_toros_01-04mai
-50.0,0.028115198374117932,7.881365125686817,C176,traseira,2024-05-03 1800UT,665,1,O1_toros_01-04mai
-45.0,0.03055467961710793,7.351313583676376,C176,traseira,2024-05-03 1800UT,426,1,O1_toros_01-04mai
-40.0,0.035307631037259465,6.5823436381121105,C176,traseira,2024-05-03 1800UT,342,1,O1_toros_01-04mai
-35.0,0.04369955922057209,5.786292280668613,C176,traseira,2024-05-03 1800UT,262,1,O1_toros_01-04mai
-30.0,0.05140107186065579,5.413914937994575,C176,traseira,2024-05-03 1800UT,202,1,O1_toros_01-04mai
-25.0,0.06665413036087987,5.116098828386685,C176,traseira,2024-05-03 1800UT,163,1,O1_toros_01-04mai
-20.0,0.07713889302008285,5.048462674157641,C176,traseira,2024-05-03 1800UT,90,1,O1_toros_01-04mai
-15.0,0.1029079108387853,5.0056592615985185,C176,traseira,2024-05-03 1800UT,107,1,O1_toros_01-04mai
-60.0,0.020769018481011037,10.314541661437188,C185,inteira,2024-05-03 1800UT,72,1,O1_toros_01-04mai
-55.0,0.026501815892119227,8.296010256964689,C185,inteira,2024-05-03 1800UT,163,1,O1_toros_01-04mai
-50.0,0.02985662304363239,7.4923040053215075,C185,inteira,2024-05-03 1800UT,24,1,O1_toros_01-04mai
-45.0,0.03318907268752826,6.887855114105016,C185,inteira,2024-05-03 1800UT,23,1,O1_toros_01-04mai
-40.0,0.0338589052648072,6.785363333911469,C185,inteira,2024-05-03 1800UT,25,1,O1_toros_01-04mai
-35.0,0.04530179154652616,5.688009994763564,C185,inteira,2024-05-03 1800UT,29,1,O1_toros_01-04mai
-30.0,0.04536444838182015,5.6844269796764335,C185,inteira,2024-05-03 1800UT,23,1,O1_toros_01-04mai
-25.0,0.07751286568421621,5.046972501252388,C185,inteira,2024-05-03 1800UT,24,1,O1_toros_01-04mai
-20.0,0.09508497542880905,5.0108612858321075,C185,inteira,2024-05-03 1800UT,23,1,O1_toros_01-04mai
-15.0,0.11172900420137327,5.00275639981132,C185,inteira,2024-05-03 1800UT,26,1,O1_toros_01-04mai
-65.0,0.017960781825525542,11.715817486134032,C186,inteira,2024-05-03 1800UT,37,1,O1_toros_01-04mai
-60.0,0.021306058018936622,10.081938133542206,C186,inteira,2024-05-03 1800UT,78,1,O1_toros_01-04mai
-55.0,0.026738970568583178,8.231511526373545,C186,inteira,2024-05-03 1800UT,100,1,O1_toros_01-04mai
-50.0,0.028318634720543332,7.832931217885217,C186,inteira,2024-05-03 1800UT,126,1,O1_toros_01-04mai
-45.0,0.030557244238453612,7.350810968939877,C186,inteira,2024-05-03 1800UT,43,1,O1_toros_01-04mai
-40.0,0.0346884580935208,6.669893851187518,C186,inteira,2024-05-03 1800UT,30,1,O1_toros_01-04mai
-35.0,0.04156952601214528,5.940936405728001,C186,inteira,2024-05-03 1800UT,16,1,O1_toros_01-04mai
-30.0,0.04983723106315531,5.47149093845114,C186,inteira,2024-05-03 1800UT,28,1,O1_toros_01-04mai
-25.0,0.059204222449802245,5.215997634555899,C186,inteira,2024-05-03 1800UT,27,1,O1_toros_01-04mai
-20.0,0.07941438744967101,5.040088400969435,C186,inteira,2024-05-03 1800UT,23,1,O1_toros_01-04mai
-15.0,0.08781508742770583,5.01990614958443,C186,inteira,2024-05-03 1800UT,29,1,O1_toros_01-04mai
-60.0,0.012796046025290293,15.328016104913496,C187,inteira,2024-05-03 1800UT,125,1,O1_toros_01-04mai
-55.0,0.014357512658919774,14.067875749888122,C187,inteira,2024-05-03 1800UT,794,1,O1_toros_01-04mai
-50.0,0.016871654067324496,12.35386635333979,C187,inteira,2024-05-03 1800UT,221,1,O1_toros_01-04mai
-65.0,0.02189705570807457,9.837716149005285,C184,frente,2024-05-03 1900UT,291,1,O1_toros_01-04mai
-60.0,0.0208494707241458,10.279025654093383,C184,frente,2024-05-03 1900UT,376,1,O1_toros_01-04mai
-55.0,0.020156942486323208,10.592645028543986,C184,frente,2024-05-03 1900UT,150,1,O1_toros_01-04mai
-50.0,0.024038733416739726,9.046987394108282,C184,frente,2024-05-03 1900UT,86,1,O1_toros_01-04mai
-45.0,0.024999736029440948,8.735883636498238,C184,frente,2024-05-03 1900UT,60,1,O1_toros_01-04mai
-40.0,0.029619108648077683,7.555644836609288,C184,frente,2024-05-03 1900UT,34,1,O1_toros_01-04mai
-35.0,0.03941087621527566,6.124361711129007,C184,frente,2024-05-03 1900UT,38,1,O1_toros_01-04mai
-30.0,0.07545558809170594,5.055756109196439,C184,frente,2024-05-03 1900UT,21,1,O1_toros_01-04mai
-25.0,0.10357087012462213,5.00535508628595,C184,frente,2024-05-03 1900UT,5,1,O1_toros_01-04mai
-20.0,0.11492545124725412,5.003287018405664,C184,frente,2024-05-03 1900UT,8,1,O1_toros_01-04mai
-15.0,0.13472573463372664,5.00040677471787,C184,frente,2024-05-03 1900UT,16,1,O1_toros_01-04mai
-70.0,0.01948037412149122,10.91701958815666,C184,traseira,2024-05-03 1900UT,290,1,O1_toros_01-04mai
-65.0,0.02131776912980046,10.076980122975652,C184,traseira,2024-05-03 1900UT,277,1,O1_toros_01-04mai
-60.0,0.021223455885645136,10.117053779916688,C184,traseira,2024-05-03 1900UT,120,1,O1_toros_01-04mai
-55.0,0.024513616230591534,8.889948930402184,C184,traseira,2024-05-03 1900UT,63,1,O1_toros_01-04mai
-50.0,0.025972720592523264,8.444586950269136,C184,traseira,2024-05-03 1900UT,61,1,O1_toros_01-04mai
-45.0,0.031103779031326564,7.249343545542867,C184,traseira,2024-05-03 1900UT,42,1,O1_toros_01-04mai
-40.0,0.03205474393457325,7.075015701096896,C184,traseira,2024-05-03 1900UT,65,1,O1_toros_01-04mai
-35.0,0.030678876707957332,7.328070732750403,C184,traseira,2024-05-03 1900UT,78,1,O1_toros_01-04mai
-30.0,0.0305074727595323,7.36082265006877,C184,traseira,2024-05-03 1900UT,80,1,O1_toros_01-04mai
-25.0,0.034793849228638075,6.651542906681952,C184,traseira,2024-05-03 1900UT,99,1,O1_toros_01-04mai
-20.0,0.0654121193339306,5.128775491380485,C184,traseira,2024-05-03 1900UT,148,1,O1_toros_01-04mai
-15.0,0.10128882824980735,5.006502760553275,C184,traseira,2024-05-03 1900UT,140,1,O1_toros_01-04mai
-60.0,0.0216791660333447,9.926359180159931,C188,inteira,2024-05-03 1900UT,227,1,O1_toros_01-04mai
-55.0,0.022513780707455307,9.595384478353756,C188,inteira,2024-05-03 1900UT,298,1,O1_toros_01-04mai
-50.0,0.026311415157074306,8.348724248309573,C188,inteira,2024-05-03 1900UT,189,1,O1_toros_01-04mai
-45.0,0.03347047505755496,6.844145717477436,C188,inteira,2024-05-03 1900UT,118,1,O1_toros_01-04mai
-40.0,0.041401649521043,5.9522390885907654,C188,inteira,2024-05-03 1900UT,80,1,O1_toros_01-04mai
-35.0,0.048215132376305654,5.539706224392876,C188,inteira,2024-05-03 1900UT,61,1,O1_toros_01-04mai
-30.0,0.055257888647064095,5.30010385759301,C188,inteira,2024-05-03 1900UT,47,1,O1_toros_01-04mai
-25.0,0.09164755622928583,5.014463906050174,C188,inteira,2024-05-03 1900UT,53,1,O1_toros_01-04mai
-20.0,0.06285218982192302,5.159376635127572,C188,inteira,2024-05-03 1900UT,55,1,O1_toros_01-04mai
-15.0,0.07777719967656738,5.045965083898819,C188,inteira,2024-05-03 1900UT,74,1,O1_toros_01-04mai
-70.0,0.02359360841037861,9.200060580650684,C176,frente,2024-05-03 1900UT,184,1,O1_toros_01-04mai
-65.0,0.019308658982070133,11.002301000679449,C176,frente,2024-05-03 1900UT,1096,1,O1_toros_01-04mai
-60.0,0.016824364743534336,12.382903477785149,C176,frente,2024-05-03 1900UT,2398,1,O1_toros_01-04mai
-55.0,0.017937141884877217,11.72906065356971,C176,frente,2024-05-03 1900UT,1787,1,O1_toros_01-04mai
-50.0,0.022834380510424586,9.474221361363227,C176,frente,2024-05-03 1900UT,607,1,O1_toros_01-04mai
-45.0,0.03365116923030015,6.816539430208943,C176,frente,2024-05-03 1900UT,347,1,O1_toros_01-04mai
-40.0,0.0407660077050783,6.004038204569506,C176,frente,2024-05-03 1900UT,277,1,O1_toros_01-04mai
-35.0,0.05090992515009541,5.431151224785932,C176,frente,2024-05-03 1900UT,241,1,O1_toros_01-04mai
-30.0,0.05853675007383814,5.228536720206442,C176,frente,2024-05-03 1900UT,266,1,O1_toros_01-04mai
-25.0,0.07427004287472716,5.061547949400074,C176,frente,2024-05-03 1900UT,246,1,O1_toros_01-04mai
-20.0,0.08674310655300238,5.021766246580144,C176,frente,2024-05-03 1900UT,249,1,O1_toros_01-04mai
-15.0,0.12115625855963695,5.001236887051303,C176,frente,2024-05-03 1900UT,479,1,O1_toros_01-04mai
-70.0,0.030608617745953318,7.340768364026324,C176,traseira,2024-05-03 1900UT,93,1,O1_toros_01-04mai
-65.0,0.021909121338933035,9.832854418803961,C176,traseira,2024-05-03 1900UT,865,1,O1_toros_01-04mai
-60.0,0.017020444263427956,12.263247380194956,C176,traseira,2024-05-03 1900UT,3053,1,O1_toros_01-04mai
-55.0,0.017337357711355156,12.073939741089893,C176,traseira,2024-05-03 1900UT,1781,1,O1_toros_01-04mai
-50.0,0.022155150997981758,9.73480117036391,C176,traseira,2024-05-03 1900UT,410,1,O1_toros_01-04mai
-45.0,0.029250516646534858,7.621257928114353,C176,traseira,2024-05-03 1900UT,231,1,O1_toros_01-04mai
-40.0,0.03074299842123258,7.3147124168990185,C176,traseira,2024-05-03 1900UT,260,1,O1_toros_01-04mai
-35.0,0.04044946376975686,6.030875802032437,C176,traseira,2024-05-03 1900UT,215,1,O1_toros_01-04mai
-30.0,0.05389393141588299,5.336228755554382,C176,traseira,2024-05-03 1900UT,84,1,O1_toros_01-04mai
-25.0,0.06172088546619028,5.175132974289079,C176,traseira,2024-05-03 1900UT,69,1,O1_toros_01-04mai
-20.0,0.06441623315136293,5.139900748423998,C176,traseira,2024-05-03 1900UT,91,1,O1_toros_01-04mai
-15.0,0.07906052190886129,5.041288162429765,C176,traseira,2024-05-03 1900UT,77,1,O1_toros_01-04mai
-65.0,0.022168414232548103,9.729560545980089,C189,inteira,2024-05-03 1900UT,162,1,O1_toros_01-04mai
-60.0,0.0178604888292424,11.772181819045283,C189,inteira,2024-05-03 1900UT,549,1,O1_toros_01-04mai
-55.0,0.02192965623202291,9.824591311837064,C189,inteira,2024-05-03 1900UT,639,1,O1_toros_01-04mai
-50.0,0.023474769425649012,9.241710451169897,C189,inteira,2024-05-03 1900UT,349,1,O1_toros_01-04mai
-45.0,0.02575494427167538,8.50769916487101,C189,inteira,2024-05-03 1900UT,248,1,O1_toros_01-04mai
-40.0,0.030419937062886836,7.377922262490183,C189,inteira,2024-05-03 1900UT,144,1,O1_toros_01-04mai
-35.0,0.03539591663568881,6.570725574588391,C189,inteira,2024-05-03 1900UT,81,1,O1_toros_01-04mai
-30.0,0.037580407324671564,6.310238974547659,C189,inteira,2024-05-03 1900UT,18,1,O1_toros_01-04mai
-25.0,0.024860566069003005,8.910153141713703,C189,inteira,2024-05-03 1900UT,6,1,O1_toros_01-04mai
-65.0,0.01749082203960954,11.984049305985277,C190,inteira,2024-05-03 1900UT,15,1,O1_toros_01-04mai
-60.0,0.023137968447320675,9.362447898349298,C190,inteira,2024-05-03 1900UT,57,1,O1_toros_01-04mai
-55.0,0.024826602235350808,8.789802329955396,C190,inteira,2024-05-03 1900UT,81,1,O1_toros_01-04mai
-50.0,0.027637665207481586,7.999259252828561,C190,inteira,2024-05-03 1900UT,66,1,O1_toros_01-04mai
-45.0,0.03228318081965592,7.035888462173624,C190,inteira,2024-05-03 1900UT,108,1,O1_toros_01-04mai
-40.0,0.036880953854143875,6.3878899421802116,C190,inteira,2024-05-03 1900UT,192,1,O1_toros_01-04mai
-35.0,0.038293557465348,6.233872387059449,C190,inteira,2024-05-03 1900UT,66,1,O1_toros_01-04mai
-30.0,0.04743598913062888,5.575914922523957,C190,inteira,2024-05-03 1900UT,40,1,O1_toros_01-04mai
-25.0,0.05442604222945414,5.321645221495698,C190,inteira,2024-05-03 1900UT,31,1,O1_toros_01-04mai
-20.0,0.05079385862279923,5.436463985477429,C190,inteira,2024-05-03 1900UT,18,1,O1_toros_01-04mai
-60.0,0.015438818170259196,13.286512564214291,C187,frente,2024-05-03 1900UT,23,1,O1_toros_01-04mai
-55.0,0.018919314951838538,11.200238768403125,C187,frente,2024-05-03 1900UT,109,1,O1_toros_01-04mai
-50.0,0.02175995552607958,9.893304071143618,C187,frente,2024-05-03 1900UT,45,1,O1_toros_01-04mai
-45.0,0.03289692033022586,6.934380952569484,C187,frente,2024-05-03 1900UT,67,1,O1_toros_01-04mai
-40.0,0.03976729303796398,6.091474894311309,C187,frente,2024-05-03 1900UT,50,1,O1_toros_01-04mai
-35.0,0.04998538172059469,5.465891325702291,C187,frente,2024-05-03 1900UT,46,1,O1_toros_01-04mai
-30.0,0.05809333676551144,5.236948131681435,C187,frente,2024-05-03 1900UT,55,1,O1_toros_01-04mai
-25.0,0.06829988099538936,5.10152297426137,C187,frente,2024-05-03 1900UT,24,1,O1_toros_01-04mai
-20.0,0.092401688732834,5.013671679088813,C187,frente,2024-05-03 1900UT,18,1,O1_toros_01-04mai
-15.0,0.1186143322420099,5.00154485937462,C187,frente,2024-05-03 1900UT,14,1,O1_toros_01-04mai
-60.0,0.01565416325868268,13.139133923683392,C187,traseira,2024-05-03 1900UT,19,1,O1_toros_01-04mai
-55.0,0.015829058102503648,13.02136980926008,C187,traseira,2024-05-03 1900UT,139,1,O1_toros_01-04mai
-50.0,0.017920450061359578,11.738427190823003,C187,traseira,2024-05-03 1900UT,29,1,O1_toros_01-04mai
-45.0,0.024036872666308155,9.048131576883685,C187,traseira,2024-05-03 1900UT,20,1,O1_toros_01-04mai
-40.0,0.02904049555378832,7.667542333014012,C187,traseira,2024-05-03 1900UT,38,1,O1_toros_01-04mai
-35.0,0.030167281450947506,7.428465300757836,C187,traseira,2024-05-03 1900UT,50,1,O1_toros_01-04mai
-30.0,0.03686250827756433,6.390024943388114,C187,traseira,2024-05-03 1900UT,25,1,O1_toros_01-04mai
-25.0,0.036089992135583074,6.48245283522105,C187,traseira,2024-05-03 1900UT,7,1,O1_toros_01-04mai
-65.0,0.06300527923602674,5.168814126671974,C191,inteira,2024-05-03 1900UT,10,1,O1_toros_01-04mai
-60.0,0.10764461914905704,5.003813577525178,C191,inteira,2024-05-03 1900UT,35,1,O1_toros_01-04mai
-55.0,0.10281735354353141,5.005702243351291,C191,inteira,2024-05-03 1900UT,28,1,O1_toros_01-04mai
-50.0,0.09878277513475416,5.007994914751614,C191,inteira,2024-05-03 1900UT,20,1,O1_toros_01-04mai
-45.0,0.08535936626041778,5.024426586235771,C191,inteira,2024-05-03 1900UT,7,1,O1_toros_01-04mai
-40.0,0.029642956651698273,7.537659271274839,C191,inteira,2024-05-03 1900UT,32,1,O1_toros_01-04mai
-35.0,0.025441137166158728,8.600607631746987,C191,inteira,2024-05-03 1900UT,21,1,O1_toros_01-04mai
-30.0,0.04555133226234896,5.674059071073371,C191,inteira,2024-05-03 1900UT,18,1,O1_toros_01-04mai
-25.0,0.05139292229722652,5.41414209346789,C191,inteira,2024-05-03 1900UT,13,1,O1_toros_01-04mai
-20.0,0.07140327699025967,5.078153870181919,C191,inteira,2024-05-03 1900UT,33,1,O1_toros_01-04mai
-15.0,0.08356289764033728,5.028371293941577,C191,inteira,2024-05-03 1900UT,65,1,O1_toros_01-04mai
-60.0,0.06584674231445775,5.1241812160134295,C192,inteira,2024-05-03 1900UT,130,1,O1_toros_01-04mai
-55.0,0.04040369584234951,6.034815063489685,C192,inteira,2024-05-03 1900UT,325,1,O1_toros_01-04mai
-50.0,0.042271946040719544,5.8856222369777536,C192,inteira,2024-05-03 1900UT,189,1,O1_toros_01-04mai
-45.0,0.03815115789238746,6.248489254488291,C192,inteira,2024-05-03 1900UT,99,1,O1_toros_01-04mai
-40.0,0.043797884687244305,5.780348919198417,C192,inteira,2024-05-03 1900UT,62,1,O1_toros_01-04mai
-35.0,0.041408998995624086,5.9516551619620115,C192,inteira,2024-05-03 1900UT,39,1,O1_toros_01-04mai
-30.0,0.048505121385189434,5.526820146275757,C192,inteira,2024-05-03 1900UT,43,1,O1_toros_01-04mai
-25.0,0.05482185606136569,5.311208982365638,C192,inteira,2024-05-03 1900UT,53,1,O1_toros_01-04mai
-20.0,0.057553408671325475,5.247866158597821,C192,inteira,2024-05-03 1900UT,80,1,O1_toros_01-04mai
-15.0,0.06354363664586457,5.15048846790344,C192,inteira,2024-05-03 1900UT,118,1,O1_toros_01-04mai
-65.0,0.013581788204903399,14.673417870242245,C193,inteira,2024-05-03 1900UT,35,1,O1_toros_01-04mai
-60.0,0.016050071306181073,12.874986256315525,C193,inteira,2024-05-03 1900UT,595,1,O1_toros_01-04mai
-55.0,0.01714071945337148,12.190811956088918,C193,inteira,2024-05-03 1900UT,1115,1,O1_toros_01-04mai
-50.0,0.020773571175421016,10.312520804462956,C193,inteira,2024-05-03 1900UT,353,1,O1_toros_01-04mai
-45.0,0.023878552119069613,9.101393397043985,C193,inteira,2024-05-03 1900UT,56,1,O1_toros_01-04mai
-40.0,0.030103894761421356,7.44147442069867,C193,inteira,2024-05-03 1900UT,74,1,O1_toros_01-04mai
-35.0,0.040489341723446745,6.027455719800464,C193,inteira,2024-05-03 1900UT,13,1,O1_toros_01-04mai
-30.0,0.04052859443406781,6.024782426606608,C193,inteira,2024-05-03 1900UT,12,1,O1_toros_01-04mai
-65.0,0.04294614547250783,5.837237016804349,C194,inteira,2024-05-03 1900UT,5,1,O1_toros_01-04mai
-60.0,0.03133791268091425,7.202745839061372,C194,inteira,2024-05-03 1900UT,314,1,O1_toros_01-04mai
-55.0,0.015505974611803352,13.240268184010507,C194,inteira,2024-05-03 1900UT,1050,1,O1_toros_01-04mai
-50.0,0.016867432296963657,12.356454003083066,C194,inteira,2024-05-03 1900UT,607,1,O1_toros_01-04mai
-45.0,0.018626627061415997,11.353329643558661,C194,inteira,2024-05-03 1900UT,216,1,O1_toros_01-04mai
-40.0,0.01899031602740415,11.163663546913694,C194,inteira,2024-05-03 1900UT,20,1,O1_toros_01-04mai
-60.0,0.03391353718762402,6.777342004473671,C195,inteira,2024-05-03 1900UT,56,1,O1_toros_01-04mai
-55.0,0.033656614492726215,6.815715322709419,C195,inteira,2024-05-03 1900UT,109,1,O1_toros_01-04mai
-50.0,0.03393069088631889,6.774714931046697,C195,inteira,2024-05-03 1900UT,231,1,O1_toros_01-04mai
-45.0,0.03351945795647816,6.8365891478498835,C195,inteira,2024-05-03 1900UT,414,1,O1_toros_01-04mai
-40.0,0.04234052170916025,5.880585512437209,C195,inteira,2024-05-03 1900UT,308,1,O1_toros_01-04mai
-35.0,0.054608722441990575,5.316787159547559,C195,inteira,2024-05-03 1900UT,154,1,O1_toros_01-04mai
-30.0,0.0640551895494667,5.1441876521568854,C195,inteira,2024-05-03 1900UT,118,1,O1_toros_01-04mai
-25.0,0.06483140427291982,5.135143292020353,C195,inteira,2024-05-03 1900UT,35,1,O1_toros_01-04mai
-20.0,0.08348469220015234,5.02855679688509,C195,inteira,2024-05-03 1900UT,49,1,O1_toros_01-04mai
-15.0,0.08899891150933645,5.018036125187843,C195,inteira,2024-05-03 1900UT,59,1,O1_toros_01-04mai
-70.0,0.02129915439566675,10.08500194585538,C184,frente,2024-05-03 2000UT,44,1,O1_toros_01-04mai
-65.0,0.018562163687681165,11.387547600842353,C184,frente,2024-05-03 2000UT,51,1,O1_toros_01-04mai
-60.0,0.0430840597607893,5.827669853524779,C184,frente,2024-05-03 2000UT,7,1,O1_toros_01-04mai
-35.0,0.048835227819800216,6.036487812926506,C184,frente,2024-05-03 2000UT,8,1,O1_toros_01-04mai
-30.0,0.029307595366790014,7.732881341929362,C184,frente,2024-05-03 2000UT,16,1,O1_toros_01-04mai
-25.0,0.019093681772635145,11.110797167236221,C184,frente,2024-05-03 2000UT,21,1,O1_toros_01-04mai
-20.0,0.03792643694901692,6.272089684664402,C184,frente,2024-05-03 2000UT,17,1,O1_toros_01-04mai
-15.0,0.0292473469448791,7.959477456493596,C184,frente,2024-05-03 2000UT,16,1,O1_toros_01-04mai
-65.0,0.021986833171149155,9.80169122604696,C184,traseira,2024-05-03 2000UT,102,1,O1_toros_01-04mai
-60.0,0.022529743196007757,9.58940167213347,C184,traseira,2024-05-03 2000UT,18,1,O1_toros_01-04mai
-55.0,0.023234348151588743,9.354821453160923,C184,traseira,2024-05-03 2000UT,10,1,O1_toros_01-04mai
-50.0,0.024068332224475575,9.052370583006041,C184,traseira,2024-05-03 2000UT,12,1,O1_toros_01-04mai
-45.0,0.023103020653566682,9.375171244010126,C184,traseira,2024-05-03 2000UT,11,1,O1_toros_01-04mai
-40.0,0.022663479158769248,9.53890628641878,C184,traseira,2024-05-03 2000UT,14,1,O1_toros_01-04mai
-35.0,0.021102301114079288,10.16896403736747,C184,traseira,2024-05-03 2000UT,11,1,O1_toros_01-04mai
-30.0,0.018838776235175037,11.241991999107203,C184,traseira,2024-05-03 2000UT,31,1,O1_toros_01-04mai
-25.0,0.01861602620708448,11.359213514787736,C184,traseira,2024-05-03 2000UT,40,1,O1_toros_01-04mai
-20.0,0.019147904575669686,11.083247410887763,C184,traseira,2024-05-03 2000UT,23,1,O1_toros_01-04mai
-15.0,0.01613261781266327,12.821001097448601,C184,traseira,2024-05-03 2000UT,17,1,O1_toros_01-04mai
-70.0,0.02284904536930106,9.468757270271913,C188,frente,2024-05-03 2000UT,308,1,O1_toros_01-04mai
-65.0,0.022604792212351045,9.56064790243001,C188,frente,2024-05-03 2000UT,745,1,O1_toros_01-04mai
-60.0,0.027965588658538078,7.917607530552242,C188,frente,2024-05-03 2000UT,268,1,O1_toros_01-04mai
-55.0,0.033732190754015914,6.804315842837656,C188,frente,2024-05-03 2000UT,173,1,O1_toros_01-04mai
-50.0,0.022160033720427567,9.733050846912302,C188,frente,2024-05-03 2000UT,176,1,O1_toros_01-04mai
-45.0,0.020223263042742495,10.56182698069561,C188,frente,2024-05-03 2000UT,128,1,O1_toros_01-04mai
-40.0,0.026004820831545154,8.435384924854098,C188,frente,2024-05-03 2000UT,139,1,O1_toros_01-04mai
-35.0,0.036253318824606966,6.462412515117483,C188,frente,2024-05-03 2000UT,133,1,O1_toros_01-04mai
-30.0,0.043199457070330224,5.819748807143911,C188,frente,2024-05-03 2000UT,206,1,O1_toros_01-04mai
-25.0,0.05942358906397799,5.212084950711638,C188,frente,2024-05-03 2000UT,205,1,O1_toros_01-04mai
-20.0,0.06641419443166552,5.1184542184781305,C188,frente,2024-05-03 2000UT,170,1,O1_toros_01-04mai
-15.0,0.0707491566302276,5.082532289787061,C188,frente,2024-05-03 2000UT,125,1,O1_toros_01-04mai
-65.0,0.022539961867527037,9.58535361033198,C188,traseira,2024-05-03 2000UT,779,1,O1_toros_01-04mai
-60.0,0.022810431241450393,9.483162626034567,C188,traseira,2024-05-03 2000UT,378,1,O1_toros_01-04mai
-55.0,0.028707090103703953,7.742790228589991,C188,traseira,2024-05-03 2000UT,102,1,O1_toros_01-04mai
-50.0,0.028725898264468395,7.738396489526665,C188,traseira,2024-05-03 2000UT,67,1,O1_toros_01-04mai
-45.0,0.03175778030194825,7.127006707749755,C188,traseira,2024-05-03 2000UT,31,1,O1_toros_01-04mai
-40.0,0.026853395616062196,8.200915384543507,C188,traseira,2024-05-03 2000UT,58,1,O1_toros_01-04mai
-35.0,0.030877635620549737,7.288990589962002,C188,traseira,2024-05-03 2000UT,50,1,O1_toros_01-04mai
-30.0,0.03999480069647508,6.07068360068531,C188,traseira,2024-05-03 2000UT,43,1,O1_toros_01-04mai
-25.0,0.06152292189079206,5.178046099564492,C188,traseira,2024-05-03 2000UT,25,1,O1_toros_01-04mai
-20.0,0.06088223998246989,5.189826516858995,C188,traseira,2024-05-03 2000UT,14,1,O1_toros_01-04mai
-15.0,0.18283446490454608,5.000007256126353,C188,traseira,2024-05-03 2000UT,6,1,O1_toros_01-04mai
-65.0,0.02717990878872305,8.11492471248898,C176,frente,2024-05-03 2000UT,1075,1,O1_toros_01-04mai
-60.0,0.028437518242141246,7.805001839638512,C176,frente,2024-05-03 2000UT,1789,1,O1_toros_01-04mai
-55.0,0.025687157059338446,8.527540761576667,C176,frente,2024-05-03 2000UT,1657,1,O1_toros_01-04mai
-50.0,0.03423599049825864,6.730163245584138,C176,frente,2024-05-03 2000UT,350,1,O1_toros_01-04mai
-45.0,0.05947469403361863,5.211183655021956,C176,frente,2024-05-03 2000UT,103,1,O1_toros_01-04mai
-40.0,0.0675350990600047,5.107880889010994,C176,frente,2024-05-03 2000UT,113,1,O1_toros_01-04mai
-35.0,0.07926490980895762,5.040599852982717,C176,frente,2024-05-03 2000UT,92,1,O1_toros_01-04mai
-30.0,0.09559211767937639,5.010412019155758,C176,frente,2024-05-03 2000UT,116,1,O1_toros_01-04mai
-25.0,0.10530121887083453,5.004635996117803,C176,frente,2024-05-03 2000UT,161,1,O1_toros_01-04mai
-20.0,0.11816235549512352,5.0015873876898285,C176,frente,2024-05-03 2000UT,265,1,O1_toros_01-04mai
-15.0,0.15061086498977436,5.000106250819829,C176,frente,2024-05-03 2000UT,271,1,O1_toros_01-04mai
-70.0,0.019772363866969168,10.774790841294365,C176,traseira,2024-05-03 2000UT,76,1,O1_toros_01-04mai
-65.0,0.03442613792634409,6.702933844479994,C176,traseira,2024-05-03 2000UT,785,1,O1_toros_01-04mai
-60.0,0.027798781577445655,7.958351909109775,C176,traseira,2024-05-03 2000UT,1684,1,O1_toros_01-04mai
-55.0,0.023291568250955012,9.30696510019251,C176,traseira,2024-05-03 2000UT,1462,1,O1_toros_01-04mai
-50.0,0.02846953025812835,7.7975295558600815,C176,traseira,2024-05-03 2000UT,554,1,O1_toros_01-04mai
-45.0,0.04946982198141604,5.486126298911001,C176,traseira,2024-05-03 2000UT,252,1,O1_toros_01-04mai
-40.0,0.0612977682417226,5.181418280505871,C176,traseira,2024-05-03 2000UT,195,1,O1_toros_01-04mai
-35.0,0.07382039556958349,5.063913489744405,C176,traseira,2024-05-03 2000UT,132,1,O1_toros_01-04mai
-30.0,0.08491700075656101,5.025343845789804,C176,traseira,2024-05-03 2000UT,139,1,O1_toros_01-04mai
-25.0,0.09915456263892689,5.007738424437601,C176,traseira,2024-05-03 2000UT,142,1,O1_toros_01-04mai
-20.0,0.10144784329952189,5.006391479140681,C176,traseira,2024-05-03 2000UT,131,1,O1_toros_01-04mai
-15.0,0.11146467228314547,5.002773832589962,C176,traseira,2024-05-03 2000UT,153,1,O1_toros_01-04mai
-60.0,0.028019841913917154,7.904424834492238,C196,inteira,2024-05-03 2000UT,42,1,O1_toros_01-04mai
-55.0,0.041581922463447135,5.938140488924578,C196,inteira,2024-05-03 2000UT,50,1,O1_toros_01-04mai
-50.0,0.03888013983856909,6.174903161491761,C196,inteira,2024-05-03 2000UT,37,1,O1_toros_01-04mai
-45.0,0.04649182192782916,5.624773598654903,C196,inteira,2024-05-03 2000UT,38,1,O1_toros_01-04mai
-40.0,0.06384738341820385,5.149165144554132,C196,inteira,2024-05-03 2000UT,26,1,O1_toros_01-04mai
-35.0,0.09485198784659185,5.011139316436113,C196,inteira,2024-05-03 2000UT,34,1,O1_toros_01-04mai
-30.0,0.10413415618447443,5.005109524320603,C196,inteira,2024-05-03 2000UT,37,1,O1_toros_01-04mai
-25.0,0.12017653377871854,5.0014661974231815,C196,inteira,2024-05-03 2000UT,18,1,O1_toros_01-04mai
-20.0,0.08070523378285488,5.036242865824496,C196,inteira,2024-05-03 2000UT,36,1,O1_toros_01-04mai
-15.0,0.10072741718611586,5.006787003924936,C196,inteira,2024-05-03 2000UT,24,1,O1_toros_01-04mai
-65.0,0.025983348276567654,8.441537635618902,C192,frente,2024-05-03 2000UT,15,1,O1_toros_01-04mai
-60.0,0.02267988590158293,9.532197357931624,C192,frente,2024-05-03 2000UT,297,1,O1_toros_01-04mai
-55.0,0.028126810405483225,7.878596547993338,C192,frente,2024-05-03 2000UT,258,1,O1_toros_01-04mai
-50.0,0.032690974332068544,6.967865633535106,C192,frente,2024-05-03 2000UT,203,1,O1_toros_01-04mai
-45.0,0.02789101628700979,7.935708490167544,C192,frente,2024-05-03 2000UT,252,1,O1_toros_01-04mai
-40.0,0.022355224872915563,9.656490140366596,C192,frente,2024-05-03 2000UT,171,1,O1_toros_01-04mai
-35.0,0.06075112254369778,5.1898737001999855,C192,frente,2024-05-03 2000UT,57,1,O1_toros_01-04mai
-30.0,0.06409620405623967,5.143681971025879,C192,frente,2024-05-03 2000UT,33,1,O1_toros_01-04mai
-25.0,0.062362061514930886,5.166028121766587,C192,frente,2024-05-03 2000UT,34,1,O1_toros_01-04mai
-20.0,0.058318555076388535,5.232544941488315,C192,frente,2024-05-03 2000UT,76,1,O1_toros_01-04mai
-15.0,0.05412000723615613,5.329979801393683,C192,frente,2024-05-03 2000UT,86,1,O1_toros_01-04mai
-70.0,0.043722427180970795,5.895513931505005,C192,traseira,2024-05-03 2000UT,14,1,O1_toros_01-04mai
-65.0,0.04016540289710206,6.056347939061101,C192,traseira,2024-05-03 2000UT,150,1,O1_toros_01-04mai
-60.0,0.035656808704440116,6.536944963683134,C192,traseira,2024-05-03 2000UT,163,1,O1_toros_01-04mai
-55.0,0.02973751783252555,7.517008002726582,C192,traseira,2024-05-03 2000UT,95,1,O1_toros_01-04mai
-50.0,0.0299581228668536,7.471159093212252,C192,traseira,2024-05-03 2000UT,64,1,O1_toros_01-04mai
-45.0,0.02655680999496639,8.28093972235853,C192,traseira,2024-05-03 2000UT,143,1,O1_toros_01-04mai
-40.0,0.02242515485697664,9.629433363494256,C192,traseira,2024-05-03 2000UT,175,1,O1_toros_01-04mai
-35.0,0.028983946985103013,7.680138483771709,C192,traseira,2024-05-03 2000UT,119,1,O1_toros_01-04mai
-30.0,0.038102399963569594,6.253572386803558,C192,traseira,2024-05-03 2000UT,87,1,O1_toros_01-04mai
-25.0,0.04690203950177922,5.602115549047298,C192,traseira,2024-05-03 2000UT,87,1,O1_toros_01-04mai
-20.0,0.05166986827451961,5.404700202151419,C192,traseira,2024-05-03 2000UT,92,1,O1_toros_01-04mai
-15.0,0.05330829999095349,5.3530497228211456,C192,traseira,2024-05-03 2000UT,136,1,O1_toros_01-04mai
-60.0,0.016335619515362606,12.689811747457634,C193,frente,2024-05-03 2000UT,28,1,O1_toros_01-04mai
-55.0,0.017270908157333866,12.113220075828206,C193,frente,2024-05-03 2000UT,535,1,O1_toros_01-04mai
-50.0,0.019082041156944847,11.11672783007688,C193,frente,2024-05-03 2000UT,239,1,O1_toros_01-04mai
-45.0,0.02564564187026185,8.539765773010318,C193,frente,2024-05-03 2000UT,33,1,O1_toros_01-04mai
-40.0,0.030815502359017848,7.3008037605481775,C193,frente,2024-05-03 2000UT,10,1,O1_toros_01-04mai
-35.0,0.039121984175975184,6.1514615329260725,C193,frente,2024-05-03 2000UT,9,1,O1_toros_01-04mai
-60.0,0.016714289181517676,12.45116274702024,C193,traseira,2024-05-03 2000UT,44,1,O1_toros_01-04mai
-55.0,0.017736521248864528,11.84250535305462,C193,traseira,2024-05-03 2000UT,381,1,O1_toros_01-04mai
-50.0,0.018959226080093063,11.179651479569824,C193,traseira,2024-05-03 2000UT,203,1,O1_toros_01-04mai
-45.0,0.022814541541589847,9.481624474111142,C193,traseira,2024-05-03 2000UT,55,1,O1_toros_01-04mai
-40.0,0.034948820677850864,6.630351537115488,C193,traseira,2024-05-03 2000UT,11,1,O1_toros_01-04mai
-60.0,0.06140468452911588,5.179857128185441,C209,inteira,2024-05-04 1100UT,60,1,O1_toros_01-04mai
-55.0,0.06699571568488705,5.112859473342649,C209,inteira,2024-05-04 1100UT,210,1,O1_toros_01-04mai
-50.0,0.06731753918742514,5.109859597059014,C209,inteira,2024-05-04 1100UT,100,1,O1_toros_01-04mai
-45.0,0.06608972284568365,5.121689869729539,C209,inteira,2024-05-04 1100UT,119,1,O1_toros_01-04mai
-40.0,0.07609606601701323,5.05285825124659,C209,inteira,2024-05-04 1100UT,139,1,O1_toros_01-04mai
-35.0,0.08460890587841652,5.026003123807499,C209,inteira,2024-05-04 1100UT,176,1,O1_toros_01-04mai
-30.0,0.0926578620142833,5.013296793794719,C209,inteira,2024-05-04 1100UT,168,1,O1_toros_01-04mai
-25.0,0.07854300944870823,5.04322204824369,C209,inteira,2024-05-04 1100UT,100,1,O1_toros_01-04mai
-20.0,0.04446724552861983,5.7389964730692515,C209,inteira,2024-05-04 1100UT,16,1,O1_toros_01-04mai
-60.0,0.0584592844333018,5.229831314479434,C210,inteira,2024-05-04 1100UT,51,1,O1_toros_01-04mai
-55.0,0.05899653083893135,5.219771281968596,C210,inteira,2024-05-04 1100UT,266,1,O1_toros_01-04mai
-50.0,0.054096672610373375,5.330597415145362,C210,inteira,2024-05-04 1100UT,394,1,O1_toros_01-04mai
-45.0,0.07120149169031191,5.079479173579312,C210,inteira,2024-05-04 1100UT,261,1,O1_toros_01-04mai
-40.0,0.06965887875056223,5.090382151143794,C210,inteira,2024-05-04 1100UT,52,1,O1_toros_01-04mai
-35.0,0.05033093620168758,5.452463898288956,C210,inteira,2024-05-04 1100UT,7,1,O1_toros_01-04mai
-60.0,0.05025075844724883,5.455507760241912,C211,inteira,2024-05-04 1100UT,46,1,O1_toros_01-04mai
-55.0,0.038591696567628356,6.203486387832626,C211,inteira,2024-05-04 1100UT,335,1,O1_toros_01-04mai
-50.0,0.035489521044209965,6.558521000024122,C211,inteira,2024-05-04 1100UT,547,1,O1_toros_01-04mai
-45.0,0.03460533942935293,6.677693354114476,C211,inteira,2024-05-04 1100UT,254,1,O1_toros_01-04mai
-40.0,0.04721099945451986,5.586810949691662,C211,inteira,2024-05-04 1100UT,45,1,O1_toros_01-04mai
-35.0,0.04784095123207828,5.556952972084631,C211,inteira,2024-05-04 1100UT,38,1,O1_toros_01-04mai
-30.0,0.04127212605809037,5.962571955636135,C211,inteira,2024-05-04 1100UT,45,1,O1_toros_01-04mai
-25.0,0.03822800778125985,6.240519280506273,C211,inteira,2024-05-04 1100UT,33,1,O1_toros_01-04mai
-20.0,0.04126450457511991,5.963183501966636,C211,inteira,2024-05-04 1100UT,41,1,O1_toros_01-04mai
-15.0,0.044979108014829565,5.706761776556607,C211,inteira,2024-05-04 1100UT,33,1,O1_toros_01-04mai
-60.0,0.06046614616733411,5.194436794590182,C212,inteira,2024-05-04 1100UT,139,1,O1_toros_01-04mai
-55.0,0.0642733678346011,5.141576283019011,C212,inteira,2024-05-04 1100UT,1295,1,O1_toros_01-04mai
-50.0,0.06515185340927225,5.1315821726073025,C212,inteira,2024-05-04 1100UT,245,1,O1_toros_01-04mai
-45.0,0.07413963234523807,5.062218349557887,C212,inteira,2024-05-04 1100UT,17,1,O1_toros_01-04mai
-60.0,0.06356985864005235,5.150124423557104,C213,inteira,2024-05-04 1100UT,45,1,O1_toros_01-04mai
-55.0,0.06713057605952413,5.111579587037101,C213,inteira,2024-05-04 1100UT,682,1,O1_toros_01-04mai
-50.0,0.0737019477038878,5.064537202645084,C213,inteira,2024-05-04 1100UT,220,1,O1_toros_01-04mai
-45.0,0.0692590527153665,5.093552302934498,C213,inteira,2024-05-04 1100UT,14,1,O1_toros_01-04mai
-70.0,0.041151324637658,5.974518364473326,C197,frente,2024-05-04 1200UT,12,1,O1_toros_01-04mai
-65.0,0.030721423223862405,7.3188674619773515,C197,frente,2024-05-04 1200UT,470,1,O1_toros_01-04mai
-60.0,0.03106585987143031,7.2532547482010825,C197,frente,2024-05-04 1200UT,2174,1,O1_toros_01-04mai
-55.0,0.03145243990847555,7.1818229374949,C197,frente,2024-05-04 1200UT,1084,1,O1_toros_01-04mai
-50.0,0.0382865918191161,6.234477820760057,C197,frente,2024-05-04 1200UT,442,1,O1_toros_01-04mai
-45.0,0.04997449291271481,5.466105304810318,C197,frente,2024-05-04 1200UT,243,1,O1_toros_01-04mai
-40.0,0.06393788270051316,5.145590191720264,C197,frente,2024-05-04 1200UT,247,1,O1_toros_01-04mai
-35.0,0.07364023872231938,5.064862270111956,C197,frente,2024-05-04 1200UT,331,1,O1_toros_01-04mai
-30.0,0.08379542393540429,5.027826830078867,C197,frente,2024-05-04 1200UT,307,1,O1_toros_01-04mai
-25.0,0.09696998291829836,5.009282410545783,C197,frente,2024-05-04 1200UT,344,1,O1_toros_01-04mai
-20.0,0.10480888858177043,5.004830155260425,C197,frente,2024-05-04 1200UT,235,1,O1_toros_01-04mai
-15.0,0.11716894674731071,5.001724390690239,C197,frente,2024-05-04 1200UT,157,1,O1_toros_01-04mai
-65.0,0.034821895838556334,6.647687399044738,C197,traseira,2024-05-04 1200UT,361,1,O1_toros_01-04mai
-60.0,0.032172612492091024,7.054733886007011,C197,traseira,2024-05-04 1200UT,1918,1,O1_toros_01-04mai
-55.0,0.028241119134869288,7.851287907685578,C197,traseira,2024-05-04 1200UT,1820,1,O1_toros_01-04mai
-50.0,0.03486081652381041,6.6423522715951595,C197,traseira,2024-05-04 1200UT,328,1,O1_toros_01-04mai
-45.0,0.05048686909616379,5.44664147307242,C197,traseira,2024-05-04 1200UT,118,1,O1_toros_01-04mai
-40.0,0.0739229339306895,5.063352107034058,C197,traseira,2024-05-04 1200UT,65,1,O1_toros_01-04mai
-35.0,0.09571188408341069,5.010314337334619,C197,traseira,2024-05-04 1200UT,46,1,O1_toros_01-04mai
-30.0,0.1100304704001416,5.003126265558048,C197,traseira,2024-05-04 1200UT,50,1,O1_toros_01-04mai
-25.0,0.12432665982091191,5.000949706466816,C197,traseira,2024-05-04 1200UT,47,1,O1_toros_01-04mai
-20.0,0.1282517577224488,5.000684755241516,C197,traseira,2024-05-04 1200UT,47,1,O1_toros_01-04mai
-15.0,0.1254017723329675,5.0008683199434705,C197,traseira,2024-05-04 1200UT,45,1,O1_toros_01-04mai
-60.0,0.02812493164537959,7.879028980881008,C208,frente,2024-05-04 1200UT,43,1,O1_toros_01-04mai
-55.0,0.029261811412651717,7.6188007920154375,C208,frente,2024-05-04 1200UT,172,1,O1_toros_01-04mai
-50.0,0.03971405293508812,6.096028257303633,C208,frente,2024-05-04 1200UT,61,1,O1_toros_01-04mai
-45.0,0.049592927962113606,5.4811653692507125,C208,frente,2024-05-04 1200UT,46,1,O1_toros_01-04mai
-40.0,0.06046106284836745,5.194526906111273,C208,frente,2024-05-04 1200UT,58,1,O1_toros_01-04mai
-35.0,0.07176866277919039,5.075810041870649,C208,frente,2024-05-04 1200UT,17,1,O1_toros_01-04mai
-30.0,0.08234351968696632,5.031405803061998,C208,frente,2024-05-04 1200UT,9,1,O1_toros_01-04mai
-60.0,0.03164763829938276,7.146619580050737,C208,traseira,2024-05-04 1200UT,34,1,O1_toros_01-04mai
-55.0,0.02987671743772054,7.487979483145502,C208,traseira,2024-05-04 1200UT,85,1,O1_toros_01-04mai
-60.0,0.028495356423279515,7.791514685060988,C214,inteira,2024-05-04 1200UT,83,1,O1_toros_01-04mai
-55.0,0.030388058884131548,7.384238510923529,C214,inteira,2024-05-04 1200UT,222,1,O1_toros_01-04mai
-50.0,0.045667096224949404,5.667381141042707,C214,inteira,2024-05-04 1200UT,53,1,O1_toros_01-04mai
-45.0,0.05877094004244289,5.223939431764465,C214,inteira,2024-05-04 1200UT,32,1,O1_toros_01-04mai
-40.0,0.06958533774661929,5.090939314179604,C214,inteira,2024-05-04 1200UT,26,1,O1_toros_01-04mai
-35.0,0.07980435874195917,5.038806564953449,C214,inteira,2024-05-04 1200UT,23,1,O1_toros_01-04mai
-30.0,0.07699572798425519,5.04905014565,C214,inteira,2024-05-04 1200UT,36,1,O1_toros_01-04mai
-25.0,0.09593933673058173,5.010114883298619,C214,inteira,2024-05-04 1200UT,19,1,O1_toros_01-04mai
-20.0,0.1187469152610091,5.0015119139864845,C214,inteira,2024-05-04 1200UT,5,1,O1_toros_01-04mai
-60.0,0.025814366628892107,8.490343524949116,C215,inteira,2024-05-04 1200UT,233,1,O1_toros_01-04mai
-55.0,0.02720681160947009,8.10794917954194,C215,inteira,2024-05-04 1200UT,1069,1,O1_toros_01-04mai
-50.0,0.025357161249723596,8.625893029208513,C215,inteira,2024-05-04 1200UT,333,1,O1_toros_01-04mai
-65.0,0.07279880638408091,5.083973749266904,C216,inteira,2024-05-04 1200UT,8,1,O1_toros_01-04mai
-60.0,0.028885018059492354,7.702325080510912,C216,inteira,2024-05-04 1200UT,75,1,O1_toros_01-04mai
-55.0,0.02764913706223977,7.995474430322426,C216,inteira,2024-05-04 1200UT,263,1,O1_toros_01-04mai
-50.0,0.035384268471501786,6.572250987261467,C216,inteira,2024-05-04 1200UT,257,1,O1_toros_01-04mai
-45.0,0.04635233550777114,5.630341926989075,C216,inteira,2024-05-04 1200UT,148,1,O1_toros_01-04mai
-40.0,0.05394961461532765,5.334672165658919,C216,inteira,2024-05-04 1200UT,101,1,O1_toros_01-04mai
-35.0,0.06517601276610262,5.131317527377421,C216,inteira,2024-05-04 1200UT,55,1,O1_toros_01-04mai
-30.0,0.06715892178566722,5.111316316316765,C216,inteira,2024-05-04 1200UT,61,1,O1_toros_01-04mai
-25.0,0.061572208706284826,5.177398011829299,C216,inteira,2024-05-04 1200UT,38,1,O1_toros_01-04mai
-20.0,0.06894409854522741,5.096045872998352,C216,inteira,2024-05-04 1200UT,36,1,O1_toros_01-04mai
-15.0,0.07120987085095093,5.079477272357407,C216,inteira,2024-05-04 1200UT,22,1,O1_toros_01-04mai
-60.0,0.029595681905911473,7.5469545433184795,C211,frente,2024-05-04 1200UT,16,1,O1_toros_01-04mai
-55.0,0.037285094147601915,6.341926412301357,C211,frente,2024-05-04 1200UT,129,1,O1_toros_01-04mai
-50.0,0.03885194522467043,6.177683882723855,C211,frente,2024-05-04 1200UT,38,1,O1_toros_01-04mai
-45.0,0.03389479739052907,6.780118920542676,C211,frente,2024-05-04 1200UT,36,1,O1_toros_01-04mai
-40.0,0.027940449824474245,7.923812993138782,C211,frente,2024-05-04 1200UT,6,1,O1_toros_01-04mai
-60.0,0.03442788204297029,6.703095215962026,C211,traseira,2024-05-04 1200UT,24,1,O1_toros_01-04mai
-55.0,0.035920929602533146,6.503495232743598,C211,traseira,2024-05-04 1200UT,132,1,O1_toros_01-04mai
-50.0,0.0377149067193677,6.294712274201361,C211,traseira,2024-05-04 1200UT,223,1,O1_toros_01-04mai
-45.0,0.033639958508338286,6.818245475110907,C211,traseira,2024-05-04 1200UT,204,1,O1_toros_01-04mai
-40.0,0.03984781592545457,6.083878763031671,C211,traseira,2024-05-04 1200UT,73,1,O1_toros_01-04mai
-35.0,0.043445143096160536,5.803136003862874,C211,traseira,2024-05-04 1200UT,11,1,O1_toros_01-04mai
-60.0,0.04179224922179124,5.921935096382327,C213,frente,2024-05-04 1200UT,18,1,O1_toros_01-04mai
-55.0,0.04595380977500089,5.651624524078871,C213,frente,2024-05-04 1200UT,401,1,O1_toros_01-04mai
-50.0,0.04381224244198545,5.778938784400699,C213,frente,2024-05-04 1200UT,224,1,O1_toros_01-04mai
-60.0,0.039792718516773115,6.088866781319545,C213,traseira,2024-05-04 1200UT,31,1,O1_toros_01-04mai
-55.0,0.03950898299360654,6.114919591602605,C213,traseira,2024-05-04 1200UT,356,1,O1_toros_01-04mai
-50.0,0.04720776457221851,5.586969247025546,C213,traseira,2024-05-04 1200UT,214,1,O1_toros_01-04mai
-45.0,0.048175974444714234,5.5416012442666815,C213,traseira,2024-05-04 1200UT,38,1,O1_toros_01-04mai
-65.0,0.022949106481526572,9.431663865339674,C197,frente,2024-05-04 1300UT,96,1,O1_toros_01-04mai
-60.0,0.02418297977053563,8.998632237540848,C197,frente,2024-05-04 1300UT,472,1,O1_toros_01-04mai
-55.0,0.02738783431851209,8.06141861210507,C197,frente,2024-05-04 1300UT,290,1,O1_toros_01-04mai
-50.0,0.035321029929326286,6.580558429338172,C197,frente,2024-05-04 1300UT,153,1,O1_toros_01-04mai
-45.0,0.04251413694906958,5.867991023277723,C197,frente,2024-05-04 1300UT,120,1,O1_toros_01-04mai
-40.0,0.043543431151951445,5.797433067488284,C197,frente,2024-05-04 1300UT,102,1,O1_toros_01-04mai
-35.0,0.05402664232684025,5.332553835275121,C197,frente,2024-05-04 1300UT,86,1,O1_toros_01-04mai
-30.0,0.07257067011616428,5.070933716664486,C197,frente,2024-05-04 1300UT,86,1,O1_toros_01-04mai
-25.0,0.09123147546253288,5.01497528829909,C197,frente,2024-05-04 1300UT,100,1,O1_toros_01-04mai
-20.0,0.1075532041162975,5.003842739988996,C197,frente,2024-05-04 1300UT,123,1,O1_toros_01-04mai
-15.0,0.11441581116654506,5.002169133283585,C197,frente,2024-05-04 1300UT,128,1,O1_toros_01-04mai
-60.0,0.021550678021853044,9.979390761515702,C197,traseira,2024-05-04 1300UT,595,1,O1_toros_01-04mai
-55.0,0.020833010635648134,10.286271421092696,C197,traseira,2024-05-04 1300UT,495,1,O1_toros_01-04mai
-50.0,0.023834728621547167,9.117408152255233,C197,traseira,2024-05-04 1300UT,168,1,O1_toros_01-04mai
-45.0,0.028204484899179552,7.860046116972037,C197,traseira,2024-05-04 1300UT,58,1,O1_toros_01-04mai
-40.0,0.04082697052252656,5.998950389345288,C197,traseira,2024-05-04 1300UT,25,1,O1_toros_01-04mai
-35.0,0.06231507460379158,5.166672327969634,C197,traseira,2024-05-04 1300UT,19,1,O1_toros_01-04mai
-30.0,0.06946919987741168,5.09441287837083,C197,traseira,2024-05-04 1300UT,16,1,O1_toros_01-04mai
-25.0,0.09512766202063269,5.010822718529306,C197,traseira,2024-05-04 1300UT,19,1,O1_toros_01-04mai
-20.0,0.10457876573962371,5.004923812875022,C197,traseira,2024-05-04 1300UT,20,1,O1_toros_01-04mai
-15.0,0.11808073453993359,5.001598425030978,C197,traseira,2024-05-04 1300UT,24,1,O1_toros_01-04mai
-60.0,0.04017704419854261,6.055340540420536,C217,inteira,2024-05-04 1300UT,88,1,O1_toros_01-04mai
-55.0,0.027265717418002752,8.092732154031374,C217,inteira,2024-05-04 1300UT,294,1,O1_toros_01-04mai
-50.0,0.024741989402372617,8.816624189522914,C217,inteira,2024-05-04 1300UT,192,1,O1_toros_01-04mai
-45.0,0.022051702537643398,9.77679661222807,C217,inteira,2024-05-04 1300UT,120,1,O1_toros_01-04mai
-40.0,0.019002966291917323,11.157167542910203,C217,inteira,2024-05-04 1300UT,87,1,O1_toros_01-04mai
-35.0,0.016790416667297144,12.404008497754766,C217,inteira,2024-05-04 1300UT,68,1,O1_toros_01-04mai
-30.0,0.015752684887998525,13.073952515522056,C217,inteira,2024-05-04 1300UT,84,1,O1_toros_01-04mai
-25.0,0.01797849586631306,11.705911110940946,C217,inteira,2024-05-04 1300UT,57,1,O1_toros_01-04mai
-20.0,0.03654813337032922,6.426921891449403,C217,inteira,2024-05-04 1300UT,57,1,O1_toros_01-04mai
-15.0,0.01569179268353928,13.11365132118615,C217,inteira,2024-05-04 1300UT,91,1,O1_toros_01-04mai
-60.0,0.02490610736347691,8.764776265701837,C214,frente,2024-05-04 1300UT,25,1,O1_toros_01-04mai
-55.0,0.020054545210780157,10.640633559747219,C214,frente,2024-05-04 1300UT,142,1,O1_toros_01-04mai
-50.0,0.02001826656713049,10.657681040009301,C214,frente,2024-05-04 1300UT,130,1,O1_toros_01-04mai
-45.0,0.024632085334878744,8.851771317545442,C214,frente,2024-05-04 1300UT,96,1,O1_toros_01-04mai
-40.0,0.03370921157075636,6.807774295165453,C214,frente,2024-05-04 1300UT,41,1,O1_toros_01-04mai
-35.0,0.05346828860644154,5.348368888733492,C214,frente,2024-05-04 1300UT,13,1,O1_toros_01-04mai
-30.0,0.07223790381206331,5.072956890585222,C214,frente,2024-05-04 1300UT,12,1,O1_toros_01-04mai
-25.0,0.09120796955107077,5.015007119543737,C214,frente,2024-05-04 1300UT,14,1,O1_toros_01-04mai
-60.0,0.020781453688503496,10.309250360481652,C214,traseira,2024-05-04 1300UT,26,1,O1_toros_01-04mai
-55.0,0.01848447353186139,11.429036722409952,C214,traseira,2024-05-04 1300UT,146,1,O1_toros_01-04mai
-50.0,0.019881484524234883,10.722508929493124,C214,traseira,2024-05-04 1300UT,202,1,O1_toros_01-04mai
-45.0,0.030281790167107088,7.405396827773299,C214,traseira,2024-05-04 1300UT,70,1,O1_toros_01-04mai
-40.0,0.042825303678907856,5.8457107127869365,C214,traseira,2024-05-04 1300UT,35,1,O1_toros_01-04mai
-35.0,0.05960846105612459,5.208842609978523,C214,traseira,2024-05-04 1300UT,7,1,O1_toros_01-04mai
-65.0,0.02467749254967185,8.837187472436739,C216,frente,2024-05-04 1300UT,73,1,O1_toros_01-04mai
-60.0,0.021018143638039874,10.20534218435017,C216,frente,2024-05-04 1300UT,1040,1,O1_toros_01-04mai
-55.0,0.02217440760086404,9.727185987923095,C216,frente,2024-05-04 1300UT,816,1,O1_toros_01-04mai
-50.0,0.021604929376716382,9.956936388023395,C216,frente,2024-05-04 1300UT,72,1,O1_toros_01-04mai
-65.0,0.0240270993891774,9.050900083358353,C216,traseira,2024-05-04 1300UT,305,1,O1_toros_01-04mai
-60.0,0.02288374148819597,9.455854833404192,C216,traseira,2024-05-04 1300UT,635,1,O1_toros_01-04mai
-55.0,0.025234224004527746,8.663230675849597,C216,traseira,2024-05-04 1300UT,960,1,O1_toros_01-04mai
-50.0,0.030978092135975476,7.269795419047273,C216,traseira,2024-05-04 1300UT,423,1,O1_toros_01-04mai
-45.0,0.04399437244081101,5.7672057031360024,C216,traseira,2024-05-04 1300UT,135,1,O1_toros_01-04mai
-40.0,0.050606048826315475,5.442297025788195,C216,traseira,2024-05-04 1300UT,100,1,O1_toros_01-04mai
-35.0,0.05764216299164082,5.246107543130337,C216,traseira,2024-05-04 1300UT,48,1,O1_toros_01-04mai
-30.0,0.06236233160830572,5.166017249114322,C216,traseira,2024-05-04 1300UT,19,1,O1_toros_01-04mai
-25.0,0.061188922025625696,5.183071323932713,C216,traseira,2024-05-04 1300UT,17,1,O1_toros_01-04mai
-20.0,0.055537415107568405,5.2946497921073075,C216,traseira,2024-05-04 1300UT,14,1,O1_toros_01-04mai
-15.0,0.04778833007967763,5.559247326959676,C216,traseira,2024-05-04 1300UT,23,1,O1_toros_01-04mai
-65.0,0.030826537417183164,7.309411770505453,C208,frente,2024-05-04 1300UT,20,1,O1_toros_01-04mai
-60.0,0.029858141594208437,7.4918338254066335,C208,frente,2024-05-04 1300UT,55,1,O1_toros_01-04mai
-55.0,0.030976027372843887,7.288217031264106,C208,frente,2024-05-04 1300UT,44,1,O1_toros_01-04mai
-50.0,0.04052262632068647,6.02460979769758,C208,frente,2024-05-04 1300UT,63,1,O1_toros_01-04mai
-45.0,0.03164434134511906,7.147438468877492,C208,frente,2024-05-04 1300UT,46,1,O1_toros_01-04mai
-40.0,0.04601202247921675,5.64907266940072,C208,frente,2024-05-04 1300UT,38,1,O1_toros_01-04mai
-35.0,0.04039542989484378,6.0355281196310955,C208,frente,2024-05-04 1300UT,29,1,O1_toros_01-04mai
-30.0,0.04206751580526176,5.900846674931752,C208,frente,2024-05-04 1300UT,32,1,O1_toros_01-04mai
-25.0,0.03694926675166746,6.380011481446402,C208,frente,2024-05-04 1300UT,27,1,O1_toros_01-04mai
-20.0,0.036192272648230925,6.469871028130898,C208,frente,2024-05-04 1300UT,29,1,O1_toros_01-04mai
-15.0,0.027645240212584594,8.003248950542016,C208,frente,2024-05-04 1300UT,74,1,O1_toros_01-04mai
-60.0,0.039121876288186995,6.152029193390598,C208,traseira,2024-05-04 1300UT,84,1,O1_toros_01-04mai
-55.0,0.04590369964682192,5.6547236568300985,C208,traseira,2024-05-04 1300UT,138,1,O1_toros_01-04mai
-50.0,0.04899288535549114,5.5058358524340285,C208,traseira,2024-05-04 1300UT,219,1,O1_toros_01-04mai
-45.0,0.04967208240339397,5.478000825922576,C208,traseira,2024-05-04 1300UT,117,1,O1_toros_01-04mai
-40.0,0.0481441618814294,5.542907616730746,C208,traseira,2024-05-04 1300UT,27,1,O1_toros_01-04mai
-35.0,0.03853349498946033,6.209337633273604,C208,traseira,2024-05-04 1300UT,11,1,O1_toros_01-04mai
-60.0,0.018213273819451516,11.575986227375818,C215,frente,2024-05-04 1300UT,33,1,O1_toros_01-04mai
-55.0,0.018550795386727305,11.393601765078225,C215,frente,2024-05-04 1300UT,151,1,O1_toros_01-04mai
-50.0,0.019803582075185667,10.75978320845732,C215,frente,2024-05-04 1300UT,228,1,O1_toros_01-04mai
-45.0,0.023004340836846805,9.411299845033803,C215,frente,2024-05-04 1300UT,120,1,O1_toros_01-04mai
-40.0,0.02775310359800058,7.969634105712412,C215,frente,2024-05-04 1300UT,19,1,O1_toros_01-04mai
-60.0,0.019051852226238203,11.132140067812141,C215,traseira,2024-05-04 1300UT,34,1,O1_toros_01-04mai
-55.0,0.020132657085939892,10.603977622966795,C215,traseira,2024-05-04 1300UT,56,1,O1_toros_01-04mai
-60.0,0.018921310778071375,11.199207964336582,C218,inteira,2024-05-04 1300UT,144,1,O1_toros_01-04mai
-55.0,0.02012943575580907,10.605478605008853,C218,inteira,2024-05-04 1300UT,868,1,O1_toros_01-04mai
-50.0,0.018825923257411753,11.248684724943342,C218,inteira,2024-05-04 1300UT,306,1,O1_toros_01-04mai
-65.0,0.03101555899512703,7.319057229368006,C219,inteira,2024-05-04 1300UT,10,1,O1_toros_01-04mai
-60.0,0.03961262782022882,6.105331249455686,C219,inteira,2024-05-04 1300UT,87,1,O1_toros_01-04mai
-55.0,0.028464547304645187,7.79869090224945,C219,inteira,2024-05-04 1300UT,317,1,O1_toros_01-04mai
-50.0,0.02065087062763152,10.367124313954212,C219,inteira,2024-05-04 1300UT,388,1,O1_toros_01-04mai
-45.0,0.03181102036173168,7.117590780527034,C219,inteira,2024-05-04 1300UT,105,1,O1_toros_01-04mai
-40.0,0.03886869921168762,6.1760523797003115,C219,inteira,2024-05-04 1300UT,100,1,O1_toros_01-04mai
-35.0,0.04369251114973218,5.78674962935332,C219,inteira,2024-05-04 1300UT,79,1,O1_toros_01-04mai
-30.0,0.05582779121709618,5.286212337465317,C219,inteira,2024-05-04 1300UT,88,1,O1_toros_01-04mai
-25.0,0.05518300052545892,5.301984031846088,C219,inteira,2024-05-04 1300UT,90,1,O1_toros_01-04mai
-20.0,0.0659346307751744,5.123272838260694,C219,inteira,2024-05-04 1300UT,91,1,O1_toros_01-04mai
-15.0,0.0660251466511752,5.122544417480653,C219,inteira,2024-05-04 1300UT,28,1,O1_toros_01-04mai
-60.0,0.032647835990667985,6.974952569140858,C211,frente,2024-05-04 1300UT,27,1,O1_toros_01-04mai
-55.0,0.04364137673160674,5.790120822122049,C211,frente,2024-05-04 1300UT,126,1,O1_toros_01-04mai
-50.0,0.02635502813899917,8.336582918521945,C211,frente,2024-05-04 1300UT,218,1,O1_toros_01-04mai
-45.0,0.023760719273440346,9.141828852929018,C211,frente,2024-05-04 1300UT,91,1,O1_toros_01-04mai
-40.0,0.025368082027065926,8.622906708841423,C211,frente,2024-05-04 1300UT,74,1,O1_toros_01-04mai
-35.0,0.02903573165224744,7.668597964634515,C211,frente,2024-05-04 1300UT,78,1,O1_toros_01-04mai
-30.0,0.027492785655440943,8.034804468666756,C211,frente,2024-05-04 1300UT,76,1,O1_toros_01-04mai
-25.0,0.024525702314775872,8.886033048532651,C211,frente,2024-05-04 1300UT,5,1,O1_toros_01-04mai
-60.0,0.03284521297901925,6.942734079170709,C211,traseira,2024-05-04 1300UT,37,1,O1_toros_01-04mai
-55.0,0.032034063667702145,7.078595229192878,C211,traseira,2024-05-04 1300UT,102,1,O1_toros_01-04mai
-50.0,0.029634734302973333,7.53865950998948,C211,traseira,2024-05-04 1300UT,63,1,O1_toros_01-04mai
-45.0,0.028213788792540544,7.857789190575921,C211,traseira,2024-05-04 1300UT,55,1,O1_toros_01-04mai
-40.0,0.029262082534068496,7.618732714041317,C211,traseira,2024-05-04 1300UT,61,1,O1_toros_01-04mai
-35.0,0.042123775317497655,5.896652821922055,C211,traseira,2024-05-04 1300UT,118,1,O1_toros_01-04mai
-30.0,0.045953482064974745,5.651770108594915,C211,traseira,2024-05-04 1300UT,108,1,O1_toros_01-04mai
-25.0,0.03813254418954049,6.25043928268166,C211,traseira,2024-05-04 1300UT,82,1,O1_toros_01-04mai
-20.0,0.03073758515136628,7.315746163337199,C211,traseira,2024-05-04 1300UT,5,1,O1_toros_01-04mai
-60.0,0.034388351895949444,6.708304554952551,C213,frente,2024-05-04 1300UT,49,1,O1_toros_01-04mai
-55.0,0.03016825942020914,7.428262197794723,C213,frente,2024-05-04 1300UT,332,1,O1_toros_01-04mai
-50.0,0.027673431009190404,7.989416254859147,C213,frente,2024-05-04 1300UT,238,1,O1_toros_01-04mai
-45.0,0.04674594957620825,5.6099987223316825,C213,frente,2024-05-04 1300UT,185,1,O1_toros_01-04mai
-40.0,0.04833567037130121,5.534395124657939,C213,frente,2024-05-04 1300UT,66,1,O1_toros_01-04mai
-60.0,0.033914503937198935,6.777110609177499,C213,traseira,2024-05-04 1300UT,46,1,O1_toros_01-04mai
-55.0,0.03328582793874943,6.872694749036674,C213,traseira,2024-05-04 1300UT,250,1,O1_toros_01-04mai
-50.0,0.035966520439950495,6.497785008640637,C213,traseira,2024-05-04 1300UT,372,1,O1_toros_01-04mai
-45.0,0.042899423401391704,5.84051652459757,C213,traseira,2024-05-04 1300UT,192,1,O1_toros_01-04mai
-40.0,0.058701112985915536,5.225497180628828,C213,traseira,2024-05-04 1300UT,18,1,O1_toros_01-04mai
-60.0,0.02243330926433197,9.626288574988017,C214,frente,2024-05-04 1400UT,17,1,O1_toros_01-04mai
-55.0,0.02326019454464562,9.318239673711009,C214,frente,2024-05-04 1400UT,103,1,O1_toros_01-04mai
-50.0,0.028517009335677367,7.786482191521254,C214,frente,2024-05-04 1400UT,13,1,O1_toros_01-04mai
-45.0,0.037185301503580834,6.355908685453954,C214,frente,2024-05-04 1400UT,16,1,O1_toros_01-04mai
-40.0,0.03401695019940377,6.762053733038463,C214,frente,2024-05-04 1400UT,12,1,O1_toros_01-04mai
-35.0,0.03814649642573595,6.249375517291588,C214,frente,2024-05-04 1400UT,18,1,O1_toros_01-04mai
-30.0,0.05173808078221648,5.403772134817695,C214,frente,2024-05-04 1400UT,34,1,O1_toros_01-04mai
-25.0,0.06785777500340961,5.105018662979684,C214,frente,2024-05-04 1400UT,45,1,O1_toros_01-04mai
-20.0,0.07454332624608538,5.0605568416562265,C214,frente,2024-05-04 1400UT,12,1,O1_toros_01-04mai
-15.0,0.094013281164425,5.0119557613374885,C214,frente,2024-05-04 1400UT,14,1,O1_toros_01-04mai
-60.0,0.02341697722831954,9.262187868664189,C214,traseira,2024-05-04 1400UT,17,1,O1_toros_01-04mai
-55.0,0.019608104023572714,10.854377025393799,C214,traseira,2024-05-04 1400UT,216,1,O1_toros_01-04mai
-50.0,0.019144125206069146,11.085163615985334,C214,traseira,2024-05-04 1400UT,77,1,O1_toros_01-04mai
-45.0,0.026738111464669142,8.231742373373542,C214,traseira,2024-05-04 1400UT,15,1,O1_toros_01-04mai
-40.0,0.027252965629922504,8.096018442228676,C214,traseira,2024-05-04 1400UT,7,1,O1_toros_01-04mai
-35.0,0.047521468319496926,5.597673234554148,C214,traseira,2024-05-04 1400UT,6,1,O1_toros_01-04mai
-30.0,0.047205128458662655,5.599890834722499,C214,traseira,2024-05-04 1400UT,6,1,O1_toros_01-04mai
-25.0,0.0677722693459007,5.105769642830749,C214,traseira,2024-05-04 1400UT,5,1,O1_toros_01-04mai
-20.0,0.08283896962739772,5.031215471898822,C214,traseira,2024-05-04 1400UT,8,1,O1_toros_01-04mai
-15.0,0.09500581049397275,5.010933175450849,C214,traseira,2024-05-04 1400UT,5,1,O1_toros_01-04mai
-60.0,0.017270876750885757,12.113238692600667,C197,frente,2024-05-04 1400UT,19,1,O1_toros_01-04mai
-55.0,0.016937013505203397,12.313921630213251,C197,frente,2024-05-04 1400UT,158,1,O1_toros_01-04mai
-50.0,0.015675540592273565,13.124647415883476,C197,frente,2024-05-04 1400UT,91,1,O1_toros_01-04mai
-45.0,0.01513810903071045,13.496788731079103,C197,frente,2024-05-04 1400UT,63,1,O1_toros_01-04mai
-40.0,0.029536876172532082,7.559446525016368,C197,frente,2024-05-04 1400UT,63,1,O1_toros_01-04mai
-35.0,0.025918549989587668,8.518455823411571,C197,frente,2024-05-04 1400UT,18,1,O1_toros_01-04mai
-30.0,0.02540392948092023,8.611789147337564,C197,frente,2024-05-04 1400UT,9,1,O1_toros_01-04mai
-25.0,0.022869902720114,9.460996426026052,C197,frente,2024-05-04 1400UT,5,1,O1_toros_01-04mai
-60.0,0.017164668707201035,12.176541956233322,C197,traseira,2024-05-04 1400UT,20,1,O1_toros_01-04mai
-55.0,0.016050567053931878,12.874660929141898,C197,traseira,2024-05-04 1400UT,83,1,O1_toros_01-04mai
-50.0,0.027143327966453724,8.124465826473486,C197,traseira,2024-05-04 1400UT,138,1,O1_toros_01-04mai
-45.0,0.027598572989431497,8.008123009025882,C197,traseira,2024-05-04 1400UT,183,1,O1_toros_01-04mai
-40.0,0.028455461377728086,7.800810763102491,C197,traseira,2024-05-04 1400UT,83,1,O1_toros_01-04mai
-35.0,0.03651053576660736,6.445609468138334,C197,traseira,2024-05-04 1400UT,60,1,O1_toros_01-04mai
-30.0,0.0530765340108198,5.360546223022245,C197,traseira,2024-05-04 1400UT,46,1,O1_toros_01-04mai
-25.0,0.06508865571756048,5.132285696823649,C197,traseira,2024-05-04 1400UT,34,1,O1_toros_01-04mai
-20.0,0.07181225839972986,5.075553925928801,C197,traseira,2024-05-04 1400UT,28,1,O1_toros_01-04mai
-15.0,0.06655560848234483,5.118246970663321,C197,traseira,2024-05-04 1400UT,10,1,O1_toros_01-04mai
-65.0,0.016667849424657495,12.479828991359758,C215,frente,2024-05-04 1400UT,27,1,O1_toros_01-04mai
-60.0,0.016204349591614948,12.774402452726502,C215,frente,2024-05-04 1400UT,44,1,O1_toros_01-04mai
-55.0,0.016059118631125822,12.869065283650597,C215,frente,2024-05-04 1400UT,98,1,O1_toros_01-04mai
-50.0,0.017481080362835417,11.989721303865311,C215,frente,2024-05-04 1400UT,205,1,O1_toros_01-04mai
-45.0,0.0231829192776257,9.346145459415572,C215,frente,2024-05-04 1400UT,94,1,O1_toros_01-04mai
-40.0,0.03333118836199339,6.8656291676191366,C215,frente,2024-05-04 1400UT,103,1,O1_toros_01-04mai
-35.0,0.04202908523735822,5.903743640713519,C215,frente,2024-05-04 1400UT,70,1,O1_toros_01-04mai
-30.0,0.05422570148604789,5.327060184190232,C215,frente,2024-05-04 1400UT,15,1,O1_toros_01-04mai
-25.0,0.0709843702390188,5.081478121938071,C215,frente,2024-05-04 1400UT,6,1,O1_toros_01-04mai
-65.0,0.017321725952419084,12.083200257922655,C215,traseira,2024-05-04 1400UT,30,1,O1_toros_01-04mai
-60.0,0.016729982220989634,12.441300606424482,C215,traseira,2024-05-04 1400UT,42,1,O1_toros_01-04mai
-55.0,0.015020898904655933,13.580187842059592,C215,traseira,2024-05-04 1400UT,27,1,O1_toros_01-04mai
-60.0,0.016396672438570015,12.650784283303953,C218,frente,2024-05-04 1400UT,166,1,O1_toros_01-04mai
-55.0,0.019555767186591192,10.87996092283969,C218,frente,2024-05-04 1400UT,79,1,O1_toros_01-04mai
-50.0,0.0198051883892813,10.759006722854227,C218,frente,2024-05-04 1400UT,89,1,O1_toros_01-04mai
-45.0,0.026005927133879073,8.435068224922878,C218,frente,2024-05-04 1400UT,47,1,O1_toros_01-04mai
-40.0,0.03886300245183545,6.1765822576658245,C218,frente,2024-05-04 1400UT,37,1,O1_toros_01-04mai
-35.0,0.04599218921226663,5.6495736017382505,C218,frente,2024-05-04 1400UT,50,1,O1_toros_01-04mai
-30.0,0.055246953321761424,5.3003924062969725,C218,frente,2024-05-04 1400UT,58,1,O1_toros_01-04mai
-25.0,0.06914608300143688,5.094330979293478,C218,frente,2024-05-04 1400UT,82,1,O1_toros_01-04mai
-20.0,0.08206573690175996,5.032141288979525,C218,frente,2024-05-04 1400UT,108,1,O1_toros_01-04mai
-15.0,0.09525216800142769,5.010713688324081,C218,frente,2024-05-04 1400UT,96,1,O1_toros_01-04mai
-60.0,0.016951342408082083,12.305194535468766,C218,traseira,2024-05-04 1400UT,164,1,O1_toros_01-04mai
-55.0,0.016205942784037624,12.773357250710669,C218,traseira,2024-05-04 1400UT,295,1,O1_toros_01-04mai
-50.0,0.01769829869768736,11.864343381867652,C218,traseira,2024-05-04 1400UT,170,1,O1_toros_01-04mai
-45.0,0.021584071619008872,9.965553376350517,C218,traseira,2024-05-04 1400UT,97,1,O1_toros_01-04mai
-40.0,0.02925880740302065,7.619547921101049,C218,traseira,2024-05-04 1400UT,56,1,O1_toros_01-04mai
-35.0,0.040468579185768315,6.029234974274454,C218,traseira,2024-05-04 1400UT,21,1,O1_toros_01-04mai
-30.0,0.04848285119667164,5.5284278061266985,C218,traseira,2024-05-04 1400UT,22,1,O1_toros_01-04mai
-25.0,0.0546348429635179,5.340415339084897,C218,traseira,2024-05-04 1400UT,6,1,O1_toros_01-04mai
-60.0,0.02059470706133936,10.39229994498317,C216,frente,2024-05-04 1400UT,86,1,O1_toros_01-04mai
-55.0,0.016931474985622436,12.317297990588346,C216,frente,2024-05-04 1400UT,383,1,O1_toros_01-04mai
-50.0,0.014322364631569358,14.094474176206498,C216,frente,2024-05-04 1400UT,33,1,O1_toros_01-04mai
-60.0,0.021298585044432897,10.085105227997218,C216,traseira,2024-05-04 1400UT,72,1,O1_toros_01-04mai
-55.0,0.020250648874648718,10.549141930979715,C216,traseira,2024-05-04 1400UT,303,1,O1_toros_01-04mai
-50.0,0.022421959417688122,9.630666283746486,C216,traseira,2024-05-04 1400UT,125,1,O1_toros_01-04mai
-45.0,0.02531896842513344,8.637451671538509,C216,traseira,2024-05-04 1400UT,35,1,O1_toros_01-04mai
-40.0,0.03231530199466234,7.041753418072929,C216,traseira,2024-05-04 1400UT,10,1,O1_toros_01-04mai
-60.0,0.020598630451606804,10.390536111248743,C217,frente,2024-05-04 1400UT,17,1,O1_toros_01-04mai
-55.0,0.025992462819711657,8.4473020703877,C217,frente,2024-05-04 1400UT,48,1,O1_toros_01-04mai
-50.0,0.031253432793195556,7.218307790962361,C217,frente,2024-05-04 1400UT,21,1,O1_toros_01-04mai
-45.0,0.01647994971179395,12.598125707346274,C217,frente,2024-05-04 1400UT,32,1,O1_toros_01-04mai
-40.0,0.01675436465424708,12.427712837816369,C217,frente,2024-05-04 1400UT,24,1,O1_toros_01-04mai
-35.0,0.020779987557330962,10.309680966893552,C217,frente,2024-05-04 1400UT,11,1,O1_toros_01-04mai
-25.0,0.02734968523591977,8.077769265489117,C217,frente,2024-05-04 1400UT,6,1,O1_toros_01-04mai
-60.0,0.021882783432201864,9.843473340291924,C217,traseira,2024-05-04 1400UT,13,1,O1_toros_01-04mai
-55.0,0.031695221826949435,7.138566431525311,C217,traseira,2024-05-04 1400UT,72,1,O1_toros_01-04mai
-50.0,0.023786225381516105,9.133066285037598,C217,traseira,2024-05-04 1400UT,128,1,O1_toros_01-04mai
-45.0,0.01857524105308199,11.380590367959808,C217,traseira,2024-05-04 1400UT,81,1,O1_toros_01-04mai
-40.0,0.015716456750047268,13.097004943048042,C217,traseira,2024-05-04 1400UT,86,1,O1_toros_01-04mai
-35.0,0.01715650618587755,12.181358223862276,C217,traseira,2024-05-04 1400UT,53,1,O1_toros_01-04mai
-30.0,0.014859213865114324,13.697808955971075,C217,traseira,2024-05-04 1400UT,18,1,O1_toros_01-04mai
-25.0,0.01135666635832603,16.64762516657292,C217,traseira,2024-05-04 1400UT,12,1,O1_toros_01-04mai
-20.0,0.014411568615316993,14.02711955500907,C217,traseira,2024-05-04 1400UT,13,1,O1_toros_01-04mai
-15.0,0.01252802762521427,15.561286299881804,C217,traseira,2024-05-04 1400UT,29,1,O1_toros_01-04mai
-60.0,0.017402472396384164,12.035747791542729,C219,frente,2024-05-04 1400UT,170,1,O1_toros_01-04mai
-55.0,0.014989391536753743,13.602745709912407,C219,frente,2024-05-04 1400UT,434,1,O1_toros_01-04mai
-50.0,0.015190415341540718,13.459841557064266,C219,frente,2024-05-04 1400UT,46,1,O1_toros_01-04mai
-60.0,0.02116111787195215,10.143690882652932,C219,traseira,2024-05-04 1400UT,175,1,O1_toros_01-04mai
-55.0,0.018383242519310856,11.48350025464728,C219,traseira,2024-05-04 1400UT,272,1,O1_toros_01-04mai
-50.0,0.015856127799373516,13.003514956355698,C219,traseira,2024-05-04 1400UT,10,1,O1_toros_01-04mai
-65.0,0.01627761305034646,12.727069068215403,C208,frente,2024-05-04 1400UT,109,1,O1_toros_01-04mai
-60.0,0.017749473877202708,11.835123635236602,C208,frente,2024-05-04 1400UT,125,1,O1_toros_01-04mai
-55.0,0.02215647175779071,9.73426109762231,C208,frente,2024-05-04 1400UT,228,1,O1_toros_01-04mai
-50.0,0.019723540305498735,10.798327003586607,C208,frente,2024-05-04 1400UT,174,1,O1_toros_01-04mai
-45.0,0.021551295581197016,9.979134512335131,C208,frente,2024-05-04 1400UT,37,1,O1_toros_01-04mai
-40.0,0.029815881295494576,7.5006247659621295,C208,frente,2024-05-04 1400UT,17,1,O1_toros_01-04mai
-35.0,0.03281448565089769,6.95255119489092,C208,frente,2024-05-04 1400UT,16,1,O1_toros_01-04mai
-30.0,0.03692335478055332,6.382994602530458,C208,frente,2024-05-04 1400UT,23,1,O1_toros_01-04mai
-25.0,0.04173936830252446,5.925812720736856,C208,frente,2024-05-04 1400UT,21,1,O1_toros_01-04mai
-20.0,0.0463522200879875,5.630345229929346,C208,frente,2024-05-04 1400UT,43,1,O1_toros_01-04mai
-15.0,0.04312152268663154,5.8252479254429,C208,frente,2024-05-04 1400UT,46,1,O1_toros_01-04mai
-60.0,0.018476986472633204,11.433048354491996,C208,traseira,2024-05-04 1400UT,234,1,O1_toros_01-04mai
-55.0,0.01920247639370873,11.05564573063581,C208,traseira,2024-05-04 1400UT,273,1,O1_toros_01-04mai
-50.0,0.02189925904042657,9.838682085816362,C208,traseira,2024-05-04 1400UT,130,1,O1_toros_01-04mai
-45.0,0.021933564656092277,9.823020188642605,C208,traseira,2024-05-04 1400UT,143,1,O1_toros_01-04mai
-40.0,0.024300666750584857,8.959595284316801,C208,traseira,2024-05-04 1400UT,155,1,O1_toros_01-04mai
-35.0,0.028026346919513376,7.902778761105388,C208,traseira,2024-05-04 1400UT,123,1,O1_toros_01-04mai
-30.0,0.03176156426552124,7.126336103827709,C208,traseira,2024-05-04 1400UT,99,1,O1_toros_01-04mai
-25.0,0.03562185516421895,6.541556685384833,C208,traseira,2024-05-04 1400UT,76,1,O1_toros_01-04mai
-20.0,0.08595379877522598,5.023251802715759,C208,traseira,2024-05-04 1400UT,32,1,O1_toros_01-04mai
-15.0,0.08490380323328743,5.025371734122252,C208,traseira,2024-05-04 1400UT,43,1,O1_toros_01-04mai
-65.0,0.020024397512634337,10.6547595509751,C220,inteira,2024-05-04 1400UT,5,1,O1_toros_01-04mai
-60.0,0.01983155907998005,10.746364869789968,C220,inteira,2024-05-04 1400UT,21,1,O1_toros_01-04mai
-55.0,0.014630076754130495,13.864232140678336,C220,inteira,2024-05-04 1400UT,407,1,O1_toros_01-04mai
-50.0,0.015310103721154995,13.375877805444684,C220,inteira,2024-05-04 1400UT,8,1,O1_toros_01-04mai
-65.0,0.01984024961187295,10.742204795760031,C221,inteira,2024-05-04 1400UT,147,1,O1_toros_01-04mai
-60.0,0.02625616645616019,8.364316776980989,C221,inteira,2024-05-04 1400UT,882,1,O1_toros_01-04mai
-55.0,0.02424788979094703,8.977063639570964,C221,inteira,2024-05-04 1400UT,1470,1,O1_toros_01-04mai
-50.0,0.019031858449963513,11.142360886759473,C221,inteira,2024-05-04 1400UT,659,1,O1_toros_01-04mai
-45.0,0.033281848574873915,6.873350811869676,C221,inteira,2024-05-04 1400UT,316,1,O1_toros_01-04mai
-40.0,0.03575740262699832,6.52411487148231,C221,inteira,2024-05-04 1400UT,177,1,O1_toros_01-04mai
-35.0,0.026018036296851246,8.431919741468908,C221,inteira,2024-05-04 1400UT,160,1,O1_toros_01-04mai
-30.0,0.028017198106332054,7.904997771084374,C221,inteira,2024-05-04 1400UT,154,1,O1_toros_01-04mai
-25.0,0.02634596526452517,8.339096549661177,C221,inteira,2024-05-04 1400UT,123,1,O1_toros_01-04mai
-20.0,0.03379208957151964,6.7953319179784675,C221,inteira,2024-05-04 1400UT,107,1,O1_toros_01-04mai
-15.0,0.03696853261417694,6.37787017577606,C221,inteira,2024-05-04 1400UT,122,1,O1_toros_01-04mai
-60.0,0.029475048154643503,7.573190671908881,C222,inteira,2024-05-04 1400UT,88,1,O1_toros_01-04mai
-55.0,0.018269963595700215,11.544993559670422,C222,inteira,2024-05-04 1400UT,453,1,O1_toros_01-04mai
-50.0,0.01951708589015454,10.898945213065822,C222,inteira,2024-05-04 1400UT,763,1,O1_toros_01-04mai
-45.0,0.020778532287881065,10.310324923981543,C222,inteira,2024-05-04 1400UT,311,1,O1_toros_01-04mai
-40.0,0.02102654540197623,10.201698815704118,C222,inteira,2024-05-04 1400UT,88,1,O1_toros_01-04mai
-35.0,0.032140289805135024,7.0602758835768675,C222,inteira,2024-05-04 1400UT,15,1,O1_toros_01-04mai
-60.0,0.016729656439760855,12.441402543690806,C215,frente,2024-05-04 1500UT,15,1,O1_toros_01-04mai
-55.0,0.015316765527165759,13.371230120453765,C215,frente,2024-05-04 1500UT,120,1,O1_toros_01-04mai
-50.0,0.016606318528754115,12.518286545922807,C215,frente,2024-05-04 1500UT,180,1,O1_toros_01-04mai
-45.0,0.01663493520042737,12.500373217417849,C215,frente,2024-05-04 1500UT,55,1,O1_toros_01-04mai
-40.0,0.01872260563860708,11.302713437975854,C215,frente,2024-05-04 1500UT,59,1,O1_toros_01-04mai
-35.0,0.01801295709154871,11.686680910401297,C215,frente,2024-05-04 1500UT,81,1,O1_toros_01-04mai
-30.0,0.018775811914772924,11.27553874371922,C215,frente,2024-05-04 1500UT,62,1,O1_toros_01-04mai
-25.0,0.04487365112012847,5.713000223563056,C215,frente,2024-05-04 1500UT,39,1,O1_toros_01-04mai
-20.0,0.05504958341591439,5.305358768652875,C215,frente,2024-05-04 1500UT,25,1,O1_toros_01-04mai
-15.0,0.06995478529800828,5.088180620720059,C215,frente,2024-05-04 1500UT,15,1,O1_toros_01-04mai
-60.0,0.017066079264673496,12.235680392641907,C215,traseira,2024-05-04 1500UT,16,1,O1_toros_01-04mai
-55.0,0.017794271556314502,11.809732186533653,C215,traseira,2024-05-04 1500UT,38,1,O1_toros_01-04mai
-50.0,0.01670915056559609,12.45412968068428,C215,traseira,2024-05-04 1500UT,354,1,O1_toros_01-04mai
-45.0,0.01790397877546141,11.74768275489359,C215,traseira,2024-05-04 1500UT,47,1,O1_toros_01-04mai
-40.0,0.018745010232354323,11.29095693853381,C215,traseira,2024-05-04 1500UT,17,1,O1_toros_01-04mai
-30.0,0.02870309798936533,7.74428239225179,C215,traseira,2024-05-04 1500UT,6,1,O1_toros_01-04mai
-25.0,0.047902727260187294,5.553941298803805,C215,traseira,2024-05-04 1500UT,7,1,O1_toros_01-04mai
-20.0,0.057503730683588605,5.248881058013327,C215,traseira,2024-05-04 1500UT,5,1,O1_toros_01-04mai
-65.0,0.0213023037077671,10.083527477824386,C218,frente,2024-05-04 1500UT,27,1,O1_toros_01-04mai
-60.0,0.018390242251376192,11.479719316346852,C218,frente,2024-05-04 1500UT,293,1,O1_toros_01-04mai
-55.0,0.014468259923395514,13.98457353239724,C218,frente,2024-05-04 1500UT,439,1,O1_toros_01-04mai
-50.0,0.015635542958102672,13.15177315391847,C218,frente,2024-05-04 1500UT,293,1,O1_toros_01-04mai
-45.0,0.016079749022479817,12.855548653572137,C218,frente,2024-05-04 1500UT,202,1,O1_toros_01-04mai
-40.0,0.02578317155982259,8.50974251631261,C218,frente,2024-05-04 1500UT,86,1,O1_toros_01-04mai
-35.0,0.0490235753263786,5.505145765077691,C218,frente,2024-05-04 1500UT,34,1,O1_toros_01-04mai
-30.0,0.06402652556696857,5.144518693128526,C218,frente,2024-05-04 1500UT,27,1,O1_toros_01-04mai
-25.0,0.07118848715999598,5.0795653527110325,C218,frente,2024-05-04 1500UT,39,1,O1_toros_01-04mai
-20.0,0.08713132813785188,5.02107333820206,C218,frente,2024-05-04 1500UT,29,1,O1_toros_01-04mai
-15.0,0.09363340839092131,5.012257875496175,C218,frente,2024-05-04 1500UT,29,1,O1_toros_01-04mai
-65.0,0.019460256144230404,10.926948634237137,C218,traseira,2024-05-04 1500UT,130,1,O1_toros_01-04mai
-60.0,0.017385272894655055,12.045750297861673,C218,traseira,2024-05-04 1500UT,217,1,O1_toros_01-04mai
-55.0,0.01865225344422426,11.339772775477343,C218,traseira,2024-05-04 1500UT,243,1,O1_toros_01-04mai
-50.0,0.01764236733572848,11.896405066990798,C218,traseira,2024-05-04 1500UT,374,1,O1_toros_01-04mai
-45.0,0.024354938949269572,8.941744378139703,C218,traseira,2024-05-04 1500UT,106,1,O1_toros_01-04mai
-40.0,0.03566713374923346,6.535886977278997,C218,traseira,2024-05-04 1500UT,72,1,O1_toros_01-04mai
-35.0,0.04873225756871667,5.516942265737246,C218,traseira,2024-05-04 1500UT,55,1,O1_toros_01-04mai
-30.0,0.05785177520587477,5.241766260447465,C218,traseira,2024-05-04 1500UT,51,1,O1_toros_01-04mai
-25.0,0.06815301145511349,5.102466410187639,C218,traseira,2024-05-04 1500UT,47,1,O1_toros_01-04mai
-20.0,0.08221713645798295,5.031738314885,C218,traseira,2024-05-04 1500UT,35,1,O1_toros_01-04mai
-15.0,0.09241842272840896,5.01356398788026,C218,traseira,2024-05-04 1500UT,52,1,O1_toros_01-04mai
-65.0,0.014128260977958615,14.242776247082562,C208,frente,2024-05-04 1500UT,57,1,O1_toros_01-04mai
-60.0,0.015494372535934012,13.24824038817895,C208,frente,2024-05-04 1500UT,496,1,O1_toros_01-04mai
-55.0,0.014999253541504803,13.5956785822841,C208,frente,2024-05-04 1500UT,921,1,O1_toros_01-04mai
-50.0,0.01529630682084305,13.38550941526444,C208,frente,2024-05-04 1500UT,343,1,O1_toros_01-04mai
-45.0,0.018975132249008708,11.172090768015465,C208,frente,2024-05-04 1500UT,118,1,O1_toros_01-04mai
-40.0,0.02134721312808192,10.064538177242731,C208,frente,2024-05-04 1500UT,97,1,O1_toros_01-04mai
-35.0,0.021137167969948942,10.153967041664746,C208,frente,2024-05-04 1500UT,65,1,O1_toros_01-04mai
-30.0,0.02302116178942927,9.4063097768799,C208,frente,2024-05-04 1500UT,58,1,O1_toros_01-04mai
-25.0,0.034451424839366036,6.699349127740039,C208,frente,2024-05-04 1500UT,65,1,O1_toros_01-04mai
-20.0,0.046500090479308726,5.622655408466439,C208,frente,2024-05-04 1500UT,100,1,O1_toros_01-04mai
-15.0,0.05548856707422137,5.294389995752737,C208,frente,2024-05-04 1500UT,121,1,O1_toros_01-04mai
-65.0,0.01611453089089352,12.833247704355419,C208,traseira,2024-05-04 1500UT,58,1,O1_toros_01-04mai
-60.0,0.01670230535213182,12.458382758567097,C208,traseira,2024-05-04 1500UT,481,1,O1_toros_01-04mai
-55.0,0.016293033367135536,12.717147654735049,C208,traseira,2024-05-04 1500UT,486,1,O1_toros_01-04mai
-50.0,0.017278892396710283,12.108488845653962,C208,traseira,2024-05-04 1500UT,343,1,O1_toros_01-04mai
-45.0,0.01670730010436237,12.455279006721579,C208,traseira,2024-05-04 1500UT,189,1,O1_toros_01-04mai
-40.0,0.015621326873410911,13.161436067950536,C208,traseira,2024-05-04 1500UT,133,1,O1_toros_01-04mai
-35.0,0.023176175821318,9.348605936410028,C208,traseira,2024-05-04 1500UT,114,1,O1_toros_01-04mai
-30.0,0.023732643058926382,9.15153077116354,C208,traseira,2024-05-04 1500UT,93,1,O1_toros_01-04mai
-25.0,0.030402756899040123,7.381273170704706,C208,traseira,2024-05-04 1500UT,74,1,O1_toros_01-04mai
-20.0,0.03668730102048374,6.410469033040841,C208,traseira,2024-05-04 1500UT,91,1,O1_toros_01-04mai
-15.0,0.0378078730983167,6.28472063512033,C208,traseira,2024-05-04 1500UT,105,1,O1_toros_01-04mai
-60.0,0.017158435224088234,12.180219078994774,C220,frente,2024-05-04 1500UT,70,1,O1_toros_01-04mai
-55.0,0.014858095545315798,13.697388319063158,C220,frente,2024-05-04 1500UT,344,1,O1_toros_01-04mai
-50.0,0.014776668261704148,13.756606682597656,C220,frente,2024-05-04 1500UT,332,1,O1_toros_01-04mai
-45.0,0.01555570162024901,13.206191360309143,C220,frente,2024-05-04 1500UT,99,1,O1_toros_01-04mai
-65.0,0.015611401022722427,13.168189627000768,C220,traseira,2024-05-04 1500UT,29,1,O1_toros_01-04mai
-60.0,0.017591349128664727,11.92581871728516,C220,traseira,2024-05-04 1500UT,54,1,O1_toros_01-04mai
-55.0,0.01879415589580654,11.265245792473893,C220,traseira,2024-05-04 1500UT,366,1,O1_toros_01-04mai
-50.0,0.01905602513349765,11.130003748040249,C220,traseira,2024-05-04 1500UT,204,1,O1_toros_01-04mai
-45.0,0.014254049881499632,14.148261759322116,C220,traseira,2024-05-04 1500UT,6,1,O1_toros_01-04mai
-65.0,0.01664439572841183,12.495665755687739,C221,frente,2024-05-04 1500UT,30,1,O1_toros_01-04mai
-60.0,0.01784693133642767,11.779837293303508,C221,frente,2024-05-04 1500UT,427,1,O1_toros_01-04mai
-55.0,0.019034258426066247,11.141132549650838,C221,frente,2024-05-04 1500UT,1113,1,O1_toros_01-04mai
-50.0,0.016425038852091674,12.632719043383055,C221,frente,2024-05-04 1500UT,539,1,O1_toros_01-04mai
-45.0,0.01728410789044231,12.105402005660478,C221,frente,2024-05-04 1500UT,140,1,O1_toros_01-04mai
-40.0,0.017963291787922553,11.714711275721914,C221,frente,2024-05-04 1500UT,20,1,O1_toros_01-04mai
-35.0,0.01999215682080383,10.670990444510373,C221,frente,2024-05-04 1500UT,12,1,O1_toros_01-04mai
-30.0,0.0261325140199866,8.399351929801405,C221,frente,2024-05-04 1500UT,14,1,O1_toros_01-04mai
-25.0,0.05383477350735592,5.337890383945837,C221,frente,2024-05-04 1500UT,13,1,O1_toros_01-04mai
-20.0,0.06430708706081864,5.141181813444147,C221,frente,2024-05-04 1500UT,30,1,O1_toros_01-04mai
-15.0,0.04908884763015269,5.50180688685044,C221,frente,2024-05-04 1500UT,7,1,O1_toros_01-04mai
-65.0,0.025766052433607318,8.504424614004293,C221,traseira,2024-05-04 1500UT,21,1,O1_toros_01-04mai
-60.0,0.030353840424906315,7.390997587746282,C221,traseira,2024-05-04 1500UT,487,1,O1_toros_01-04mai
-55.0,0.01974189399908597,10.789532208633506,C221,traseira,2024-05-04 1500UT,674,1,O1_toros_01-04mai
-50.0,0.022570985964729395,9.573514216687805,C221,traseira,2024-05-04 1500UT,675,1,O1_toros_01-04mai
-45.0,0.03564726217708648,6.5381681574322155,C221,traseira,2024-05-04 1500UT,177,1,O1_toros_01-04mai
-40.0,0.03891274284051376,6.171715379750035,C221,traseira,2024-05-04 1500UT,123,1,O1_toros_01-04mai
-35.0,0.03199983920315086,7.084644029641988,C221,traseira,2024-05-04 1500UT,50,1,O1_toros_01-04mai
-30.0,0.042967095707469045,5.835776599327326,C221,traseira,2024-05-04 1500UT,35,1,O1_toros_01-04mai
-25.0,0.05076580107016403,5.436360718860522,C221,traseira,2024-05-04 1500UT,25,1,O1_toros_01-04mai
-20.0,0.0556938613832588,5.289638221345307,C221,traseira,2024-05-04 1500UT,8,1,O1_toros_01-04mai
-60.0,0.018122051239132207,11.626199101434505,C218,frente,2024-05-04 1600UT,174,1,O1_toros_01-04mai
-55.0,0.016362888297862394,12.672353150324978,C218,frente,2024-05-04 1600UT,390,1,O1_toros_01-04mai
-50.0,0.01736649672136134,12.056783279541143,C218,frente,2024-05-04 1600UT,227,1,O1_toros_01-04mai
-45.0,0.015775603280542446,13.057181253561401,C218,frente,2024-05-04 1600UT,203,1,O1_toros_01-04mai
-40.0,0.018907781597904766,11.206200762034285,C218,frente,2024-05-04 1600UT,89,1,O1_toros_01-04mai
-35.0,0.037586232858676585,6.308669942158233,C218,frente,2024-05-04 1600UT,23,1,O1_toros_01-04mai
-30.0,0.0523104930466721,5.3839597428971135,C218,frente,2024-05-04 1600UT,22,1,O1_toros_01-04mai
-25.0,0.06816515582947295,5.102362763439641,C218,frente,2024-05-04 1600UT,15,1,O1_toros_01-04mai
-20.0,0.07342244763846724,5.066067057279698,C218,frente,2024-05-04 1600UT,14,1,O1_toros_01-04mai
-15.0,0.08253091434403845,5.030919172640987,C218,frente,2024-05-04 1600UT,21,1,O1_toros_01-04mai
-60.0,0.016147407934730816,12.811368468373356,C218,traseira,2024-05-04 1600UT,160,1,O1_toros_01-04mai
-55.0,0.017135707812538037,12.193815742035476,C218,traseira,2024-05-04 1600UT,188,1,O1_toros_01-04mai
-50.0,0.01696220165940214,12.298593813526322,C218,traseira,2024-05-04 1600UT,182,1,O1_toros_01-04mai
-45.0,0.017370402630881417,12.05448813609662,C218,traseira,2024-05-04 1600UT,158,1,O1_toros_01-04mai
-40.0,0.025677977999272968,8.530746784593019,C218,traseira,2024-05-04 1600UT,140,1,O1_toros_01-04mai
-35.0,0.03223120102934266,7.0447391434531745,C218,traseira,2024-05-04 1600UT,156,1,O1_toros_01-04mai
-30.0,0.04100716571899337,5.984098513056278,C218,traseira,2024-05-04 1600UT,82,1,O1_toros_01-04mai
-25.0,0.04946583745435461,5.486287269823868,C218,traseira,2024-05-04 1600UT,45,1,O1_toros_01-04mai
-20.0,0.06551055184306072,5.127713979194155,C218,traseira,2024-05-04 1600UT,30,1,O1_toros_01-04mai
-15.0,0.07814177613329708,5.044618280734875,C218,traseira,2024-05-04 1600UT,18,1,O1_toros_01-04mai
-60.0,0.01497088849987817,13.616020679730605,C208,frente,2024-05-04 1600UT,583,1,O1_toros_01-04mai
-55.0,0.014245432792078338,14.152966023521277,C208,frente,2024-05-04 1600UT,1358,1,O1_toros_01-04mai
-50.0,0.014488013884160718,13.969795623073523,C208,frente,2024-05-04 1600UT,403,1,O1_toros_01-04mai
-45.0,0.01973132560802171,10.794564063581483,C208,frente,2024-05-04 1600UT,151,1,O1_toros_01-04mai
-40.0,0.02618614583842012,8.383975001870997,C208,frente,2024-05-04 1600UT,62,1,O1_toros_01-04mai
-35.0,0.0484685390103272,5.528428624451036,C208,frente,2024-05-04 1600UT,25,1,O1_toros_01-04mai
-30.0,0.07731236960459362,5.0477631868689405,C208,frente,2024-05-04 1600UT,29,1,O1_toros_01-04mai
-25.0,0.08244704050659823,5.031143073832954,C208,frente,2024-05-04 1600UT,36,1,O1_toros_01-04mai
-20.0,0.08320432703124706,5.029234331305492,C208,frente,2024-05-04 1600UT,28,1,O1_toros_01-04mai
-15.0,0.09241931802436433,5.013562963763782,C208,frente,2024-05-04 1600UT,9,1,O1_toros_01-04mai
-65.0,0.01732206275341693,12.082961906533356,C208,traseira,2024-05-04 1600UT,190,1,O1_toros_01-04mai
-60.0,0.01592760441072094,12.955766542864168,C208,traseira,2024-05-04 1600UT,556,1,O1_toros_01-04mai
-55.0,0.014606424646975202,13.881723480779936,C208,traseira,2024-05-04 1600UT,686,1,O1_toros_01-04mai
-50.0,0.015739455703225578,13.081488477343267,C208,traseira,2024-05-04 1600UT,545,1,O1_toros_01-04mai
-45.0,0.015806108355184173,13.036725737136072,C208,traseira,2024-05-04 1600UT,262,1,O1_toros_01-04mai
-40.0,0.019125778211520755,11.095089107326956,C208,traseira,2024-05-04 1600UT,126,1,O1_toros_01-04mai
-35.0,0.027181220391142163,8.114747946548562,C208,traseira,2024-05-04 1600UT,72,1,O1_toros_01-04mai
-30.0,0.03838254072688514,6.2246489691991975,C208,traseira,2024-05-04 1600UT,70,1,O1_toros_01-04mai
-25.0,0.050568194069006395,5.443605870087129,C208,traseira,2024-05-04 1600UT,57,1,O1_toros_01-04mai
-20.0,0.07613332154754256,5.052697680008439,C208,traseira,2024-05-04 1600UT,56,1,O1_toros_01-04mai
-15.0,0.08945470682747798,5.017363907292412,C208,traseira,2024-05-04 1600UT,43,1,O1_toros_01-04mai
-60.0,0.022835024144744965,9.47398138759683,C220,frente,2024-05-04 1600UT,25,1,O1_toros_01-04mai
-55.0,0.022031253687474772,9.783916556880584,C220,frente,2024-05-04 1600UT,89,1,O1_toros_01-04mai
-50.0,0.020749811114718138,10.323050043062494,C220,frente,2024-05-04 1600UT,45,1,O1_toros_01-04mai
-65.0,0.016058251829803447,12.86967943902857,C220,traseira,2024-05-04 1600UT,6,1,O1_toros_01-04mai
-60.0,0.020319216957802214,10.517528354952786,C220,traseira,2024-05-04 1600UT,16,1,O1_toros_01-04mai
-55.0,0.021220846962343595,10.11815216242826,C220,traseira,2024-05-04 1600UT,93,1,O1_toros_01-04mai
-50.0,0.019410939548061983,10.951356481882948,C220,traseira,2024-05-04 1600UT,468,1,O1_toros_01-04mai
-45.0,0.018969457489588254,11.174384949389978,C220,traseira,2024-05-04 1600UT,96,1,O1_toros_01-04mai
-60.0,0.016166426934927487,12.799000341510087,C223,inteira,2024-05-04 1600UT,90,1,O1_toros_01-04mai
-55.0,0.016619913488926743,12.509771209933515,C223,inteira,2024-05-04 1600UT,322,1,O1_toros_01-04mai
-50.0,0.01830651011479694,11.525090821369652,C223,inteira,2024-05-04 1600UT,693,1,O1_toros_01-04mai
-45.0,0.018171811753885807,11.598746753186331,C223,inteira,2024-05-04 1600UT,72,1,O1_toros_01-04mai
-40.0,0.01649370152027574,12.590067904101632,C223,inteira,2024-05-04 1600UT,24,1,O1_toros_01-04mai
-60.0,0.01599886373223524,12.908663978296698,C221,frente,2024-05-04 1600UT,304,1,O1_toros_01-04mai
-55.0,0.01949396889263111,10.910319996571541,C221,frente,2024-05-04 1600UT,1352,1,O1_toros_01-04mai
-50.0,0.020677499378806127,10.355299957958401,C221,frente,2024-05-04 1600UT,370,1,O1_toros_01-04mai
-45.0,0.015520734527378687,13.230138454659974,C221,frente,2024-05-04 1600UT,13,1,O1_toros_01-04mai
-65.0,0.010996010815509159,17.001582971267815,C221,traseira,2024-05-04 1600UT,8,1,O1_toros_01-04mai
-60.0,0.014583222710729649,13.89891022342493,C221,traseira,2024-05-04 1600UT,291,1,O1_toros_01-04mai
-55.0,0.015742138109044256,13.079682204858177,C221,traseira,2024-05-04 1600UT,894,1,O1_toros_01-04mai
-50.0,0.014199043114920267,14.188420114637882,C221,traseira,2024-05-04 1600UT,350,1,O1_toros_01-04mai
-45.0,0.018014198659655943,11.686015266739973,C221,traseira,2024-05-04 1600UT,116,1,O1_toros_01-04mai
-40.0,0.025000612359929335,8.735243529004919,C221,traseira,2024-05-04 1600UT,47,1,O1_toros_01-04mai
-35.0,0.02914556057210862,7.644284894001117,C221,traseira,2024-05-04 1600UT,5,1,O1_toros_01-04mai
-60.0,0.023549404102433575,9.215410764762193,C220,frente,2024-05-04 1700UT,49,1,O1_toros_01-04mai
-55.0,0.024932911161060965,8.756516769173707,C220,frente,2024-05-04 1700UT,48,1,O1_toros_01-04mai
-50.0,0.029309028304138268,7.608507858997125,C220,frente,2024-05-04 1700UT,69,1,O1_toros_01-04mai
-45.0,0.02796422040859619,7.917846023668965,C220,frente,2024-05-04 1700UT,77,1,O1_toros_01-04mai
-40.0,0.035174991537694836,6.600486241502868,C220,frente,2024-05-04 1700UT,116,1,O1_toros_01-04mai
-35.0,0.04291273878322245,5.839571040537067,C220,frente,2024-05-04 1700UT,149,1,O1_toros_01-04mai
-30.0,0.059147480138780406,5.217021403520738,C220,frente,2024-05-04 1700UT,99,1,O1_toros_01-04mai
-25.0,0.07715903786119575,5.048377403693885,C220,frente,2024-05-04 1700UT,59,1,O1_toros_01-04mai
-20.0,0.0843290996699946,5.026861079013457,C220,frente,2024-05-04 1700UT,48,1,O1_toros_01-04mai
-15.0,0.10869614798420088,5.00349362657046,C220,frente,2024-05-04 1700UT,33,1,O1_toros_01-04mai
-60.0,0.0275153055983383,8.029068893250377,C220,traseira,2024-05-04 1700UT,46,1,O1_toros_01-04mai
-55.0,0.03090806125166685,7.283080461511629,C220,traseira,2024-05-04 1700UT,155,1,O1_toros_01-04mai
-50.0,0.03125199490401946,7.218573621062108,C220,traseira,2024-05-04 1700UT,322,1,O1_toros_01-04mai
-45.0,0.03379819470381207,6.79441875538326,C220,traseira,2024-05-04 1700UT,95,1,O1_toros_01-04mai
-40.0,0.029348282263418596,7.599988944866411,C220,traseira,2024-05-04 1700UT,75,1,O1_toros_01-04mai
-35.0,0.04767796991488311,5.564414268828713,C220,traseira,2024-05-04 1700UT,35,1,O1_toros_01-04mai
-30.0,0.056110637016350766,5.2795178746020985,C220,traseira,2024-05-04 1700UT,17,1,O1_toros_01-04mai
-25.0,0.06113899316702772,5.183834622628402,C220,traseira,2024-05-04 1700UT,5,1,O1_toros_01-04mai
-15.0,0.08397957785730462,5.027403055064117,C220,traseira,2024-05-04 1700UT,5,1,O1_toros_01-04mai
-65.0,0.016885968705004202,12.34663288166909,C223,frente,2024-05-04 1700UT,6,1,O1_toros_01-04mai
-60.0,0.019507014242959815,10.903898299264679,C223,frente,2024-05-04 1700UT,25,1,O1_toros_01-04mai
-55.0,0.01996149268478669,10.684480020966864,C223,frente,2024-05-04 1700UT,67,1,O1_toros_01-04mai
-50.0,0.022026308841957942,9.78588827379076,C223,frente,2024-05-04 1700UT,103,1,O1_toros_01-04mai
-45.0,0.02406839154280776,9.036984839306577,C223,frente,2024-05-04 1700UT,145,1,O1_toros_01-04mai
-40.0,0.027123964703657834,8.129502804074253,C223,frente,2024-05-04 1700UT,74,1,O1_toros_01-04mai
-35.0,0.0303158244592684,7.398807603065371,C223,frente,2024-05-04 1700UT,16,1,O1_toros_01-04mai
-60.0,0.018717280961606554,11.30554549258237,C223,traseira,2024-05-04 1700UT,36,1,O1_toros_01-04mai
-55.0,0.023445107910686085,9.252208049604441,C223,traseira,2024-05-04 1700UT,65,1,O1_toros_01-04mai
-50.0,0.026179302450883103,8.385795374025314,C223,traseira,2024-05-04 1700UT,326,1,O1_toros_01-04mai
-45.0,0.027475441194527155,8.039148306626965,C223,traseira,2024-05-04 1700UT,164,1,O1_toros_01-04mai
-40.0,0.03903387130173663,6.160083436861933,C223,traseira,2024-05-04 1700UT,14,1,O1_toros_01-04mai
-60.0,0.018514526605888662,11.412955008717677,C218,frente,2024-05-04 1700UT,47,1,O1_toros_01-04mai
-55.0,0.018776061877449606,11.274699268566565,C218,frente,2024-05-04 1700UT,205,1,O1_toros_01-04mai
-50.0,0.019100225558524215,11.107465763295703,C218,frente,2024-05-04 1700UT,525,1,O1_toros_01-04mai
-45.0,0.018193723293911696,11.586713227344639,C218,frente,2024-05-04 1700UT,104,1,O1_toros_01-04mai
-40.0,0.023343639532034836,9.288315880968526,C218,frente,2024-05-04 1700UT,33,1,O1_toros_01-04mai
-60.0,0.017333882952044147,12.075988390847519,C218,traseira,2024-05-04 1700UT,43,1,O1_toros_01-04mai
-55.0,0.018832464315743123,11.245276108624015,C218,traseira,2024-05-04 1700UT,145,1,O1_toros_01-04mai
-50.0,0.019120546555064705,11.097132032865428,C218,traseira,2024-05-04 1700UT,161,1,O1_toros_01-04mai
-45.0,0.017785426662050477,11.814677081964387,C218,traseira,2024-05-04 1700UT,64,1,O1_toros_01-04mai
-40.0,0.018830860809645897,11.246267314659013,C218,traseira,2024-05-04 1700UT,20,1,O1_toros_01-04mai
-60.0,0.014354274201178048,14.070322904734168,C208,frente,2024-05-04 1700UT,875,1,O1_toros_01-04mai
-55.0,0.014259502737395692,14.142240501479762,C208,frente,2024-05-04 1700UT,1661,1,O1_toros_01-04mai
-50.0,0.013702801661222966,14.5763569517772,C208,frente,2024-05-04 1700UT,741,1,O1_toros_01-04mai
-45.0,0.014842685996962765,13.708563761480423,C208,frente,2024-05-04 1700UT,137,1,O1_toros_01-04mai
-40.0,0.02454815091624883,8.878889679915455,C208,frente,2024-05-04 1700UT,36,1,O1_toros_01-04mai
-35.0,0.03437729804521355,6.709878891908291,C208,frente,2024-05-04 1700UT,27,1,O1_toros_01-04mai
-30.0,0.048470346301018874,5.52840521413996,C208,frente,2024-05-04 1700UT,30,1,O1_toros_01-04mai
-25.0,0.055740674348817146,5.307700691948936,C208,frente,2024-05-04 1700UT,18,1,O1_toros_01-04mai
-20.0,0.09105572769766856,5.015195135633249,C208,frente,2024-05-04 1700UT,7,1,O1_toros_01-04mai
-65.0,0.017248701647431402,12.12639557898682,C208,traseira,2024-05-04 1700UT,25,1,O1_toros_01-04mai
-60.0,0.01559718418385941,13.177872514681242,C208,traseira,2024-05-04 1700UT,749,1,O1_toros_01-04mai
-55.0,0.01430998010977063,14.103865622964795,C208,traseira,2024-05-04 1700UT,928,1,O1_toros_01-04mai
-50.0,0.015341401206240857,13.354067160599445,C208,traseira,2024-05-04 1700UT,452,1,O1_toros_01-04mai
-45.0,0.014977970237636626,13.610963459655512,C208,traseira,2024-05-04 1700UT,208,1,O1_toros_01-04mai
-40.0,0.017124671636759015,12.200434791681154,C208,traseira,2024-05-04 1700UT,83,1,O1_toros_01-04mai
-35.0,0.014428772800362293,14.014208147981734,C208,traseira,2024-05-04 1700UT,72,1,O1_toros_01-04mai
-30.0,0.02190573558142258,9.834723502203442,C208,traseira,2024-05-04 1700UT,66,1,O1_toros_01-04mai
-25.0,0.03626608161350181,6.461111425697764,C208,traseira,2024-05-04 1700UT,66,1,O1_toros_01-04mai
-20.0,0.0505383089035277,5.4447120164753136,C208,traseira,2024-05-04 1700UT,53,1,O1_toros_01-04mai
-15.0,0.06008715998434576,5.200823127698025,C208,traseira,2024-05-04 1700UT,62,1,O1_toros_01-04mai
-65.0,0.014668940593034648,13.835570404283166,C224,inteira,2024-05-04 1700UT,7,1,O1_toros_01-04mai
-60.0,0.014773032707311312,13.759260572523289,C224,inteira,2024-05-04 1700UT,38,1,O1_toros_01-04mai
-55.0,0.015458767265193674,13.272748306253025,C224,inteira,2024-05-04 1700UT,119,1,O1_toros_01-04mai
-50.0,0.01693557942986077,12.315130671071698,C224,inteira,2024-05-04 1700UT,188,1,O1_toros_01-04mai
-45.0,0.017846149177524966,11.780279216880443,C224,inteira,2024-05-04 1700UT,137,1,O1_toros_01-04mai
-40.0,0.018540260842966186,11.402386184762669,C224,inteira,2024-05-04 1700UT,84,1,O1_toros_01-04mai
-35.0,0.012421067437612829,15.655931424929637,C224,inteira,2024-05-04 1700UT,88,1,O1_toros_01-04mai
-30.0,0.012671812798441548,15.435495061321042,C224,inteira,2024-05-04 1700UT,65,1,O1_toros_01-04mai
-25.0,0.015212817575673703,13.44464644925526,C224,inteira,2024-05-04 1700UT,48,1,O1_toros_01-04mai
-20.0,0.029374508293269635,7.59431286735974,C224,inteira,2024-05-04 1700UT,51,1,O1_toros_01-04mai
-15.0,0.07863537961078323,5.042832987336693,C224,inteira,2024-05-04 1700UT,70,1,O1_toros_01-04mai
-60.0,0.027735397856553483,7.974018970943016,C221,frente,2024-05-04 1700UT,25,1,O1_toros_01-04mai
-55.0,0.024814205160969022,8.793720737452631,C221,frente,2024-05-04 1700UT,544,1,O1_toros_01-04mai
-50.0,0.02516064487349544,8.685769065946953,C221,frente,2024-05-04 1700UT,186,1,O1_toros_01-04mai
-45.0,0.020666405114383828,10.36017677775613,C221,frente,2024-05-04 1700UT,5,1,O1_toros_01-04mai
-60.0,0.028242040595733094,7.851068962971323,C221,traseira,2024-05-04 1700UT,21,1,O1_toros_01-04mai
-55.0,0.019693829435509923,10.812700730050645,C221,traseira,2024-05-04 1700UT,396,1,O1_toros_01-04mai
-50.0,0.02047772397168535,10.445124775331223,C221,traseira,2024-05-04 1700UT,274,1,O1_toros_01-04mai
-45.0,0.020663638495272023,10.36141519592005,C221,traseira,2024-05-04 1700UT,56,1,O1_toros_01-04mai
-40.0,0.024714816376491748,8.825271137120135,C221,traseira,2024-05-04 1700UT,19,1,O1_toros_01-04mai
-65.0,0.01448397814600337,13.972815505142915,C208,frente,2024-05-04 1800UT,14,1,O1_toros_01-04mai
-60.0,0.014017227849099062,14.328694320966168,C208,frente,2024-05-04 1800UT,769,1,O1_toros_01-04mai
-55.0,0.01307202425016258,15.09320098618326,C208,frente,2024-05-04 1800UT,975,1,O1_toros_01-04mai
-50.0,0.012074407423139071,15.968162555818186,C208,frente,2024-05-04 1800UT,337,1,O1_toros_01-04mai
-45.0,0.01396506486083467,14.369445223067913,C208,frente,2024-05-04 1800UT,52,1,O1_toros_01-04mai
-65.0,0.015699408628628553,13.108503644711618,C208,traseira,2024-05-04 1800UT,72,1,O1_toros_01-04mai
-60.0,0.015155035586965323,13.484812077811124,C208,traseira,2024-05-04 1800UT,732,1,O1_toros_01-04mai
-55.0,0.015144242013648036,13.492447285564742,C208,traseira,2024-05-04 1800UT,837,1,O1_toros_01-04mai
-50.0,0.015474937507171332,13.261608118591457,C208,traseira,2024-05-04 1800UT,525,1,O1_toros_01-04mai
-45.0,0.02098494544252872,10.219762917387502,C208,traseira,2024-05-04 1800UT,178,1,O1_toros_01-04mai
-40.0,0.02521290722426389,8.669743540456539,C208,traseira,2024-05-04 1800UT,101,1,O1_toros_01-04mai
-35.0,0.025411422037762324,8.610143560434096,C208,traseira,2024-05-04 1800UT,74,1,O1_toros_01-04mai
-30.0,0.027785546649406002,7.961616283043657,C208,traseira,2024-05-04 1800UT,63,1,O1_toros_01-04mai
-25.0,0.04144913274315357,5.948477687754533,C208,traseira,2024-05-04 1800UT,71,1,O1_toros_01-04mai
-20.0,0.062226515736215654,5.16791040330411,C208,traseira,2024-05-04 1800UT,60,1,O1_toros_01-04mai
-15.0,0.07841149683361437,5.043674967514772,C208,traseira,2024-05-04 1800UT,76,1,O1_toros_01-04mai
-65.0,0.016358030187318687,12.675459954991876,C221,frente,2024-05-04 1800UT,6,1,O1_toros_01-04mai
-60.0,0.016639944803532272,12.497339634108883,C221,frente,2024-05-04 1800UT,12,1,O1_toros_01-04mai
-55.0,0.015682139965597232,13.120199887873726,C221,frente,2024-05-04 1800UT,90,1,O1_toros_01-04mai
-50.0,0.015374494076155942,13.331060427787445,C221,frente,2024-05-04 1800UT,120,1,O1_toros_01-04mai
-45.0,0.018379357143134413,11.485738818655708,C221,frente,2024-05-04 1800UT,76,1,O1_toros_01-04mai
-40.0,0.022841549971944125,9.471549013256741,C221,frente,2024-05-04 1800UT,21,1,O1_toros_01-04mai
-65.0,0.017867653429654462,11.76863952594893,C221,traseira,2024-05-04 1800UT,10,1,O1_toros_01-04mai
-60.0,0.017651298372870154,11.891273152350212,C221,traseira,2024-05-04 1800UT,11,1,O1_toros_01-04mai
-55.0,0.013771782421327185,14.521476345149106,C221,traseira,2024-05-04 1800UT,134,1,O1_toros_01-04mai
-50.0,0.015072056644004685,13.54368713178477,C221,traseira,2024-05-04 1800UT,228,1,O1_toros_01-04mai
-45.0,0.020498026812877733,10.436227143946775,C221,traseira,2024-05-04 1800UT,92,1,O1_toros_01-04mai
-60.0,0.014957385495794506,13.625721316731523,C225,inteira,2024-05-04 1800UT,25,1,O1_toros_01-04mai
-55.0,0.013491250717533376,14.74667785125559,C225,inteira,2024-05-04 1800UT,488,1,O1_toros_01-04mai
-50.0,0.013190225143895729,14.994270242234823,C225,inteira,2024-05-04 1800UT,197,1,O1_toros_01-04mai
-65.0,0.03038882808823449,7.384908250670425,C226,inteira,2024-05-04 1900UT,16,1,O1_toros_01-04mai
-60.0,0.03209290167327525,7.068428021527077,C226,inteira,2024-05-04 1900UT,57,1,O1_toros_01-04mai
-55.0,0.030455408154099004,7.370845641237292,C226,inteira,2024-05-04 1900UT,221,1,O1_toros_01-04mai
-50.0,0.029874537762154117,7.488431673670426,C226,inteira,2024-05-04 1900UT,360,1,O1_toros_01-04mai
-45.0,0.0343159732632323,6.718639420259528,C226,inteira,2024-05-04 1900UT,291,1,O1_toros_01-04mai
-40.0,0.050954872080628495,5.429539335053596,C226,inteira,2024-05-04 1900UT,115,1,O1_toros_01-04mai
-35.0,0.07293862309784081,5.068767972234319,C226,inteira,2024-05-04 1900UT,56,1,O1_toros_01-04mai
-30.0,0.08205685552337125,5.032165079195701,C226,inteira,2024-05-04 1900UT,59,1,O1_toros_01-04mai
-25.0,0.09299258383622475,5.012931706032267,C226,inteira,2024-05-04 1900UT,62,1,O1_toros_01-04mai
-20.0,0.09950731241742877,5.007513815686249,C226,inteira,2024-05-04 1900UT,56,1,O1_toros_01-04mai
-15.0,0.12162721594114402,5.001189283865429,C226,inteira,2024-05-04 1900UT,69,1,O1_toros_01-04mai
-60.0,0.01995002398750652,10.689915716588576,C227,inteira,2024-05-04 1900UT,44,1,O1_toros_01-04mai
-55.0,0.02107167465425511,10.182173179060776,C227,inteira,2024-05-04 1900UT,166,1,O1_toros_01-04mai
-50.0,0.022867965984701387,9.461716467233487,C227,inteira,2024-05-04 1900UT,724,1,O1_toros_01-04mai
-45.0,0.02819571421756709,7.862097146986688,C227,inteira,2024-05-04 1900UT,366,1,O1_toros_01-04mai
-40.0,0.035362563330817845,6.5752297272890035,C227,inteira,2024-05-04 1900UT,72,1,O1_toros_01-04mai
-35.0,0.050884313929359284,5.432073513464864,C227,inteira,2024-05-04 1900UT,38,1,O1_toros_01-04mai
-30.0,0.05966885582838789,5.207794167055554,C227,inteira,2024-05-04 1900UT,41,1,O1_toros_01-04mai
-25.0,0.07042103903862565,5.084959424855828,C227,inteira,2024-05-04 1900UT,24,1,O1_toros_01-04mai
-65.0,0.015178496717185935,13.468239664366525,C225,frente,2024-05-04 1900UT,43,1,O1_toros_01-04mai
-60.0,0.01586786496650804,12.995471386796801,C225,frente,2024-05-04 1900UT,834,1,O1_toros_01-04mai
-55.0,0.013743030217759584,14.54430712501247,C225,frente,2024-05-04 1900UT,788,1,O1_toros_01-04mai
-50.0,0.013917562878824861,14.40649562997034,C225,frente,2024-05-04 1900UT,509,1,O1_toros_01-04mai
-45.0,0.013746836367004822,14.54128034390635,C225,frente,2024-05-04 1900UT,75,1,O1_toros_01-04mai
-65.0,0.02276473146349246,9.500268927971078,C225,traseira,2024-05-04 1900UT,14,1,O1_toros_01-04mai
-60.0,0.01681919814534046,12.386082869809794,C225,traseira,2024-05-04 1900UT,811,1,O1_toros_01-04mai
-55.0,0.01638957086883717,12.655312178409037,C225,traseira,2024-05-04 1900UT,1203,1,O1_toros_01-04mai
-50.0,0.015693018566605946,13.112822497874934,C225,traseira,2024-05-04 1900UT,871,1,O1_toros_01-04mai
-45.0,0.02200665444259499,9.793734100847097,C225,traseira,2024-05-04 1900UT,330,1,O1_toros_01-04mai
-40.0,0.030390861772574117,7.383739824965525,C225,traseira,2024-05-04 1900UT,60,1,O1_toros_01-04mai
-35.0,0.04040854362572056,6.034397101315214,C225,traseira,2024-05-04 1900UT,27,1,O1_toros_01-04mai
-30.0,0.05246498199555634,5.378752456740887,C225,traseira,2024-05-04 1900UT,22,1,O1_toros_01-04mai
-25.0,0.06172494967876365,5.175073669529434,C225,traseira,2024-05-04 1900UT,25,1,O1_toros_01-04mai
-20.0,0.07812834085792626,5.044623364481357,C225,traseira,2024-05-04 1900UT,41,1,O1_toros_01-04mai
-15.0,0.08762714448711381,5.020405356144461,C225,traseira,2024-05-04 1900UT,48,1,O1_toros_01-04mai
-60.0,0.014613037773582969,13.876827537343237,C208,frente,2024-05-04 1900UT,35,1,O1_toros_01-04mai
-55.0,0.015547230484795609,13.212136151597779,C208,frente,2024-05-04 1900UT,56,1,O1_toros_01-04mai
-50.0,0.016976819416069565,12.289700272726712,C208,frente,2024-05-04 1900UT,9,1,O1_toros_01-04mai
-60.0,0.015433650604144027,13.290081757789272,C208,traseira,2024-05-04 1900UT,31,1,O1_toros_01-04mai
-55.0,0.016377765985587607,12.662848031791187,C208,traseira,2024-05-04 1900UT,122,1,O1_toros_01-04mai
-50.0,0.017838521275486525,11.784590529134723,C208,traseira,2024-05-04 1900UT,93,1,O1_toros_01-04mai
-45.0,0.02356616448559904,9.209544432066174,C208,traseira,2024-05-04 1900UT,38,1,O1_toros_01-04mai
-40.0,0.026457328290825633,8.308544798034085,C208,traseira,2024-05-04 1900UT,14,1,O1_toros_01-04mai
-35.0,0.025534838819498584,8.573706710788343,C208,traseira,2024-05-04 1900UT,24,1,O1_toros_01-04mai
-30.0,0.02444501303183586,8.91225119824942,C208,traseira,2024-05-04 1900UT,19,1,O1_toros_01-04mai
-25.0,0.019573992962648598,10.871037130431393,C208,traseira,2024-05-04 1900UT,17,1,O1_toros_01-04mai
-20.0,0.03258112465507703,6.985962454593455,C208,traseira,2024-05-04 1900UT,9,1,O1_toros_01-04mai
-15.0,0.057380561397768,5.27141566530829,C208,traseira,2024-05-04 1900UT,6,1,O1_toros_01-04mai
-60.0,0.01731493626850731,12.087169424733677,C221,frente,2024-05-04 1900UT,39,1,O1_toros_01-04mai
-55.0,0.026620459700322664,8.263583223168208,C221,frente,2024-05-04 1900UT,191,1,O1_toros_01-04mai
-50.0,0.030014569120706623,7.459562007277153,C221,frente,2024-05-04 1900UT,277,1,O1_toros_01-04mai
-45.0,0.03911733717087747,6.151907523243247,C221,frente,2024-05-04 1900UT,73,1,O1_toros_01-04mai
-40.0,0.0400265518536013,6.068349576565381,C221,frente,2024-05-04 1900UT,30,1,O1_toros_01-04mai
-60.0,0.015023670383109432,13.57820642040194,C221,traseira,2024-05-04 1900UT,29,1,O1_toros_01-04mai
-55.0,0.02713022496679864,8.129312209564837,C221,traseira,2024-05-04 1900UT,64,1,O1_toros_01-04mai
-50.0,0.032264195679830944,7.039213362865025,C221,traseira,2024-05-04 1900UT,44,1,O1_toros_01-04mai
-45.0,0.034939223992365195,6.639027049342989,C221,traseira,2024-05-04 1900UT,6,1,O1_toros_01-04mai
-25.0,0.057864391067260205,5.243055086992489,C208,traseira,2024-05-04 2000UT,6,1,O1_toros_01-04mai
-20.0,0.07162074584878451,5.076750290635783,C208,traseira,2024-05-04 2000UT,5,1,O1_toros_01-04mai
-65.0,0.018680931466395184,11.324639853256889,C229,inteira,2024-05-04 2000UT,9,1,O1_toros_01-04mai
-60.0,0.023083905536632022,9.382146123598437,C229,inteira,2024-05-04 2000UT,111,1,O1_toros_01-04mai
-55.0,0.03402309292552265,6.761110223283916,C229,inteira,2024-05-04 2000UT,128,1,O1_toros_01-04mai
-50.0,0.04293434701184717,5.838138268283384,C229,inteira,2024-05-04 2000UT,178,1,O1_toros_01-04mai
-45.0,0.02627911323279896,8.357751004816283,C229,inteira,2024-05-04 2000UT,172,1,O1_toros_01-04mai
-40.0,0.020119875972166763,10.610248210565718,C229,inteira,2024-05-04 2000UT,110,1,O1_toros_01-04mai
-35.0,0.019685805219895804,10.818340664624557,C229,inteira,2024-05-04 2000UT,66,1,O1_toros_01-04mai
-30.0,0.025100600662740294,8.710033827906896,C229,inteira,2024-05-04 2000UT,36,1,O1_toros_01-04mai
-25.0,0.027297880247390157,8.095427227668797,C229,inteira,2024-05-04 2000UT,36,1,O1_toros_01-04mai
-20.0,0.028339285207828295,7.832042161060137,C229,inteira,2024-05-04 2000UT,28,1,O1_toros_01-04mai
-15.0,0.023923787801393676,9.104732489005983,C229,inteira,2024-05-04 2000UT,46,1,O1_toros_01-04mai
-60.0,0.03651024585173889,6.431434221883544,C230,inteira,2024-05-04 2000UT,33,1,O1_toros_01-04mai
-55.0,0.0571227478310472,5.256909446542834,C230,inteira,2024-05-04 2000UT,41,1,O1_toros_01-04mai
-50.0,0.058417098803987974,5.230640701219352,C230,inteira,2024-05-04 2000UT,63,1,O1_toros_01-04mai
-45.0,0.0446229954543559,5.728049984680169,C230,inteira,2024-05-04 2000UT,63,1,O1_toros_01-04mai
-40.0,0.041018674077023407,5.983118655993297,C230,inteira,2024-05-04 2000UT,51,1,O1_toros_01-04mai
-35.0,0.02235946037105047,9.654846884108627,C230,inteira,2024-05-04 2000UT,61,1,O1_toros_01-04mai
-30.0,0.01968242579211313,10.83728136830814,C230,inteira,2024-05-04 2000UT,28,1,O1_toros_01-04mai
-25.0,0.013901013605675064,14.419807735804048,C230,inteira,2024-05-04 2000UT,14,1,O1_toros_01-04mai
-20.0,0.022974053789995657,9.422445834041344,C230,inteira,2024-05-04 2000UT,9,1,O1_toros_01-04mai
