tempo,tec_anom
2024-04-04 00:00:00,-10.423667570009034
2024-04-04 00:10:00,-10.757000903342366
2024-04-04 00:20:00,-10.97922312556459
2024-04-04 00:30:00,-10.97922312556459
2024-04-04 00:40:00,-9.757000903342366
2024-04-04 00:50:00,-7.868112014453478
2024-04-04 01:00:00,-4.664859981933153
2024-04-04 01:10:00,-5.220415537488709
2024-04-04 01:20:00,-4.9981933152664855
2024-04-04 01:30:00,-5.9981933152664855
2024-04-04 01:40:00,-6.220415537488709
2024-04-04 01:50:00,-6.775971093044264
2024-04-04 02:00:00,-4.754742547425473
2024-04-04 02:10:00,-4.9769647696476955
2024-04-04 02:20:00,-5.6436314363143625
2024-04-04 02:30:00,-5.9769647696476955
2024-04-04 02:40:00,-6.199186991869918
2024-04-04 02:50:00,-6.088075880758807
2024-04-04 03:00:00,-3.6779584462511306
2024-04-04 03:10:00,-3.3446251129177966
2024-04-04 03:20:00,-3.1224028906955743
2024-04-04 03:30:00,-3.233514001806686
2024-04-04 03:40:00,-3.566847335140019
2024-04-04 03:50:00,-3.233514001806686
2024-04-04 04:00:00,-1.3355916892502266
2024-04-04 04:10:00,-1.557813911472449
2024-04-04 04:20:00,-1.7800361336946713
2024-04-04 04:30:00,-2.6689250225835597
2024-04-04 04:40:00,-3.0022583559168936
2024-04-04 04:50:00,-3.224480578139115
2024-04-04 05:00:00,-1.6255645889792234
2024-04-04 05:10:00,-1.6255645889792234
2024-04-04 05:20:00,-1.8477868112014457
2024-04-04 05:30:00,-1.2922312556458895
2024-04-04 05:40:00,-1.2922312556458895
2024-04-04 05:50:00,-0.7366757000903341
2024-04-04 06:00:00,-0.2344173441734423
2024-04-04 06:10:00,-0.345528455284553
2024-04-04 06:20:00,-0.012195121951219967
2024-04-04 06:30:00,-0.2344173441734423
2024-04-04 06:40:00,-0.345528455284553
2024-04-04 06:50:00,-0.2344173441734423
2024-04-04 07:00:00,-0.018970189701897233
2024-04-04 07:10:00,-0.13008130081300795
2024-04-04 07:20:00,-0.463414634146341
2024-04-04 07:30:00,-0.24119241192411955
2024-04-04 07:40:00,-0.24119241192411955
2024-04-04 07:50:00,0.09214092140921437
2024-04-04 08:00:00,1.591237579042457
2024-04-04 08:10:00,1.8134598012646794
2024-04-04 08:20:00,1.0356820234869009
2024-04-04 08:30:00,2.035682023486901
2024-04-04 08:40:00,1.591237579042457
2024-04-04 08:50:00,1.4801264679313455
2024-04-04 09:00:00,-0.5112917795844627
2024-04-04 09:10:00,-0.17795844625112966
2024-04-04 09:20:00,-0.06684733514001806
2024-04-04 09:30:00,1.1553748870822043
2024-04-04 09:40:00,2.7109304426377587
2024-04-04 09:50:00,4.266485998193316
2024-04-04 10:00:00,-4.013098464317977
2024-04-04 10:10:00,-2.45754290876242
2024-04-04 10:20:00,-1.124209575429088
2024-04-04 10:30:00,-0.013098464317977232
2024-04-04 10:40:00,1.2091237579042442
2024-04-04 10:50:00,2.54245709123758
2024-04-04 11:00:00,-6.314363143631436
2024-04-04 11:10:00,-4.758807588075879
2024-04-04 11:20:00,-2.314363143631436
2024-04-04 11:30:00,-1.647696476964768
2024-04-04 11:40:00,-0.2032520325203251
2024-04-04 11:50:00,1.6856368563685642
2024-04-04 12:00:00,-5.934959349593502
2024-04-04 12:10:00,-3.6016260162601696
2024-04-04 12:20:00,-2.9349593495934982
2024-04-04 12:30:00,-1.6016260162601696
2024-04-04 12:40:00,-0.9349593495934982
2024-04-04 12:50:00,-0.7127371273712768
2024-04-04 13:00:00,-9.108401084010843
2024-04-04 13:10:00,-8.997289972899736
2024-04-04 13:20:00,-7.6639566395664005
2024-04-04 13:30:00,-6.886178861788622
2024-04-04 13:40:00,-5.6639566395664005
2024-04-04 13:50:00,-4.552845528455286
2024-04-04 14:00:00,-11.165311653116532
2024-04-04 14:10:00,-8.943089430894311
2024-04-04 14:20:00,-6.943089430894311
2024-04-04 14:30:00,-5.498644986449868
2024-04-04 14:40:00,-3.1653116531165324
2024-04-04 14:50:00,-0.38753387533875383
2024-04-04 15:00:00,-2.1811201445347734
2024-04-04 15:10:00,0.48554652213189087
2024-04-04 15:20:00,3.9299909665763337
2024-04-04 15:30:00,5.485546522131891
2024-04-04 15:40:00,6.707768744354119
2024-04-04 15:50:00,7.929990966576334
2024-04-04 16:00:00,5.547877145438129
2024-04-04 16:10:00,7.214543812104786
2024-04-04 16:20:00,8.992321589882572
2024-04-04 16:30:00,9.770099367660343
2024-04-04 16:40:00,10.3256549232159
2024-04-04 16:50:00,11.3256549232159
2024-04-04 17:00:00,10.43360433604336
2024-04-04 17:10:00,11.32249322493226
2024-04-04 17:20:00,12.32249322493226
2024-04-04 17:30:00,12.655826558265588
2024-04-04 17:40:00,12.32249322493226
2024-04-04 17:50:00,13.544715447154474
2024-04-04 18:00:00,16.542005420054203
2024-04-04 18:10:00,14.653116531165317
2024-04-04 18:20:00,14.986449864498645
2024-04-04 18:30:00,13.542005420054203
2024-04-04 18:40:00,11.875338753387531
2024-04-04 18:50:00,9.319783197831974
2024-04-04 19:00:00,15.785456187895214
2024-04-04 19:10:00,12.341011743450764
2024-04-04 19:20:00,8.341011743450764
2024-04-04 19:30:00,6.5632339656729854
2024-04-04 19:40:00,4.22990063233965
2024-04-04 19:50:00,1.8965672990063212
2024-04-04 20:00:00,12.834688346883468
2024-04-04 20:10:00,9.945799457994582
2024-04-04 20:20:00,7.279132791327918
2024-04-04 20:30:00,4.056910569105689
2024-04-04 20:40:00,0.6124661246612462
2024-04-04 20:50:00,-4.609756097560975
2024-04-04 21:00:00,4.0198735320686545
2024-04-04 21:10:00,2.242095754290876
2024-04-04 21:20:00,0.5754290876242116
2024-04-04 21:30:00,-1.757904245709124
2024-04-04 21:40:00,-2.869015356820235
2024-04-04 21:50:00,-4.9801264679313455
2024-04-04 22:00:00,-0.06910569105690811
2024-04-04 22:10:00,-2.735772357723576
2024-04-04 22:20:00,-5.624661246612465
2024-04-04 22:30:00,-6.402439024390242
2024-04-04 22:40:00,-6.846883468834687
2024-04-04 22:50:00,-7.624661246612465
2024-04-04 23:00:00,-7.579945799457995
2024-04-04 23:10:00,-7.802168021680217
2024-04-04 23:20:00,-7.802168021680217
2024-04-04 23:30:00,-7.802168021680217
2024-04-04 23:40:00,-7.357723577235772
2024-04-04 23:50:00,-6.135501355013551
2024-04-05 00:00:00,-5.423667570009034
2024-04-05 00:10:00,-6.0903342366757
2024-04-05 00:20:00,-6.979223125564589
2024-04-05 00:30:00,-6.312556458897923
2024-04-05 00:40:00,-4.757000903342366
2024-04-05 00:50:00,-3.4236675700090338
2024-04-05 01:00:00,1.0018066847335128
2024-04-05 01:10:00,0.5573622402890699
2024-04-05 01:20:00,0.11291779584462525
2024-04-05 01:30:00,-0.6648599819331533
2024-04-05 01:40:00,-1.2204155374887087
2024-04-05 01:50:00,-2.3315266485998194
2024-04-05 02:00:00,-0.6436314363143616
2024-04-05 02:10:00,-1.0880758807588062
2024-04-05 02:20:00,-1.9769647696476955
2024-04-05 02:30:00,-2.532520325203251
2024-04-05 02:40:00,-2.0880758807588062
2024-04-05 02:50:00,-2.1991869918699187
2024-04-05 03:00:00,0.09981933152664801
2024-04-05 03:10:00,0.09981933152664801
2024-04-05 03:20:00,0.21093044263775873
2024-04-05 03:30:00,0.5442637759710927
2024-04-05 03:40:00,0.6553748870822034
2024-04-05 03:50:00,0.8775971093044248
2024-04-05 04:00:00,2.108852755194217
2024-04-05 04:10:00,2.2199638663053296
2024-04-05 04:20:00,1.6644083107497742
2024-04-05 04:30:00,1.3310749774164403
2024-04-05 04:40:00,0.9977416440831064
2024-04-05 04:50:00,0.775519421860885
2024-04-05 05:00:00,1.8188798554652221
2024-04-05 05:10:00,1.9299909665763328
2024-04-05 05:20:00,1.7077687443541096
2024-04-05 05:30:00,2.263324299909665
2024-04-05 05:40:00,1.9299909665763328
2024-04-05 05:50:00,1.8188798554652221
2024-04-05 06:00:00,2.2100271002710024
2024-04-05 06:10:00,1.8766937669376684
2024-04-05 06:20:00,1.7655826558265577
2024-04-05 06:30:00,1.654471544715447
2024-04-05 06:40:00,1.4322493224932247
2024-04-05 06:50:00,1.654471544715447
2024-04-05 07:00:00,2.536585365853659
2024-04-05 07:10:00,2.7588075880758804
2024-04-05 07:20:00,2.869918699186991
2024-04-05 07:30:00,2.9810298102981037
2024-04-05 07:40:00,3.0921409214092144
2024-04-05 07:50:00,3.6476964769647697
2024-04-05 08:00:00,4.369015356820235
2024-04-05 08:10:00,3.8134598012646794
2024-04-05 08:20:00,3.4801264679313455
2024-04-05 08:30:00,3.035682023486901
2024-04-05 08:40:00,2.257904245709123
2024-04-05 08:50:00,1.8134598012646794
2024-04-05 09:00:00,-0.17795844625112966
2024-04-05 09:10:00,-0.17795844625112966
2024-04-05 09:20:00,0.3775971093044266
2024-04-05 09:30:00,1.4887082204155373
2024-04-05 09:40:00,3.266485998193316
2024-04-05 09:50:00,4.710930442637759
2024-04-05 10:00:00,-3.790876242095754
2024-04-05 10:10:00,-2.6797651309846433
2024-04-05 10:20:00,-0.790876242095754
2024-04-05 10:30:00,0.3202348690153567
2024-04-05 10:40:00,1.875790424570912
2024-04-05 10:50:00,4.0980126467931335
2024-04-05 11:00:00,-4.314363143631436
2024-04-05 11:10:00,-2.8699186991869894
2024-04-05 11:20:00,0.018970189701899898
2024-04-05 11:30:00,1.0189701897019
2024-04-05 11:40:00,3.2411924119241213
2024-04-05 11:50:00,5.241192411924121
2024-04-05 12:00:00,-2.4905149051490554
2024-04-05 12:10:00,1.2872628726287232
2024-04-05 12:20:00,2.3983739837398304
2024-04-05 12:30:00,4.287262872628723
2024-04-05 12:40:00,5.842818428184273
2024-04-05 12:50:00,7.065040650406502
2024-04-05 13:00:00,-0.8861788617886219
2024-04-05 13:10:00,0.3360433604335995
2024-04-05 13:20:00,1.7804878048780424
2024-04-05 13:30:00,2.8915989159891566
2024-04-05 13:40:00,3.7804878048780424
2024-04-05 13:50:00,4.669376693766935
2024-04-05 14:00:00,-2.831978319783204
2024-04-05 14:10:00,-1.8319783197832038
2024-04-05 14:20:00,-1.498644986449868
2024-04-05 14:30:00,-0.4986449864498681
2024-04-05 14:40:00,0.5013550135501319
2024-04-05 14:50:00,1.8346883468834676
2024-04-05 15:00:00,-0.958897922312552
2024-04-05 15:10:00,1.3744354110207766
2024-04-05 15:20:00,2.485546522131891
2024-04-05 15:30:00,4.041102077687448
2024-04-05 15:40:00,5.485546522131891
2024-04-05 15:50:00,6.8188798554652195
2024-04-05 16:00:00,4.103432700993686
2024-04-05 16:10:00,5.3256549232159
2024-04-05 16:20:00,7.3256549232159
2024-04-05 16:30:00,7.3256549232159
2024-04-05 16:40:00,8.436766034327015
2024-04-05 16:50:00,9.103432700993686
2024-04-05 17:00:00,9.10027100271003
2024-04-05 17:10:00,10.211382113821145
2024-04-05 17:20:00,10.989159891598916
2024-04-05 17:30:00,11.655826558265588
2024-04-05 17:40:00,12.544715447154474
2024-04-05 17:50:00,14.43360433604336
2024-04-05 18:00:00,17.764227642276417
2024-04-05 18:10:00,18.20867208672086
2024-04-05 18:20:00,17.87533875338753
2024-04-05 18:30:00,16.20867208672086
2024-04-05 18:40:00,14.764227642276417
2024-04-05 18:50:00,11.875338753387531
2024-04-05 19:00:00,19.00767841011743
2024-04-05 19:10:00,16.229900632339657
2024-04-05 19:20:00,13.341011743450764
2024-04-05 19:30:00,12.896567299006321
2024-04-05 19:40:00,10.22990063233965
2024-04-05 19:50:00,8.896567299006321
2024-04-05 20:00:00,19.168021680216803
2024-04-05 20:10:00,15.945799457994582
2024-04-05 20:20:00,13.945799457994582
2024-04-05 20:30:00,10.390243902439025
2024-04-05 20:40:00,5.279132791327918
2024-04-05 20:50:00,-0.8319783197831967
2024-04-05 21:00:00,10.575429087624212
2024-04-05 21:10:00,7.0198735320686545
2024-04-05 21:20:00,5.575429087624212
2024-04-05 21:30:00,2.242095754290876
2024-04-05 21:40:00,1.9087624209575438
2024-04-05 21:50:00,0.13098464317976521
2024-04-05 22:00:00,3.819783197831981
2024-04-05 22:10:00,0.8197831978319812
2024-04-05 22:20:00,-1.735772357723576
2024-04-05 22:30:00,-3.1802168021680206
2024-04-05 22:40:00,-4.735772357723576
2024-04-05 22:50:00,-4.06910569105691
2024-04-05 23:00:00,-6.024390243902438
2024-04-05 23:10:00,-5.913279132791327
2024-04-05 23:20:00,-7.024390243902438
2024-04-05 23:30:00,-7.135501355013551
2024-04-05 23:40:00,-6.135501355013551
2024-04-05 23:50:00,-5.913279132791327
2024-04-06 00:00:00,-3.757000903342366
2024-04-06 00:10:00,-4.201445347786811
2024-04-06 00:20:00,-4.201445347786811
2024-04-06 00:30:00,-3.8681120144534784
2024-04-06 00:40:00,-2.312556458897923
2024-04-06 00:50:00,-1.2014453477868123
2024-04-06 01:00:00,0.890695573622402
2024-04-06 01:10:00,0.6684733514001806
2024-04-06 01:20:00,-0.22041553748870868
2024-04-06 01:30:00,-0.3315266485998194
2024-04-06 01:40:00,-0.6648599819331533
2024-04-06 01:50:00,-1.775971093044264
2024-04-06 02:00:00,1.1341463414634152
2024-04-06 02:10:00,0.3563685636856384
2024-04-06 02:20:00,0.02303523035230448
2024-04-06 02:30:00,-0.6436314363143616
2024-04-06 02:40:00,-0.8658536585365848
2024-04-06 02:50:00,-1.0880758807588062
2024-04-06 03:00:00,1.3220415537488694
2024-04-06 03:10:00,1.099819331526648
2024-04-06 03:20:00,1.5442637759710927
2024-04-06 03:30:00,1.6553748870822034
2024-04-06 03:40:00,1.5442637759710927
2024-04-06 03:50:00,1.6553748870822034
2024-04-06 04:00:00,2.6644083107497742
2024-04-06 04:10:00,2.8866305329719957
2024-04-06 04:20:00,2.3310749774164403
2024-04-06 04:30:00,2.108852755194217
2024-04-06 04:40:00,1.9977416440831064
2024-04-06 04:50:00,1.5532971996386618
2024-04-06 05:00:00,2.929990966576333
2024-04-06 05:10:00,2.3744354110207775
2024-04-06 05:20:00,2.1522131887985543
2024-04-06 05:30:00,1.7077687443541096
2024-04-06 05:40:00,1.596657633242999
2024-04-06 05:50:00,1.596657633242999
2024-04-06 06:00:00,1.9878048780487791
2024-04-06 06:10:00,1.7655826558265577
2024-04-06 06:20:00,1.654471544715447
2024-04-06 06:30:00,1.7655826558265577
2024-04-06 06:40:00,1.4322493224932247
2024-04-06 06:50:00,1.4322493224932247
2024-04-06 07:00:00,2.3143631436314367
2024-04-06 07:10:00,1.7588075880758804
2024-04-06 07:20:00,1.0921409214092144
2024-04-06 07:30:00,0.6476964769647697
2024-04-06 07:40:00,0.3143631436314367
2024-04-06 07:50:00,-0.13008130081300795
2024-04-06 08:00:00,1.0356820234869009
2024-04-06 08:10:00,0.7023486901535678
2024-04-06 08:20:00,0.7023486901535678
2024-04-06 08:30:00,0.4801264679313455
2024-04-06 08:40:00,0.5912375790424571
2024-04-06 08:50:00,0.2579042457091232
2024-04-06 09:00:00,-1.1779584462511297
2024-04-06 09:10:00,-0.9557362240289073
2024-04-06 09:20:00,-0.400180668473352
2024-04-06 09:30:00,0.8220415537488703
2024-04-06 09:40:00,2.4887082204155373
2024-04-06 09:50:00,4.377597109304427
2024-04-06 10:00:00,-3.5686540198735326
2024-04-06 10:10:00,-2.0130984643179772
2024-04-06 10:20:00,-0.013098464317977232
2024-04-06 10:30:00,1.4313459801264692
2024-04-06 10:40:00,2.7646793134598013
2024-04-06 10:50:00,4.0980126467931335
2024-04-06 11:00:00,-5.314363143631436
2024-04-06 11:10:00,-4.092140921409211
2024-04-06 11:20:00,-3.4254742547425465
2024-04-06 11:30:00,-2.647696476964768
2024-04-06 11:40:00,-1.203252032520325
2024-04-06 11:50:00,-0.4254742547425465
2024-04-06 12:00:00,-8.490514905149055
2024-04-06 12:10:00,-6.379403794037945
2024-04-06 12:20:00,-5.71273712737128
2024-04-06 12:30:00,-4.157181571815723
2024-04-06 12:40:00,-2.379403794037948
2024-04-06 12:50:00,-0.15718157181572678
2024-04-06 13:00:00,-8.330623306233065
2024-04-06 13:10:00,-6.886178861788622
2024-04-06 13:20:00,-5.108401084010843
2024-04-06 13:30:00,-3.330623306233065
2024-04-06 13:40:00,-1.441734417344179
2024-04-06 13:50:00,0.22493224932248523
2024-04-06 14:00:00,-5.276422764227647
2024-04-06 14:10:00,-3.831978319783204
2024-04-06 14:20:00,-2.498644986449868
2024-04-06 14:30:00,-0.943089430894311
2024-04-06 14:40:00,0.8346883468834676
2024-04-06 14:50:00,2.612466124661246
2024-04-06 15:00:00,-0.7366757000903306
2024-04-06 15:10:00,0.7077687443541123
2024-04-06 15:20:00,1.1522131887985552
2024-04-06 15:30:00,1.5966576332430051
2024-04-06 15:40:00,2.152213188798555
2024-04-06 15:50:00,3.041102077687448
2024-04-06 16:00:00,-0.341011743450764
2024-04-06 16:10:00,-0.11878952122854258
2024-04-06 16:20:00,0.43676603432701455
2024-04-06 16:30:00,0.5478771454381288
2024-04-06 16:40:00,0.658988256549236
2024-04-06 16:50:00,0.7700993676603503
2024-04-06 17:00:00,-0.7886178861788551
2024-04-06 17:10:00,-0.4552845528455265
2024-04-06 17:20:00,-1.677506775067748
2024-04-06 17:30:00,-3.121951219512191
2024-04-06 17:40:00,-3.8997289972899694
2024-04-06 17:50:00,-4.677506775067748
2024-04-06 18:00:00,-2.5691056910569117
2024-04-06 18:10:00,-2.9024390243902474
2024-04-06 18:20:00,-4.124661246612469
2024-04-06 18:30:00,-5.34688346883469
2024-04-06 18:40:00,-6.902439024390247
2024-04-06 18:50:00,-8.235772357723576
2024-04-06 19:00:00,-0.21454381210479312
2024-04-06 19:10:00,-2.3256549232159003
2024-04-06 19:20:00,-3.4367660343270146
2024-04-06 19:30:00,-3.9923215898825717
2024-04-06 19:40:00,-5.3256549232159
2024-04-06 19:50:00,-7.3256549232159
2024-04-06 20:00:00,4.168021680216803
2024-04-06 20:10:00,2.945799457994582
2024-04-06 20:20:00,1.3902439024390247
2024-04-06 20:30:00,-0.7208672086720824
2024-04-06 20:40:00,-3.7208672086720824
2024-04-06 20:50:00,-8.27642276422764
2024-04-06 21:00:00,3.5754290876242116
2024-04-06 21:10:00,2.0198735320686545
2024-04-06 21:20:00,0.13098464317976521
2024-04-06 21:30:00,-2.091237579042456
2024-04-06 21:40:00,-3.535682023486899
2024-04-06 21:50:00,-5.424570912375788
2024-04-06 22:00:00,-0.9579945799457974
2024-04-06 22:10:00,-3.8468834688346867
2024-04-06 22:20:00,-5.180216802168021
2024-04-06 22:30:00,-5.402439024390242
2024-04-06 22:40:00,-6.180216802168021
2024-04-06 22:50:00,-5.735772357723576
2024-04-06 23:00:00,-6.246612466124661
2024-04-06 23:10:00,-5.691056910569106
2024-04-06 23:20:00,-6.135501355013551
2024-04-06 23:30:00,-5.913279132791327
2024-04-06 23:40:00,-5.579945799457995
2024-04-06 23:50:00,-4.802168021680217
2024-04-07 00:00:00,-7.645889792231255
2024-04-07 00:10:00,-7.645889792231255
2024-04-07 00:20:00,-7.312556458897923
2024-04-07 00:30:00,-6.312556458897923
2024-04-07 00:40:00,-4.5347786811201445
2024-04-07 00:50:00,-3.645889792231255
2024-04-07 01:00:00,-1.8870822041553748
2024-04-07 01:10:00,-2.2204155374887087
2024-04-07 01:20:00,-2.775971093044264
2024-04-07 01:30:00,-2.8870822041553748
2024-04-07 01:40:00,-3.553748870822041
2024-04-07 01:50:00,-4.331526648599819
2024-04-07 02:00:00,-1.4214092140921402
2024-04-07 02:10:00,-1.9769647696476955
2024-04-07 02:20:00,-2.6436314363143616
2024-04-07 02:30:00,-2.3102981029810294
2024-04-07 02:40:00,-2.6436314363143616
2024-04-07 02:50:00,-2.9769647696476955
2024-04-07 03:00:00,-0.2335140018066859
2024-04-07 03:10:00,-0.3446251129177966
2024-04-07 03:20:00,-1.4557362240289073
2024-04-07 03:30:00,-1.233514001806686
2024-04-07 03:40:00,-1.233514001806686
2024-04-07 03:50:00,-1.4557362240289073
2024-04-07 04:00:00,-0.33559168925022664
2024-04-07 04:10:00,-0.33559168925022664
2024-04-07 04:20:00,-0.7800361336946713
2024-04-07 04:30:00,-1.1133694670280043
2024-04-07 04:40:00,-1.4467028003613374
2024-04-07 04:50:00,-1.3355916892502266
2024-04-07 05:00:00,-0.4033423667570011
2024-04-07 05:10:00,-0.8477868112014457
2024-04-07 05:20:00,-0.7366757000903341
2024-04-07 05:30:00,-0.9588979223125564
2024-04-07 05:40:00,-1.2922312556458895
2024-04-07 05:50:00,-1.403342366757001
2024-04-07 06:00:00,-0.9010840108401093
2024-04-07 06:10:00,-0.7899728997289976
2024-04-07 06:20:00,-0.7899728997289976
2024-04-07 06:30:00,-1.01219512195122
2024-04-07 06:40:00,-0.9010840108401093
2024-04-07 06:50:00,-0.7899728997289976
2024-04-07 07:00:00,0.3143631436314367
2024-04-07 07:10:00,0.09214092140921437
2024-04-07 07:20:00,-0.018970189701897233
2024-04-07 07:30:00,-0.018970189701897233
2024-04-07 07:40:00,0.2032520325203251
2024-04-07 07:50:00,-0.018970189701897233
2024-04-07 08:00:00,1.2579042457091232
2024-04-07 08:10:00,1.591237579042457
2024-04-07 08:20:00,1.4801264679313455
2024-04-07 08:30:00,0.8134598012646794
2024-04-07 08:40:00,0.7023486901535678
2024-04-07 08:50:00,0.3690153568202348
2024-04-07 09:00:00,-1.1779584462511297
2024-04-07 09:10:00,-1.1779584462511297
2024-04-07 09:20:00,-0.8446251129177957
2024-04-07 09:30:00,0.599819331526648
2024-04-07 09:40:00,2.1553748870822043
2024-04-07 09:50:00,3.3775971093044266
2024-04-07 10:00:00,-4.901987353206865
2024-04-07 10:10:00,-3.3464317976513094
2024-04-07 10:20:00,-2.124209575429088
2024-04-07 10:30:00,-0.6797651309846433
2024-04-07 10:40:00,0.875790424570912
2024-04-07 10:50:00,2.209123757904244
2024-04-07 11:00:00,-7.314363143631436
2024-04-07 11:10:00,-6.314363143631436
2024-04-07 11:20:00,-5.203252032520325
2024-04-07 11:30:00,-4.092140921409211
2024-04-07 11:40:00,-2.9810298102981
2024-04-07 11:50:00,-1.7588075880758787
2024-04-07 12:00:00,-9.60162601626017
2024-04-07 12:10:00,-8.157181571815723
2024-04-07 12:20:00,-6.934959349593502
2024-04-07 12:30:00,-5.0460704607046125
2024-04-07 12:40:00,-3.7127371273712804
2024-04-07 12:50:00,-2.6016260162601696
2024-04-07 13:00:00,-10.6639566395664
2024-04-07 13:10:00,-8.775067750677515
2024-04-07 13:20:00,-6.997289972899736
2024-04-07 13:30:00,-5.330623306233065
2024-04-07 13:40:00,-3.997289972899736
2024-04-07 13:50:00,-1.886178861788622
2024-04-07 14:00:00,-8.498644986449868
2024-04-07 14:10:00,-7.276422764227647
2024-04-07 14:20:00,-5.831978319783204
2024-04-07 14:30:00,-4.609756097560975
2024-04-07 14:40:00,-3.1653116531165324
2024-04-07 14:50:00,-1.7208672086720895
2024-04-07 15:00:00,-4.736675700090331
2024-04-07 15:10:00,-3.514453477868109
2024-04-07 15:20:00,-3.0700090334236663
2024-04-07 15:30:00,-1.8477868112014448
2024-04-07 15:40:00,-1.4033423667569949
2024-04-07 15:50:00,-0.18112014453477343
2024-04-07 16:00:00,-2.896567299006321
2024-04-07 16:10:00,-2.5632339656729854
2024-04-07 16:20:00,-2.1187895212285426
2024-04-07 16:30:00,-1.6743450767840997
2024-04-07 16:40:00,-1.6743450767840997
2024-04-07 16:50:00,-1.1187895212285426
2024-04-07 17:00:00,-2.8997289972899694
2024-04-07 17:10:00,-2.4552845528455265
2024-04-07 17:20:00,-2.5663956639566337
2024-04-07 17:30:00,-3.121951219512191
2024-04-07 17:40:00,-3.0108401084010765
2024-04-07 17:50:00,-4.0108401084010765
2024-04-07 18:00:00,-0.013550135501354532
2024-04-07 18:10:00,-0.23577235772357596
2024-04-07 18:20:00,-0.9024390243902474
2024-04-07 18:30:00,-2.235772357723576
2024-04-07 18:40:00,-4.569105691056912
2024-04-07 18:50:00,-6.457994579945797
2024-04-07 19:00:00,1.0076784101174283
2024-04-07 19:10:00,-1.2145438121047931
2024-04-07 19:20:00,-1.5478771454381288
2024-04-07 19:30:00,-3.4367660343270146
2024-04-07 19:40:00,-4.103432700993679
2024-04-07 19:50:00,-6.214543812104793
2024-04-07 20:00:00,5.945799457994582
2024-04-07 20:10:00,4.279132791327918
2024-04-07 20:20:00,2.056910569105689
2024-04-07 20:30:00,-0.27642276422763956
2024-04-07 20:40:00,-3.943089430894311
2024-04-07 20:50:00,-6.27642276422764
2024-04-07 21:00:00,4.130984643179765
2024-04-07 21:10:00,2.35320686540199
2024-04-07 21:20:00,-1.202348690153567
2024-04-07 21:30:00,-2.4245709123757884
2024-04-07 21:40:00,-4.535682023486899
2024-04-07 21:50:00,-6.64679313459801
2024-04-07 22:00:00,-3.6246612466124652
2024-04-07 22:10:00,-5.846883468834687
2024-04-07 22:20:00,-7.291327913279131
2024-04-07 22:30:00,-7.735772357723576
2024-04-07 22:40:00,-7.624661246612465
2024-04-07 22:50:00,-7.735772357723576
2024-04-07 23:00:00,-7.579945799457995
2024-04-07 23:10:00,-8.024390243902438
2024-04-07 23:20:00,-7.913279132791327
2024-04-07 23:30:00,-7.691056910569106
2024-04-07 23:40:00,-7.024390243902438
2024-04-07 23:50:00,-6.913279132791327
2024-04-08 00:00:00,-4.979223125564589
2024-04-08 00:10:00,-5.0903342366757
2024-04-08 00:20:00,-4.868112014453478
2024-04-08 00:30:00,-3.8681120144534784
2024-04-08 00:40:00,-3.4236675700090338
2024-04-08 00:50:00,-2.312556458897923
2024-04-08 01:00:00,-0.6648599819331533
2024-04-08 01:10:00,-1.3315266485998194
2024-04-08 01:20:00,-1.2204155374887087
2024-04-08 01:30:00,-1.6648599819331533
2024-04-08 01:40:00,-2.44263775971093
2024-04-08 01:50:00,-3.2204155374887087
2024-04-08 02:00:00,-0.5325203252032509
2024-04-08 02:10:00,-0.9769647696476955
2024-04-08 02:20:00,-1.6436314363143616
2024-04-08 02:30:00,-1.0880758807588062
2024-04-08 02:40:00,-1.5325203252032509
2024-04-08 02:50:00,-2.0880758807588062
2024-04-08 03:00:00,0.32204155374886945
2024-04-08 03:10:00,-0.011291779584462702
2024-04-08 03:20:00,0.32204155374886945
2024-04-08 03:30:00,-0.011291779584462702
2024-04-08 03:40:00,0.32204155374886945
2024-04-08 03:50:00,-0.011291779584462702
2024-04-08 04:00:00,1.775519421860885
2024-04-08 04:10:00,1.108852755194217
2024-04-08 04:20:00,0.44218608852755104
2024-04-08 04:30:00,0.3310749774164403
2024-04-08 04:40:00,0.10885275519421711
2024-04-08 04:50:00,0.3310749774164403
2024-04-08 05:00:00,1.0411020776874436
2024-04-08 05:10:00,1.1522131887985543
2024-04-08 05:20:00,1.0411020776874436
2024-04-08 05:30:00,0.8188798554652212
2024-04-08 05:40:00,0.5966576332429989
2024-04-08 05:50:00,0.15221318879855428
2024-04-08 06:00:00,1.321138211382113
2024-04-08 06:10:00,1.4322493224932247
2024-04-08 06:20:00,1.5433604336043354
2024-04-08 06:30:00,1.5433604336043354
2024-04-08 06:40:00,1.5433604336043354
2024-04-08 06:50:00,1.5433604336043354
2024-04-08 07:00:00,2.203252032520325
2024-04-08 07:10:00,2.203252032520325
2024-04-08 07:20:00,2.203252032520325
2024-04-08 07:30:00,2.0921409214092144
2024-04-08 07:40:00,1.9810298102981028
2024-04-08 07:50:00,1.9810298102981028
2024-04-08 08:00:00,2.8134598012646794
2024-04-08 08:10:00,2.4801264679313455
2024-04-08 08:20:00,2.591237579042457
2024-04-08 08:30:00,2.4801264679313455
2024-04-08 08:40:00,2.035682023486901
2024-04-08 08:50:00,1.8134598012646794
2024-04-08 09:00:00,0.266485998193315
2024-04-08 09:10:00,0.266485998193315
2024-04-08 09:20:00,1.266485998193315
2024-04-08 09:30:00,2.599819331526648
2024-04-08 09:40:00,4.377597109304427
2024-04-08 09:50:00,6.377597109304427
2024-04-08 10:00:00,-1.9019873532068647
2024-04-08 10:10:00,0.20912375790424598
2024-04-08 10:20:00,1.6535682023486906
2024-04-08 10:30:00,3.0980126467931335
2024-04-08 10:40:00,4.209123757904244
2024-04-08 10:50:00,4.764679313459801
2024-04-08 11:00:00,-4.314363143631436
2024-04-08 11:10:00,-4.203252032520325
2024-04-08 11:20:00,-3.203252032520325
2024-04-08 11:30:00,-1.4254742547425465
2024-04-08 11:40:00,0.018970189701899898
2024-04-08 11:50:00,1.352303523035232
2024-04-08 12:00:00,-5.823848238482391
2024-04-08 12:10:00,-4.60162601626017
2024-04-08 12:20:00,-2.379403794037948
2024-04-08 12:30:00,-0.046070460704612515
2024-04-08 12:40:00,1.731707317073166
2024-04-08 12:50:00,3.3983739837398304
2024-04-08 13:00:00,-5.441734417344179
2024-04-08 13:10:00,-3.1084010840108434
2024-04-08 13:20:00,-1.3306233062330648
2024-04-08 13:30:00,0.7804878048780424
2024-04-08 13:40:00,2.8915989159891566
2024-04-08 13:50:00,6.002710027100264
2024-04-08 14:00:00,-0.38753387533875383
2024-04-08 14:10:00,1.1680216802167962
2024-04-08 14:20:00,3.3902439024390247
2024-04-08 14:30:00,5.056910569105689
2024-04-08 14:40:00,6.612466124661246
2024-04-08 14:50:00,8.27913279132791
2024-04-08 15:00:00,5.485546522131891
2024-04-08 15:10:00,4.929990966576334
2024-04-08 15:20:00,4.152213188798555
2024-04-08 15:30:00,4.818879855465227
2024-04-08 15:40:00,5.929990966576334
2024-04-08 15:50:00,6.8188798554652195
2024-04-08 16:00:00,3.4367660343270146
2024-04-08 16:10:00,3.9923215898825717
2024-04-08 16:20:00,5.103432700993686
2024-04-08 16:30:00,5.658988256549243
2024-04-08 16:40:00,6.547877145438129
2024-04-08 16:50:00,7.4367660343270146
2024-04-08 17:00:00,6.433604336043359
2024-04-08 17:10:00,7.211382113821145
2024-04-08 17:20:00,7.322493224932259
2024-04-08 17:30:00,7.989159891598916
2024-04-08 17:40:00,7.655826558265588
2024-04-08 17:50:00,7.433604336043359
2024-04-08 18:00:00,11.319783197831974
2024-04-08 18:10:00,10.653116531165317
2024-04-08 18:20:00,10.09756097560976
2024-04-08 18:30:00,8.764227642276417
2024-04-08 18:40:00,6.875338753387531
2024-04-08 18:50:00,4.875338753387531
2024-04-08 19:00:00,11.22990063233965
2024-04-08 19:10:00,8.22990063233965
2024-04-08 19:20:00,6.785456187895207
2024-04-08 19:30:00,3.896567299006321
2024-04-08 19:40:00,1.341011743450764
2024-04-08 19:50:00,-1.7700993676603503
2024-04-08 20:00:00,8.390243902439025
2024-04-08 20:10:00,5.501355013550139
2024-04-08 20:20:00,1.1680216802168033
2024-04-08 20:30:00,-3.2764227642276396
2024-04-08 20:40:00,-8.054200542005418
2024-04-08 20:50:00,-10.387533875338754
2024-04-08 21:00:00,-1.202348690153567
2024-04-08 21:10:00,-3.091237579042456
2024-04-08 21:20:00,-6.757904245709124
2024-04-08 21:30:00,-8.202348690153567
2024-04-08 21:40:00,-9.5356820234869
2024-04-08 21:50:00,-11.5356820234869
2024-04-08 22:00:00,-7.291327913279131
2024-04-08 22:10:00,-8.957994579945797
2024-04-08 22:20:00,-8.624661246612465
2024-04-08 22:30:00,-9.957994579945797
2024-04-08 22:40:00,-9.18021680216802
2024-04-08 22:50:00,-9.735772357723576
2024-04-08 23:00:00,-9.691056910569106
2024-04-08 23:10:00,-9.468834688346883
2024-04-08 23:20:00,-9.468834688346883
2024-04-08 23:30:00,-8.579945799457995
2024-04-08 23:40:00,-7.691056910569106
2024-04-08 23:50:00,-7.802168021680217
2024-04-09 00:00:00,-11.0903342366757
2024-04-09 00:10:00,-10.423667570009034
2024-04-09 00:20:00,-10.0903342366757
2024-04-09 00:30:00,-8.757000903342366
2024-04-09 00:40:00,-7.423667570009034
2024-04-09 00:50:00,-7.423667570009034
2024-04-09 01:00:00,-5.220415537488709
2024-04-09 01:10:00,-5.664859981933153
2024-04-09 01:20:00,-5.44263775971093
2024-04-09 01:30:00,-5.9981933152664855
2024-04-09 01:40:00,-6.44263775971093
2024-04-09 01:50:00,-6.887082204155375
2024-04-09 02:00:00,-4.199186991869919
2024-04-09 02:10:00,-4.532520325203251
2024-04-09 02:20:00,-4.6436314363143625
2024-04-09 02:30:00,-4.532520325203251
2024-04-09 02:40:00,-4.3102981029810294
2024-04-09 02:50:00,-4.199186991869919
2024-04-09 03:00:00,-1.3446251129177966
2024-04-09 03:10:00,-1.7890695573622413
2024-04-09 03:20:00,-1.900180668473352
2024-04-09 03:30:00,-2.1224028906955743
2024-04-09 03:40:00,-2.233514001806686
2024-04-09 03:50:00,-2.3446251129177966
2024-04-09 04:00:00,-0.33559168925022664
2024-04-09 04:10:00,-1.0022583559168936
2024-04-09 04:20:00,-1.224480578139115
2024-04-09 04:30:00,-1.3355916892502266
2024-04-09 04:40:00,-1.1133694670280043
2024-04-09 04:50:00,-1.3355916892502266
2024-04-09 05:00:00,-0.4033423667570011
2024-04-09 05:10:00,-0.4033423667570011
2024-04-09 05:20:00,-0.8477868112014457
2024-04-09 05:30:00,-1.0700090334236672
2024-04-09 05:40:00,-1.0700090334236672
2024-04-09 05:50:00,-0.7366757000903341
2024-04-09 06:00:00,-0.012195121951219967
2024-04-09 06:10:00,0.09891598915989075
2024-04-09 06:20:00,-0.5677506775067753
2024-04-09 06:30:00,-0.345528455284553
2024-04-09 06:40:00,-0.9010840108401093
2024-04-09 06:50:00,-1.1233062330623316
2024-04-09 07:00:00,-0.35230352303523027
2024-04-09 07:10:00,-0.35230352303523027
2024-04-09 07:20:00,-0.24119241192411955
2024-04-09 07:30:00,-0.24119241192411955
2024-04-09 07:40:00,-0.13008130081300795
2024-04-09 07:50:00,-0.35230352303523027
2024-04-09 08:00:00,0.14679313459801246
2024-04-09 08:10:00,0.4801264679313455
2024-04-09 08:20:00,-0.07542908762420986
2024-04-09 08:30:00,-0.2976513098464322
2024-04-09 08:40:00,-0.6309846431797652
2024-04-09 08:50:00,-0.8532068654019875
2024-04-09 09:00:00,-2.4001806684733515
2024-04-09 09:10:00,-1.8446251129177962
2024-04-09 09:20:00,-1.400180668473352
2024-04-09 09:30:00,-0.2890695573622404
2024-04-09 09:40:00,1.3775971093044266
2024-04-09 09:50:00,3.266485998193316
2024-04-09 10:00:00,-4.790876242095754
2024-04-09 10:10:00,-3.0130984643179772
2024-04-09 10:20:00,-0.9019873532068647
2024-04-09 10:30:00,1.3202348690153585
2024-04-09 10:40:00,3.3202348690153585
2024-04-09 10:50:00,5.431345980126469
2024-04-09 11:00:00,-2.203252032520325
2024-04-09 11:10:00,-0.9810298102981001
2024-04-09 11:20:00,0.6856368563685642
2024-04-09 11:30:00,2.352303523035232
2024-04-09 11:40:00,3.5745257452574535
2024-04-09 11:50:00,4.685636856368564
2024-04-09 12:00:00,-3.4905149051490554
2024-04-09 12:10:00,-3.4905149051490554
2024-04-09 12:20:00,-3.1571815718157232
2024-04-09 12:30:00,-3.0460704607046125
2024-04-09 12:40:00,-1.6016260162601696
2024-04-09 12:50:00,-0.7127371273712768
2024-04-09 13:00:00,-8.886178861788622
2024-04-09 13:10:00,-6.775067750677515
2024-04-09 13:20:00,-5.108401084010843
2024-04-09 13:30:00,-3.5528455284552862
2024-04-09 13:40:00,-1.3306233062330648
2024-04-09 13:50:00,1.2249322493224852
2024-04-09 14:00:00,-4.943089430894311
2024-04-09 14:10:00,-3.7208672086720895
2024-04-09 14:20:00,-1.6097560975609753
2024-04-09 14:30:00,1.6124661246612462
2024-04-09 14:40:00,4.612466124661246
2024-04-09 14:50:00,7.390243902439025
2024-04-09 15:00:00,6.485546522131891
2024-04-09 15:10:00,7.596657633243005
2024-04-09 15:20:00,8.48554652213189
2024-04-09 15:30:00,9.48554652213189
2024-04-09 15:40:00,11.041102077687448
2024-04-09 15:50:00,12.70776874435412
2024-04-09 16:00:00,9.436766034327015
2024-04-09 16:10:00,10.214543812104786
2024-04-09 16:20:00,11.3256549232159
2024-04-09 16:30:00,11.992321589882572
2024-04-09 16:40:00,12.214543812104786
2024-04-09 16:50:00,13.214543812104786
2024-04-09 17:00:00,12.32249322493226
2024-04-09 17:10:00,12.766937669376702
2024-04-09 17:20:00,13.32249322493226
2024-04-09 17:30:00,12.878048780487816
2024-04-09 17:40:00,12.43360433604336
2024-04-09 17:50:00,11.878048780487816
2024-04-09 18:00:00,14.764227642276417
2024-04-09 18:10:00,13.430894308943088
2024-04-09 18:20:00,11.875338753387531
2024-04-09 18:30:00,9.20867208672086
2024-04-09 18:40:00,7.542005420054203
2024-04-09 18:50:00,4.9864498644986455
2024-04-09 19:00:00,10.452122854561871
2024-04-09 19:10:00,9.118789521228543
2024-04-09 19:20:00,7.452122854561871
2024-04-09 19:30:00,5.452122854561871
2024-04-09 19:40:00,3.0076784101174283
2024-04-09 19:50:00,0.6743450767840997
2024-04-09 20:00:00,12.056910569105689
2024-04-09 20:10:00,9.501355013550139
2024-04-09 20:20:00,6.945799457994582
2024-04-09 20:30:00,1.9457994579945819
2024-04-09 20:40:00,-0.943089430894311
2024-04-09 20:50:00,-3.7208672086720824
2024-04-09 21:00:00,6.797651309846433
2024-04-09 21:10:00,3.35320686540199
2024-04-09 21:20:00,1.3532068654019902
2024-04-09 21:30:00,-1.6467931345980098
2024-04-09 21:40:00,-3.9801264679313455
2024-04-09 21:50:00,-7.869015356820235
2024-04-09 22:00:00,-3.8468834688346867
2024-04-09 22:10:00,-5.846883468834687
2024-04-09 22:20:00,-6.735772357723576
2024-04-09 22:30:00,-7.180216802168021
2024-04-09 22:40:00,-7.846883468834687
2024-04-09 22:50:00,-7.5135501355013545
2024-04-09 23:00:00,-8.579945799457995
2024-04-09 23:10:00,-8.579945799457995
2024-04-09 23:20:00,-8.691056910569106
2024-04-09 23:30:00,-8.246612466124661
2024-04-09 23:40:00,-7.913279132791327
2024-04-09 23:50:00,-8.579945799457995
2024-04-10 00:00:00,-7.645889792231255
2024-04-10 00:10:00,-6.868112014453478
2024-04-10 00:20:00,-5.312556458897923
2024-04-10 00:30:00,-4.201445347786811
2024-04-10 00:40:00,-3.312556458897923
2024-04-10 00:50:00,-3.979223125564589
2024-04-10 01:00:00,-2.109304426377598
2024-04-10 01:10:00,-2.775971093044264
2024-04-10 01:20:00,-2.2204155374887087
2024-04-10 01:30:00,-3.3315266485998194
2024-04-10 01:40:00,-4.109304426377598
2024-04-10 01:50:00,-4.775971093044264
2024-04-10 02:00:00,-2.0880758807588062
2024-04-10 02:10:00,-2.42140921409214
2024-04-10 02:20:00,-2.42140921409214
2024-04-10 02:30:00,-2.754742547425474
2024-04-10 02:40:00,-3.0880758807588062
2024-04-10 02:50:00,-2.754742547425474
2024-04-10 03:00:00,0.21093044263775873
2024-04-10 03:10:00,-0.011291779584462702
2024-04-10 03:20:00,0.21093044263775873
2024-04-10 03:30:00,0.32204155374886945
2024-04-10 03:40:00,0.21093044263775873
2024-04-10 03:50:00,0.21093044263775873
2024-04-10 04:00:00,1.8866305329719957
2024-04-10 04:10:00,1.8866305329719957
2024-04-10 04:20:00,1.442186088527551
2024-04-10 04:30:00,1.108852755194217
2024-04-10 04:40:00,1.3310749774164403
2024-04-10 04:50:00,0.8866305329719957
2024-04-10 05:00:00,2.1522131887985543
2024-04-10 05:10:00,1.9299909665763328
2024-04-10 05:20:00,1.4855465221318882
2024-04-10 05:30:00,1.4855465221318882
2024-04-10 05:40:00,0.9299909665763328
2024-04-10 05:50:00,1.0411020776874436
2024-04-10 06:00:00,2.0989159891598916
2024-04-10 06:10:00,2.321138211382113
2024-04-10 06:20:00,1.654471544715447
2024-04-10 06:30:00,1.8766937669376684
2024-04-10 06:40:00,1.9878048780487791
2024-04-10 06:50:00,1.321138211382113
2024-04-10 07:00:00,1.6476964769647697
2024-04-10 07:10:00,1.3143631436314367
2024-04-10 07:20:00,0.7588075880758804
2024-04-10 07:30:00,0.9810298102981028
2024-04-10 07:40:00,0.7588075880758804
2024-04-10 07:50:00,0.536585365853659
2024-04-10 08:00:00,1.7023486901535678
2024-04-10 08:10:00,1.4801264679313455
2024-04-10 08:20:00,1.1467931345980125
2024-04-10 08:30:00,0.8134598012646794
2024-04-10 08:40:00,0.7023486901535678
2024-04-10 08:50:00,0.4801264679313455
2024-04-10 09:00:00,-0.6224028906955734
2024-04-10 09:10:00,-0.400180668473352
2024-04-10 09:20:00,0.266485998193315
2024-04-10 09:30:00,1.0442637759710927
2024-04-10 09:40:00,2.4887082204155373
2024-04-10 09:50:00,4.044263775971093
2024-04-10 10:00:00,-3.6797651309846433
2024-04-10 10:10:00,-2.790876242095754
2024-04-10 10:20:00,-1.124209575429088
2024-04-10 10:30:00,0.875790424570912
2024-04-10 10:40:00,2.431345980126469
2024-04-10 10:50:00,3.431345980126469
2024-04-10 11:00:00,-4.314363143631436
2024-04-10 11:10:00,-4.203252032520325
2024-04-10 11:20:00,-2.8699186991869894
2024-04-10 11:30:00,-1.0921409214092108
2024-04-10 11:40:00,-0.09214092140921082
2024-04-10 11:50:00,3.5745257452574535
2024-04-10 12:00:00,-5.934959349593502
2024-04-10 12:10:00,-3.934959349593502
2024-04-10 12:20:00,-2.157181571815727
2024-04-10 12:30:00,-0.4905149051490554
2024-04-10 12:40:00,2.287262872628723
2024-04-10 12:50:00,2.9539295392953875
2024-04-10 13:00:00,-4.108401084010843
2024-04-10 13:10:00,-2.330623306233065
2024-04-10 13:20:00,-0.21951219512195763
2024-04-10 13:30:00,2.2249322493224852
2024-04-10 13:40:00,4.558265582655821
2024-04-10 13:50:00,6.780487804878042
2024-04-10 14:00:00,0.39024390243902474
2024-04-10 14:10:00,2.7235772357723533
2024-04-10 14:20:00,4.612466124661246
2024-04-10 14:30:00,6.834688346883468
2024-04-10 14:40:00,8.612466124661246
2024-04-10 14:50:00,11.834688346883468
2024-04-10 15:00:00,7.263324299909662
2024-04-10 15:10:00,7.8188798554652195
2024-04-10 15:20:00,8.81887985546522
2024-04-10 15:30:00,9.152213188798562
2024-04-10 15:40:00,11.041102077687448
2024-04-10 15:50:00,11.81887985546522
2024-04-10 16:00:00,8.992321589882572
2024-04-10 16:10:00,9.658988256549243
2024-04-10 16:20:00,9.770099367660343
2024-04-10 16:30:00,9.547877145438129
2024-04-10 16:40:00,10.103432700993686
2024-04-10 16:50:00,10.658988256549243
2024-04-10 17:00:00,9.32249322493226
2024-04-10 17:10:00,8.878048780487816
2024-04-10 17:20:00,8.10027100271003
2024-04-10 17:30:00,7.878048780487816
2024-04-10 17:40:00,6.989159891598916
2024-04-10 17:50:00,6.655826558265588
2024-04-10 18:00:00,9.875338753387531
2024-04-10 18:10:00,9.319783197831974
2024-04-10 18:20:00,8.653116531165317
2024-04-10 18:30:00,7.09756097560976
2024-04-10 18:40:00,6.430894308943088
2024-04-10 18:50:00,4.097560975609753
2024-04-10 19:00:00,11.341011743450764
2024-04-10 19:10:00,10.896567299006321
2024-04-10 19:20:00,8.118789521228543
2024-04-10 19:30:00,6.007678410117428
2024-04-10 19:40:00,2.6743450767840997
2024-04-10 19:50:00,-0.658988256549236
2024-04-10 20:00:00,10.501355013550139
2024-04-10 20:10:00,6.834688346883468
2024-04-10 20:20:00,2.7235772357723604
2024-04-10 20:30:00,-3.054200542005418
2024-04-10 20:40:00,-4.27642276422764
2024-04-10 20:50:00,-7.831978319783197
2024-04-10 21:00:00,2.908762420957544
2024-04-10 21:10:00,-1.0912375790424562
2024-04-10 21:20:00,-2.757904245709124
2024-04-10 21:30:00,-5.091237579042456
2024-04-10 21:40:00,-8.424570912375788
2024-04-10 21:50:00,-11.091237579042456
2024-04-10 22:00:00,-6.5135501355013545
2024-04-10 22:10:00,-7.06910569105691
2024-04-10 22:20:00,-8.291327913279131
2024-04-10 22:30:00,-7.957994579945797
2024-04-10 22:40:00,-9.18021680216802
2024-04-10 22:50:00,-8.957994579945797
2024-04-10 23:00:00,-9.357723577235772
2024-04-10 23:10:00,-9.13550135501355
2024-04-10 23:20:00,-8.579945799457995
2024-04-10 23:30:00,-7.579945799457995
2024-04-10 23:40:00,-7.468834688346883
2024-04-10 23:50:00,-7.691056910569106
2024-04-11 00:00:00,-9.0903342366757
2024-04-11 00:10:00,-8.20144534778681
2024-04-11 00:20:00,-6.757000903342366
2024-04-11 00:30:00,-5.0903342366757
2024-04-11 00:40:00,-5.312556458897923
2024-04-11 00:50:00,-4.645889792231255
2024-04-11 01:00:00,-2.9981933152664855
2024-04-11 01:10:00,-2.775971093044264
2024-04-11 01:20:00,-3.44263775971093
2024-04-11 01:30:00,-4.775971093044264
2024-04-11 01:40:00,-5.220415537488709
2024-04-11 01:50:00,-5.553748870822041
2024-04-11 02:00:00,-3.42140921409214
2024-04-11 02:10:00,-3.532520325203251
2024-04-11 02:20:00,-4.088075880758806
2024-04-11 02:30:00,-3.9769647696476955
2024-04-11 02:40:00,-4.088075880758806
2024-04-11 02:50:00,-4.199186991869919
2024-04-11 03:00:00,-1.5668473351400198
2024-04-11 03:10:00,-2.233514001806686
2024-04-11 03:20:00,-1.6779584462511306
2024-04-11 03:30:00,-2.0112917795844636
2024-04-11 03:40:00,-2.1224028906955743
2024-04-11 03:50:00,-1.7890695573622413
2024-04-11 04:00:00,-0.0022583559168936063
2024-04-11 04:10:00,-0.22448057813911504
2024-04-11 04:20:00,-0.44670280036133736
2024-04-11 04:30:00,-0.557813911472449
2024-04-11 04:40:00,-0.44670280036133736
2024-04-11 04:50:00,-0.7800361336946713
2024-04-11 05:00:00,0.3744354110207766
2024-04-11 05:10:00,0.04110207768744356
2024-04-11 05:20:00,-0.07000903342366716
2024-04-11 05:30:00,-0.6255645889792234
2024-04-11 05:40:00,-1.0700090334236672
2024-04-11 05:50:00,-1.6255645889792234
2024-04-11 06:00:00,-1.01219512195122
2024-04-11 06:10:00,-1.345528455284553
2024-04-11 06:20:00,-1.678861788617887
2024-04-11 06:30:00,-1.345528455284553
2024-04-11 06:40:00,-1.7899728997289976
2024-04-11 06:50:00,-2.01219512195122
2024-04-11 07:00:00,-1.3523035230352303
2024-04-11 07:10:00,-1.6856368563685638
2024-04-11 07:20:00,-1.9078590785907856
2024-04-11 07:30:00,-1.796747967479675
2024-04-11 07:40:00,-2.130081300813008
2024-04-11 07:50:00,-2.4634146341463414
2024-04-11 08:00:00,-1.0754290876242099
2024-04-11 08:10:00,-1.2976513098464322
2024-04-11 08:20:00,-1.4087624209575433
2024-04-11 08:30:00,-1.9643179765130987
2024-04-11 08:40:00,-2.07542908762421
2024-04-11 08:50:00,-2.297651309846432
2024-04-11 09:00:00,-3.733514001806685
2024-04-11 09:10:00,-3.2890695573622404
2024-04-11 09:20:00,-3.177958446251129
2024-04-11 09:30:00,-1.733514001806685
2024-04-11 09:40:00,-0.2890695573622404
2024-04-11 09:50:00,0.8220415537488703
2024-04-11 10:00:00,-7.013098464317977
2024-04-11 10:10:00,-5.235320686540199
2024-04-11 10:20:00,-3.5686540198735326
2024-04-11 10:30:00,-2.0130984643179772
2024-04-11 10:40:00,-0.23532068654019866
2024-04-11 10:50:00,2.54245709123758
2024-04-11 11:00:00,-7.647696476964768
2024-04-11 11:10:00,-6.092140921409211
2024-04-11 11:20:00,-4.536585365853657
2024-04-11 11:30:00,-2.8699186991869894
2024-04-11 11:40:00,-0.8699186991869894
2024-04-11 11:50:00,1.6856368563685642
2024-04-11 12:00:00,-7.157181571815723
2024-04-11 12:10:00,-4.934959349593502
2024-04-11 12:20:00,-4.157181571815723
2024-04-11 12:30:00,-1.9349593495934982
2024-04-11 12:40:00,-1.0460704607046125
2024-04-11 12:50:00,-0.4905149051490554
2024-04-11 13:00:00,-8.219512195121958
2024-04-11 13:10:00,-6.997289972899736
2024-04-11 13:20:00,-5.6639566395664005
2024-04-11 13:30:00,-4.330623306233065
2024-04-11 13:40:00,-3.1084010840108434
2024-04-11 13:50:00,-2.330623306233065
2024-04-11 14:00:00,-9.831978319783204
2024-04-11 14:10:00,-9.276422764227647
2024-04-11 14:20:00,-8.609756097560975
2024-04-11 14:30:00,-8.054200542005425
2024-04-11 14:40:00,-7.609756097560975
2024-04-11 14:50:00,-6.831978319783204
2024-04-11 15:00:00,-11.73667570009033
2024-04-11 15:10:00,-11.73667570009033
2024-04-11 15:20:00,-11.070009033423666
2024-04-11 15:30:00,-11.070009033423666
2024-04-11 15:40:00,-10.292231255645888
2024-04-11 15:50:00,-10.181120144534773
2024-04-11 16:00:00,-13.22990063233965
2024-04-11 16:10:00,-12.341011743450764
2024-04-11 16:20:00,-11.341011743450764
2024-04-11 16:30:00,-10.22990063233965
2024-04-11 16:40:00,-8.896567299006321
2024-04-11 16:50:00,-7.341011743450764
2024-04-11 17:00:00,-8.233062330623298
2024-04-11 17:10:00,-7.677506775067748
2024-04-11 17:20:00,-6.788617886178855
2024-04-11 17:30:00,-6.677506775067748
2024-04-11 17:40:00,-6.233062330623298
2024-04-11 17:50:00,-5.899728997289969
2024-04-11 18:00:00,-2.4579945799457974
2024-04-11 18:10:00,-2.680216802168026
2024-04-11 18:20:00,-3.5691056910569117
2024-04-11 18:30:00,-4.0135501355013545
2024-04-11 18:40:00,-5.124661246612469
2024-04-11 18:50:00,-8.013550135501355
2024-04-11 19:00:00,1.0076784101174283
2024-04-11 19:10:00,1.341011743450764
2024-04-11 19:20:00,0.341011743450764
2024-04-11 19:30:00,-1.4367660343270146
2024-04-11 19:40:00,-2.8812104787714574
2024-04-11 19:50:00,-4.881210478771457
2024-04-11 20:00:00,6.72357723577236
2024-04-11 20:10:00,3.8346883468834676
2024-04-11 20:20:00,0.39024390243902474
2024-04-11 20:30:00,-4.498644986449861
2024-04-11 20:40:00,-6.720867208672086
2024-04-11 20:50:00,-8.943089430894307
2024-04-11 21:00:00,1.3532068654019902
2024-04-11 21:10:00,-1.4245709123757884
2024-04-11 21:20:00,-3.535682023486899
2024-04-11 21:30:00,-5.535682023486899
2024-04-11 21:40:00,-9.313459801264678
2024-04-11 21:50:00,-12.091237579042456
2024-04-11 22:00:00,-6.846883468834687
2024-04-11 22:10:00,-7.402439024390242
2024-04-11 22:20:00,-8.735772357723576
2024-04-11 22:30:00,-8.291327913279131
2024-04-11 22:40:00,-8.735772357723576
2024-04-11 22:50:00,-8.846883468834687
2024-04-11 23:00:00,-9.024390243902438
2024-04-11 23:10:00,-8.913279132791327
2024-04-11 23:20:00,-8.357723577235772
2024-04-11 23:30:00,-7.691056910569106
2024-04-11 23:40:00,-7.913279132791327
2024-04-11 23:50:00,-7.468834688346883
2024-04-12 00:00:00,-7.201445347786811
2024-04-12 00:10:00,-5.868112014453478
2024-04-12 00:20:00,-4.645889792231255
2024-04-12 00:30:00,-2.757000903342366
2024-04-12 00:40:00,-2.757000903342366
2024-04-12 00:50:00,-2.979223125564589
2024-04-12 01:00:00,-0.3315266485998194
2024-04-12 01:10:00,-0.10930442637759796
2024-04-12 01:20:00,-0.9981933152664855
2024-04-12 01:30:00,-1.8870822041553748
2024-04-12 01:40:00,-2.775971093044264
2024-04-12 01:50:00,-2.9981933152664855
2024-04-12 02:00:00,-1.4214092140921402
2024-04-12 02:10:00,-2.0880758807588062
2024-04-12 02:20:00,-2.1991869918699187
2024-04-12 02:30:00,-3.0880758807588062
2024-04-12 02:40:00,-2.1991869918699187
2024-04-12 02:50:00,-2.0880758807588062
2024-04-12 03:00:00,-1.6779584462511306
2024-04-12 03:10:00,-1.1224028906955752
2024-04-12 03:20:00,-1.6779584462511306
2024-04-12 03:30:00,-1.7890695573622413
2024-04-12 03:40:00,-2.233514001806686
2024-04-12 03:50:00,-1.7890695573622413
2024-04-12 04:00:00,-0.557813911472449
2024-04-12 04:10:00,-0.7800361336946713
2024-04-12 04:20:00,-0.7800361336946713
2024-04-12 04:30:00,-0.7800361336946713
2024-04-12 04:40:00,-1.3355916892502266
2024-04-12 04:50:00,-1.0022583559168936
2024-04-12 05:00:00,-0.5144534778681118
2024-04-12 05:10:00,-0.6255645889792234
2024-04-12 05:20:00,-1.0700090334236672
2024-04-12 05:30:00,-1.0700090334236672
2024-04-12 05:40:00,-1.5144534778681118
2024-04-12 05:50:00,-1.9588979223125564
2024-04-12 06:00:00,-1.5677506775067753
2024-04-12 06:10:00,-1.01219512195122
2024-04-12 06:20:00,-1.2344173441734423
2024-04-12 06:30:00,-0.9010840108401093
2024-04-12 06:40:00,-1.2344173441734423
2024-04-12 06:50:00,-1.5677506775067753
2024-04-12 07:00:00,-1.130081300813008
2024-04-12 07:10:00,-1.4634146341463414
2024-04-12 07:20:00,-1.5745257452574526
2024-04-12 07:30:00,-1.9078590785907856
2024-04-12 07:40:00,-1.6856368563685638
2024-04-12 07:50:00,-2.3523035230352303
2024-04-12 08:00:00,-1.4087624209575433
2024-04-12 08:10:00,-1.8532068654019875
2024-04-12 08:20:00,-2.186540198735321
2024-04-12 08:30:00,-2.186540198735321
2024-04-12 08:40:00,-2.5198735320686545
2024-04-12 08:50:00,-2.297651309846432
2024-04-12 09:00:00,-4.17795844625113
2024-04-12 09:10:00,-3.9557362240289073
2024-04-12 09:20:00,-3.4001806684733515
2024-04-12 09:30:00,-2.733514001806685
2024-04-12 09:40:00,-1.1779584462511297
2024-04-12 09:50:00,0.599819331526648
2024-04-12 10:00:00,-7.790876242095754
2024-04-12 10:10:00,-5.901987353206865
2024-04-12 10:20:00,-4.45754290876242
2024-04-12 10:30:00,-2.9019873532068647
2024-04-12 10:40:00,-1.2353206865401987
2024-04-12 10:50:00,0.875790424570912
2024-04-12 11:00:00,-8.314363143631436
2024-04-12 11:10:00,-6.536585365853657
2024-04-12 11:20:00,-4.758807588075879
2024-04-12 11:30:00,-3.314363143631436
2024-04-12 11:40:00,-1.5365853658536572
2024-04-12 11:50:00,-0.3143631436314358
2024-04-12 12:00:00,-8.490514905149055
2024-04-12 12:10:00,-6.157181571815723
2024-04-12 12:20:00,-5.60162601626017
2024-04-12 12:30:00,-4.157181571815723
2024-04-12 12:40:00,-4.0460704607046125
2024-04-12 12:50:00,-2.6016260162601696
2024-04-12 13:00:00,-10.775067750677515
2024-04-12 13:10:00,-9.6639566395664
2024-04-12 13:20:00,-8.441734417344179
2024-04-12 13:30:00,-6.6639566395664005
2024-04-12 13:40:00,-5.330623306233065
2024-04-12 13:50:00,-4.6639566395664005
2024-04-12 14:00:00,-11.387533875338754
2024-04-12 14:10:00,-9.831978319783204
2024-04-12 14:20:00,-8.387533875338754
2024-04-12 14:30:00,-7.831978319783204
2024-04-12 14:40:00,-5.831978319783204
2024-04-12 14:50:00,-4.498644986449868
2024-04-12 15:00:00,-8.958897922312552
2024-04-12 15:10:00,-7.958897922312552
2024-04-12 15:20:00,-7.625564588979223
2024-04-12 15:30:00,-6.181120144534773
2024-04-12 15:40:00,-5.625564588979223
2024-04-12 15:50:00,-4.736675700090331
2024-04-12 16:00:00,-8.22990063233965
2024-04-12 16:10:00,-7.118789521228543
2024-04-12 16:20:00,-6.22990063233965
2024-04-12 16:30:00,-5.896567299006321
2024-04-12 16:40:00,-5.007678410117428
2024-04-12 16:50:00,-4.22990063233965
2024-04-12 17:00:00,-5.233062330623298
2024-04-12 17:10:00,-5.233062330623298
2024-04-12 17:20:00,-5.0108401084010765
2024-04-12 17:30:00,-5.0108401084010765
2024-04-12 17:40:00,-4.677506775067748
2024-04-12 17:50:00,-4.677506775067748
2024-04-12 18:00:00,-1.791327913279133
2024-04-12 18:10:00,-2.235772357723576
2024-04-12 18:20:00,-4.457994579945797
2024-04-12 18:30:00,-5.457994579945797
2024-04-12 18:40:00,-6.569105691056912
2024-04-12 18:50:00,-8.680216802168026
2024-04-12 19:00:00,-0.3256549232159003
2024-04-12 19:10:00,-2.214543812104793
2024-04-12 19:20:00,-3.4367660343270146
2024-04-12 19:30:00,-5.77009936766035
2024-04-12 19:40:00,-7.77009936766035
2024-04-12 19:50:00,-9.547877145438129
2024-04-12 20:00:00,1.056910569105689
2024-04-12 20:10:00,-2.2764227642276396
2024-04-12 20:20:00,-6.054200542005418
2024-04-12 20:30:00,-8.609756097560975
2024-04-12 20:40:00,-10.943089430894307
2024-04-12 20:50:00,-12.720867208672086
2024-04-12 21:00:00,-3.091237579042456
2024-04-12 21:10:00,-3.869015356820235
2024-04-12 21:20:00,-5.535682023486899
2024-04-12 21:30:00,-7.64679313459801
2024-04-12 21:40:00,-10.757904245709122
2024-04-12 21:50:00,-12.5356820234869
2024-04-12 22:00:00,-8.06910569105691
2024-04-12 22:10:00,-9.291327913279131
2024-04-12 22:20:00,-8.735772357723576
2024-04-12 22:30:00,-9.513550135501355
2024-04-12 22:40:00,-8.957994579945797
2024-04-12 22:50:00,-9.513550135501355
2024-04-12 23:00:00,-9.913279132791327
2024-04-12 23:10:00,-9.913279132791327
2024-04-12 23:20:00,-10.246612466124661
2024-04-12 23:30:00,-9.468834688346883
2024-04-12 23:40:00,-9.357723577235772
2024-04-12 23:50:00,-8.802168021680217
2024-04-13 00:00:00,-8.645889792231255
2024-04-13 00:10:00,-7.979223125564589
2024-04-13 00:20:00,-6.423667570009034
2024-04-13 00:30:00,-5.868112014453478
2024-04-13 00:40:00,-5.868112014453478
2024-04-13 00:50:00,-6.312556458897923
2024-04-13 01:00:00,-4.220415537488709
2024-04-13 01:10:00,-4.331526648599819
2024-04-13 01:20:00,-5.220415537488709
2024-04-13 01:30:00,-5.664859981933153
2024-04-13 01:40:00,-5.664859981933153
2024-04-13 01:50:00,-5.775971093044264
2024-04-13 02:00:00,-3.3102981029810294
2024-04-13 02:10:00,-3.1991869918699187
2024-04-13 02:20:00,-3.3102981029810294
2024-04-13 02:30:00,-3.42140921409214
2024-04-13 02:40:00,-3.865853658536585
2024-04-13 02:50:00,-4.088075880758806
2024-04-13 03:00:00,-1.1224028906955752
2024-04-13 03:10:00,-1.1224028906955752
2024-04-13 03:20:00,-1.233514001806686
2024-04-13 03:30:00,-1.233514001806686
2024-04-13 03:40:00,-1.1224028906955752
2024-04-13 03:50:00,-0.900180668473352
2024-04-13 04:00:00,0.2199638663053296
2024-04-13 04:10:00,0.2199638663053296
2024-04-13 04:20:00,0.10885275519421711
2024-04-13 04:30:00,0.3310749774164403
2024-04-13 04:40:00,-0.0022583559168936063
2024-04-13 04:50:00,-0.11336946702800432
2024-04-13 05:00:00,0.9299909665763328
2024-04-13 05:10:00,0.5966576332429989
2024-04-13 05:20:00,0.5966576332429989
2024-04-13 05:30:00,0.4855465221318882
2024-04-13 05:40:00,-0.18112014453477876
2024-04-13 05:50:00,0.15221318879855428
2024-04-13 06:00:00,0.98780487804878
2024-04-13 06:10:00,0.8766937669376684
2024-04-13 06:20:00,1.321138211382113
2024-04-13 06:30:00,0.98780487804878
2024-04-13 06:40:00,0.8766937669376684
2024-04-13 06:50:00,0.7655826558265577
2024-04-13 07:00:00,1.4254742547425474
2024-04-13 07:10:00,1.4254742547425474
2024-04-13 07:20:00,0.869918699186992
2024-04-13 07:30:00,0.536585365853659
2024-04-13 07:40:00,-0.018970189701897233
2024-04-13 07:50:00,-0.5745257452574526
2024-04-13 08:00:00,-0.2976513098464322
2024-04-13 08:10:00,-0.6309846431797652
2024-04-13 08:20:00,-1.186540198735321
2024-04-13 08:30:00,-1.6309846431797652
2024-04-13 08:40:00,-2.07542908762421
2024-04-13 08:50:00,-2.408762420957543
2024-04-13 09:00:00,-3.9557362240289073
2024-04-13 09:10:00,-3.9557362240289073
2024-04-13 09:20:00,-3.4001806684733515
2024-04-13 09:30:00,-2.4001806684733515
2024-04-13 09:40:00,-1.5112917795844627
2024-04-13 09:50:00,0.3775971093044266
2024-04-13 10:00:00,-7.568654019873532
2024-04-13 10:10:00,-5.568654019873533
2024-04-13 10:20:00,-3.9019873532068647
2024-04-13 10:30:00,-2.9019873532068647
2024-04-13 10:40:00,-0.790876242095754
2024-04-13 10:50:00,0.4313459801264674
2024-04-13 11:00:00,-8.86991869918699
2024-04-13 11:10:00,-7.647696476964768
2024-04-13 11:20:00,-6.092140921409211
2024-04-13 11:30:00,-4.536585365853657
2024-04-13 11:40:00,-2.5365853658536572
2024-04-13 11:50:00,-1.7588075880758787
2024-04-13 12:00:00,-9.157181571815723
2024-04-13 12:10:00,-7.490514905149055
2024-04-13 12:20:00,-5.934959349593502
2024-04-13 12:30:00,-4.157181571815723
2024-04-13 12:40:00,-3.6016260162601696
2024-04-13 12:50:00,-1.823848238482391
2024-04-13 13:00:00,-10.330623306233065
2024-04-13 13:10:00,-8.886178861788622
2024-04-13 13:20:00,-7.330623306233065
2024-04-13 13:30:00,-6.6639566395664005
2024-04-13 13:40:00,-5.775067750677515
2024-04-13 13:50:00,-5.330623306233065
2024-04-13 14:00:00,-13.276422764227647
2024-04-13 14:10:00,-12.387533875338754
2024-04-13 14:20:00,-11.498644986449868
2024-04-13 14:30:00,-10.387533875338754
2024-04-13 14:40:00,-9.276422764227647
2024-04-13 14:50:00,-9.054200542005425
2024-04-13 15:00:00,-13.73667570009033
2024-04-13 15:10:00,-13.292231255645888
2024-04-13 15:20:00,-12.958897922312552
2024-04-13 15:30:00,-11.958897922312552
2024-04-13 15:40:00,-11.181120144534773
2024-04-13 15:50:00,-10.070009033423666
2024-04-13 16:00:00,-12.6743450767841
2024-04-13 16:10:00,-11.563233965672985
2024-04-13 16:20:00,-10.341011743450764
2024-04-13 16:30:00,-8.563233965672985
2024-04-13 16:40:00,-7.22990063233965
2024-04-13 16:50:00,-5.5632339656729854
2024-04-13 17:00:00,-5.788617886178855
2024-04-13 17:10:00,-4.566395663956634
2024-04-13 17:20:00,-3.233062330623298
2024-04-13 17:30:00,-2.3441734417344122
2024-04-13 17:40:00,-1.788617886178855
2024-04-13 17:50:00,-1.8997289972899694
2024-04-13 18:00:00,1.5420054200542026
2024-04-13 18:10:00,1.0975609756097526
2024-04-13 18:20:00,0.6531165311653098
2024-04-13 18:30:00,-0.9024390243902474
2024-04-13 18:40:00,-2.235772357723576
2024-04-13 18:50:00,-3.5691056910569117
2024-04-13 19:00:00,5.118789521228543
2024-04-13 19:10:00,3.6743450767840997
2024-04-13 19:20:00,2.1187895212285426
2024-04-13 19:30:00,0.341011743450764
2024-04-13 19:40:00,-1.9923215898825717
2024-04-13 19:50:00,-3.9923215898825717
2024-04-13 20:00:00,7.168021680216803
2024-04-13 20:10:00,3.8346883468834676
2024-04-13 20:20:00,-0.943089430894311
2024-04-13 20:30:00,-2.2764227642276396
2024-04-13 20:40:00,-4.498644986449861
2024-04-13 20:50:00,-6.4986449864498645
2024-04-13 21:00:00,3.242095754290876
2024-04-13 21:10:00,2.0198735320686545
2024-04-13 21:20:00,0.24209575429087593
2024-04-13 21:30:00,-2.9801264679313455
2024-04-13 21:40:00,-5.757904245709124
2024-04-13 21:50:00,-8.202348690153567
2024-04-13 22:00:00,-3.2913279132791313
2024-04-13 22:10:00,-4.846883468834687
2024-04-13 22:20:00,-5.180216802168021
2024-04-13 22:30:00,-5.846883468834687
2024-04-13 22:40:00,-6.402439024390242
2024-04-13 22:50:00,-6.846883468834687
2024-04-13 23:00:00,-7.468834688346883
2024-04-13 23:10:00,-6.913279132791327
2024-04-13 23:20:00,-7.024390243902438
2024-04-13 23:30:00,-7.357723577235772
2024-04-13 23:40:00,-7.135501355013551
2024-04-13 23:50:00,-7.024390243902438
2024-04-14 00:00:00,-6.5347786811201445
2024-04-14 00:10:00,-4.423667570009034
2024-04-14 00:20:00,-3.312556458897923
2024-04-14 00:30:00,-3.5347786811201445
2024-04-14 00:40:00,-3.312556458897923
2024-04-14 00:50:00,-3.979223125564589
2024-04-14 01:00:00,-1.5537488708220408
2024-04-14 01:10:00,-2.3315266485998194
2024-04-14 01:20:00,-3.2204155374887087
2024-04-14 01:30:00,-3.3315266485998194
2024-04-14 01:40:00,-4.220415537488709
2024-04-14 01:50:00,-4.887082204155375
2024-04-14 02:00:00,-2.1991869918699187
2024-04-14 02:10:00,-3.1991869918699187
2024-04-14 02:20:00,-3.3102981029810294
2024-04-14 02:30:00,-2.9769647696476955
2024-04-14 02:40:00,-3.0880758807588062
2024-04-14 02:50:00,-4.088075880758806
2024-04-14 03:00:00,-1.900180668473352
2024-04-14 03:10:00,-1.900180668473352
2024-04-14 03:20:00,-2.1224028906955743
2024-04-14 03:30:00,-2.6779584462511306
2024-04-14 03:40:00,-2.4557362240289082
2024-04-14 03:50:00,-2.6779584462511306
2024-04-14 04:00:00,-1.3355916892502266
2024-04-14 04:10:00,-1.557813911472449
2024-04-14 04:20:00,-2.1133694670280043
2024-04-14 04:30:00,-2.0022583559168936
2024-04-14 04:40:00,-2.4467028003613374
2024-04-14 04:50:00,-3.0022583559168936
2024-04-14 05:00:00,-1.6255645889792234
2024-04-14 05:10:00,-1.6255645889792234
2024-04-14 05:20:00,-1.5144534778681118
2024-04-14 05:30:00,-1.9588979223125564
2024-04-14 05:40:00,-2.514453477868112
2024-04-14 05:50:00,-2.6255645889792234
2024-04-14 06:00:00,-1.4566395663956646
2024-04-14 06:10:00,-2.1233062330623316
2024-04-14 06:20:00,-1.1233062330623316
2024-04-14 06:30:00,-1.678861788617887
2024-04-14 06:40:00,-1.5677506775067753
2024-04-14 06:50:00,-2.4566395663956646
2024-04-14 07:00:00,-1.9078590785907856
2024-04-14 07:10:00,-2.3523035230352303
2024-04-14 07:20:00,-2.6856368563685638
2024-04-14 07:30:00,-2.796747967479675
2024-04-14 07:40:00,-3.241192411924119
2024-04-14 07:50:00,-3.5745257452574526
2024-04-14 08:00:00,-2.742095754290877
2024-04-14 08:10:00,-2.630984643179765
2024-04-14 08:20:00,-2.630984643179765
2024-04-14 08:30:00,-3.07542908762421
2024-04-14 08:40:00,-2.8532068654019875
2024-04-14 08:50:00,-3.07542908762421
2024-04-14 09:00:00,-4.622402890695573
2024-04-14 09:10:00,-4.17795844625113
2024-04-14 09:20:00,-3.622402890695574
2024-04-14 09:30:00,-2.622402890695574
2024-04-14 09:40:00,-0.8446251129177957
2024-04-14 09:50:00,0.8220415537488703
2024-04-14 10:00:00,-6.679765130984643
2024-04-14 10:10:00,-5.013098464317977
2024-04-14 10:20:00,-3.124209575429088
2024-04-14 10:30:00,-1.5686540198735326
2024-04-14 10:40:00,1.7646793134598013
2024-04-14 10:50:00,2.875790424570912
2024-04-14 11:00:00,-5.9810298102981
2024-04-14 11:10:00,-3.7588075880758787
2024-04-14 11:20:00,-1.3143631436314358
2024-04-14 11:30:00,1.0189701897019
2024-04-14 11:40:00,2.1300813008130106
2024-04-14 11:50:00,3.5745257452574535
2024-04-14 12:00:00,-1.9349593495934982
2024-04-14 12:10:00,-0.9349593495934982
2024-04-14 12:20:00,1.6205962059620518
2024-04-14 12:30:00,2.0650406504065018
2024-04-14 12:40:00,4.176151761517609
2024-04-14 12:50:00,5.842818428184273
2024-04-14 13:00:00,-2.7750677506775148
2024-04-14 13:10:00,-1.2195121951219576
2024-04-14 13:20:00,0.5582655826558209
2024-04-14 13:30:00,2.558265582655821
2024-04-14 13:40:00,3.669376693766935
2024-04-14 13:50:00,4.224932249322485
2024-04-14 14:00:00,-2.0542005420054252
2024-04-14 14:10:00,-0.27642276422764667
2024-04-14 14:20:00,0.7235772357723533
2024-04-14 14:30:00,2.056910569105689
2024-04-14 14:40:00,2.9457994579945748
2024-04-14 14:50:00,3.2791327913279105
2024-04-14 15:00:00,-0.958897922312552
2024-04-14 15:10:00,-0.40334236675699486
2024-04-14 15:20:00,1.041102077687448
2024-04-14 15:30:00,2.8188798554652266
2024-04-14 15:40:00,3.596657633243005
2024-04-14 15:50:00,4.929990966576334
2024-04-14 16:00:00,2.547877145438129
2024-04-14 16:10:00,4.3256549232159
2024-04-14 16:20:00,5.547877145438129
2024-04-14 16:30:00,6.658988256549243
2024-04-14 16:40:00,8.103432700993686
2024-04-14 16:50:00,9.3256549232159
2024-04-14 17:00:00,7.5447154471544735
2024-04-14 17:10:00,7.433604336043359
2024-04-14 17:20:00,7.433604336043359
2024-04-14 17:30:00,7.433604336043359
2024-04-14 17:40:00,7.322493224932259
2024-04-14 17:50:00,6.878048780487816
2024-04-14 18:00:00,9.430894308943088
2024-04-14 18:10:00,7.875338753387531
2024-04-14 18:20:00,7.09756097560976
2024-04-14 18:30:00,5.430894308943088
2024-04-14 18:40:00,2.9864498644986455
2024-04-14 18:50:00,2.875338753387531
2024-04-14 19:00:00,11.452122854561871
2024-04-14 19:10:00,10.563233965672985
2024-04-14 19:20:00,8.896567299006321
2024-04-14 19:30:00,8.118789521228543
2024-04-14 19:40:00,6.785456187895207
2024-04-14 19:50:00,5.6743450767841
2024-04-14 20:00:00,16.50135501355014
2024-04-14 20:10:00,11.390243902439025
2024-04-14 20:20:00,8.72357723577236
2024-04-14 20:30:00,8.168021680216803
2024-04-14 20:40:00,8.056910569105689
2024-04-14 20:50:00,4.056910569105689
2024-04-14 21:00:00,16.019873532068654
2024-04-14 21:10:00,13.019873532068654
2024-04-14 21:20:00,10.242095754290876
2024-04-14 21:30:00,4.130984643179765
2024-04-14 21:40:00,0.019873532068654498
2024-04-14 21:50:00,-3.9801264679313455
2024-04-14 22:00:00,0.37533875338753475
2024-04-14 22:10:00,-0.06910569105690811
2024-04-14 22:20:00,-1.291327913279133
2024-04-14 22:30:00,-0.9579945799457974
2024-04-14 22:40:00,-2.1802168021680206
2024-04-14 22:50:00,-2.8468834688346867
2024-04-14 23:00:00,-2.9132791327913274
2024-04-14 23:10:00,-2.2466124661246614
2024-04-14 23:20:00,-1.1355013550135489
2024-04-14 23:30:00,-2.2466124661246614
2024-04-14 23:40:00,-1.691056910569106
2024-04-14 23:50:00,-1.0243902439024382
2024-04-15 00:00:00,4.020776874435413
2024-04-15 00:10:00,6.909665763324298
2024-04-15 00:20:00,8.020776874435413
2024-04-15 00:30:00,7.687443541102077
2024-04-15 00:40:00,7.020776874435413
2024-04-15 00:50:00,7.131887985546523
2024-04-15 01:00:00,9.112917795844623
2024-04-15 01:10:00,6.890695573622402
2024-04-15 01:20:00,5.446251129177959
2024-04-15 01:30:00,3.3351400180668485
2024-04-15 01:40:00,2.55736224028907
2024-04-15 01:50:00,-0.10930442637759796
2024-04-15 02:00:00,2.3563685636856384
2024-04-15 02:10:00,1.4674796747967491
2024-04-15 02:20:00,0.6897018970189706
2024-04-15 02:30:00,0.6897018970189706
2024-04-15 02:40:00,0.9119241192411938
2024-04-15 02:50:00,0.2452574525745259
2024-04-15 03:00:00,1.9887082204155373
2024-04-15 03:10:00,2.099819331526648
2024-04-15 03:20:00,1.6553748870822034
2024-04-15 03:30:00,0.43315266485998016
2024-04-15 03:40:00,0.09981933152664801
2024-04-15 03:50:00,-0.3446251129177966
2024-04-15 04:00:00,0.6644083107497742
2024-04-15 04:10:00,0.5532971996386618
2024-04-15 04:20:00,0.44218608852755104
2024-04-15 04:30:00,-0.7800361336946713
2024-04-15 04:40:00,-0.557813911472449
2024-04-15 04:50:00,-0.7800361336946713
2024-04-15 05:00:00,-0.07000903342366716
2024-04-15 05:10:00,-0.07000903342366716
2024-04-15 05:20:00,-1.0700090334236672
2024-04-15 05:30:00,-1.0700090334236672
2024-04-15 05:40:00,-0.8477868112014457
2024-04-15 05:50:00,-0.2922312556458895
2024-04-15 06:00:00,0.21002710027100235
2024-04-15 06:10:00,0.5433604336043354
2024-04-15 06:20:00,0.7655826558265577
2024-04-15 06:30:00,0.5433604336043354
2024-04-15 06:40:00,0.21002710027100235
2024-04-15 06:50:00,0.09891598915989075
2024-04-15 07:00:00,0.9810298102981028
2024-04-15 07:10:00,1.536585365853659
2024-04-15 07:20:00,1.9810298102981028
2024-04-15 07:30:00,1.203252032520325
2024-04-15 07:40:00,1.4254742547425474
2024-04-15 07:50:00,0.6476964769647697
2024-04-15 08:00:00,1.3690153568202348
2024-04-15 08:10:00,0.7023486901535678
2024-04-15 08:20:00,0.7023486901535678
2024-04-15 08:30:00,-0.40876242095754334
2024-04-15 08:40:00,0.03568202348690086
2024-04-15 08:50:00,-0.2976513098464322
2024-04-15 09:00:00,-2.177958446251129
2024-04-15 09:10:00,-1.6224028906955739
2024-04-15 09:20:00,-0.733514001806685
2024-04-15 09:30:00,-0.2890695573622404
2024-04-15 09:40:00,1.3775971093044266
2024-04-15 09:50:00,2.8220415537488712
2024-04-15 10:00:00,-4.790876242095754
2024-04-15 10:10:00,-3.0130984643179772
2024-04-15 10:20:00,-1.0130984643179772
2024-04-15 10:30:00,0.9869015356820228
2024-04-15 10:40:00,4.431345980126469
2024-04-15 10:50:00,5.3202348690153585
2024-04-15 11:00:00,-3.314363143631436
2024-04-15 11:10:00,-0.7588075880758787
2024-04-15 11:20:00,0.13008130081301061
2024-04-15 11:30:00,3.796747967479675
2024-04-15 11:40:00,4.463414634146343
2024-04-15 11:50:00,6.241192411924121
2024-04-15 12:00:00,-0.26829268292683395
2024-04-15 12:10:00,1.6205962059620518
2024-04-15 12:20:00,3.731707317073166
2024-04-15 12:30:00,4.509485094850945
2024-04-15 12:40:00,6.620596205962052
2024-04-15 12:50:00,8.287262872628723
2024-04-15 13:00:00,0.6693766937669352
2024-04-15 13:10:00,2.669376693766935
2024-04-15 13:20:00,5.447154471544714
2024-04-15 13:30:00,7.891598915989157
2024-04-15 13:40:00,9.113821138211378
2024-04-15 13:50:00,11.447154471544714
2024-04-15 14:00:00,5.390243902439025
2024-04-15 14:10:00,8.056910569105689
2024-04-15 14:20:00,9.612466124661246
2024-04-15 14:30:00,11.834688346883468
2024-04-15 14:40:00,11.723577235772353
2024-04-15 14:50:00,12.390243902439025
2024-04-15 15:00:00,7.596657633243005
2024-04-15 15:10:00,8.041102077687448
2024-04-15 15:20:00,8.929990966576334
2024-04-15 15:30:00,8.70776874435412
2024-04-15 15:40:00,9.929990966576334
2024-04-15 15:50:00,10.596657633243005
2024-04-15 16:00:00,7.4367660343270146
2024-04-15 16:10:00,8.658988256549243
2024-04-15 16:20:00,9.658988256549243
2024-04-15 16:30:00,11.436766034327015
2024-04-15 16:40:00,13.436766034327015
2024-04-15 16:50:00,14.436766034327015
2024-04-15 17:00:00,14.10027100271003
2024-04-15 17:10:00,16.655826558265588
2024-04-15 17:20:00,17.544715447154474
2024-04-15 17:30:00,19.32249322493226
2024-04-15 17:40:00,20.544715447154474
2024-04-15 17:50:00,20.43360433604336
2024-04-15 18:00:00,22.986449864498645
2024-04-15 18:10:00,21.542005420054203
2024-04-15 18:20:00,20.542005420054203
2024-04-15 18:30:00,19.43089430894309
2024-04-15 18:40:00,17.319783197831974
2024-04-15 18:50:00,18.43089430894309
2024-04-15 19:00:00,26.45212285456187
2024-04-15 19:10:00,25.341011743450757
2024-04-15 19:20:00,23.341011743450757
2024-04-15 19:30:00,23.118789521228543
2024-04-15 19:40:00,22.563233965672985
2024-04-15 19:50:00,21.45212285456187
2024-04-15 20:00:00,28.945799457994575
2024-04-15 20:10:00,22.834688346883468
2024-04-15 20:20:00,23.390243902439025
2024-04-15 20:30:00,20.390243902439025
2024-04-15 20:40:00,19.72357723577236
2024-04-15 20:50:00,15.501355013550139
2024-04-15 21:00:00,28.908762420957547
2024-04-15 21:10:00,26.908762420957547
2024-04-15 21:20:00,21.57542908762421
2024-04-15 21:30:00,15.908762420957547
2024-04-15 21:40:00,10.464317976513097
2024-04-15 21:50:00,5.464317976513101
2024-04-15 22:00:00,9.930894308943092
2024-04-15 22:10:00,9.486449864498645
2024-04-15 22:20:00,8.486449864498645
2024-04-15 22:30:00,8.819783197831981
2024-04-15 22:40:00,7.153116531165313
2024-04-15 22:50:00,7.4864498644986455
2024-04-15 23:00:00,8.864498644986451
2024-04-15 23:10:00,10.420054200542005
2024-04-15 23:20:00,11.197831978319783
2024-04-15 23:30:00,11.531165311653115
2024-04-15 23:40:00,12.420054200542005
2024-04-15 23:50:00,14.086720867208673
2024-04-16 00:00:00,24.57633242999097
2024-04-16 00:10:00,29.020776874435413
2024-04-16 00:20:00,27.465221318879856
2024-04-16 00:30:00,30.242999096657634
2024-04-16 00:40:00,27.9096657633243
2024-04-16 00:50:00,28.13188798554652
2024-04-16 01:00:00,29.112917795844623
2024-04-16 01:10:00,26.224028906955738
2024-04-16 01:20:00,23.66847335140018
2024-04-16 01:30:00,22.335140018066845
2024-04-16 01:40:00,19.779584462511295
2024-04-16 01:50:00,16.66847335140018
2024-04-16 02:00:00,18.911924119241192
2024-04-16 02:10:00,17.134146341463417
2024-04-16 02:20:00,15.57859078590786
2024-04-16 02:30:00,15.911924119241192
2024-04-16 02:40:00,14.911924119241192
2024-04-16 02:50:00,13.134146341463417
2024-04-16 03:00:00,15.210930442637759
2024-04-16 03:10:00,15.43315266485998
2024-04-16 03:20:00,12.766485998193316
2024-04-16 03:30:00,13.43315266485998
2024-04-16 03:40:00,12.32204155374887
2024-04-16 03:50:00,11.099819331526648
2024-04-16 04:00:00,13.219963866305328
2024-04-16 04:10:00,12.108852755194217
2024-04-16 04:20:00,13.553297199638664
2024-04-16 04:30:00,12.664408310749774
2024-04-16 04:40:00,12.442186088527553
2024-04-16 04:50:00,11.997741644083106
2024-04-16 05:00:00,12.263324299909666
2024-04-16 05:10:00,12.374435411020777
2024-04-16 05:20:00,11.707768744354112
2024-04-16 05:30:00,10.263324299909666
2024-04-16 05:40:00,10.041102077687444
2024-04-16 05:50:00,10.041102077687444
2024-04-16 06:00:00,10.432249322493226
2024-04-16 06:10:00,9.98780487804878
2024-04-16 06:20:00,9.654471544715447
2024-04-16 06:30:00,9.432249322493224
2024-04-16 06:40:00,9.098915989159892
2024-04-16 06:50:00,7.876693766937668
2024-04-16 07:00:00,8.314363143631436
2024-04-16 07:10:00,7.7588075880758804
2024-04-16 07:20:00,7.536585365853659
2024-04-16 07:30:00,6.314363143631436
2024-04-16 07:40:00,5.7588075880758804
2024-04-16 07:50:00,4.7588075880758804
2024-04-16 08:00:00,5.257904245709124
2024-04-16 08:10:00,4.702348690153569
2024-04-16 08:20:00,4.035682023486901
2024-04-16 08:30:00,3.369015356820235
2024-04-16 08:40:00,3.035682023486901
2024-04-16 08:50:00,3.4801264679313455
2024-04-16 09:00:00,2.0442637759710927
2024-04-16 09:10:00,2.7109304426377587
2024-04-16 09:20:00,3.266485998193316
2024-04-16 09:30:00,4.266485998193316
2024-04-16 09:40:00,6.488708220415537
2024-04-16 09:50:00,9.266485998193316
2024-04-16 10:00:00,2.209123757904244
2024-04-16 10:10:00,5.653568202348691
2024-04-16 10:20:00,7.875790424570912
2024-04-16 10:30:00,12.986901535682023
2024-04-16 10:40:00,15.209123757904244
2024-04-16 10:50:00,17.7646793134598
2024-04-16 11:00:00,10.463414634146346
2024-04-16 11:10:00,13.463414634146346
2024-04-16 11:20:00,16.352303523035232
2024-04-16 11:30:00,19.463414634146346
2024-04-16 11:40:00,20.13008130081301
2024-04-16 11:50:00,22.796747967479675
2024-04-16 12:00:00,14.620596205962052
2024-04-16 12:10:00,17.0650406504065
2024-04-16 12:20:00,18.0650406504065
2024-04-16 12:30:00,19.287262872628723
2024-04-16 12:40:00,20.287262872628723
2024-04-16 12:50:00,21.39837398373983
2024-04-16 13:00:00,12.669376693766935
2024-04-16 13:10:00,13.669376693766935
2024-04-16 13:20:00,15.113821138211378
2024-04-16 13:30:00,16.224932249322485
2024-04-16 13:40:00,16.669376693766935
2024-04-16 13:50:00,18.3360433604336
2024-04-16 14:00:00,12.168021680216796
2024-04-16 14:10:00,13.945799457994582
2024-04-16 14:20:00,15.945799457994582
2024-04-16 14:30:00,17.50135501355014
2024-04-16 14:40:00,18.27913279132791
2024-04-16 14:50:00,18.27913279132791
2024-04-16 15:00:00,14.374435411020777
2024-04-16 15:10:00,15.929990966576334
2024-04-16 15:20:00,17.596657633243005
2024-04-16 15:30:00,18.70776874435412
2024-04-16 15:40:00,19.374435411020777
2024-04-16 15:50:00,20.929990966576334
2024-04-16 16:00:00,18.103432700993686
2024-04-16 16:10:00,18.99232158988257
2024-04-16 16:20:00,20.54787714543813
2024-04-16 16:30:00,22.3256549232159
2024-04-16 16:40:00,22.99232158988257
2024-04-16 16:50:00,22.3256549232159
2024-04-16 17:00:00,21.43360433604336
2024-04-16 17:10:00,20.544715447154474
2024-04-16 17:20:00,19.211382113821145
2024-04-16 17:30:00,20.544715447154474
2024-04-16 17:40:00,19.544715447154474
2024-04-16 17:50:00,18.655826558265588
2024-04-16 18:00:00,20.764227642276417
2024-04-16 18:10:00,18.986449864498645
2024-04-16 18:20:00,18.542005420054203
2024-04-16 18:30:00,17.542005420054203
2024-04-16 18:40:00,17.43089430894309
2024-04-16 18:50:00,17.319783197831974
2024-04-16 19:00:00,25.6743450767841
2024-04-16 19:10:00,25.118789521228543
2024-04-16 19:20:00,25.00767841011743
2024-04-16 19:30:00,25.229900632339657
2024-04-16 19:40:00,25.00767841011743
2024-04-16 19:50:00,23.229900632339657
2024-04-16 20:00:00,32.39024390243903
2024-04-16 20:10:00,28.05691056910569
2024-04-16 20:20:00,28.05691056910569
2024-04-16 20:30:00,26.612466124661246
2024-04-16 20:40:00,26.279132791327918
2024-04-16 20:50:00,25.279132791327918
2024-04-16 21:00:00,35.79765130984643
2024-04-16 21:10:00,33.79765130984643
2024-04-16 21:20:00,28.35320686540199
2024-04-16 21:30:00,23.019873532068654
2024-04-16 21:40:00,20.13098464317977
2024-04-16 21:50:00,18.13098464317977
2024-04-16 22:00:00,21.59756097560976
2024-04-16 22:10:00,20.708672086720867
2024-04-16 22:20:00,19.486449864498645
2024-04-16 22:30:00,18.708672086720867
2024-04-16 22:40:00,16.264227642276424
2024-04-16 22:50:00,15.708672086720867
2024-04-16 23:00:00,14.086720867208673
2024-04-16 23:10:00,13.975609756097562
2024-04-16 23:20:00,12.531165311653115
2024-04-16 23:30:00,11.75338753387534
2024-04-16 23:40:00,13.086720867208673
2024-04-16 23:50:00,14.531165311653119
2024-04-17 00:00:00,8.576332429990966
2024-04-17 00:10:00,9.242999096657634
2024-04-17 00:20:00,8.465221318879856
2024-04-17 00:30:00,7.4652213188798555
2024-04-17 00:40:00,7.354110207768745
2024-04-17 00:50:00,7.020776874435413
2024-04-17 01:00:00,7.668473351400181
2024-04-17 01:10:00,7.001806684733513
2024-04-17 01:20:00,6.224028906955738
2024-04-17 01:30:00,6.224028906955738
2024-04-17 01:40:00,5.55736224028907
2024-04-17 01:50:00,4.668473351400181
2024-04-17 02:00:00,7.356368563685638
2024-04-17 02:10:00,6.467479674796749
2024-04-17 02:20:00,5.6897018970189706
2024-04-17 02:30:00,5.134146341463417
2024-04-17 02:40:00,3.8008130081300813
2024-04-17 02:50:00,2.9119241192411938
2024-04-17 03:00:00,5.099819331526648
2024-04-17 03:10:00,3.5442637759710927
2024-04-17 03:20:00,2.5442637759710927
2024-04-17 03:30:00,1.9887082204155373
2024-04-17 03:40:00,0.6553748870822034
2024-04-17 03:50:00,0.09981933152664801
2024-04-17 04:00:00,1.775519421860885
2024-04-17 04:10:00,1.6644083107497742
2024-04-17 04:20:00,0.8866305329719957
2024-04-17 04:30:00,0.6644083107497742
2024-04-17 04:40:00,-0.0022583559168936063
2024-04-17 04:50:00,-0.22448057813911504
2024-04-17 05:00:00,0.7077687443541105
2024-04-17 05:10:00,0.15221318879855428
2024-04-17 05:20:00,0.04110207768744356
2024-04-17 05:30:00,-0.18112014453477876
2024-04-17 05:40:00,0.15221318879855428
2024-04-17 05:50:00,0.04110207768744356
2024-04-17 06:00:00,0.7655826558265577
2024-04-17 06:10:00,0.8766937669376684
2024-04-17 06:20:00,0.654471544715447
2024-04-17 06:30:00,0.32113821138211307
2024-04-17 06:40:00,0.21002710027100235
2024-04-17 06:50:00,0.654471544715447
2024-04-17 07:00:00,1.3143631436314367
2024-04-17 07:10:00,1.0921409214092144
2024-04-17 07:20:00,1.0921409214092144
2024-04-17 07:30:00,0.7588075880758804
2024-04-17 07:40:00,0.6476964769647697
2024-04-17 07:50:00,0.3143631436314367
2024-04-17 08:00:00,1.1467931345980125
2024-04-17 08:10:00,0.5912375790424571
2024-04-17 08:20:00,0.03568202348690086
2024-04-17 08:30:00,0.03568202348690086
2024-04-17 08:40:00,-0.2976513098464322
2024-04-17 08:50:00,-0.18654019873532102
2024-04-17 09:00:00,-1.2890695573622404
2024-04-17 09:10:00,-0.9557362240289073
2024-04-17 09:20:00,-0.17795844625112966
2024-04-17 09:30:00,1.0442637759710927
2024-04-17 09:40:00,2.266485998193315
2024-04-17 09:50:00,4.266485998193316
2024-04-17 10:00:00,-3.6797651309846433
2024-04-17 10:10:00,-1.3464317976513094
2024-04-17 10:20:00,1.4313459801264692
2024-04-17 10:30:00,3.9869015356820228
2024-04-17 10:40:00,5.3202348690153585
2024-04-17 10:50:00,6.986901535682023
2024-04-17 11:00:00,-1.0921409214092108
2024-04-17 11:10:00,0.6856368563685642
2024-04-17 11:20:00,3.1300813008130106
2024-04-17 11:30:00,4.685636856368564
2024-04-17 11:40:00,6.241192411924121
2024-04-17 11:50:00,8.463414634146346
2024-04-17 12:00:00,0.9539295392953875
2024-04-17 12:10:00,3.0650406504065018
2024-04-17 12:20:00,5.842818428184273
2024-04-17 12:30:00,8.065040650406502
2024-04-17 12:40:00,10.287262872628723
2024-04-17 12:50:00,12.842818428184273
2024-04-17 13:00:00,5.558265582655821
2024-04-17 13:10:00,8.3360433604336
2024-04-17 13:20:00,10.447154471544714
2024-04-17 13:30:00,12.447154471544714
2024-04-17 13:40:00,14.669376693766935
2024-04-17 13:50:00,16.780487804878042
2024-04-17 14:00:00,10.834688346883468
2024-04-17 14:10:00,13.27913279132791
2024-04-17 14:20:00,15.27913279132791
2024-04-17 14:30:00,16.61246612466124
2024-04-17 14:40:00,17.390243902439025
2024-04-17 14:50:00,18.27913279132791
2024-04-17 15:00:00,14.041102077687448
2024-04-17 15:10:00,15.263324299909662
2024-04-17 15:20:00,16.263324299909662
2024-04-17 15:30:00,16.81887985546522
2024-04-17 15:40:00,17.374435411020777
2024-04-17 15:50:00,18.48554652213189
2024-04-17 16:00:00,14.881210478771457
2024-04-17 16:10:00,15.992321589882572
2024-04-17 16:20:00,17.103432700993686
2024-04-17 16:30:00,17.54787714543813
2024-04-17 16:40:00,17.99232158988257
2024-04-17 16:50:00,18.3256549232159
2024-04-17 17:00:00,17.10027100271003
2024-04-17 17:10:00,16.989159891598916
2024-04-17 17:20:00,16.989159891598916
2024-04-17 17:30:00,17.32249322493226
2024-04-17 17:40:00,16.878048780487816
2024-04-17 17:50:00,16.32249322493226
2024-04-17 18:00:00,19.09756097560976
2024-04-17 18:10:00,18.20867208672086
2024-04-17 18:20:00,17.653116531165317
2024-04-17 18:30:00,16.542005420054203
2024-04-17 18:40:00,16.542005420054203
2024-04-17 18:50:00,14.542005420054203
2024-04-17 19:00:00,22.785456187895214
2024-04-17 19:10:00,20.341011743450757
2024-04-17 19:20:00,18.341011743450757
2024-04-17 19:30:00,16.45212285456187
2024-04-17 19:40:00,14.341011743450757
2024-04-17 19:50:00,10.896567299006321
2024-04-17 20:00:00,19.50135501355014
2024-04-17 20:10:00,16.50135501355014
2024-04-17 20:20:00,13.390243902439025
2024-04-17 20:30:00,10.945799457994582
2024-04-17 20:40:00,7.501355013550139
2024-04-17 20:50:00,5.945799457994582
2024-04-17 21:00:00,15.908762420957547
2024-04-17 21:10:00,12.575429087624212
2024-04-17 21:20:00,7.908762420957547
2024-04-17 21:30:00,5.130984643179765
2024-04-17 21:40:00,1.242095754290876
2024-04-17 21:50:00,-0.20234869015356693
2024-04-17 22:00:00,4.708672086720867
2024-04-17 22:10:00,2.819783197831981
2024-04-17 22:20:00,0.9308943089430919
2024-04-17 22:30:00,-0.2913279132791331
2024-04-17 22:40:00,-0.5135501355013545
2024-04-17 22:50:00,-0.5135501355013545
2024-04-17 23:00:00,-0.2466124661246596
2024-04-17 23:10:00,0.308943089430894
2024-04-17 23:20:00,-1.2466124661246596
2024-04-17 23:30:00,-1.2466124661246596
2024-04-17 23:40:00,0.6422764227642261
2024-04-17 23:50:00,2.864498644986451
2024-04-18 00:00:00,14.242999096657634
2024-04-18 00:10:00,16.242999096657634
2024-04-18 00:20:00,16.687443541102077
2024-04-18 00:30:00,14.354110207768745
2024-04-18 00:40:00,15.13188798554652
2024-04-18 00:50:00,14.687443541102077
2024-04-18 01:00:00,15.66847335140018
2024-04-18 01:10:00,14.66847335140018
2024-04-18 01:20:00,14.335140018066848
2024-04-18 01:30:00,13.890695573622402
2024-04-18 01:40:00,12.335140018066848
2024-04-18 01:50:00,10.66847335140018
2024-04-18 02:00:00,12.800813008130081
2024-04-18 02:10:00,11.46747967479675
2024-04-18 02:20:00,11.245257452574528
2024-04-18 02:30:00,10.800813008130081
2024-04-18 02:40:00,10.023035230352303
2024-04-18 02:50:00,9.800813008130081
2024-04-18 03:00:00,11.099819331526648
2024-04-18 03:10:00,9.766485998193316
2024-04-18 03:20:00,9.32204155374887
2024-04-18 03:30:00,8.877597109304427
2024-04-18 03:40:00,7.655374887082202
2024-04-18 03:50:00,7.3220415537488694
2024-04-18 04:00:00,9.219963866305328
2024-04-18 04:10:00,9.442186088527553
2024-04-18 04:20:00,8.775519421860885
2024-04-18 04:30:00,8.997741644083106
2024-04-18 04:40:00,8.997741644083106
2024-04-18 04:50:00,8.997741644083106
2024-04-18 05:00:00,10.152213188798555
2024-04-18 05:10:00,8.929990966576334
2024-04-18 05:20:00,8.818879855465223
2024-04-18 05:30:00,8.263324299909666
2024-04-18 05:40:00,7.818879855465222
2024-04-18 05:50:00,7.485546522131888
2024-04-18 06:00:00,7.098915989159892
2024-04-18 06:10:00,6.654471544715447
2024-04-18 06:20:00,6.210027100271002
2024-04-18 06:30:00,6.098915989159892
2024-04-18 06:40:00,6.321138211382113
2024-04-18 06:50:00,5.987804878048779
2024-04-18 07:00:00,7.64769647696477
2024-04-18 07:10:00,8.536585365853659
2024-04-18 07:20:00,6.869918699186991
2024-04-18 07:30:00,7.203252032520325
2024-04-18 07:40:00,7.203252032520325
2024-04-18 07:50:00,6.314363143631436
2024-04-18 08:00:00,7.4801264679313455
2024-04-18 08:10:00,7.369015356820235
2024-04-18 08:20:00,6.035682023486901
2024-04-18 08:30:00,5.702348690153569
2024-04-18 08:40:00,5.4801264679313455
2024-04-18 08:50:00,5.92457091237579
2024-04-18 09:00:00,4.377597109304427
2024-04-18 09:10:00,4.933152664859982
2024-04-18 09:20:00,4.822041553748871
2024-04-18 09:30:00,5.933152664859982
2024-04-18 09:40:00,7.266485998193316
2024-04-18 09:50:00,9.155374887082203
2024-04-18 10:00:00,1.7646793134598013
2024-04-18 10:10:00,4.209123757904244
2024-04-18 10:20:00,7.986901535682023
2024-04-18 10:30:00,9.65356820234869
2024-04-18 10:40:00,12.098012646793133
2024-04-18 10:50:00,14.875790424570912
2024-04-18 11:00:00,7.463414634146346
2024-04-18 11:10:00,9.685636856368568
2024-04-18 11:20:00,13.463414634146346
2024-04-18 11:30:00,15.241192411924118
2024-04-18 11:40:00,17.796747967479675
2024-04-18 11:50:00,20.13008130081301
2024-04-18 12:00:00,12.176151761517609
2024-04-18 12:10:00,15.065040650406502
2024-04-18 12:20:00,16.509485094850945
2024-04-18 12:30:00,18.953929539295387
2024-04-18 12:40:00,21.17615176151761
2024-04-18 12:50:00,22.731707317073166
2024-04-18 13:00:00,15.224932249322485
2024-04-18 13:10:00,17.669376693766935
2024-04-18 13:20:00,20.891598915989157
2024-04-18 13:30:00,21.3360433604336
2024-04-18 13:40:00,23.224932249322485
2024-04-18 13:50:00,25.447154471544714
2024-04-18 14:00:00,19.27913279132791
2024-04-18 14:10:00,21.056910569105682
2024-04-18 14:20:00,23.50135501355014
2024-04-18 14:30:00,22.390243902439025
2024-04-18 14:40:00,20.945799457994582
2024-04-18 14:50:00,20.834688346883468
2024-04-18 15:00:00,17.48554652213189
2024-04-18 15:10:00,18.70776874435412
2024-04-18 15:20:00,19.374435411020777
2024-04-18 15:30:00,20.152213188798562
2024-04-18 15:40:00,20.929990966576334
2024-04-18 15:50:00,21.374435411020777
2024-04-18 16:00:00,18.103432700993686
2024-04-18 16:10:00,19.881210478771457
2024-04-18 16:20:00,21.103432700993686
2024-04-18 16:30:00,22.54787714543813
2024-04-18 16:40:00,21.770099367660343
2024-04-18 16:50:00,23.881210478771457
2024-04-18 17:00:00,22.655826558265588
2024-04-18 17:10:00,22.211382113821145
2024-04-18 17:20:00,23.544715447154474
2024-04-18 17:30:00,22.878048780487816
2024-04-18 17:40:00,22.878048780487816
2024-04-18 17:50:00,21.989159891598916
2024-04-18 18:00:00,23.542005420054203
2024-04-18 18:10:00,22.20867208672086
2024-04-18 18:20:00,20.20867208672086
2024-04-18 18:30:00,18.43089430894309
2024-04-18 18:40:00,17.20867208672086
2024-04-18 18:50:00,15.542005420054203
2024-04-18 19:00:00,22.563233965672985
2024-04-18 19:10:00,20.118789521228543
2024-04-18 19:20:00,17.896567299006314
2024-04-18 19:30:00,15.896567299006314
2024-04-18 19:40:00,12.563233965672985
2024-04-18 19:50:00,8.007678410117428
2024-04-18 20:00:00,15.390243902439025
2024-04-18 20:10:00,13.72357723577236
2024-04-18 20:20:00,10.834688346883468
2024-04-18 20:30:00,8.056910569105689
2024-04-18 20:40:00,4.390243902439025
2024-04-18 20:50:00,2.501355013550139
2024-04-18 21:00:00,13.242095754290876
2024-04-18 21:10:00,8.686540198735319
2024-04-18 21:20:00,4.0198735320686545
2024-04-18 21:30:00,0.4643179765131009
2024-04-18 21:40:00,-0.42457091237578837
2024-04-18 21:50:00,-1.6467931345980098
2024-04-18 22:00:00,5.042005420054203
2024-04-18 22:10:00,3.597560975609756
2024-04-18 22:20:00,3.4864498644986455
2024-04-18 22:30:00,2.930894308943092
2024-04-18 22:40:00,3.708672086720867
2024-04-18 22:50:00,5.042005420054203
2024-04-18 23:00:00,6.531165311653115
2024-04-18 23:10:00,6.420054200542005
2024-04-18 23:20:00,7.420054200542005
2024-04-18 23:30:00,7.975609756097562
2024-04-18 23:40:00,9.75338753387534
2024-04-18 23:50:00,14.308943089430898
2024-04-19 00:00:00,10.242999096657634
2024-04-19 00:10:00,9.131887985546523
2024-04-19 00:20:00,9.354110207768745
2024-04-19 00:30:00,9.020776874435413
2024-04-19 00:40:00,8.354110207768745
2024-04-19 00:50:00,7.354110207768745
2024-04-19 01:00:00,9.779584462511291
2024-04-19 01:10:00,8.890695573622402
2024-04-19 01:20:00,9.335140018066848
2024-04-19 01:30:00,7.890695573622402
2024-04-19 01:40:00,7.224028906955738
2024-04-19 01:50:00,6.55736224028907
2024-04-19 02:00:00,8.68970189701897
2024-04-19 02:10:00,8.57859078590786
2024-04-19 02:20:00,8.356368563685638
2024-04-19 02:30:00,6.245257452574528
2024-04-19 02:40:00,4.800813008130081
2024-04-19 02:50:00,3.911924119241192
2024-04-19 03:00:00,5.544263775971093
2024-04-19 03:10:00,3.766485998193314
2024-04-19 03:20:00,3.766485998193314
2024-04-19 03:30:00,2.3220415537488694
2024-04-19 03:40:00,1.5442637759710927
2024-04-19 03:50:00,0.5442637759710927
2024-04-19 04:00:00,1.9977416440831064
2024-04-19 04:10:00,1.775519421860885
2024-04-19 04:20:00,0.775519421860885
2024-04-19 04:30:00,0.9977416440831064
2024-04-19 04:40:00,0.775519421860885
2024-04-19 04:50:00,0.775519421860885
2024-04-19 05:00:00,1.596657633242999
2024-04-19 05:10:00,1.3744354110207775
2024-04-19 05:20:00,1.596657633242999
2024-04-19 05:30:00,1.9299909665763328
2024-04-19 05:40:00,1.263324299909665
2024-04-19 05:50:00,1.0411020776874436
2024-04-19 06:00:00,1.7655826558265577
2024-04-19 06:10:00,1.4322493224932247
2024-04-19 06:20:00,0.98780487804878
2024-04-19 06:30:00,1.2100271002710024
2024-04-19 06:40:00,1.321138211382113
2024-04-19 06:50:00,1.5433604336043354
2024-04-19 07:00:00,2.3143631436314367
2024-04-19 07:10:00,2.869918699186991
2024-04-19 07:20:00,2.4254742547425474
2024-04-19 07:30:00,2.536585365853659
2024-04-19 07:40:00,2.3143631436314367
2024-04-19 07:50:00,1.536585365853659
2024-04-19 08:00:00,2.591237579042457
2024-04-19 08:10:00,2.1467931345980125
2024-04-19 08:20:00,1.9245709123757901
2024-04-19 08:30:00,1.591237579042457
2024-04-19 08:40:00,1.3690153568202348
2024-04-19 08:50:00,2.257904245709123
2024-04-19 09:00:00,0.7109304426377596
2024-04-19 09:10:00,1.0442637759710927
2024-04-19 09:20:00,1.3775971093044266
2024-04-19 09:30:00,2.266485998193315
2024-04-19 09:40:00,4.377597109304427
2024-04-19 09:50:00,6.822041553748871
2024-04-19 10:00:00,0.4313459801264674
2024-04-19 10:10:00,3.6535682023486906
2024-04-19 10:20:00,8.764679313459801
2024-04-19 10:30:00,11.098012646793133
2024-04-19 10:40:00,14.320234869015358
2024-04-19 10:50:00,16.875790424570916
2024-04-19 11:00:00,8.796747967479675
2024-04-19 11:10:00,11.352303523035232
2024-04-19 11:20:00,12.90785907859079
2024-04-19 11:30:00,14.241192411924118
2024-04-19 11:40:00,15.352303523035232
2024-04-19 11:50:00,16.241192411924118
2024-04-19 12:00:00,7.842818428184273
2024-04-19 12:10:00,8.620596205962052
2024-04-19 12:20:00,10.620596205962052
2024-04-19 12:30:00,12.953929539295387
2024-04-19 12:40:00,14.953929539295387
2024-04-19 12:50:00,16.509485094850945
2024-04-19 13:00:00,9.558265582655821
2024-04-19 13:10:00,12.669376693766935
2024-04-19 13:20:00,14.780487804878042
2024-04-19 13:30:00,16.002710027100264
2024-04-19 13:40:00,18.669376693766935
2024-04-19 13:50:00,21.780487804878042
2024-04-19 14:00:00,16.168021680216796
2024-04-19 14:10:00,19.27913279132791
2024-04-19 14:20:00,21.723577235772353
2024-04-19 14:30:00,23.27913279132791
2024-04-19 14:40:00,24.50135501355014
2024-04-19 14:50:00,24.945799457994582
2024-04-19 15:00:00,21.70776874435412
2024-04-19 15:10:00,21.70776874435412
2024-04-19 15:20:00,22.596657633243005
2024-04-19 15:30:00,22.81887985546522
2024-04-19 15:40:00,23.929990966576334
2024-04-19 15:50:00,25.70776874435412
2024-04-19 16:00:00,22.658988256549243
2024-04-19 16:10:00,23.658988256549243
2024-04-19 16:20:00,24.658988256549243
2024-04-19 16:30:00,25.436766034327015
2024-04-19 16:40:00,25.436766034327015
2024-04-19 16:50:00,25.99232158988257
2024-04-19 17:00:00,23.766937669376702
2024-04-19 17:10:00,23.43360433604336
2024-04-19 17:20:00,24.878048780487816
2024-04-19 17:30:00,24.211382113821145
2024-04-19 17:40:00,23.655826558265588
2024-04-19 17:50:00,22.655826558265588
2024-04-19 18:00:00,25.764227642276417
2024-04-19 18:10:00,25.542005420054203
2024-04-19 18:20:00,23.87533875338753
2024-04-19 18:30:00,24.20867208672086
2024-04-19 18:40:00,23.653116531165317
2024-04-19 18:50:00,23.43089430894309
2024-04-19 19:00:00,32.563233965672985
2024-04-19 19:10:00,32.11878952122854
2024-04-19 19:20:00,31.6743450767841
2024-04-19 19:30:00,31.45212285456187
2024-04-19 19:40:00,30.00767841011743
2024-04-19 19:50:00,26.896567299006314
2024-04-19 20:00:00,38.27913279132792
2024-04-19 20:10:00,35.945799457994575
2024-04-19 20:20:00,34.1680216802168
2024-04-19 20:30:00,31.72357723577236
2024-04-19 20:40:00,29.945799457994575
2024-04-19 20:50:00,27.390243902439032
2024-04-19 21:00:00,36.4643179765131
2024-04-19 21:10:00,31.242095754290876
2024-04-19 21:20:00,27.464317976513097
2024-04-19 21:30:00,24.019873532068654
2024-04-19 21:40:00,21.908762420957547
2024-04-19 21:50:00,20.908762420957547
2024-04-19 22:00:00,25.37533875338754
2024-04-19 22:10:00,24.042005420054203
2024-04-19 22:20:00,20.59756097560976
2024-04-19 22:30:00,18.264227642276424
2024-04-19 22:40:00,16.15311653116531
2024-04-19 22:50:00,15.264227642276424
2024-04-19 23:00:00,14.086720867208673
2024-04-19 23:10:00,12.75338753387534
2024-04-19 23:20:00,11.420054200542005
2024-04-19 23:30:00,11.197831978319783
2024-04-19 23:40:00,13.864498644986451
2024-04-19 23:50:00,14.420054200542005
2024-04-20 00:00:00,15.57633242999097
2024-04-20 00:10:00,13.798554652213188
2024-04-20 00:20:00,11.576332429990966
2024-04-20 00:30:00,10.798554652213188
2024-04-20 00:40:00,9.465221318879856
2024-04-20 00:50:00,8.798554652213188
2024-04-20 01:00:00,10.44625112917796
2024-04-20 01:10:00,10.001806684733513
2024-04-20 01:20:00,9.55736224028907
2024-04-20 01:30:00,8.66847335140018
2024-04-20 01:40:00,8.55736224028907
2024-04-20 01:50:00,8.112917795844623
2024-04-20 02:00:00,10.356368563685638
2024-04-20 02:10:00,10.023035230352303
2024-04-20 02:20:00,9.46747967479675
2024-04-20 02:30:00,8.356368563685638
2024-04-20 02:40:00,7.57859078590786
2024-04-20 02:50:00,7.134146341463417
2024-04-20 03:00:00,8.766485998193316
2024-04-20 03:10:00,7.988708220415537
2024-04-20 03:20:00,7.099819331526648
2024-04-20 03:30:00,5.988708220415537
2024-04-20 03:40:00,5.099819331526648
2024-04-20 03:50:00,4.544263775971093
2024-04-20 04:00:00,6.33107497741644
2024-04-20 04:10:00,5.553297199638662
2024-04-20 04:20:00,5.108852755194217
2024-04-20 04:30:00,4.442186088527551
2024-04-20 04:40:00,3.5532971996386618
2024-04-20 04:50:00,3.6644083107497742
2024-04-20 05:00:00,4.3744354110207775
2024-04-20 05:10:00,3.3744354110207775
2024-04-20 05:20:00,3.596657633242999
2024-04-20 05:30:00,3.7077687443541096
2024-04-20 05:40:00,3.485546522131888
2024-04-20 05:50:00,3.596657633242999
2024-04-20 06:00:00,4.210027100271002
2024-04-20 06:10:00,3.987804878048779
2024-04-20 06:20:00,3.432249322493224
2024-04-20 06:30:00,2.8766937669376684
2024-04-20 06:40:00,2.432249322493224
2024-04-20 06:50:00,1.654471544715447
2024-04-20 07:00:00,2.0921409214092144
2024-04-20 07:10:00,1.536585365853659
2024-04-20 07:20:00,0.7588075880758804
2024-04-20 07:30:00,0.3143631436314367
2024-04-20 07:40:00,-0.13008130081300795
2024-04-20 07:50:00,-0.6856368563685633
2024-04-20 08:00:00,0.2579042457091232
2024-04-20 08:10:00,0.14679313459801246
2024-04-20 08:20:00,-0.07542908762420986
2024-04-20 08:30:00,-0.18654019873532102
2024-04-20 08:40:00,-0.18654019873532102
2024-04-20 08:50:00,0.03568202348690086
2024-04-20 09:00:00,-1.5112917795844627
2024-04-20 09:10:00,-1.5112917795844627
2024-04-20 09:20:00,-0.6224028906955734
2024-04-20 09:30:00,0.3775971093044266
2024-04-20 09:40:00,2.1553748870822043
2024-04-20 09:50:00,4.266485998193316
2024-04-20 10:00:00,-3.124209575429088
2024-04-20 10:10:00,-0.3464317976513094
2024-04-20 10:20:00,2.9869015356820228
2024-04-20 10:30:00,4.653568202348691
2024-04-20 10:40:00,7.0980126467931335
2024-04-20 10:50:00,9.764679313459801
2024-04-20 11:00:00,1.5745257452574535
2024-04-20 11:10:00,4.796747967479675
2024-04-20 11:20:00,5.907859078590789
2024-04-20 11:30:00,7.907859078590789
2024-04-20 11:40:00,9.241192411924118
2024-04-20 11:50:00,10.574525745257453
2024-04-20 12:00:00,3.5094850948509446
2024-04-20 12:10:00,4.842818428184273
2024-04-20 12:20:00,6.842818428184273
2024-04-20 12:30:00,8.39837398373983
2024-04-20 12:40:00,10.39837398373983
2024-04-20 12:50:00,12.39837398373983
2024-04-20 13:00:00,4.780487804878042
2024-04-20 13:10:00,7.113821138211378
2024-04-20 13:20:00,8.558265582655821
2024-04-20 13:30:00,10.3360433604336
2024-04-20 13:40:00,12.447154471544714
2024-04-20 13:50:00,14.891598915989157
2024-04-20 14:00:00,8.945799457994575
2024-04-20 14:10:00,10.834688346883468
2024-04-20 14:20:00,11.834688346883468
2024-04-20 14:30:00,12.27913279132791
2024-04-20 14:40:00,13.27913279132791
2024-04-20 14:50:00,13.945799457994582
2024-04-20 15:00:00,10.041102077687448
2024-04-20 15:10:00,10.152213188798562
2024-04-20 15:20:00,9.929990966576334
2024-04-20 15:30:00,10.152213188798562
2024-04-20 15:40:00,10.81887985546522
2024-04-20 15:50:00,11.263324299909662
2024-04-20 16:00:00,8.3256549232159
2024-04-20 16:10:00,9.881210478771457
2024-04-20 16:20:00,10.770099367660343
2024-04-20 16:30:00,11.547877145438129
2024-04-20 16:40:00,13.103432700993686
2024-04-20 16:50:00,13.658988256549243
2024-04-20 17:00:00,12.655826558265588
2024-04-20 17:10:00,13.878048780487816
2024-04-20 17:20:00,14.544715447154474
2024-04-20 17:30:00,14.989159891598916
2024-04-20 17:40:00,15.211382113821145
2024-04-20 17:50:00,14.655826558265588
2024-04-20 18:00:00,18.43089430894309
2024-04-20 18:10:00,17.986449864498645
2024-04-20 18:20:00,17.20867208672086
2024-04-20 18:30:00,17.20867208672086
2024-04-20 18:40:00,16.20867208672086
2024-04-20 18:50:00,15.20867208672086
2024-04-20 19:00:00,22.341011743450757
2024-04-20 19:10:00,20.6743450767841
2024-04-20 19:20:00,19.785456187895214
2024-04-20 19:30:00,17.563233965672985
2024-04-20 19:40:00,13.341011743450764
2024-04-20 19:50:00,8.563233965672985
2024-04-20 20:00:00,21.72357723577236
2024-04-20 20:10:00,19.279132791327918
2024-04-20 20:20:00,17.72357723577236
2024-04-20 20:30:00,14.390243902439025
2024-04-20 20:40:00,13.279132791327918
2024-04-20 20:50:00,10.945799457994582
2024-04-20 21:00:00,19.68654019873532
2024-04-20 21:10:00,15.464317976513097
2024-04-20 21:20:00,11.797651309846433
2024-04-20 21:30:00,9.797651309846433
2024-04-20 21:40:00,6.686540198735322
2024-04-20 21:50:00,6.0198735320686545
2024-04-20 22:00:00,9.708672086720867
2024-04-20 22:10:00,8.486449864498645
2024-04-20 22:20:00,6.375338753387535
2024-04-20 22:30:00,5.597560975609756
2024-04-20 22:40:00,6.042005420054203
2024-04-20 22:50:00,6.375338753387535
2024-04-20 23:00:00,5.75338753387534
2024-04-20 23:10:00,5.086720867208673
2024-04-20 23:20:00,5.197831978319783
2024-04-20 23:30:00,6.197831978319783
2024-04-20 23:40:00,9.308943089430894
2024-04-20 23:50:00,11.75338753387534
2024-04-21 00:00:00,11.242999096657634
2024-04-21 00:10:00,11.242999096657634
2024-04-21 00:20:00,10.465221318879856
2024-04-21 00:30:00,9.354110207768745
2024-04-21 00:40:00,8.909665763324298
2024-04-21 00:50:00,8.131887985546523
2024-04-21 01:00:00,9.55736224028907
2024-04-21 01:10:00,9.001806684733513
2024-04-21 01:20:00,7.668473351400181
2024-04-21 01:30:00,5.446251129177959
2024-04-21 01:40:00,4.890695573622402
2024-04-21 01:50:00,4.3351400180668485
2024-04-21 02:00:00,7.023035230352303
2024-04-21 02:10:00,6.57859078590786
2024-04-21 02:20:00,5.6897018970189706
2024-04-21 02:30:00,4.57859078590786
2024-04-21 02:40:00,4.467479674796749
2024-04-21 02:50:00,3.911924119241192
2024-04-21 03:00:00,5.766485998193314
2024-04-21 03:10:00,5.766485998193314
2024-04-21 03:20:00,5.3220415537488694
2024-04-21 03:30:00,5.3220415537488694
2024-04-21 03:40:00,4.877597109304425
2024-04-21 03:50:00,5.3220415537488694
2024-04-21 04:00:00,6.886630532971996
2024-04-21 04:10:00,5.664408310749774
2024-04-21 04:20:00,5.21996386630533
2024-04-21 04:30:00,3.9977416440831064
2024-04-21 04:40:00,3.2199638663053296
2024-04-21 04:50:00,3.442186088527551
2024-04-21 05:00:00,4.485546522131888
2024-04-21 05:10:00,4.596657633242999
2024-04-21 05:20:00,3.818879855465222
2024-04-21 05:30:00,3.818879855465222
2024-04-21 05:40:00,3.485546522131888
2024-04-21 05:50:00,2.929990966576333
2024-04-21 06:00:00,3.2100271002710024
2024-04-21 06:10:00,2.432249322493224
2024-04-21 06:20:00,2.321138211382113
2024-04-21 06:30:00,2.654471544715447
2024-04-21 06:40:00,2.987804878048779
2024-04-21 06:50:00,2.654471544715447
2024-04-21 07:00:00,3.536585365853659
2024-04-21 07:10:00,2.7588075880758804
2024-04-21 07:20:00,2.7588075880758804
2024-04-21 07:30:00,2.869918699186991
2024-04-21 07:40:00,1.869918699186992
2024-04-21 07:50:00,1.4254742547425474
2024-04-21 08:00:00,1.9245709123757901
2024-04-21 08:10:00,1.4801264679313455
2024-04-21 08:20:00,0.9245709123757901
2024-04-21 08:30:00,0.8134598012646794
2024-04-21 08:40:00,1.1467931345980125
2024-04-21 08:50:00,1.4801264679313455
2024-04-21 09:00:00,-0.2890695573622404
2024-04-21 09:10:00,-0.2890695573622404
2024-04-21 09:20:00,0.3775971093044266
2024-04-21 09:30:00,1.933152664859982
2024-04-21 09:40:00,3.4887082204155373
2024-04-21 09:50:00,6.155374887082203
2024-04-21 10:00:00,-0.790876242095754
2024-04-21 10:10:00,4.764679313459801
2024-04-21 10:20:00,7.0980126467931335
2024-04-21 10:30:00,10.098012646793133
2024-04-21 10:40:00,13.43134598012647
2024-04-21 10:50:00,15.986901535682023
2024-04-21 11:00:00,7.907859078590789
2024-04-21 11:10:00,10.685636856368568
2024-04-21 11:20:00,11.352303523035232
2024-04-21 11:30:00,12.685636856368568
2024-04-21 11:40:00,13.685636856368568
2024-04-21 11:50:00,15.463414634146346
2024-04-21 12:00:00,9.065040650406502
2024-04-21 12:10:00,11.065040650406502
2024-04-21 12:20:00,13.620596205962052
2024-04-21 12:30:00,15.953929539295387
2024-04-21 12:40:00,17.620596205962052
2024-04-21 12:50:00,19.842818428184273
2024-04-21 13:00:00,13.447154471544714
2024-04-21 13:10:00,15.3360433604336
2024-04-21 13:20:00,17.113821138211378
2024-04-21 13:30:00,19.113821138211378
2024-04-21 13:40:00,21.669376693766928
2024-04-21 13:50:00,25.11382113821137
2024-04-21 14:00:00,20.056910569105682
2024-04-21 14:10:00,22.27913279132791
2024-04-21 14:20:00,23.056910569105682
2024-04-21 14:30:00,24.056910569105682
2024-04-21 14:40:00,24.390243902439025
2024-04-21 14:50:00,25.834688346883468
2024-04-21 15:00:00,22.374435411020777
2024-04-21 15:10:00,23.70776874435412
2024-04-21 15:20:00,24.929990966576334
2024-04-21 15:30:00,25.929990966576334
2024-04-21 15:40:00,27.041102077687448
2024-04-21 15:50:00,28.041102077687448
2024-04-21 16:00:00,24.99232158988257
2024-04-21 16:10:00,26.54787714543813
2024-04-21 16:20:00,26.770099367660343
2024-04-21 16:30:00,27.881210478771457
2024-04-21 16:40:00,29.770099367660343
2024-04-21 16:50:00,30.214543812104786
2024-04-21 17:00:00,28.43360433604336
2024-04-21 17:10:00,29.544715447154474
2024-04-21 17:20:00,28.878048780487816
2024-04-21 17:30:00,28.766937669376702
2024-04-21 17:40:00,27.989159891598916
2024-04-21 17:50:00,25.878048780487816
2024-04-21 18:00:00,27.986449864498645
2024-04-21 18:10:00,26.43089430894309
2024-04-21 18:20:00,25.09756097560976
2024-04-21 18:30:00,24.43089430894309
2024-04-21 18:40:00,22.653116531165317
2024-04-21 18:50:00,20.986449864498645
2024-04-21 19:00:00,28.118789521228543
2024-04-21 19:10:00,26.6743450767841
2024-04-21 19:20:00,25.229900632339657
2024-04-21 19:30:00,22.229900632339657
2024-04-21 19:40:00,17.00767841011743
2024-04-21 19:50:00,13.118789521228543
2024-04-21 20:00:00,26.05691056910569
2024-04-21 20:10:00,24.168021680216803
2024-04-21 20:20:00,22.05691056910569
2024-04-21 20:30:00,19.945799457994582
2024-04-21 20:40:00,17.834688346883468
2024-04-21 20:50:00,14.834688346883468
2024-04-21 21:00:00,23.35320686540199
2024-04-21 21:10:00,19.464317976513097
2024-04-21 21:20:00,15.908762420957547
2024-04-21 21:30:00,14.019873532068654
2024-04-21 21:40:00,11.464317976513097
2024-04-21 21:50:00,9.130984643179769
2024-04-21 22:00:00,13.486449864498645
2024-04-21 22:10:00,10.819783197831981
2024-04-21 22:20:00,8.930894308943092
2024-04-21 22:30:00,7.4864498644986455
2024-04-21 22:40:00,6.930894308943092
2024-04-21 22:50:00,6.264227642276424
2024-04-21 23:00:00,3.864498644986451
2024-04-21 23:10:00,2.864498644986451
2024-04-21 23:20:00,2.975609756097562
2024-04-21 23:30:00,4.531165311653115
2024-04-21 23:40:00,6.642276422764226
2024-04-21 23:50:00,8.420054200542005
2024-04-22 00:00:00,6.242999096657634
2024-04-22 00:10:00,5.242999096657634
2024-04-22 00:20:00,4.354110207768745
2024-04-22 00:30:00,3.9096657633242984
2024-04-22 00:40:00,2.354110207768745
2024-04-22 00:50:00,2.0207768744354127
2024-04-22 01:00:00,2.890695573622402
2024-04-22 01:10:00,3.2240289069557377
2024-04-22 01:20:00,2.2240289069557377
2024-04-22 01:30:00,2.0018066847335128
2024-04-22 01:40:00,1.3351400180668485
2024-04-22 01:50:00,1.1129177958446235
2024-04-22 02:00:00,3.467479674796749
2024-04-22 02:10:00,3.57859078590786
2024-04-22 02:20:00,2.8008130081300813
2024-04-22 02:30:00,2.467479674796749
2024-04-22 02:40:00,1.9119241192411938
2024-04-22 02:50:00,1.4674796747967491
2024-04-22 03:00:00,3.6553748870822034
2024-04-22 03:10:00,2.9887082204155373
2024-04-22 03:20:00,2.3220415537488694
2024-04-22 03:30:00,2.766485998193314
2024-04-22 03:40:00,1.9887082204155373
2024-04-22 03:50:00,2.3220415537488694
2024-04-22 04:00:00,3.442186088527551
2024-04-22 04:10:00,2.8866305329719957
2024-04-22 04:20:00,2.2199638663053296
2024-04-22 04:30:00,1.8866305329719957
2024-04-22 04:40:00,1.3310749774164403
2024-04-22 04:50:00,1.3310749774164403
2024-04-22 05:00:00,2.7077687443541096
2024-04-22 05:10:00,2.818879855465222
2024-04-22 05:20:00,3.0411020776874436
2024-04-22 05:30:00,3.0411020776874436
2024-04-22 05:40:00,2.7077687443541096
2024-04-22 05:50:00,2.596657633242999
2024-04-22 06:00:00,3.321138211382113
2024-04-22 06:10:00,2.8766937669376684
2024-04-22 06:20:00,2.987804878048779
2024-04-22 06:30:00,3.2100271002710024
2024-04-22 06:40:00,3.321138211382113
2024-04-22 06:50:00,2.987804878048779
2024-04-22 07:00:00,3.6476964769647697
2024-04-22 07:10:00,3.7588075880758804
2024-04-22 07:20:00,3.6476964769647697
2024-04-22 07:30:00,3.0921409214092144
2024-04-22 07:40:00,2.536585365853659
2024-04-22 07:50:00,2.203252032520325
2024-04-22 08:00:00,2.702348690153568
2024-04-22 08:10:00,2.702348690153568
2024-04-22 08:20:00,2.702348690153568
2024-04-22 08:30:00,2.702348690153568
2024-04-22 08:40:00,2.92457091237579
2024-04-22 08:50:00,3.035682023486901
2024-04-22 09:00:00,1.266485998193315
2024-04-22 09:10:00,1.8220415537488703
2024-04-22 09:20:00,2.0442637759710927
2024-04-22 09:30:00,3.266485998193316
2024-04-22 09:40:00,4.822041553748871
2024-04-22 09:50:00,7.377597109304427
2024-04-22 10:00:00,0.09801264679313526
2024-04-22 10:10:00,3.431345980126469
2024-04-22 10:20:00,4.986901535682023
2024-04-22 10:30:00,7.3202348690153585
2024-04-22 10:40:00,9.098012646793133
2024-04-22 10:50:00,10.986901535682023
2024-04-22 11:00:00,3.0189701897019
2024-04-22 11:10:00,4.352303523035232
2024-04-22 11:20:00,6.241192411924121
2024-04-22 11:30:00,7.907859078590789
2024-04-22 11:40:00,10.574525745257453
2024-04-22 11:50:00,13.463414634146346
2024-04-22 12:00:00,6.620596205962052
2024-04-22 12:10:00,10.176151761517609
2024-04-22 12:20:00,13.620596205962052
2024-04-22 12:30:00,16.620596205962052
2024-04-22 12:40:00,18.953929539295387
2024-04-22 12:50:00,22.287262872628723
2024-04-22 13:00:00,15.002710027100264
2024-04-22 13:10:00,17.447154471544714
2024-04-22 13:20:00,20.224932249322485
2024-04-22 13:30:00,22.558265582655828
2024-04-22 13:40:00,24.891598915989157
2024-04-22 13:50:00,28.11382113821137
2024-04-22 14:00:00,22.50135501355014
2024-04-22 14:10:00,24.50135501355014
2024-04-22 14:20:00,24.945799457994582
2024-04-22 14:30:00,25.723577235772353
2024-04-22 14:40:00,25.834688346883468
2024-04-22 14:50:00,26.50135501355014
2024-04-22 15:00:00,22.041102077687448
2024-04-22 15:10:00,22.929990966576334
2024-04-22 15:20:00,24.041102077687448
2024-04-22 15:30:00,24.596657633243005
2024-04-22 15:40:00,25.041102077687448
2024-04-22 15:50:00,26.70776874435412
2024-04-22 16:00:00,23.770099367660343
2024-04-22 16:10:00,24.770099367660343
2024-04-22 16:20:00,25.436766034327015
2024-04-22 16:30:00,26.436766034327015
2024-04-22 16:40:00,28.103432700993686
2024-04-22 16:50:00,27.658988256549243
2024-04-22 17:00:00,26.32249322493226
2024-04-22 17:10:00,26.43360433604336
2024-04-22 17:20:00,25.32249322493226
2024-04-22 17:30:00,24.10027100271003
2024-04-22 17:40:00,22.10027100271003
2024-04-22 17:50:00,20.544715447154474
2024-04-22 18:00:00,23.09756097560976
2024-04-22 18:10:00,21.43089430894309
2024-04-22 18:20:00,21.09756097560976
2024-04-22 18:30:00,19.319783197831974
2024-04-22 18:40:00,17.87533875338753
2024-04-22 18:50:00,15.653116531165317
2024-04-22 19:00:00,22.6743450767841
2024-04-22 19:10:00,21.341011743450757
2024-04-22 19:20:00,19.229900632339657
2024-04-22 19:30:00,15.785456187895214
2024-04-22 19:40:00,11.563233965672985
2024-04-22 19:50:00,9.118789521228543
2024-04-22 20:00:00,19.72357723577236
2024-04-22 20:10:00,16.834688346883468
2024-04-22 20:20:00,12.834688346883468
2024-04-22 20:30:00,10.72357723577236
2024-04-22 20:40:00,7.056910569105689
2024-04-22 20:50:00,2.3902439024390247
2024-04-22 21:00:00,9.686540198735319
2024-04-22 21:10:00,6.242095754290876
2024-04-22 21:20:00,2.5754290876242116
2024-04-22 21:30:00,0.13098464317976521
2024-04-22 21:40:00,-2.091237579042456
2024-04-22 21:50:00,-4.64679313459801
2024-04-22 22:00:00,-0.18021680216801883
2024-04-22 22:10:00,-2.5135501355013545
2024-04-22 22:20:00,-2.9579945799457974
2024-04-22 22:30:00,-3.06910569105691
2024-04-22 22:40:00,-1.9579945799457974
2024-04-22 22:50:00,-2.2913279132791313
2024-04-22 23:00:00,-3.8021680216802167
2024-04-22 23:10:00,-3.691056910569106
2024-04-22 23:20:00,-1.9132791327913274
2024-04-22 23:30:00,0.4200542005420047
2024-04-22 23:40:00,3.975609756097562
2024-04-22 23:50:00,3.5311653116531154
2024-04-23 00:00:00,0.7985546522131877
2024-04-23 00:10:00,-0.09033423667570162
2024-04-23 00:20:00,0.02077687443541265
2024-04-23 00:30:00,0.13188798554652337
2024-04-23 00:40:00,-0.9792231255645873
2024-04-23 00:50:00,-1.9792231255645891
2024-04-23 01:00:00,-0.10930442637759796
2024-04-23 01:10:00,-0.6648599819331533
2024-04-23 01:20:00,-1.9981933152664855
2024-04-23 01:30:00,-2.775971093044264
2024-04-23 01:40:00,-3.553748870822041
2024-04-23 01:50:00,-4.220415537488709
2024-04-23 02:00:00,-1.8658536585365848
2024-04-23 02:10:00,-2.3102981029810294
2024-04-23 02:20:00,-3.6436314363143616
2024-04-23 02:30:00,-3.42140921409214
2024-04-23 02:40:00,-3.9769647696476955
2024-04-23 02:50:00,-3.6436314363143616
2024-04-23 03:00:00,-1.5668473351400198
2024-04-23 03:10:00,-1.4557362240289073
2024-04-23 03:20:00,-2.0112917795844636
2024-04-23 03:30:00,-1.900180668473352
2024-04-23 03:40:00,-1.233514001806686
2024-04-23 03:50:00,-1.5668473351400198
2024-04-23 04:00:00,-0.0022583559168936063
2024-04-23 04:10:00,-0.33559168925022664
2024-04-23 04:20:00,-0.22448057813911504
2024-04-23 04:30:00,-0.557813911472449
2024-04-23 04:40:00,-0.7800361336946713
2024-04-23 04:50:00,-0.33559168925022664
2024-04-23 05:00:00,0.9299909665763328
2024-04-23 05:10:00,0.8188798554652212
2024-04-23 05:20:00,0.5966576332429989
2024-04-23 05:30:00,0.2633242999096659
2024-04-23 05:40:00,-0.4033423667570011
2024-04-23 05:50:00,-0.6255645889792234
2024-04-23 06:00:00,-0.12330623306233157
2024-04-23 06:10:00,-0.4566395663956646
2024-04-23 06:20:00,-0.5677506775067753
2024-04-23 06:30:00,-0.5677506775067753
2024-04-23 06:40:00,-0.6788617886178869
2024-04-23 06:50:00,-1.678861788617887
2024-04-23 07:00:00,-0.9078590785907856
2024-04-23 07:10:00,-1.3523035230352303
2024-04-23 07:20:00,-1.130081300813008
2024-04-23 07:30:00,-1.6856368563685638
2024-04-23 07:40:00,-1.9078590785907856
2024-04-23 07:50:00,-2.3523035230352303
2024-04-23 08:00:00,-1.6309846431797652
2024-04-23 08:10:00,-1.8532068654019875
2024-04-23 08:20:00,-2.07542908762421
2024-04-23 08:30:00,-2.186540198735321
2024-04-23 08:40:00,-1.6309846431797652
2024-04-23 08:50:00,-1.5198735320686545
2024-04-23 09:00:00,-3.177958446251129
2024-04-23 09:10:00,-2.622402890695574
2024-04-23 09:20:00,-2.2890695573622404
2024-04-23 09:30:00,-1.2890695573622404
2024-04-23 09:40:00,0.599819331526648
2024-04-23 09:50:00,2.599819331526648
2024-04-23 10:00:00,-3.9019873532068647
2024-04-23 10:10:00,-0.3464317976513094
2024-04-23 10:20:00,2.209123757904244
2024-04-23 10:30:00,5.54245709123758
2024-04-23 10:40:00,8.875790424570912
2024-04-23 10:50:00,11.54245709123758
2024-04-23 11:00:00,4.130081300813011
2024-04-23 11:10:00,5.241192411924121
2024-04-23 11:20:00,6.796747967479675
2024-04-23 11:30:00,7.463414634146346
2024-04-23 11:40:00,8.685636856368568
2024-04-23 11:50:00,11.241192411924118
2024-04-23 12:00:00,3.5094850948509446
2024-04-23 12:10:00,5.287262872628723
2024-04-23 12:20:00,7.509485094850945
2024-04-23 12:30:00,9.39837398373983
2024-04-23 12:40:00,11.176151761517609
2024-04-23 12:50:00,12.509485094850945
2024-04-23 13:00:00,5.113821138211378
2024-04-23 13:10:00,6.113821138211378
2024-04-23 13:20:00,8.558265582655821
2024-04-23 13:30:00,10.780487804878042
2024-04-23 13:40:00,12.891598915989157
2024-04-23 13:50:00,15.113821138211378
2024-04-23 14:00:00,9.834688346883468
2024-04-23 14:10:00,10.27913279132791
2024-04-23 14:20:00,11.390243902439025
2024-04-23 14:30:00,11.834688346883468
2024-04-23 14:40:00,12.612466124661239
2024-04-23 14:50:00,13.056910569105682
2024-04-23 15:00:00,8.596657633243005
2024-04-23 15:10:00,8.929990966576334
2024-04-23 15:20:00,9.929990966576334
2024-04-23 15:30:00,9.81887985546522
2024-04-23 15:40:00,9.929990966576334
2024-04-23 15:50:00,11.152213188798562
2024-04-23 16:00:00,8.214543812104786
2024-04-23 16:10:00,9.436766034327015
2024-04-23 16:20:00,10.436766034327015
2024-04-23 16:30:00,11.992321589882572
2024-04-23 16:40:00,13.103432700993686
2024-04-23 16:50:00,15.103432700993686
2024-04-23 17:00:00,14.10027100271003
2024-04-23 17:10:00,15.10027100271003
2024-04-23 17:20:00,16.10027100271003
2024-04-23 17:30:00,15.989159891598916
2024-04-23 17:40:00,15.878048780487816
2024-04-23 17:50:00,15.655826558265588
2024-04-23 18:00:00,18.20867208672086
2024-04-23 18:10:00,17.43089430894309
2024-04-23 18:20:00,17.20867208672086
2024-04-23 18:30:00,16.319783197831974
2024-04-23 18:40:00,15.319783197831974
2024-04-23 18:50:00,13.986449864498645
2024-04-23 19:00:00,21.229900632339657
2024-04-23 19:10:00,19.896567299006314
2024-04-23 19:20:00,17.563233965672985
2024-04-23 19:30:00,13.785456187895214
2024-04-23 19:40:00,8.896567299006321
2024-04-23 19:50:00,7.22990063233965
2024-04-23 20:00:00,18.50135501355014
2024-04-23 20:10:00,16.390243902439025
2024-04-23 20:20:00,12.945799457994582
2024-04-23 20:30:00,12.72357723577236
2024-04-23 20:40:00,10.72357723577236
2024-04-23 20:50:00,5.390243902439025
2024-04-23 21:00:00,13.797651309846433
2024-04-23 21:10:00,10.130984643179769
2024-04-23 21:20:00,6.686540198735322
2024-04-23 21:30:00,3.242095754290876
2024-04-23 21:40:00,0.13098464317976521
2024-04-23 21:50:00,-2.4245709123757884
2024-04-23 22:00:00,1.4864498644986455
2024-04-23 22:10:00,-0.2913279132791331
2024-04-23 22:20:00,-1.291327913279133
2024-04-23 22:30:00,-1.291327913279133
2024-04-23 22:40:00,-1.5135501355013545
2024-04-23 22:50:00,-3.06910569105691
2024-04-23 23:00:00,-3.357723577235772
2024-04-23 23:10:00,-3.8021680216802167
2024-04-23 23:20:00,-3.357723577235772
2024-04-23 23:30:00,-0.35772357723577386
2024-04-23 23:40:00,1.1978319783197833
2024-04-23 23:50:00,1.0867208672086726
2024-04-24 00:00:00,1.687443541102077
2024-04-24 00:10:00,1.242999096657634
2024-04-24 00:20:00,0.3541102077687448
2024-04-24 00:30:00,-0.09033423667570162
2024-04-24 00:40:00,-0.6458897922312552
2024-04-24 00:50:00,-1.5347786811201445
2024-04-24 01:00:00,0.7795844625112913
2024-04-24 01:10:00,-0.5537488708220408
2024-04-24 01:20:00,-1.5537488708220408
2024-04-24 01:30:00,-1.8870822041553748
2024-04-24 01:40:00,-2.553748870822041
2024-04-24 01:50:00,-1.6648599819331533
2024-04-24 02:00:00,1.0230352303523045
2024-04-24 02:10:00,-0.19918699186991873
2024-04-24 02:20:00,-0.7547425474254741
2024-04-24 02:30:00,-1.3102981029810294
2024-04-24 02:40:00,-1.1991869918699187
2024-04-24 02:50:00,-1.9769647696476955
2024-04-24 03:00:00,1.3220415537488694
2024-04-24 03:10:00,1.2109304426377587
2024-04-24 03:20:00,1.3220415537488694
2024-04-24 03:30:00,0.8775971093044248
2024-04-24 03:40:00,0.9887082204155373
2024-04-24 03:50:00,0.43315266485998016
2024-04-24 04:00:00,1.8866305329719957
2024-04-24 04:10:00,1.2199638663053296
2024-04-24 04:20:00,0.8866305329719957
2024-04-24 04:30:00,0.44218608852755104
2024-04-24 04:40:00,-0.22448057813911504
2024-04-24 04:50:00,-1.1133694670280043
2024-04-24 05:00:00,-0.7366757000903341
2024-04-24 05:10:00,-0.18112014453477876
2024-04-24 05:20:00,-0.6255645889792234
2024-04-24 05:30:00,-0.18112014453477876
2024-04-24 05:40:00,0.2633242999096659
2024-04-24 05:50:00,-0.07000903342366716
2024-04-24 06:00:00,0.32113821138211307
2024-04-24 06:10:00,-0.2344173441734423
2024-04-24 06:20:00,-0.2344173441734423
2024-04-24 06:30:00,-0.12330623306233157
2024-04-24 06:40:00,-0.4566395663956646
2024-04-24 06:50:00,-0.12330623306233157
2024-04-24 07:00:00,0.6476964769647697
2024-04-24 07:10:00,0.3143631436314367
2024-04-24 07:20:00,0.2032520325203251
2024-04-24 07:30:00,-0.463414634146341
2024-04-24 07:40:00,-1.0189701897018972
2024-04-24 07:50:00,-1.5745257452574526
2024-04-24 08:00:00,-0.9643179765130987
2024-04-24 08:10:00,-0.9643179765130987
2024-04-24 08:20:00,-1.5198735320686545
2024-04-24 08:30:00,-1.7420957542908764
2024-04-24 08:40:00,-1.8532068654019875
2024-04-24 08:50:00,-2.186540198735321
2024-04-24 09:00:00,-3.4001806684733515
2024-04-24 09:10:00,-3.4001806684733515
2024-04-24 09:20:00,-2.733514001806685
2024-04-24 09:30:00,-1.733514001806685
2024-04-24 09:40:00,-0.17795844625112966
2024-04-24 09:50:00,2.0442637759710927
2024-04-24 10:00:00,-4.679765130984643
2024-04-24 10:10:00,-2.5686540198735326
2024-04-24 10:20:00,-0.23532068654019866
2024-04-24 10:30:00,1.9869015356820228
2024-04-24 10:40:00,4.764679313459801
2024-04-24 10:50:00,7.764679313459801
2024-04-24 11:00:00,-0.8699186991869894
2024-04-24 11:10:00,1.0189701897019
2024-04-24 11:20:00,3.0189701897019
2024-04-24 11:30:00,4.685636856368564
2024-04-24 11:40:00,6.907859078590789
2024-04-24 11:50:00,8.463414634146346
2024-04-24 12:00:00,1.0650406504065018
2024-04-24 12:10:00,2.5094850948509446
2024-04-24 12:20:00,3.9539295392953875
2024-04-24 12:30:00,5.065040650406502
2024-04-24 12:40:00,6.287262872628723
2024-04-24 12:50:00,8.176151761517609
2024-04-24 13:00:00,0.3360433604335995
2024-04-24 13:10:00,1.7804878048780424
2024-04-24 13:20:00,3.7804878048780424
2024-04-24 13:30:00,5.891598915989157
2024-04-24 13:40:00,6.780487804878042
2024-04-24 13:50:00,8.558265582655821
2024-04-24 14:00:00,1.8346883468834676
2024-04-24 14:10:00,2.3902439024390247
2024-04-24 14:20:00,3.2791327913279105
2024-04-24 14:30:00,3.9457994579945748
2024-04-24 14:40:00,4.390243902439025
2024-04-24 14:50:00,4.945799457994575
2024-04-24 15:00:00,0.48554652213189087
2024-04-24 15:10:00,0.5966576332430051
2024-04-24 15:20:00,0.7077687443541123
2024-04-24 15:30:00,1.1522131887985552
2024-04-24 15:40:00,2.7077687443541123
2024-04-24 15:50:00,3.9299909665763337
2024-04-24 16:00:00,1.3256549232159003
2024-04-24 16:10:00,2.3256549232159003
2024-04-24 16:20:00,2.4367660343270146
2024-04-24 16:30:00,3.3256549232159003
2024-04-24 16:40:00,4.4367660343270146
2024-04-24 16:50:00,5.992321589882572
2024-04-24 17:00:00,4.878048780487816
2024-04-24 17:10:00,4.878048780487816
2024-04-24 17:20:00,5.878048780487816
2024-04-24 17:30:00,5.433604336043359
2024-04-24 17:40:00,6.100271002710031
2024-04-24 17:50:00,5.5447154471544735
2024-04-24 18:00:00,7.09756097560976
2024-04-24 18:10:00,7.09756097560976
2024-04-24 18:20:00,6.319783197831974
2024-04-24 18:30:00,5.542005420054203
2024-04-24 18:40:00,3.9864498644986455
2024-04-24 18:50:00,3.0975609756097526
2024-04-24 19:00:00,11.118789521228543
2024-04-24 19:10:00,9.785456187895207
2024-04-24 19:20:00,8.007678410117428
2024-04-24 19:30:00,3.5632339656729854
2024-04-24 19:40:00,1.8965672990063212
2024-04-24 19:50:00,-0.3256549232159003
2024-04-24 20:00:00,12.945799457994582
2024-04-24 20:10:00,10.168021680216803
2024-04-24 20:20:00,9.945799457994582
2024-04-24 20:30:00,7.501355013550139
2024-04-24 20:40:00,5.056910569105689
2024-04-24 20:50:00,0.39024390243902474
2024-04-24 21:00:00,9.575429087624212
2024-04-24 21:10:00,6.35320686540199
2024-04-24 21:20:00,4.0198735320686545
2024-04-24 21:30:00,3.242095754290876
2024-04-24 21:40:00,1.1309846431797652
2024-04-24 21:50:00,0.24209575429087593
2024-04-24 22:00:00,4.153116531165313
2024-04-24 22:10:00,2.930894308943092
2024-04-24 22:20:00,2.3753387533875348
2024-04-24 22:30:00,2.708672086720867
2024-04-24 22:40:00,2.3753387533875348
2024-04-24 22:50:00,1.5975609756097562
2024-04-24 23:00:00,1.1978319783197833
2024-04-24 23:10:00,3.1978319783197833
2024-04-24 23:20:00,5.086720867208673
2024-04-24 23:30:00,7.975609756097562
2024-04-24 23:40:00,8.75338753387534
2024-04-24 23:50:00,9.197831978319783
2024-04-25 00:00:00,15.354110207768741
2024-04-25 00:10:00,16.13188798554652
2024-04-25 00:20:00,17.465221318879856
2024-04-25 00:30:00,14.687443541102077
2024-04-25 00:40:00,14.57633242999097
2024-04-25 00:50:00,13.131887985546523
2024-04-25 01:00:00,14.335140018066848
2024-04-25 01:10:00,12.224028906955738
2024-04-25 01:20:00,12.335140018066848
2024-04-25 01:30:00,12.001806684733513
2024-04-25 01:40:00,9.890695573622402
2024-04-25 01:50:00,11.001806684733513
2024-04-25 02:00:00,13.134146341463417
2024-04-25 02:10:00,8.245257452574528
2024-04-25 02:20:00,7.6897018970189706
2024-04-25 02:30:00,9.245257452574528
2024-04-25 02:40:00,8.356368563685638
2024-04-25 02:50:00,9.134146341463417
2024-04-25 03:00:00,11.32204155374887
2024-04-25 03:10:00,9.877597109304427
2024-04-25 03:20:00,9.54426377597109
2024-04-25 03:30:00,8.32204155374887
2024-04-25 03:40:00,7.766485998193316
2024-04-25 03:50:00,5.877597109304425
2024-04-25 04:00:00,6.997741644083106
2024-04-25 04:10:00,6.664408310749774
2024-04-25 04:20:00,5.21996386630533
2024-04-25 04:30:00,4.108852755194217
2024-04-25 04:40:00,3.108852755194217
2024-04-25 04:50:00,1.3310749774164403
2024-04-25 05:00:00,3.1522131887985543
2024-04-25 05:10:00,3.1522131887985543
2024-04-25 05:20:00,1.9299909665763328
2024-04-25 05:30:00,2.263324299909665
2024-04-25 05:40:00,1.8188798554652221
2024-04-25 05:50:00,1.7077687443541096
2024-04-25 06:00:00,1.5433604336043354
2024-04-25 06:10:00,0.654471544715447
2024-04-25 06:20:00,0.7655826558265577
2024-04-25 06:30:00,1.2100271002710024
2024-04-25 06:40:00,0.98780487804878
2024-04-25 06:50:00,1.0989159891598907
2024-04-25 07:00:00,1.6476964769647697
2024-04-25 07:10:00,1.4254742547425474
2024-04-25 07:20:00,1.3143631436314367
2024-04-25 07:30:00,0.9810298102981028
2024-04-25 07:40:00,0.3143631436314367
2024-04-25 07:50:00,-0.35230352303523027
2024-04-25 08:00:00,0.5912375790424571
2024-04-25 08:10:00,0.3690153568202348
2024-04-25 08:20:00,-0.07542908762420986
2024-04-25 08:30:00,-0.18654019873532102
2024-04-25 08:40:00,-0.2976513098464322
2024-04-25 08:50:00,-0.2976513098464322
2024-04-25 09:00:00,-1.5112917795844627
2024-04-25 09:10:00,-1.6224028906955739
2024-04-25 09:20:00,-1.066847335140018
2024-04-25 09:30:00,0.044263775971092656
2024-04-25 09:40:00,2.0442637759710927
2024-04-25 09:50:00,4.044263775971093
2024-04-25 10:00:00,-3.790876242095754
2024-04-25 10:10:00,-2.124209575429088
2024-04-25 10:20:00,0.6535682023486906
2024-04-25 10:30:00,2.54245709123758
2024-04-25 10:40:00,4.764679313459801
2024-04-25 10:50:00,7.209123757904244
2024-04-25 11:00:00,-2.7588075880758787
2024-04-25 11:10:00,-1.0921409214092108
2024-04-25 11:20:00,1.1300813008130106
2024-04-25 11:30:00,2.5745257452574535
2024-04-25 11:40:00,4.0189701897019
2024-04-25 11:50:00,5.130081300813011
2024-04-25 12:00:00,-2.379403794037948
2024-04-25 12:10:00,-0.7127371273712768
2024-04-25 12:20:00,0.6205962059620518
2024-04-25 12:30:00,2.5094850948509446
2024-04-25 12:40:00,5.39837398373983
2024-04-25 12:50:00,7.731707317073166
2024-04-25 13:00:00,-0.44173441734417906
2024-04-25 13:10:00,2.2249322493224852
2024-04-25 13:20:00,4.891598915989157
2024-04-25 13:30:00,6.447154471544714
2024-04-25 13:40:00,8.3360433604336
2024-04-25 13:50:00,10.558265582655821
2024-04-25 14:00:00,2.9457994579945748
2024-04-25 14:10:00,3.2791327913279105
2024-04-25 14:20:00,4.056910569105689
2024-04-25 14:30:00,4.834688346883468
2024-04-25 14:40:00,6.2791327913279105
2024-04-25 14:50:00,7.056910569105689
2024-04-25 15:00:00,3.152213188798555
2024-04-25 15:10:00,3.3744354110207766
2024-04-25 15:20:00,4.374435411020777
2024-04-25 15:30:00,5.596657633243005
2024-04-25 15:40:00,6.263324299909669
2024-04-25 15:50:00,7.374435411020777
2024-04-25 16:00:00,5.3256549232159
2024-04-25 16:10:00,5.992321589882572
2024-04-25 16:20:00,6.770099367660343
2024-04-25 16:30:00,7.770099367660343
2024-04-25 16:40:00,8.3256549232159
2024-04-25 16:50:00,9.992321589882572
2024-04-25 17:00:00,9.878048780487816
2024-04-25 17:10:00,10.43360433604336
2024-04-25 17:20:00,10.211382113821145
2024-04-25 17:30:00,10.655826558265588
2024-04-25 17:40:00,10.32249322493226
2024-04-25 17:50:00,9.32249322493226
2024-04-25 18:00:00,12.430894308943088
2024-04-25 18:10:00,13.542005420054203
2024-04-25 18:20:00,12.09756097560976
2024-04-25 18:30:00,11.542005420054203
2024-04-25 18:40:00,10.09756097560976
2024-04-25 18:50:00,10.764227642276417
2024-04-25 19:00:00,17.6743450767841
2024-04-25 19:10:00,16.563233965672985
2024-04-25 19:20:00,12.785456187895207
2024-04-25 19:30:00,7.007678410117428
2024-04-25 19:40:00,6.452122854561871
2024-04-25 19:50:00,4.118789521228543
2024-04-25 20:00:00,16.612466124661246
2024-04-25 20:10:00,12.390243902439025
2024-04-25 20:20:00,10.501355013550139
2024-04-25 20:30:00,8.279132791327918
2024-04-25 20:40:00,4.279132791327918
2024-04-25 20:50:00,-0.05420054200541813
2024-04-25 21:00:00,9.130984643179769
2024-04-25 21:10:00,6.797651309846433
2024-04-25 21:20:00,4.464317976513101
2024-04-25 21:30:00,2.6865401987353223
2024-04-25 21:40:00,0.3532068654019902
2024-04-25 21:50:00,-0.7579042457091241
2024-04-25 22:00:00,3.264227642276424
2024-04-25 22:10:00,0.15311653116531332
2024-04-25 22:20:00,-0.6246612466124652
2024-04-25 22:30:00,-2.2913279132791313
2024-04-25 22:40:00,-2.5135501355013545
2024-04-25 22:50:00,-2.1802168021680206
2024-04-25 23:00:00,-1.9132791327913274
2024-04-25 23:10:00,-0.9132791327913274
2024-04-25 23:20:00,2.4200542005420047
2024-04-25 23:30:00,6.086720867208673
2024-04-25 23:40:00,5.531165311653115
2024-04-25 23:50:00,6.975609756097562
2024-04-26 00:00:00,-1.8681120144534784
2024-04-26 00:10:00,-1.6458897922312552
2024-04-26 00:20:00,-2.2014453477868106
2024-04-26 00:30:00,-2.2014453477868106
2024-04-26 00:40:00,-2.312556458897923
2024-04-26 00:50:00,-1.757000903342366
2024-04-26 01:00:00,-0.5537488708220408
2024-04-26 01:10:00,-1.775971093044264
2024-04-26 01:20:00,-1.6648599819331533
2024-04-26 01:30:00,-1.8870822041553748
2024-04-26 01:40:00,-1.775971093044264
2024-04-26 01:50:00,-1.9981933152664855
2024-04-26 02:00:00,-0.7547425474254741
2024-04-26 02:10:00,-1.9769647696476955
2024-04-26 02:20:00,-2.1991869918699187
2024-04-26 02:30:00,-2.3102981029810294
2024-04-26 02:40:00,-3.532520325203251
2024-04-26 02:50:00,-3.1991869918699187
2024-04-26 03:00:00,-0.900180668473352
2024-04-26 03:10:00,-1.233514001806686
2024-04-26 03:20:00,-1.4557362240289073
2024-04-26 03:30:00,-1.6779584462511306
2024-04-26 03:40:00,-2.1224028906955743
2024-04-26 03:50:00,-2.233514001806686
2024-04-26 04:00:00,-1.3355916892502266
2024-04-26 04:10:00,-1.557813911472449
2024-04-26 04:20:00,-2.224480578139115
2024-04-26 04:30:00,-2.4467028003613374
2024-04-26 04:40:00,-3.4467028003613374
2024-04-26 04:50:00,-3.7800361336946713
2024-04-26 05:00:00,-2.6255645889792234
2024-04-26 05:10:00,-2.403342366757001
2024-04-26 05:20:00,-2.514453477868112
2024-04-26 05:30:00,-2.070009033423667
2024-04-26 05:40:00,-2.6255645889792234
2024-04-26 05:50:00,-2.8477868112014457
2024-04-26 06:00:00,-2.901084010840109
2024-04-26 06:10:00,-3.2344173441734423
2024-04-26 06:20:00,-3.4566395663956646
2024-04-26 06:30:00,-3.5677506775067758
2024-04-26 06:40:00,-3.3455284552845534
2024-04-26 06:50:00,-3.3455284552845534
2024-04-26 07:00:00,-2.130081300813008
2024-04-26 07:10:00,-2.241192411924119
2024-04-26 07:20:00,-2.3523035230352303
2024-04-26 07:30:00,-2.9078590785907856
2024-04-26 07:40:00,-3.130081300813008
2024-04-26 07:50:00,-3.4634146341463414
2024-04-26 08:00:00,-2.630984643179765
2024-04-26 08:10:00,-2.742095754290877
2024-04-26 08:20:00,-3.186540198735321
2024-04-26 08:30:00,-2.8532068654019875
2024-04-26 08:40:00,-3.297651309846432
2024-04-26 08:50:00,-3.07542908762421
2024-04-26 09:00:00,-4.733514001806685
2024-04-26 09:10:00,-4.511291779584463
2024-04-26 09:20:00,-3.733514001806685
2024-04-26 09:30:00,-2.622402890695574
2024-04-26 09:40:00,-1.1779584462511297
2024-04-26 09:50:00,1.7109304426377596
2024-04-26 10:00:00,-6.45754290876242
2024-04-26 10:10:00,-4.790876242095754
2024-04-26 10:20:00,-1.790876242095754
2024-04-26 10:30:00,0.20912375790424598
2024-04-26 10:40:00,1.7646793134598013
2024-04-26 10:50:00,4.3202348690153585
2024-04-26 11:00:00,-4.536585365853657
2024-04-26 11:10:00,-1.7588075880758787
2024-04-26 11:20:00,0.24119241192412133
2024-04-26 11:30:00,2.685636856368564
2024-04-26 11:40:00,4.352303523035232
2024-04-26 11:50:00,6.463414634146346
2024-04-26 12:00:00,-1.1571815718157268
2024-04-26 12:10:00,0.2872628726287232
2024-04-26 12:20:00,2.3983739837398304
2024-04-26 12:30:00,4.287262872628723
2024-04-26 12:40:00,6.842818428184273
2024-04-26 12:50:00,8.953929539295387
2024-04-26 13:00:00,1.0027100271002638
2024-04-26 13:10:00,3.558265582655821
2024-04-26 13:20:00,5.780487804878042
2024-04-26 13:30:00,8.3360433604336
2024-04-26 13:40:00,10.669376693766935
2024-04-26 13:50:00,12.891598915989157
2024-04-26 14:00:00,5.945799457994575
2024-04-26 14:10:00,7.168021680216796
2024-04-26 14:20:00,9.168021680216796
2024-04-26 14:30:00,10.834688346883468
2024-04-26 14:40:00,13.168021680216796
2024-04-26 14:50:00,14.501355013550139
2024-04-26 15:00:00,11.374435411020777
2024-04-26 15:10:00,13.263324299909662
2024-04-26 15:20:00,14.70776874435412
2024-04-26 15:30:00,15.929990966576334
2024-04-26 15:40:00,17.70776874435412
2024-04-26 15:50:00,19.263324299909662
2024-04-26 16:00:00,15.770099367660343
2024-04-26 16:10:00,16.3256549232159
2024-04-26 16:20:00,16.214543812104786
2024-04-26 16:30:00,16.770099367660343
2024-04-26 16:40:00,17.103432700993686
2024-04-26 16:50:00,16.658988256549243
2024-04-26 17:00:00,14.211382113821145
2024-04-26 17:10:00,14.10027100271003
2024-04-26 17:20:00,12.878048780487816
2024-04-26 17:30:00,12.989159891598916
2024-04-26 17:40:00,12.43360433604336
2024-04-26 17:50:00,9.878048780487816
2024-04-26 18:00:00,12.764227642276417
2024-04-26 18:10:00,12.319783197831974
2024-04-26 18:20:00,10.764227642276417
2024-04-26 18:30:00,9.430894308943088
2024-04-26 18:40:00,7.9864498644986455
2024-04-26 18:50:00,5.875338753387531
2024-04-26 19:00:00,12.785456187895207
2024-04-26 19:10:00,10.563233965672985
2024-04-26 19:20:00,5.22990063233965
2024-04-26 19:30:00,2.1187895212285426
2024-04-26 19:40:00,0.5632339656729854
2024-04-26 19:50:00,-0.3256549232159003
2024-04-26 20:00:00,11.501355013550139
2024-04-26 20:10:00,10.501355013550139
2024-04-26 20:20:00,8.945799457994582
2024-04-26 20:30:00,7.72357723577236
2024-04-26 20:40:00,3.7235772357723604
2024-04-26 20:50:00,1.3902439024390247
2024-04-26 21:00:00,11.575429087624212
2024-04-26 21:10:00,9.908762420957547
2024-04-26 21:20:00,7.908762420957547
2024-04-26 21:30:00,5.908762420957544
2024-04-26 21:40:00,5.0198735320686545
2024-04-26 21:50:00,2.6865401987353223
2024-04-26 22:00:00,7.819783197831981
2024-04-26 22:10:00,6.597560975609756
2024-04-26 22:20:00,5.930894308943092
2024-04-26 22:30:00,5.597560975609756
2024-04-26 22:40:00,4.375338753387535
2024-04-26 22:50:00,4.042005420054203
2024-04-26 23:00:00,4.197831978319783
2024-04-26 23:10:00,5.531165311653115
2024-04-26 23:20:00,7.420054200542005
2024-04-26 23:30:00,10.75338753387534
2024-04-26 23:40:00,11.197831978319783
2024-04-26 23:50:00,11.531165311653115
2024-04-27 00:00:00,16.465221318879856
2024-04-27 00:10:00,15.57633242999097
2024-04-27 00:20:00,13.020776874435413
2024-04-27 00:30:00,12.131887985546523
2024-04-27 00:40:00,9.465221318879856
2024-04-27 00:50:00,8.798554652213188
2024-04-27 01:00:00,9.335140018066848
2024-04-27 01:10:00,9.224028906955738
2024-04-27 01:20:00,8.335140018066848
2024-04-27 01:30:00,6.55736224028907
2024-04-27 01:40:00,5.668473351400181
2024-04-27 01:50:00,4.55736224028907
2024-04-27 02:00:00,5.911924119241192
2024-04-27 02:10:00,5.023035230352303
2024-04-27 02:20:00,4.6897018970189706
2024-04-27 02:30:00,4.911924119241192
2024-04-27 02:40:00,3.911924119241192
2024-04-27 02:50:00,3.245257452574526
2024-04-27 03:00:00,4.655374887082203
2024-04-27 03:10:00,4.43315266485998
2024-04-27 03:20:00,3.877597109304425
2024-04-27 03:30:00,3.5442637759710927
2024-04-27 03:40:00,3.099819331526648
2024-04-27 03:50:00,3.099819331526648
2024-04-27 04:00:00,4.21996386630533
2024-04-27 04:10:00,3.775519421860885
2024-04-27 04:20:00,3.3310749774164403
2024-04-27 04:30:00,2.6644083107497742
2024-04-27 04:40:00,1.5532971996386618
2024-04-27 04:50:00,1.442186088527551
2024-04-27 05:00:00,2.596657633242999
2024-04-27 05:10:00,2.0411020776874436
2024-04-27 05:20:00,2.485546522131888
2024-04-27 05:30:00,2.0411020776874436
2024-04-27 05:40:00,1.8188798554652221
2024-04-27 05:50:00,1.596657633242999
2024-04-27 06:00:00,1.4322493224932247
2024-04-27 06:10:00,1.5433604336043354
2024-04-27 06:20:00,1.654471544715447
2024-04-27 06:30:00,1.4322493224932247
2024-04-27 06:40:00,1.4322493224932247
2024-04-27 06:50:00,1.2100271002710024
2024-04-27 07:00:00,1.7588075880758804
2024-04-27 07:10:00,1.7588075880758804
2024-04-27 07:20:00,1.3143631436314367
2024-04-27 07:30:00,0.9810298102981028
2024-04-27 07:40:00,0.869918699186992
2024-04-27 07:50:00,0.536585365853659
2024-04-27 08:00:00,2.035682023486901
2024-04-27 08:10:00,1.8134598012646794
2024-04-27 08:20:00,1.591237579042457
2024-04-27 08:30:00,1.2579042457091232
2024-04-27 08:40:00,1.1467931345980125
2024-04-27 08:50:00,1.0356820234869009
2024-04-27 09:00:00,-0.5112917795844627
2024-04-27 09:10:00,-0.2890695573622404
2024-04-27 09:20:00,0.15537488708220426
2024-04-27 09:30:00,1.3775971093044266
2024-04-27 09:40:00,2.599819331526648
2024-04-27 09:50:00,4.933152664859982
2024-04-27 10:00:00,-3.5686540198735326
2024-04-27 10:10:00,-1.790876242095754
2024-04-27 10:20:00,0.20912375790424598
2024-04-27 10:30:00,1.875790424570912
2024-04-27 10:40:00,4.431345980126469
2024-04-27 10:50:00,5.209123757904244
2024-04-27 11:00:00,-4.092140921409211
2024-04-27 11:10:00,-1.647696476964768
2024-04-27 11:20:00,-0.3143631436314358
2024-04-27 11:30:00,1.796747967479675
2024-04-27 11:40:00,2.4634146341463428
2024-04-27 11:50:00,4.463414634146343
2024-04-27 12:00:00,-4.157181571815723
2024-04-27 12:10:00,-2.0460704607046125
2024-04-27 12:20:00,-0.7127371273712768
2024-04-27 12:30:00,1.6205962059620518
2024-04-27 12:40:00,3.176151761517609
2024-04-27 12:50:00,4.9539295392953875
2024-04-27 13:00:00,-2.7750677506775148
2024-04-27 13:10:00,-1.2195121951219576
2024-04-27 13:20:00,1.113821138211378
2024-04-27 13:30:00,3.002710027100264
2024-04-27 13:40:00,5.447154471544714
2024-04-27 13:50:00,7.224932249322485
2024-04-27 14:00:00,0.6124661246612462
2024-04-27 14:10:00,2.168021680216796
2024-04-27 14:20:00,2.3902439024390247
2024-04-27 14:30:00,2.8346883468834676
2024-04-27 14:40:00,3.168021680216796
2024-04-27 14:50:00,3.2791327913279105
2024-04-27 15:00:00,-1.1811201445347734
2024-04-27 15:10:00,-1.0700090334236663
2024-04-27 15:20:00,-1.2922312556458877
2024-04-27 15:30:00,-0.5144534778681091
2024-04-27 15:40:00,-0.2922312556458877
2024-04-27 15:50:00,0.3744354110207766
2024-04-27 16:00:00,-3.2299006323396497
2024-04-27 16:10:00,-2.5632339656729854
2024-04-27 16:20:00,-1.7854561878952069
2024-04-27 16:30:00,-0.6743450767840997
2024-04-27 16:40:00,0.658988256549236
2024-04-27 16:50:00,1.658988256549236
2024-04-27 17:00:00,0.5447154471544735
2024-04-27 17:10:00,1.766937669376702
2024-04-27 17:20:00,2.6558265582655878
2024-04-27 17:30:00,3.4336043360433592
2024-04-27 17:40:00,3.5447154471544735
2024-04-27 17:50:00,3.5447154471544735
2024-04-27 18:00:00,8.430894308943088
2024-04-27 18:10:00,8.09756097560976
2024-04-27 18:20:00,7.653116531165317
2024-04-27 18:30:00,6.542005420054203
2024-04-27 18:40:00,5.653116531165317
2024-04-27 18:50:00,4.319783197831974
2024-04-27 19:00:00,12.118789521228543
2024-04-27 19:10:00,9.341011743450764
2024-04-27 19:20:00,5.007678410117428
2024-04-27 19:30:00,3.341011743450764
2024-04-27 19:40:00,-0.21454381210479312
2024-04-27 19:50:00,-2.214543812104793
2024-04-27 20:00:00,8.168021680216803
2024-04-27 20:10:00,6.056910569105689
2024-04-27 20:20:00,3.945799457994582
2024-04-27 20:30:00,-0.1653116531165324
2024-04-27 20:40:00,-3.943089430894311
2024-04-27 20:50:00,-7.165311653116529
2024-04-27 21:00:00,3.0198735320686545
2024-04-27 21:10:00,0.5754290876242116
2024-04-27 21:20:00,-1.757904245709124
2024-04-27 21:30:00,-4.091237579042456
2024-04-27 21:40:00,-6.313459801264678
2024-04-27 21:50:00,-8.313459801264678
2024-04-27 22:00:00,-3.6246612466124652
2024-04-27 22:10:00,-5.06910569105691
2024-04-27 22:20:00,-6.5135501355013545
2024-04-27 22:30:00,-7.291327913279131
2024-04-27 22:40:00,-7.735772357723576
2024-04-27 22:50:00,-7.846883468834687
2024-04-27 23:00:00,-6.246612466124661
2024-04-27 23:10:00,-4.468834688346883
2024-04-27 23:20:00,-1.9132791327913274
2024-04-27 23:30:00,-2.2466124661246614
2024-04-27 23:40:00,-1.4688346883468846
2024-04-27 23:50:00,-1.9132791327913274
2024-04-28 00:00:00,-2.4236675700090338
2024-04-28 00:10:00,-2.4236675700090338
2024-04-28 00:20:00,-2.645889792231255
2024-04-28 00:30:00,-2.757000903342366
2024-04-28 00:40:00,-3.312556458897923
2024-04-28 00:50:00,-3.312556458897923
2024-04-28 01:00:00,-1.5537488708220408
2024-04-28 01:10:00,-2.2204155374887087
2024-04-28 01:20:00,-2.8870822041553748
2024-04-28 01:30:00,-4.109304426377598
2024-04-28 01:40:00,-5.44263775971093
2024-04-28 01:50:00,-6.664859981933153
2024-04-28 02:00:00,-4.3102981029810294
2024-04-28 02:10:00,-5.088075880758807
2024-04-28 02:20:00,-5.42140921409214
2024-04-28 02:30:00,-5.9769647696476955
2024-04-28 02:40:00,-6.42140921409214
2024-04-28 02:50:00,-6.532520325203251
2024-04-28 03:00:00,-4.344625112917797
2024-04-28 03:10:00,-4.344625112917797
2024-04-28 03:20:00,-4.789069557362241
2024-04-28 03:30:00,-4.6779584462511306
2024-04-28 03:40:00,-4.789069557362241
2024-04-28 03:50:00,-4.6779584462511306
2024-04-28 04:00:00,-3.4467028003613374
2024-04-28 04:10:00,-3.6689250225835597
2024-04-28 04:20:00,-3.7800361336946713
2024-04-28 04:30:00,-3.7800361336946713
2024-04-28 04:40:00,-4.113369467028004
2024-04-28 04:50:00,-4.002258355916894
2024-04-28 05:00:00,-2.9588979223125564
2024-04-28 05:10:00,-3.0700090334236676
2024-04-28 05:20:00,-2.9588979223125564
2024-04-28 05:30:00,-2.8477868112014457
2024-04-28 05:40:00,-2.9588979223125564
2024-04-28 05:50:00,-2.9588979223125564
2024-04-28 06:00:00,-2.3455284552845534
2024-04-28 06:10:00,-2.2344173441734423
2024-04-28 06:20:00,-2.2344173441734423
2024-04-28 06:30:00,-2.2344173441734423
2024-04-28 06:40:00,-2.678861788617887
2024-04-28 06:50:00,-2.3455284552845534
2024-04-28 07:00:00,-1.4634146341463414
2024-04-28 07:10:00,-1.5745257452574526
2024-04-28 07:20:00,-1.9078590785907856
2024-04-28 07:30:00,-1.796747967479675
2024-04-28 07:40:00,-2.4634146341463414
2024-04-28 07:50:00,-2.6856368563685638
2024-04-28 08:00:00,-1.5198735320686545
2024-04-28 08:10:00,-1.2976513098464322
2024-04-28 08:20:00,-1.186540198735321
2024-04-28 08:30:00,-1.0754290876242099
2024-04-28 08:40:00,-1.2976513098464322
2024-04-28 08:50:00,-1.4087624209575433
2024-04-28 09:00:00,-2.844625112917796
2024-04-28 09:10:00,-2.622402890695574
2024-04-28 09:20:00,-2.066847335140018
2024-04-28 09:30:00,-1.400180668473352
2024-04-28 09:40:00,0.3775971093044266
2024-04-28 09:50:00,1.1553748870822043
2024-04-28 10:00:00,-6.901987353206865
2024-04-28 10:10:00,-4.235320686540199
2024-04-28 10:20:00,-1.9019873532068647
2024-04-28 10:30:00,-0.3464317976513094
2024-04-28 10:40:00,2.209123757904244
2024-04-28 10:50:00,3.54245709123758
2024-04-28 11:00:00,-4.203252032520325
2024-04-28 11:10:00,-2.7588075880758787
2024-04-28 11:20:00,-1.203252032520325
2024-04-28 11:30:00,1.352303523035232
2024-04-28 11:40:00,1.6856368563685642
2024-04-28 11:50:00,3.5745257452574535
2024-04-28 12:00:00,-5.0460704607046125
2024-04-28 12:10:00,-4.0460704607046125
2024-04-28 12:20:00,-2.712737127371277
2024-04-28 12:30:00,-1.6016260162601696
2024-04-28 12:40:00,-0.6016260162601696
2024-04-28 12:50:00,0.2872628726287232
2024-04-28 13:00:00,-8.6639566395664
2024-04-28 13:10:00,-7.441734417344179
2024-04-28 13:20:00,-5.997289972899736
2024-04-28 13:30:00,-4.886178861788622
2024-04-28 13:40:00,-2.441734417344179
2024-04-28 13:50:00,-1.886178861788622
2024-04-28 14:00:00,-8.609756097560975
2024-04-28 14:10:00,-8.165311653116532
2024-04-28 14:20:00,-7.165311653116532
2024-04-28 14:30:00,-6.165311653116532
2024-04-28 14:40:00,-5.498644986449868
2024-04-28 14:50:00,-5.054200542005425
2024-04-28 15:00:00,-8.958897922312552
2024-04-28 15:10:00,-8.51445347786811
2024-04-28 15:20:00,-8.181120144534773
2024-04-28 15:30:00,-7.514453477868109
2024-04-28 15:40:00,-6.514453477868109
2024-04-28 15:50:00,-5.736675700090331
2024-04-28 16:00:00,-9.007678410117428
2024-04-28 16:10:00,-7.5632339656729854
2024-04-28 16:20:00,-6.341011743450764
2024-04-28 16:30:00,-5.341011743450764
2024-04-28 16:40:00,-4.007678410117428
2024-04-28 16:50:00,-3.452122854561871
2024-04-28 17:00:00,-4.344173441734412
2024-04-28 17:10:00,-3.8997289972899694
2024-04-28 17:20:00,-3.233062330623298
2024-04-28 17:30:00,-2.8997289972899694
2024-04-28 17:40:00,-3.3441734417344122
2024-04-28 17:50:00,-4.0108401084010765
2024-04-28 18:00:00,-0.1246612466124688
2024-04-28 18:10:00,-1.3468834688346902
2024-04-28 18:20:00,-2.791327913279133
2024-04-28 18:30:00,-4.569105691056912
2024-04-28 18:40:00,-6.569105691056912
2024-04-28 18:50:00,-7.124661246612469
2024-04-28 19:00:00,-0.5478771454381288
2024-04-28 19:10:00,-3.3256549232159003
2024-04-28 19:20:00,-7.103432700993679
2024-04-28 19:30:00,-9.547877145438129
2024-04-28 19:40:00,-12.214543812104793
2024-04-28 19:50:00,-14.992321589882572
2024-04-28 20:00:00,-5.165311653116529
2024-04-28 20:10:00,-6.720867208672086
2024-04-28 20:20:00,-10.054200542005418
2024-04-28 20:30:00,-13.720867208672086
2024-04-28 20:40:00,-16.831978319783197
2024-04-28 20:50:00,-19.831978319783197
2024-04-28 21:00:00,-9.646793134598012
2024-04-28 21:10:00,-11.5356820234869
2024-04-28 21:20:00,-12.980126467931346
2024-04-28 21:30:00,-14.424570912375788
2024-04-28 21:40:00,-15.5356820234869
2024-04-28 21:50:00,-16.42457091237579
2024-04-28 22:00:00,-10.957994579945797
2024-04-28 22:10:00,-10.957994579945797
2024-04-28 22:20:00,-10.735772357723576
2024-04-28 22:30:00,-11.291327913279131
2024-04-28 22:40:00,-11.513550135501355
2024-04-28 22:50:00,-10.513550135501355
2024-04-28 23:00:00,-10.246612466124661
2024-04-28 23:10:00,-8.357723577235772
2024-04-28 23:20:00,-6.913279132791327
2024-04-28 23:30:00,-6.579945799457995
2024-04-28 23:40:00,-6.468834688346883
2024-04-28 23:50:00,-6.246612466124661
2024-04-29 00:00:00,-6.312556458897923
2024-04-29 00:10:00,-6.312556458897923
2024-04-29 00:20:00,-5.757000903342366
2024-04-29 00:30:00,-6.0903342366757
2024-04-29 00:40:00,-5.868112014453478
2024-04-29 00:50:00,-6.757000903342366
2024-04-29 01:00:00,-4.887082204155375
2024-04-29 01:10:00,-5.44263775971093
2024-04-29 01:20:00,-6.109304426377598
2024-04-29 01:30:00,-6.553748870822041
2024-04-29 01:40:00,-7.109304426377598
2024-04-29 01:50:00,-8.109304426377598
2024-04-29 02:00:00,-5.754742547425473
2024-04-29 02:10:00,-5.754742547425473
2024-04-29 02:20:00,-5.6436314363143625
2024-04-29 02:30:00,-6.199186991869918
2024-04-29 02:40:00,-6.199186991869918
2024-04-29 02:50:00,-6.42140921409214
2024-04-29 03:00:00,-4.011291779584464
2024-04-29 03:10:00,-4.011291779584464
2024-04-29 03:20:00,-4.122402890695574
2024-04-29 03:30:00,-4.6779584462511306
2024-04-29 03:40:00,-4.6779584462511306
2024-04-29 03:50:00,-5.011291779584464
2024-04-29 04:00:00,-3.3355916892502266
2024-04-29 04:10:00,-3.557813911472449
2024-04-29 04:20:00,-3.7800361336946713
2024-04-29 04:30:00,-4.446702800361338
2024-04-29 04:40:00,-4.335591689250227
2024-04-29 04:50:00,-4.113369467028004
2024-04-29 05:00:00,-2.9588979223125564
2024-04-29 05:10:00,-3.0700090334236676
2024-04-29 05:20:00,-3.0700090334236676
2024-04-29 05:30:00,-2.9588979223125564
2024-04-29 05:40:00,-3.29223125564589
2024-04-29 05:50:00,-3.29223125564589
2024-04-29 06:00:00,-2.2344173441734423
2024-04-29 06:10:00,-2.01219512195122
2024-04-29 06:20:00,-1.678861788617887
2024-04-29 06:30:00,-1.4566395663956646
2024-04-29 06:40:00,-1.345528455284553
2024-04-29 06:50:00,-1.2344173441734423
2024-04-29 07:00:00,-0.5745257452574526
2024-04-29 07:10:00,-0.7967479674796749
2024-04-29 07:20:00,-1.0189701897018972
2024-04-29 07:30:00,-1.0189701897018972
2024-04-29 07:40:00,-1.3523035230352303
2024-04-29 07:50:00,-1.3523035230352303
2024-04-29 08:00:00,-0.07542908762420986
2024-04-29 08:10:00,-0.2976513098464322
2024-04-29 08:20:00,-0.6309846431797652
2024-04-29 08:30:00,-0.40876242095754334
2024-04-29 08:40:00,-0.9643179765130987
2024-04-29 08:50:00,-0.9643179765130987
2024-04-29 09:00:00,-2.4001806684733515
2024-04-29 09:10:00,-2.5112917795844627
2024-04-29 09:20:00,-2.177958446251129
2024-04-29 09:30:00,-1.6224028906955739
2024-04-29 09:40:00,-0.06684733514001806
2024-04-29 09:50:00,0.4887082204155373
2024-04-29 10:00:00,-8.013098464317977
2024-04-29 10:10:00,-6.346431797651309
2024-04-29 10:20:00,-4.901987353206865
2024-04-29 10:30:00,-3.3464317976513094
2024-04-29 10:40:00,-2.2353206865401987
2024-04-29 10:50:00,-1.790876242095754
2024-04-29 11:00:00,-10.536585365853657
2024-04-29 11:10:00,-8.9810298102981
2024-04-29 11:20:00,-7.4254742547425465
2024-04-29 11:30:00,-7.092140921409211
2024-04-29 11:40:00,-5.4254742547425465
2024-04-29 11:50:00,-3.9810298102981
2024-04-29 12:00:00,-12.268292682926834
2024-04-29 12:10:00,-11.157181571815723
2024-04-29 12:20:00,-9.934959349593502
2024-04-29 12:30:00,-8.490514905149055
2024-04-29 12:40:00,-7.490514905149055
2024-04-29 12:50:00,-6.823848238482391
2024-04-29 13:00:00,-14.6639566395664
2024-04-29 13:10:00,-12.886178861788622
2024-04-29 13:20:00,-11.219512195121958
2024-04-29 13:30:00,-9.108401084010843
2024-04-29 13:40:00,-7.441734417344179
2024-04-29 13:50:00,-6.552845528455286
2024-04-29 14:00:00,-13.165311653116532
2024-04-29 14:10:00,-12.276422764227647
2024-04-29 14:20:00,-10.943089430894311
2024-04-29 14:30:00,-9.498644986449868
2024-04-29 14:40:00,-8.831978319783204
2024-04-29 14:50:00,-8.387533875338754
2024-04-29 15:00:00,-13.070009033423666
2024-04-29 15:10:00,-12.070009033423666
2024-04-29 15:20:00,-12.51445347786811
2024-04-29 15:30:00,-12.292231255645888
2024-04-29 15:40:00,-11.73667570009033
2024-04-29 15:50:00,-11.625564588979223
2024-04-29 16:00:00,-15.6743450767841
2024-04-29 16:10:00,-15.007678410117428
2024-04-29 16:20:00,-14.6743450767841
2024-04-29 16:30:00,-14.452122854561871
2024-04-29 16:40:00,-13.341011743450764
2024-04-29 16:50:00,-13.118789521228543
2024-04-29 17:00:00,-14.010840108401077
2024-04-29 17:10:00,-13.455284552845526
2024-04-29 17:20:00,-13.344173441734412
2024-04-29 17:30:00,-12.455284552845526
2024-04-29 17:40:00,-13.010840108401077
2024-04-29 17:50:00,-12.344173441734412
2024-04-29 18:00:00,-8.34688346883469
2024-04-29 18:10:00,-8.34688346883469
2024-04-29 18:20:00,-8.791327913279133
2024-04-29 18:30:00,-9.34688346883469
2024-04-29 18:40:00,-9.569105691056912
2024-04-29 18:50:00,-10.013550135501355
2024-04-29 19:00:00,-2.8812104787714574
2024-04-29 19:10:00,-5.547877145438129
2024-04-29 19:20:00,-7.214543812104793
2024-04-29 19:30:00,-9.3256549232159
2024-04-29 19:40:00,-10.992321589882572
2024-04-29 19:50:00,-13.77009936766035
2024-04-29 20:00:00,-1.943089430894311
2024-04-29 20:10:00,-4.387533875338754
2024-04-29 20:20:00,-7.27642276422764
2024-04-29 20:30:00,-11.054200542005418
2024-04-29 20:40:00,-13.609756097560975
2024-04-29 20:50:00,-16.720867208672086
2024-04-29 21:00:00,-6.313459801264678
2024-04-29 21:10:00,-7.869015356820235
2024-04-29 21:20:00,-9.757904245709122
2024-04-29 21:30:00,-11.202348690153567
2024-04-29 21:40:00,-12.5356820234869
2024-04-29 21:50:00,-13.424570912375788
2024-04-29 22:00:00,-7.5135501355013545
2024-04-29 22:10:00,-7.291327913279131
2024-04-29 22:20:00,-7.402439024390242
2024-04-29 22:30:00,-7.624661246612465
2024-04-29 22:40:00,-7.957994579945797
2024-04-29 22:50:00,-6.402439024390242
2024-04-29 23:00:00,-5.579945799457995
2024-04-29 23:10:00,-3.5799457994579953
2024-04-29 23:20:00,-3.5799457994579953
2024-04-29 23:30:00,-3.357723577235772
2024-04-29 23:40:00,-3.5799457994579953
2024-04-29 23:50:00,-3.691056910569106
2024-04-30 00:00:00,-3.757000903342366
2024-04-30 00:10:00,-4.645889792231255
2024-04-30 00:20:00,-5.201445347786811
2024-04-30 00:30:00,-5.979223125564589
2024-04-30 00:40:00,-6.868112014453478
2024-04-30 00:50:00,-8.0903342366757
2024-04-30 01:00:00,-6.331526648599819
2024-04-30 01:10:00,-6.9981933152664855
2024-04-30 01:20:00,-7.553748870822042
2024-04-30 01:30:00,-7.44263775971093
2024-04-30 01:40:00,-7.664859981933152
2024-04-30 01:50:00,-8.33152664859982
2024-04-30 02:00:00,-5.532520325203251
2024-04-30 02:10:00,-5.754742547425473
2024-04-30 02:20:00,-5.9769647696476955
2024-04-30 02:30:00,-6.9769647696476955
2024-04-30 02:40:00,-6.865853658536585
2024-04-30 02:50:00,-7.199186991869918
2024-04-30 03:00:00,-4.233514001806686
2024-04-30 03:10:00,-4.122402890695574
2024-04-30 03:20:00,-4.344625112917797
2024-04-30 03:30:00,-4.344625112917797
2024-04-30 03:40:00,-5.344625112917797
2024-04-30 03:50:00,-5.6779584462511306
2024-04-30 04:00:00,-4.224480578139115
2024-04-30 04:10:00,-4.113369467028004
2024-04-30 04:20:00,-4.002258355916894
2024-04-30 04:30:00,-4.113369467028004
2024-04-30 04:40:00,-3.891147244805782
2024-04-30 04:50:00,-3.891147244805782
2024-04-30 05:00:00,-2.736675700090334
2024-04-30 05:10:00,-2.8477868112014457
2024-04-30 05:20:00,-2.736675700090334
2024-04-30 05:30:00,-2.9588979223125564
2024-04-30 05:40:00,-2.9588979223125564
2024-04-30 05:50:00,-2.9588979223125564
2024-04-30 06:00:00,-2.2344173441734423
2024-04-30 06:10:00,-1.678861788617887
2024-04-30 06:20:00,-1.5677506775067753
2024-04-30 06:30:00,-1.7899728997289976
2024-04-30 06:40:00,-1.678861788617887
2024-04-30 06:50:00,-1.345528455284553
2024-04-30 07:00:00,-0.6856368563685633
2024-04-30 07:10:00,-0.9078590785907856
2024-04-30 07:20:00,-0.9078590785907856
2024-04-30 07:30:00,-1.5745257452574526
2024-04-30 07:40:00,-1.3523035230352303
2024-04-30 07:50:00,-1.5745257452574526
2024-04-30 08:00:00,-0.2976513098464322
2024-04-30 08:10:00,-0.07542908762420986
2024-04-30 08:20:00,-0.18654019873532102
2024-04-30 08:30:00,-0.5198735320686545
2024-04-30 08:40:00,-0.5198735320686545
2024-04-30 08:50:00,-0.8532068654019875
2024-04-30 09:00:00,-2.177958446251129
2024-04-30 09:10:00,-2.066847335140018
2024-04-30 09:20:00,-1.8446251129177962
2024-04-30 09:30:00,-0.8446251129177957
2024-04-30 09:40:00,-0.2890695573622404
2024-04-30 09:50:00,0.8220415537488703
2024-04-30 10:00:00,-7.457542908762421
2024-04-30 10:10:00,-5.679765130984643
2024-04-30 10:20:00,-4.013098464317977
2024-04-30 10:30:00,-2.124209575429088
2024-04-30 10:40:00,-1.2353206865401987
2024-04-30 10:50:00,0.3202348690153567
2024-04-30 11:00:00,-9.09214092140921
2024-04-30 11:10:00,-8.536585365853657
2024-04-30 11:20:00,-7.203252032520325
2024-04-30 11:30:00,-6.9810298102981
2024-04-30 11:40:00,-6.092140921409211
2024-04-30 11:50:00,-5.758807588075879
2024-04-30 12:00:00,-14.490514905149055
2024-04-30 12:10:00,-13.934959349593502
2024-04-30 12:20:00,-13.046070460704613
2024-04-30 12:30:00,-11.823848238482391
2024-04-30 12:40:00,-10.934959349593502
2024-04-30 12:50:00,-9.823848238482391
2024-04-30 13:00:00,-18.219512195121958
2024-04-30 13:10:00,-16.997289972899733
2024-04-30 13:20:00,-15.886178861788622
2024-04-30 13:30:00,-14.108401084010843
2024-04-30 13:40:00,-13.330623306233068
2024-04-30 13:50:00,-12.441734417344179
2024-04-30 14:00:00,-19.276422764227647
2024-04-30 14:10:00,-18.054200542005425
2024-04-30 14:20:00,-16.94308943089431
2024-04-30 14:30:00,-16.165311653116532
2024-04-30 14:40:00,-15.72086720867209
2024-04-30 14:50:00,-14.831978319783204
2024-04-30 15:00:00,-19.847786811201445
2024-04-30 15:10:00,-20.403342366756995
2024-04-30 15:20:00,-20.292231255645888
2024-04-30 15:30:00,-19.958897922312552
2024-04-30 15:40:00,-20.070009033423666
2024-04-30 15:50:00,-20.070009033423666
2024-04-30 16:00:00,-23.22990063233965
2024-04-30 16:10:00,-22.563233965672985
2024-04-30 16:20:00,-21.563233965672985
2024-04-30 16:30:00,-19.6743450767841
2024-04-30 16:40:00,-18.785456187895207
2024-04-30 16:50:00,-17.89656729900632
2024-04-30 17:00:00,-18.677506775067748
2024-04-30 17:10:00,-18.566395663956634
2024-04-30 17:20:00,-18.233062330623298
2024-04-30 17:30:00,-17.89972899728997
2024-04-30 17:40:00,-18.344173441734412
2024-04-30 17:50:00,-17.89972899728997
2024-04-30 18:00:00,-14.680216802168026
2024-04-30 18:10:00,-15.34688346883469
2024-04-30 18:20:00,-16.680216802168026
2024-04-30 18:30:00,-17.791327913279133
2024-04-30 18:40:00,-18.457994579945797
2024-04-30 18:50:00,-21.013550135501355
2024-04-30 19:00:00,-14.214543812104793
2024-04-30 19:10:00,-16.214543812104793
2024-04-30 19:20:00,-17.77009936766035
2024-04-30 19:30:00,-19.325654923215904
2024-04-30 19:40:00,-20.881210478771457
2024-04-30 19:50:00,-22.658988256549236
2024-04-30 20:00:00,-9.831978319783197
2024-04-30 20:10:00,-10.720867208672086
2024-04-30 20:20:00,-13.054200542005418
2024-04-30 20:30:00,-14.27642276422764
2024-04-30 20:40:00,-15.720867208672086
2024-04-30 20:50:00,-16.943089430894307
2024-04-30 21:00:00,-5.424570912375788
2024-04-30 21:10:00,-6.535682023486899
2024-04-30 21:20:00,-8.091237579042456
2024-04-30 21:30:00,-9.424570912375788
2024-04-30 21:40:00,-11.091237579042456
2024-04-30 21:50:00,-11.757904245709122
2024-04-30 22:00:00,-6.06910569105691
2024-04-30 22:10:00,-6.5135501355013545
2024-04-30 22:20:00,-7.291327913279131
2024-04-30 22:30:00,-7.402439024390242
2024-04-30 22:40:00,-6.957994579945797
2024-04-30 22:50:00,-7.291327913279131
2024-04-30 23:00:00,-5.691056910569106
2024-04-30 23:10:00,-4.691056910569106
2024-04-30 23:20:00,-5.246612466124661
2024-04-30 23:30:00,-5.246612466124661
2024-04-30 23:40:00,-5.024390243902438
2024-04-30 23:50:00,-5.246612466124661
2024-05-01 00:00:00,-5.5347786811201445
2024-05-01 00:10:00,-6.312556458897923
2024-05-01 00:20:00,-6.5347786811201445
2024-05-01 00:30:00,-6.979223125564589
2024-05-01 00:40:00,-7.312556458897923
2024-05-01 00:50:00,-7.5347786811201445
2024-05-01 01:00:00,-4.664859981933153
2024-05-01 01:10:00,-4.775971093044264
2024-05-01 01:20:00,-4.775971093044264
2024-05-01 01:30:00,-4.553748870822041
2024-05-01 01:40:00,-4.220415537488709
2024-05-01 01:50:00,-4.109304426377598
2024-05-01 02:00:00,-0.8658536585365848
2024-05-01 02:10:00,-0.9769647696476955
2024-05-01 02:20:00,-0.9769647696476955
2024-05-01 02:30:00,-1.1991869918699187
2024-05-01 02:40:00,-2.0880758807588062
2024-05-01 02:50:00,-1.8658536585365848
2024-05-01 03:00:00,0.6553748870822034
2024-05-01 03:10:00,0.6553748870822034
2024-05-01 03:20:00,0.32204155374886945
2024-05-01 03:30:00,0.09981933152664801
2024-05-01 03:40:00,0.5442637759710927
2024-05-01 03:50:00,0.6553748870822034
2024-05-01 04:00:00,2.2199638663053296
2024-05-01 04:10:00,2.2199638663053296
2024-05-01 04:20:00,1.9977416440831064
2024-05-01 04:30:00,1.9977416440831064
2024-05-01 04:40:00,2.2199638663053296
2024-05-01 04:50:00,2.108852755194217
2024-05-01 05:00:00,2.929990966576333
2024-05-01 05:10:00,2.929990966576333
2024-05-01 05:20:00,2.596657633242999
2024-05-01 05:30:00,2.596657633242999
2024-05-01 05:40:00,1.9299909665763328
2024-05-01 05:50:00,1.7077687443541096
2024-05-01 06:00:00,2.5433604336043363
2024-05-01 06:10:00,2.654471544715447
2024-05-01 06:20:00,2.8766937669376684
2024-05-01 06:30:00,2.7655826558265577
2024-05-01 06:40:00,2.5433604336043363
2024-05-01 06:50:00,1.8766937669376684
2024-05-01 07:00:00,2.4254742547425474
2024-05-01 07:10:00,2.0921409214092144
2024-05-01 07:20:00,1.3143631436314367
2024-05-01 07:30:00,0.869918699186992
2024-05-01 07:40:00,0.869918699186992
2024-05-01 07:50:00,0.6476964769647697
2024-05-01 08:00:00,2.035682023486901
2024-05-01 08:10:00,1.7023486901535678
2024-05-01 08:20:00,1.7023486901535678
2024-05-01 08:30:00,1.591237579042457
2024-05-01 08:40:00,1.3690153568202348
2024-05-01 08:50:00,1.2579042457091232
2024-05-01 09:00:00,0.3775971093044266
2024-05-01 09:10:00,0.8220415537488703
2024-05-01 09:20:00,1.1553748870822043
2024-05-01 09:30:00,2.4887082204155373
2024-05-01 09:40:00,3.0442637759710927
2024-05-01 09:50:00,4.155374887082203
2024-05-01 10:00:00,-3.45754290876242
2024-05-01 10:10:00,-1.124209575429088
2024-05-01 10:20:00,0.9869015356820228
2024-05-01 10:30:00,3.209123757904244
2024-05-01 10:40:00,3.875790424570912
2024-05-01 10:50:00,5.209123757904244
2024-05-01 11:00:00,-3.9810298102981
2024-05-01 11:10:00,-2.647696476964768
2024-05-01 11:20:00,-1.4254742547425465
2024-05-01 11:30:00,0.018970189701899898
2024-05-01 11:40:00,0.9078590785907892
2024-05-01 11:50:00,1.796747967479675
2024-05-01 12:00:00,-6.71273712737128
2024-05-01 12:10:00,-6.157181571815723
2024-05-01 12:20:00,-4.490514905149055
2024-05-01 12:30:00,-3.6016260162601696
2024-05-01 12:40:00,-2.9349593495934982
2024-05-01 12:50:00,-1.3794037940379482
2024-05-01 13:00:00,-9.775067750677515
2024-05-01 13:10:00,-8.219512195121958
2024-05-01 13:20:00,-5.886178861788622
2024-05-01 13:30:00,-4.108401084010843
2024-05-01 13:40:00,-2.7750677506775148
2024-05-01 13:50:00,-1.7750677506775148
2024-05-01 14:00:00,-9.498644986449868
2024-05-01 14:10:00,-8.498644986449868
2024-05-01 14:20:00,-7.609756097560975
2024-05-01 14:30:00,-6.943089430894311
2024-05-01 14:40:00,-6.498644986449868
2024-05-01 14:50:00,-6.387533875338754
2024-05-01 15:00:00,-10.181120144534773
2024-05-01 15:10:00,-11.070009033423666
2024-05-01 15:20:00,-11.292231255645888
2024-05-01 15:30:00,-10.73667570009033
2024-05-01 15:40:00,-10.625564588979223
2024-05-01 15:50:00,-11.292231255645888
2024-05-01 16:00:00,-14.007678410117428
2024-05-01 16:10:00,-13.6743450767841
2024-05-01 16:20:00,-13.22990063233965
2024-05-01 16:30:00,-10.341011743450764
2024-05-01 16:40:00,-9.118789521228543
2024-05-01 16:50:00,-8.118789521228543
2024-05-01 17:00:00,-9.455284552845526
2024-05-01 17:10:00,-9.788617886178855
2024-05-01 17:20:00,-8.344173441734412
2024-05-01 17:30:00,-8.010840108401077
2024-05-01 17:40:00,-7.4552845528455265
2024-05-01 17:50:00,-6.788617886178855
2024-05-01 18:00:00,-2.3468834688346902
2024-05-01 18:10:00,-2.5691056910569117
2024-05-01 18:20:00,-2.124661246612469
2024-05-01 18:30:00,-2.5691056910569117
2024-05-01 18:40:00,-2.5691056910569117
2024-05-01 18:50:00,-5.680216802168026
2024-05-01 19:00:00,0.8965672990063212
2024-05-01 19:10:00,-2.8812104787714574
2024-05-01 19:20:00,-3.7700993676603503
2024-05-01 19:30:00,-5.4367660343270146
2024-05-01 19:40:00,-8.77009936766035
2024-05-01 19:50:00,-9.881210478771457
2024-05-01 20:00:00,1.2791327913279176
2024-05-01 20:10:00,-1.8319783197831967
2024-05-01 20:20:00,-6.609756097560975
2024-05-01 20:30:00,-9.831978319783197
2024-05-01 20:40:00,-12.720867208672086
2024-05-01 20:50:00,-15.054200542005418
2024-05-01 21:00:00,-3.202348690153567
2024-05-01 21:10:00,-6.202348690153567
2024-05-01 21:20:00,-7.757904245709124
2024-05-01 21:30:00,-9.757904245709122
2024-05-01 21:40:00,-10.424570912375788
2024-05-01 21:50:00,-11.202348690153567
2024-05-01 22:00:00,-5.06910569105691
2024-05-01 22:10:00,-5.735772357723576
2024-05-01 22:20:00,-6.957994579945797
2024-05-01 22:30:00,-6.957994579945797
2024-05-01 22:40:00,-7.291327913279131
2024-05-01 22:50:00,-4.846883468834687
2024-05-01 23:00:00,-3.5799457994579953
2024-05-01 23:10:00,-2.024390243902438
2024-05-01 23:20:00,-2.468834688346883
2024-05-01 23:30:00,-3.1355013550135507
2024-05-01 23:40:00,-2.1355013550135507
2024-05-01 23:50:00,-2.2466124661246614
2024-05-02 00:00:00,-4.423667570009034
2024-05-02 00:10:00,-3.5347786811201445
2024-05-02 00:20:00,-4.201445347786811
2024-05-02 00:30:00,-4.201445347786811
2024-05-02 00:40:00,-3.979223125564589
2024-05-02 00:50:00,-4.312556458897923
2024-05-02 01:00:00,-2.44263775971093
2024-05-02 01:10:00,-3.2204155374887087
2024-05-02 01:20:00,-3.6648599819331533
2024-05-02 01:30:00,-4.331526648599819
2024-05-02 01:40:00,-5.553748870822041
2024-05-02 01:50:00,-6.553748870822041
2024-05-02 02:00:00,-3.865853658536585
2024-05-02 02:10:00,-4.42140921409214
2024-05-02 02:20:00,-5.199186991869918
2024-05-02 02:30:00,-5.6436314363143625
2024-05-02 02:40:00,-6.532520325203251
2024-05-02 02:50:00,-6.3102981029810294
2024-05-02 03:00:00,-3.566847335140019
2024-05-02 03:10:00,-3.6779584462511306
2024-05-02 03:20:00,-3.4557362240289082
2024-05-02 03:30:00,-3.3446251129177966
2024-05-02 03:40:00,-3.4557362240289082
2024-05-02 03:50:00,-3.233514001806686
2024-05-02 04:00:00,-1.7800361336946713
2024-05-02 04:10:00,-1.891147244805782
2024-05-02 04:20:00,-1.4467028003613374
2024-05-02 04:30:00,-1.3355916892502266
2024-05-02 04:40:00,-1.557813911472449
2024-05-02 04:50:00,-1.891147244805782
2024-05-02 05:00:00,-0.9588979223125564
2024-05-02 05:10:00,-0.8477868112014457
2024-05-02 05:20:00,-1.1811201445347788
2024-05-02 05:30:00,-1.1811201445347788
2024-05-02 05:40:00,-1.403342366757001
2024-05-02 05:50:00,-1.2922312556458895
2024-05-02 06:00:00,-0.4566395663956646
2024-05-02 06:10:00,-0.2344173441734423
2024-05-02 06:20:00,-0.7899728997289976
2024-05-02 06:30:00,-0.2344173441734423
2024-05-02 06:40:00,-0.2344173441734423
2024-05-02 06:50:00,-0.2344173441734423
2024-05-02 07:00:00,0.4254742547425474
2024-05-02 07:10:00,0.2032520325203251
2024-05-02 07:20:00,-0.35230352303523027
2024-05-02 07:30:00,-0.5745257452574526
2024-05-02 07:40:00,-0.6856368563685633
2024-05-02 07:50:00,-0.6856368563685633
2024-05-02 08:00:00,0.4801264679313455
2024-05-02 08:10:00,0.2579042457091232
2024-05-02 08:20:00,0.03568202348690086
2024-05-02 08:30:00,0.03568202348690086
2024-05-02 08:40:00,-0.40876242095754334
2024-05-02 08:50:00,-0.5198735320686545
2024-05-02 09:00:00,-1.733514001806685
2024-05-02 09:10:00,-1.400180668473352
2024-05-02 09:20:00,-0.8446251129177957
2024-05-02 09:30:00,0.044263775971092656
2024-05-02 09:40:00,0.599819331526648
2024-05-02 09:50:00,2.0442637759710927
2024-05-02 10:00:00,-5.901987353206865
2024-05-02 10:10:00,-4.124209575429088
2024-05-02 10:20:00,-1.6797651309846433
2024-05-02 10:30:00,-0.790876242095754
2024-05-02 10:40:00,0.4313459801264674
2024-05-02 10:50:00,1.3202348690153585
2024-05-02 11:00:00,-7.869918699186989
2024-05-02 11:10:00,-6.4254742547425465
2024-05-02 11:20:00,-5.536585365853657
2024-05-02 11:30:00,-4.536585365853657
2024-05-02 11:40:00,-4.314363143631436
2024-05-02 11:50:00,-3.8699186991869894
2024-05-02 12:00:00,-12.823848238482391
2024-05-02 12:10:00,-12.046070460704613
2024-05-02 12:20:00,-11.379403794037945
2024-05-02 12:30:00,-10.934959349593502
2024-05-02 12:40:00,-9.823848238482391
2024-05-02 12:50:00,-8.268292682926834
2024-05-02 13:00:00,-16.77506775067751
2024-05-02 13:10:00,-14.886178861788622
2024-05-02 13:20:00,-12.997289972899733
2024-05-02 13:30:00,-11.6639566395664
2024-05-02 13:40:00,-10.108401084010843
2024-05-02 13:50:00,-8.552845528455286
2024-05-02 14:00:00,-15.276422764227647
2024-05-02 14:10:00,-13.943089430894311
2024-05-02 14:20:00,-12.387533875338754
2024-05-02 14:30:00,-10.943089430894311
2024-05-02 14:40:00,-8.72086720867209
2024-05-02 14:50:00,-7.609756097560975
2024-05-02 15:00:00,-11.070009033423666
2024-05-02 15:10:00,-9.847786811201445
2024-05-02 15:20:00,-7.847786811201445
2024-05-02 15:30:00,-6.181120144534773
2024-05-02 15:40:00,-5.070009033423666
2024-05-02 15:50:00,-3.514453477868109
2024-05-02 16:00:00,-5.785456187895207
2024-05-02 16:10:00,-6.341011743450764
2024-05-02 16:20:00,-6.22990063233965
2024-05-02 16:30:00,-6.007678410117428
2024-05-02 16:40:00,-7.118789521228543
2024-05-02 16:50:00,-7.896567299006321
2024-05-02 17:00:00,-11.12195121951219
2024-05-02 17:10:00,-11.233062330623298
2024-05-02 17:20:00,-11.89972899728997
2024-05-02 17:30:00,-12.566395663956634
2024-05-02 17:40:00,-11.89972899728997
2024-05-02 17:50:00,-11.89972899728997
2024-05-02 18:00:00,-7.569105691056912
2024-05-02 18:10:00,-7.0135501355013545
2024-05-02 18:20:00,-7.235772357723576
2024-05-02 18:30:00,-6.791327913279133
2024-05-02 18:40:00,-6.457994579945797
2024-05-02 18:50:00,-6.791327913279133
2024-05-02 19:00:00,0.7854561878952069
2024-05-02 19:10:00,0.341011743450764
2024-05-02 19:20:00,-1.4367660343270146
2024-05-02 19:30:00,-2.8812104787714574
2024-05-02 19:40:00,-5.658988256549236
2024-05-02 19:50:00,-7.881210478771457
2024-05-02 20:00:00,2.3902439024390247
2024-05-02 20:10:00,-1.8319783197831967
2024-05-02 20:20:00,-5.720867208672086
2024-05-02 20:30:00,-8.609756097560975
2024-05-02 20:40:00,-11.27642276422764
2024-05-02 20:50:00,-12.943089430894307
2024-05-02 21:00:00,-0.8690153568202348
2024-05-02 21:10:00,-2.3134598012646777
2024-05-02 21:20:00,-2.869015356820235
2024-05-02 21:30:00,-3.869015356820235
2024-05-02 21:40:00,-3.64679313459801
2024-05-02 21:50:00,-3.64679313459801
2024-05-02 22:00:00,3.0420054200542026
2024-05-02 22:10:00,3.0420054200542026
2024-05-02 22:20:00,2.4864498644986455
2024-05-02 22:30:00,1.708672086720867
2024-05-02 22:40:00,1.8197831978319812
2024-05-02 22:50:00,3.0420054200542026
2024-05-02 23:00:00,3.975609756097562
2024-05-02 23:10:00,1.7533875338753404
2024-05-02 23:20:00,0.9756097560975618
2024-05-02 23:30:00,-1.0243902439024382
2024-05-02 23:40:00,-2.357723577235772
2024-05-02 23:50:00,-3.468834688346883
2024-05-03 00:00:00,-2.979223125564589
2024-05-03 00:10:00,-4.0903342366757
2024-05-03 00:20:00,-5.423667570009034
2024-05-03 00:30:00,-6.645889792231255
2024-05-03 00:40:00,-6.868112014453478
2024-05-03 00:50:00,-7.423667570009034
2024-05-03 01:00:00,-5.331526648599819
2024-05-03 01:10:00,-5.775971093044264
2024-05-03 01:20:00,-6.331526648599819
2024-05-03 01:30:00,-6.664859981933153
2024-05-03 01:40:00,-6.44263775971093
2024-05-03 01:50:00,-6.331526648599819
2024-05-03 02:00:00,-3.9769647696476955
2024-05-03 02:10:00,-4.088075880758806
2024-05-03 02:20:00,-4.088075880758806
2024-05-03 02:30:00,-4.532520325203251
2024-05-03 02:40:00,-4.6436314363143625
2024-05-03 02:50:00,-4.865853658536585
2024-05-03 03:00:00,-2.566847335140019
2024-05-03 03:10:00,-2.3446251129177966
2024-05-03 03:20:00,-2.566847335140019
2024-05-03 03:30:00,-2.4557362240289082
2024-05-03 03:40:00,-2.7890695573622413
2024-05-03 03:50:00,-2.6779584462511306
2024-05-03 04:00:00,-1.1133694670280043
2024-05-03 04:10:00,-1.224480578139115
2024-05-03 04:20:00,-1.1133694670280043
2024-05-03 04:30:00,-1.0022583559168936
2024-05-03 04:40:00,-0.7800361336946713
2024-05-03 04:50:00,-0.7800361336946713
2024-05-03 05:00:00,0.2633242999096659
2024-05-03 05:10:00,0.3744354110207766
2024-05-03 05:20:00,0.2633242999096659
2024-05-03 05:30:00,0.04110207768744356
2024-05-03 05:40:00,-0.18112014453477876
2024-05-03 05:50:00,-0.8477868112014457
2024-05-03 06:00:00,-0.6788617886178869
2024-05-03 06:10:00,-0.9010840108401093
2024-05-03 06:20:00,-1.4566395663956646
2024-05-03 06:30:00,-1.7899728997289976
2024-05-03 06:40:00,-2.1233062330623316
2024-05-03 06:50:00,-2.4566395663956646
2024-05-03 07:00:00,-2.018970189701897
2024-05-03 07:10:00,-2.018970189701897
2024-05-03 07:20:00,-2.4634146341463414
2024-05-03 07:30:00,-2.5745257452574526
2024-05-03 07:40:00,-2.9078590785907856
2024-05-03 07:50:00,-2.9078590785907856
2024-05-03 08:00:00,-1.7420957542908764
2024-05-03 08:10:00,-1.9643179765130987
2024-05-03 08:20:00,-1.8532068654019875
2024-05-03 08:30:00,-2.07542908762421
2024-05-03 08:40:00,-2.186540198735321
2024-05-03 08:50:00,-2.07542908762421
2024-05-03 09:00:00,-3.177958446251129
2024-05-03 09:10:00,-2.844625112917796
2024-05-03 09:20:00,-2.2890695573622404
2024-05-03 09:30:00,-2.2890695573622404
2024-05-03 09:40:00,-1.6224028906955739
2024-05-03 09:50:00,-0.17795844625112966
2024-05-03 10:00:00,-8.679765130984643
2024-05-03 10:10:00,-6.901987353206865
2024-05-03 10:20:00,-4.568654019873533
2024-05-03 10:30:00,-2.9019873532068647
2024-05-03 10:40:00,-0.6797651309846433
2024-05-03 10:50:00,1.0980126467931335
2024-05-03 11:00:00,-7.9810298102981
2024-05-03 11:10:00,-5.092140921409211
2024-05-03 11:20:00,-4.092140921409211
2024-05-03 11:30:00,-2.647696476964768
2024-05-03 11:40:00,-1.203252032520325
2024-05-03 11:50:00,-0.4254742547425465
2024-05-03 12:00:00,-9.157181571815723
2024-05-03 12:10:00,-8.268292682926834
2024-05-03 12:20:00,-8.046070460704613
2024-05-03 12:30:00,-7.71273712737128
2024-05-03 12:40:00,-7.60162601626017
2024-05-03 12:50:00,-7.0460704607046125
2024-05-03 13:00:00,-15.55284552845529
2024-05-03 13:10:00,-14.886178861788622
2024-05-03 13:20:00,-13.886178861788622
2024-05-03 13:30:00,-13.330623306233068
2024-05-03 13:40:00,-12.108401084010843
2024-05-03 13:50:00,-11.441734417344179
2024-05-03 14:00:00,-18.94308943089431
2024-05-03 14:10:00,-18.831978319783204
2024-05-03 14:20:00,-18.054200542005425
2024-05-03 14:30:00,-17.498644986449868
2024-05-03 14:40:00,-17.498644986449868
2024-05-03 14:50:00,-17.498644986449868
2024-05-03 15:00:00,-22.070009033423666
2024-05-03 15:10:00,-22.292231255645888
2024-05-03 15:20:00,-22.51445347786811
2024-05-03 15:30:00,-23.403342366756995
2024-05-03 15:40:00,-23.403342366756995
2024-05-03 15:50:00,-22.847786811201445
2024-05-03 16:00:00,-26.341011743450764
2024-05-03 16:10:00,-25.45212285456187
2024-05-03 16:20:00,-24.45212285456187
2024-05-03 16:30:00,-23.785456187895207
2024-05-03 16:40:00,-23.45212285456187
2024-05-03 16:50:00,-22.785456187895207
2024-05-03 17:00:00,-24.12195121951219
2024-05-03 17:10:00,-24.455284552845526
2024-05-03 17:20:00,-24.233062330623298
2024-05-03 17:30:00,-24.455284552845526
2024-05-03 17:40:00,-24.566395663956634
2024-05-03 17:50:00,-24.89972899728997
2024-05-03 18:00:00,-22.12466124661247
2024-05-03 18:10:00,-23.457994579945797
2024-05-03 18:20:00,-24.34688346883469
2024-05-03 18:30:00,-24.680216802168026
2024-05-03 18:40:00,-26.235772357723576
2024-05-03 18:50:00,-28.013550135501355
2024-05-03 19:00:00,-20.658988256549236
2024-05-03 19:10:00,-21.214543812104793
2024-05-03 19:20:00,-22.325654923215904
2024-05-03 19:30:00,-23.881210478771457
2024-05-03 19:40:00,-25.770099367660347
2024-05-03 19:50:00,-27.325654923215904
2024-05-03 20:00:00,-15.27642276422764
2024-05-03 20:10:00,-17.387533875338754
2024-05-03 20:20:00,-19.054200542005418
2024-05-03 20:30:00,-20.498644986449865
2024-05-03 20:40:00,-20.831978319783197
2024-05-03 20:50:00,-21.943089430894307
2024-05-03 21:00:00,-10.202348690153567
2024-05-03 21:10:00,-11.313459801264678
2024-05-03 21:20:00,-12.313459801264678
2024-05-03 21:30:00,-13.424570912375788
2024-05-03 21:40:00,-14.202348690153567
2024-05-03 21:50:00,-14.202348690153567
2024-05-03 22:00:00,-7.846883468834687
2024-05-03 22:10:00,-8.846883468834687
2024-05-03 22:20:00,-9.291327913279131
2024-05-03 22:30:00,-9.402439024390242
2024-05-03 22:40:00,-8.846883468834687
2024-05-03 22:50:00,-8.291327913279131
2024-05-03 23:00:00,-7.135501355013551
2024-05-03 23:10:00,-6.802168021680217
2024-05-03 23:20:00,-6.691056910569106
2024-05-03 23:30:00,-7.024390243902438
2024-05-03 23:40:00,-6.913279132791327
2024-05-03 23:50:00,-7.024390243902438
2024-05-04 00:00:00,-8.0903342366757
2024-05-04 00:10:00,-8.312556458897923
2024-05-04 00:20:00,-8.312556458897923
2024-05-04 00:30:00,-8.868112014453478
2024-05-04 00:40:00,-8.534778681120144
2024-05-04 00:50:00,-8.757000903342366
2024-05-04 01:00:00,-6.775971093044264
2024-05-04 01:10:00,-6.9981933152664855
2024-05-04 01:20:00,-7.44263775971093
2024-05-04 01:30:00,-7.775971093044264
2024-05-04 01:40:00,-7.775971093044264
2024-05-04 01:50:00,-7.998193315266486
2024-05-04 02:00:00,-4.9769647696476955
2024-05-04 02:10:00,-5.42140921409214
2024-05-04 02:20:00,-5.3102981029810294
2024-05-04 02:30:00,-5.6436314363143625
2024-05-04 02:40:00,-5.754742547425473
2024-05-04 02:50:00,-5.865853658536585
2024-05-04 03:00:00,-3.1224028906955743
2024-05-04 03:10:00,-3.0112917795844636
2024-05-04 03:20:00,-2.900180668473352
2024-05-04 03:30:00,-3.1224028906955743
2024-05-04 03:40:00,-3.233514001806686
2024-05-04 03:50:00,-3.4557362240289082
2024-05-04 04:00:00,-1.891147244805782
2024-05-04 04:10:00,-2.1133694670280043
2024-05-04 04:20:00,-1.6689250225835597
2024-05-04 04:30:00,-1.891147244805782
2024-05-04 04:40:00,-1.7800361336946713
2024-05-04 04:50:00,-1.7800361336946713
2024-05-04 05:00:00,-0.8477868112014457
2024-05-04 05:10:00,-0.9588979223125564
2024-05-04 05:20:00,-0.9588979223125564
2024-05-04 05:30:00,-0.9588979223125564
2024-05-04 05:40:00,-0.9588979223125564
2024-05-04 05:50:00,-0.9588979223125564
2024-05-04 06:00:00,-0.345528455284553
2024-05-04 06:10:00,-0.012195121951219967
2024-05-04 06:20:00,-0.2344173441734423
2024-05-04 06:30:00,0.09891598915989075
2024-05-04 06:40:00,-0.012195121951219967
2024-05-04 06:50:00,-0.4566395663956646
2024-05-04 07:00:00,0.2032520325203251
2024-05-04 07:10:00,-0.24119241192411955
2024-05-04 07:20:00,-0.463414634146341
2024-05-04 07:30:00,-0.35230352303523027
2024-05-04 07:40:00,-0.24119241192411955
2024-05-04 07:50:00,-0.463414634146341
2024-05-04 08:00:00,0.7023486901535678
2024-05-04 08:10:00,0.14679313459801246
2024-05-04 08:20:00,0.03568202348690086
2024-05-04 08:30:00,-0.18654019873532102
2024-05-04 08:40:00,-0.5198735320686545
2024-05-04 08:50:00,-0.18654019873532102
2024-05-04 09:00:00,-1.2890695573622404
2024-05-04 09:10:00,-1.066847335140018
2024-05-04 09:20:00,-0.6224028906955734
2024-05-04 09:30:00,-0.5112917795844627
2024-05-04 09:40:00,0.15537488708220426
2024-05-04 09:50:00,1.266485998193315
2024-05-04 10:00:00,-6.790876242095754
2024-05-04 10:10:00,-5.124209575429088
2024-05-04 10:20:00,-3.45754290876242
2024-05-04 10:30:00,-2.3464317976513094
2024-05-04 10:40:00,-0.790876242095754
2024-05-04 10:50:00,-0.013098464317977232
2024-05-04 11:00:00,-8.86991869918699
2024-05-04 11:10:00,-7.536585365853657
2024-05-04 11:20:00,-5.9810298102981
2024-05-04 11:30:00,-4.758807588075879
2024-05-04 11:40:00,-3.4254742547425465
2024-05-04 11:50:00,-2.314363143631436
2024-05-04 12:00:00,-10.379403794037945
2024-05-04 12:10:00,-8.823848238482391
2024-05-04 12:20:00,-6.934959349593502
2024-05-04 12:30:00,-5.157181571815723
2024-05-04 12:40:00,-3.4905149051490554
2024-05-04 12:50:00,-1.7127371273712768
2024-05-04 13:00:00,-9.441734417344179
2024-05-04 13:10:00,-7.330623306233065
2024-05-04 13:20:00,-5.441734417344179
2024-05-04 13:30:00,-4.219512195121958
2024-05-04 13:40:00,-2.5528455284552862
2024-05-04 13:50:00,-1.5528455284552862
2024-05-04 14:00:00,-8.165311653116532
2024-05-04 14:10:00,-7.165311653116532
2024-05-04 14:20:00,-6.276422764227647
2024-05-04 14:30:00,-5.943089430894311
2024-05-04 14:40:00,-5.831978319783204
2024-05-04 14:50:00,-5.276422764227647
2024-05-04 15:00:00,-9.73667570009033
2024-05-04 15:10:00,-8.958897922312552
2024-05-04 15:20:00,-9.51445347786811
2024-05-04 15:30:00,-9.847786811201445
2024-05-04 15:40:00,-10.625564588979223
2024-05-04 15:50:00,-10.292231255645888
2024-05-04 16:00:00,-15.007678410117428
2024-05-04 16:10:00,-15.563233965672985
2024-05-04 16:20:00,-16.118789521228543
2024-05-04 16:30:00,-16.89656729900632
2024-05-04 16:40:00,-17.341011743450764
2024-05-04 16:50:00,-18.22990063233965
2024-05-04 17:00:00,-20.89972899728997
2024-05-04 17:10:00,-21.89972899728997
2024-05-04 17:20:00,-23.344173441734412
2024-05-04 17:30:00,-24.677506775067748
2024-05-04 17:40:00,-26.233062330623298
2024-05-04 17:50:00,-27.344173441734412
2024-05-04 18:00:00,-25.56910569105691
2024-05-04 18:10:00,-27.12466124661247
2024-05-04 18:20:00,-29.23577235772358
2024-05-04 18:30:00,-31.23577235772358
2024-05-04 18:40:00,-33.013550135501355
2024-05-04 18:50:00,-35.56910569105691
2024-05-04 19:00:00,-27.547877145438125
2024-05-04 19:10:00,-28.658988256549236
2024-05-04 19:20:00,-29.547877145438125
2024-05-04 19:30:00,-31.103432700993682
2024-05-04 19:40:00,-31.881210478771457
2024-05-04 19:50:00,-32.88121047877146
2024-05-04 20:00:00,-20.16531165311653
2024-05-04 20:10:00,-21.49864498644986
2024-05-04 20:20:00,-22.49864498644986
2024-05-04 20:30:00,-23.054200542005418
2024-05-04 20:40:00,-23.609756097560975
2024-05-04 20:50:00,-24.387533875338754
2024-05-04 21:00:00,-12.424570912375788
2024-05-04 21:10:00,-12.869015356820233
2024-05-04 21:20:00,-13.980126467931346
2024-05-04 21:30:00,-14.313459801264678
2024-05-04 21:40:00,-14.646793134598012
2024-05-04 21:50:00,-14.5356820234869
2024-05-04 22:00:00,-8.06910569105691
2024-05-04 22:10:00,-8.402439024390242
2024-05-04 22:20:00,-8.957994579945797
2024-05-04 22:30:00,-8.18021680216802
2024-05-04 22:40:00,-7.291327913279131
2024-05-04 22:50:00,-6.402439024390242
2024-05-04 23:00:00,-5.913279132791327
2024-05-04 23:10:00,-5.357723577235772
2024-05-04 23:20:00,-5.691056910569106
2024-05-04 23:30:00,-5.691056910569106
2024-05-04 23:40:00,-5.691056910569106
2024-05-04 23:50:00,-5.357723577235772
2024-05-05 00:00:00,-5.979223125564589
2024-05-05 00:10:00,-6.312556458897923
2024-05-05 00:20:00,-6.423667570009034
2024-05-05 00:30:00,-6.5347786811201445
2024-05-05 00:40:00,-6.423667570009034
2024-05-05 00:50:00,-6.5347786811201445
2024-05-05 01:00:00,-4.9981933152664855
2024-05-05 01:10:00,-5.44263775971093
2024-05-05 01:20:00,-6.220415537488709
2024-05-05 01:30:00,-6.553748870822041
2024-05-05 01:40:00,-6.887082204155375
2024-05-05 01:50:00,-6.887082204155375
2024-05-05 02:00:00,-4.42140921409214
2024-05-05 02:10:00,-4.754742547425473
2024-05-05 02:20:00,-5.088075880758807
2024-05-05 02:30:00,-5.6436314363143625
2024-05-05 02:40:00,-5.532520325203251
2024-05-05 02:50:00,-5.42140921409214
2024-05-05 03:00:00,-3.1224028906955743
2024-05-05 03:10:00,-3.1224028906955743
2024-05-05 03:20:00,-3.1224028906955743
2024-05-05 03:30:00,-3.566847335140019
2024-05-05 03:40:00,-3.3446251129177966
2024-05-05 03:50:00,-3.4557362240289082
2024-05-05 04:00:00,-1.7800361336946713
2024-05-05 04:10:00,-2.1133694670280043
2024-05-05 04:20:00,-2.1133694670280043
2024-05-05 04:30:00,-2.1133694670280043
2024-05-05 04:40:00,-2.0022583559168936
2024-05-05 04:50:00,-1.7800361336946713
2024-05-05 05:00:00,-1.0700090334236672
2024-05-05 05:10:00,-1.403342366757001
2024-05-05 05:20:00,-1.6255645889792234
2024-05-05 05:30:00,-1.7366757000903341
2024-05-05 05:40:00,-1.6255645889792234
2024-05-05 05:50:00,-2.2922312556458895
2024-05-05 06:00:00,-1.345528455284553
2024-05-05 06:10:00,-1.4566395663956646
2024-05-05 06:20:00,-1.4566395663956646
2024-05-05 06:30:00,-1.4566395663956646
2024-05-05 06:40:00,-1.678861788617887
2024-05-05 06:50:00,-1.7899728997289976
2024-05-05 07:00:00,-1.0189701897018972
2024-05-05 07:10:00,-1.130081300813008
2024-05-05 07:20:00,-1.130081300813008
2024-05-05 07:30:00,-1.130081300813008
2024-05-05 07:40:00,-0.7967479674796749
2024-05-05 07:50:00,-0.9078590785907856
2024-05-05 08:00:00,0.14679313459801246
2024-05-05 08:10:00,0.03568202348690086
2024-05-05 08:20:00,-0.07542908762420986
2024-05-05 08:30:00,-0.18654019873532102
2024-05-05 08:40:00,-0.18654019873532102
2024-05-05 08:50:00,-0.2976513098464322
2024-05-05 09:00:00,-1.400180668473352
2024-05-05 09:10:00,-1.1779584462511297
2024-05-05 09:20:00,-1.066847335140018
2024-05-05 09:30:00,-1.1779584462511297
2024-05-05 09:40:00,-0.17795844625112966
2024-05-05 09:50:00,1.0442637759710927
2024-05-05 10:00:00,-7.013098464317977
2024-05-05 10:10:00,-5.124209575429088
2024-05-05 10:20:00,-4.013098464317977
2024-05-05 10:30:00,-2.5686540198735326
2024-05-05 10:40:00,-1.5686540198735326
2024-05-05 10:50:00,-0.23532068654019866
2024-05-05 11:00:00,-9.536585365853657
2024-05-05 11:10:00,-8.9810298102981
2024-05-05 11:20:00,-7.869918699186989
2024-05-05 11:30:00,-6.4254742547425465
2024-05-05 11:40:00,-5.536585365853657
2024-05-05 11:50:00,-4.314363143631436
2024-05-05 12:00:00,-12.60162601626017
2024-05-05 12:10:00,-10.934959349593502
2024-05-05 12:20:00,-10.157181571815723
2024-05-05 12:30:00,-9.046070460704613
2024-05-05 12:40:00,-8.046070460704613
2024-05-05 12:50:00,-6.0460704607046125
2024-05-05 13:00:00,-14.330623306233068
2024-05-05 13:10:00,-12.330623306233065
2024-05-05 13:20:00,-11.330623306233065
2024-05-05 13:30:00,-10.108401084010843
2024-05-05 13:40:00,-9.108401084010843
2024-05-05 13:50:00,-8.108401084010843
2024-05-05 14:00:00,-14.943089430894311
2024-05-05 14:10:00,-14.165311653116532
2024-05-05 14:20:00,-13.498644986449868
2024-05-05 14:30:00,-13.387533875338754
2024-05-05 14:40:00,-13.054200542005425
2024-05-05 14:50:00,-12.498644986449868
2024-05-05 15:00:00,-16.73667570009033
2024-05-05 15:10:00,-15.847786811201445
2024-05-05 15:20:00,-15.625564588979223
2024-05-05 15:30:00,-15.181120144534773
2024-05-05 15:40:00,-14.403342366756995
2024-05-05 15:50:00,-13.847786811201445
2024-05-05 16:00:00,-17.45212285456187
2024-05-05 16:10:00,-16.563233965672985
2024-05-05 16:20:00,-16.563233965672985
2024-05-05 16:30:00,-16.563233965672985
2024-05-05 16:40:00,-16.785456187895207
2024-05-05 16:50:00,-17.563233965672985
2024-05-05 17:00:00,-20.010840108401077
2024-05-05 17:10:00,-21.12195121951219
2024-05-05 17:20:00,-22.455284552845526
2024-05-05 17:30:00,-22.788617886178855
2024-05-05 17:40:00,-23.788617886178855
2024-05-05 17:50:00,-25.12195121951219
2024-05-05 18:00:00,-22.791327913279133
2024-05-05 18:10:00,-24.34688346883469
2024-05-05 18:20:00,-25.013550135501355
2024-05-05 18:30:00,-26.680216802168026
2024-05-05 18:40:00,-28.4579945799458
2024-05-05 18:50:00,-30.34688346883469
2024-05-05 19:00:00,-22.103432700993682
2024-05-05 19:10:00,-23.325654923215904
2024-05-05 19:20:00,-24.436766034327015
2024-05-05 19:30:00,-26.103432700993682
2024-05-05 19:40:00,-26.658988256549236
2024-05-05 19:50:00,-27.99232158988257
2024-05-05 20:00:00,-16.387533875338754
2024-05-05 20:10:00,-18.498644986449865
2024-05-05 20:20:00,-20.16531165311653
2024-05-05 20:30:00,-22.054200542005418
2024-05-05 20:40:00,-23.054200542005418
2024-05-05 20:50:00,-24.165311653116532
2024-05-05 21:00:00,-12.5356820234869
2024-05-05 21:10:00,-13.313459801264678
2024-05-05 21:20:00,-14.424570912375788
2024-05-05 21:30:00,-14.869015356820233
2024-05-05 21:40:00,-15.424570912375788
2024-05-05 21:50:00,-15.5356820234869
2024-05-05 22:00:00,-9.402439024390242
2024-05-05 22:10:00,-9.624661246612465
2024-05-05 22:20:00,-8.735772357723576
2024-05-05 22:30:00,-8.624661246612465
2024-05-05 22:40:00,-6.957994579945797
2024-05-05 22:50:00,-5.624661246612465
2024-05-05 23:00:00,-5.579945799457995
2024-05-05 23:10:00,-5.135501355013551
2024-05-05 23:20:00,-4.579945799457995
2024-05-05 23:30:00,-4.357723577235772
2024-05-05 23:40:00,-4.357723577235772
2024-05-05 23:50:00,-3.691056910569106
2024-05-06 00:00:00,-2.757000903342366
2024-05-06 00:10:00,-1.9792231255645891
2024-05-06 00:20:00,-2.4236675700090338
2024-05-06 00:30:00,-2.4236675700090338
2024-05-06 00:40:00,-1.8681120144534784
2024-05-06 00:50:00,-1.0903342366757016
2024-05-06 01:00:00,1.6684733514001806
2024-05-06 01:10:00,1.5573622402890699
2024-05-06 01:20:00,0.5573622402890699
2024-05-06 01:30:00,0.5573622402890699
2024-05-06 01:40:00,1.3351400180668485
2024-05-06 01:50:00,1.0018066847335128
2024-05-06 02:00:00,3.3563685636856384
2024-05-06 02:10:00,3.6897018970189706
2024-05-06 02:20:00,3.467479674796749
2024-05-06 02:30:00,2.8008130081300813
2024-05-06 02:40:00,2.0230352303523045
2024-05-06 02:50:00,2.245257452574526
2024-05-06 03:00:00,4.210930442637759
2024-05-06 03:10:00,2.9887082204155373
2024-05-06 03:20:00,2.2109304426377587
2024-05-06 03:30:00,2.099819331526648
2024-05-06 03:40:00,1.8775971093044248
2024-05-06 03:50:00,1.4331526648599802
2024-05-06 04:00:00,2.442186088527551
2024-05-06 04:10:00,1.9977416440831064
2024-05-06 04:20:00,1.6644083107497742
2024-05-06 04:30:00,0.9977416440831064
2024-05-06 04:40:00,-0.0022583559168936063
2024-05-06 04:50:00,-0.44670280036133736
2024-05-06 05:00:00,-0.5144534778681118
2024-05-06 05:10:00,-1.8477868112014457
2024-05-06 05:20:00,-2.9588979223125564
2024-05-06 05:30:00,-3.514453477868112
2024-05-06 05:40:00,-3.8477868112014453
2024-05-06 05:50:00,-4.070009033423668
2024-05-06 06:00:00,-3.2344173441734423
2024-05-06 06:10:00,-3.4566395663956646
2024-05-06 06:20:00,-3.01219512195122
2024-05-06 06:30:00,-3.4566395663956646
2024-05-06 06:40:00,-3.678861788617887
2024-05-06 06:50:00,-3.901084010840109
2024-05-06 07:00:00,-3.241192411924119
2024-05-06 07:10:00,-3.3523035230352303
2024-05-06 07:20:00,-3.6856368563685633
2024-05-06 07:30:00,-3.4634146341463414
2024-05-06 07:40:00,-3.130081300813008
2024-05-06 07:50:00,-2.9078590785907856
2024-05-06 08:00:00,-1.7420957542908764
2024-05-06 08:10:00,-1.8532068654019875
2024-05-06 08:20:00,-1.6309846431797652
2024-05-06 08:30:00,-1.9643179765130987
2024-05-06 08:40:00,-1.9643179765130987
2024-05-06 08:50:00,-1.9643179765130987
2024-05-06 09:00:00,-3.066847335140018
2024-05-06 09:10:00,-2.4001806684733515
2024-05-06 09:20:00,-2.4001806684733515
2024-05-06 09:30:00,-1.8446251129177962
2024-05-06 09:40:00,-0.5112917795844627
2024-05-06 09:50:00,1.0442637759710927
2024-05-06 10:00:00,-6.901987353206865
2024-05-06 10:10:00,-4.346431797651309
2024-05-06 10:20:00,-3.2353206865401987
2024-05-06 10:30:00,-1.6797651309846433
2024-05-06 10:40:00,-0.12420957542908795
2024-05-06 10:50:00,1.2091237579042442
2024-05-06 11:00:00,-8.09214092140921
2024-05-06 11:10:00,-7.092140921409211
2024-05-06 11:20:00,-5.536585365853657
2024-05-06 11:30:00,-4.314363143631436
2024-05-06 11:40:00,-3.5365853658536572
2024-05-06 11:50:00,-2.4254742547425465
2024-05-06 12:00:00,-10.490514905149055
2024-05-06 12:10:00,-8.934959349593502
2024-05-06 12:20:00,-7.60162601626017
2024-05-06 12:30:00,-6.0460704607046125
2024-05-06 12:40:00,-4.823848238482391
2024-05-06 12:50:00,-1.6016260162601696
2024-05-06 13:00:00,-8.775067750677515
2024-05-06 13:10:00,-6.886178861788622
2024-05-06 13:20:00,-5.219512195121958
2024-05-06 13:30:00,-4.108401084010843
2024-05-06 13:40:00,-3.330623306233065
2024-05-06 13:50:00,-2.1084010840108434
2024-05-06 14:00:00,-8.72086720867209
2024-05-06 14:10:00,-7.7208672086720895
2024-05-06 14:20:00,-6.609756097560975
2024-05-06 14:30:00,-5.609756097560975
2024-05-06 14:40:00,-4.831978319783204
2024-05-06 14:50:00,-3.943089430894311
2024-05-06 15:00:00,-7.847786811201445
2024-05-06 15:10:00,-6.292231255645888
2024-05-06 15:20:00,-5.736675700090331
2024-05-06 15:30:00,-5.181120144534773
2024-05-06 15:40:00,-3.7366757000903306
2024-05-06 15:50:00,-3.403342366756995
2024-05-06 16:00:00,-6.896567299006321
2024-05-06 16:10:00,-5.896567299006321
2024-05-06 16:20:00,-5.22990063233965
2024-05-06 16:30:00,-4.6743450767841
2024-05-06 16:40:00,-4.118789521228543
2024-05-06 16:50:00,-4.007678410117428
2024-05-06 17:00:00,-5.121951219512191
2024-05-06 17:10:00,-4.788617886178855
2024-05-06 17:20:00,-5.233062330623298
2024-05-06 17:30:00,-5.4552845528455265
2024-05-06 17:40:00,-6.344173441734412
2024-05-06 17:50:00,-7.677506775067748
2024-05-06 18:00:00,-5.34688346883469
2024-05-06 18:10:00,-6.680216802168026
2024-05-06 18:20:00,-7.680216802168026
2024-05-06 18:30:00,-9.680216802168026
2024-05-06 18:40:00,-12.569105691056912
2024-05-06 18:50:00,-15.013550135501355
2024-05-06 19:00:00,-7.214543812104793
2024-05-06 19:10:00,-8.547877145438129
2024-05-06 19:20:00,-11.103432700993679
2024-05-06 19:30:00,-13.214543812104793
2024-05-06 19:40:00,-15.214543812104793
2024-05-06 19:50:00,-17.3256549232159
2024-05-06 20:00:00,-7.27642276422764
2024-05-06 20:10:00,-9.165311653116529
2024-05-06 20:20:00,-11.387533875338754
2024-05-06 20:30:00,-13.943089430894307
2024-05-06 20:40:00,-15.609756097560975
2024-05-06 20:50:00,-17.387533875338754
2024-05-06 21:00:00,-6.535682023486899
2024-05-06 21:10:00,-8.757904245709122
2024-05-06 21:20:00,-10.202348690153567
2024-05-06 21:30:00,-11.980126467931346
2024-05-06 21:40:00,-12.980126467931346
2024-05-06 21:50:00,-13.757904245709122
2024-05-06 22:00:00,-8.291327913279131
2024-05-06 22:10:00,-8.735772357723576
2024-05-06 22:20:00,-8.513550135501355
2024-05-06 22:30:00,-7.846883468834687
2024-05-06 22:40:00,-5.291327913279131
2024-05-06 22:50:00,-4.5135501355013545
2024-05-06 23:00:00,-3.8021680216802167
2024-05-06 23:10:00,-4.357723577235772
2024-05-06 23:20:00,-4.468834688346883
2024-05-06 23:30:00,-3.5799457994579953
2024-05-06 23:40:00,-4.024390243902438
2024-05-06 23:50:00,-3.691056910569106
2024-05-07 00:00:00,-3.979223125564589
2024-05-07 00:10:00,-3.645889792231255
2024-05-07 00:20:00,-4.312556458897923
2024-05-07 00:30:00,-4.645889792231255
2024-05-07 00:40:00,-4.757000903342366
2024-05-07 00:50:00,-5.201445347786811
2024-05-07 01:00:00,-2.8870822041553748
2024-05-07 01:10:00,-3.553748870822041
2024-05-07 01:20:00,-4.44263775971093
2024-05-07 01:30:00,-4.775971093044264
2024-05-07 01:40:00,-4.664859981933153
2024-05-07 01:50:00,-4.9981933152664855
2024-05-07 02:00:00,-2.532520325203251
2024-05-07 02:10:00,-2.0880758807588062
2024-05-07 02:20:00,-2.6436314363143616
2024-05-07 02:30:00,-2.754742547425474
2024-05-07 02:40:00,-3.3102981029810294
2024-05-07 02:50:00,-2.754742547425474
2024-05-07 03:00:00,-0.2335140018066859
2024-05-07 03:10:00,-1.233514001806686
2024-05-07 03:20:00,-1.6779584462511306
2024-05-07 03:30:00,-2.566847335140019
2024-05-07 03:40:00,-2.3446251129177966
2024-05-07 03:50:00,-2.6779584462511306
2024-05-07 04:00:00,-1.0022583559168936
2024-05-07 04:10:00,-1.0022583559168936
2024-05-07 04:20:00,-1.1133694670280043
2024-05-07 04:30:00,-1.224480578139115
2024-05-07 04:40:00,-1.6689250225835597
2024-05-07 04:50:00,-1.7800361336946713
2024-05-07 05:00:00,-0.6255645889792234
2024-05-07 05:10:00,-0.5144534778681118
2024-05-07 05:20:00,-0.8477868112014457
2024-05-07 05:30:00,-0.7366757000903341
2024-05-07 05:40:00,-0.6255645889792234
2024-05-07 05:50:00,-0.5144534778681118
2024-05-07 06:00:00,-0.2344173441734423
2024-05-07 06:10:00,-0.2344173441734423
2024-05-07 06:20:00,0.09891598915989075
2024-05-07 06:30:00,-0.012195121951219967
2024-05-07 06:40:00,-0.345528455284553
2024-05-07 06:50:00,-0.345528455284553
2024-05-07 07:00:00,0.3143631436314367
2024-05-07 07:10:00,-0.13008130081300795
2024-05-07 07:20:00,-0.24119241192411955
2024-05-07 07:30:00,-0.13008130081300795
2024-05-07 07:40:00,-0.35230352303523027
2024-05-07 07:50:00,-0.35230352303523027
2024-05-07 08:00:00,0.4801264679313455
2024-05-07 08:10:00,0.3690153568202348
2024-05-07 08:20:00,0.14679313459801246
2024-05-07 08:30:00,0.14679313459801246
2024-05-07 08:40:00,-0.18654019873532102
2024-05-07 08:50:00,0.14679313459801246
2024-05-07 09:00:00,-1.2890695573622404
2024-05-07 09:10:00,-1.066847335140018
2024-05-07 09:20:00,-0.9557362240289073
2024-05-07 09:30:00,-0.17795844625112966
2024-05-07 09:40:00,0.8220415537488703
2024-05-07 09:50:00,2.1553748870822043
2024-05-07 10:00:00,-5.679765130984643
2024-05-07 10:10:00,-4.346431797651309
2024-05-07 10:20:00,-2.6797651309846433
2024-05-07 10:30:00,-0.6797651309846433
2024-05-07 10:40:00,1.0980126467931335
2024-05-07 10:50:00,2.875790424570912
2024-05-07 11:00:00,-6.092140921409211
2024-05-07 11:10:00,-4.203252032520325
2024-05-07 11:20:00,-2.647696476964768
2024-05-07 11:30:00,-0.7588075880758787
2024-05-07 11:40:00,1.0189701897019
2024-05-07 11:50:00,3.2411924119241213
2024-05-07 12:00:00,-4.157181571815723
2024-05-07 12:10:00,-2.6016260162601696
2024-05-07 12:20:00,-0.3794037940379482
2024-05-07 12:30:00,1.5094850948509446
2024-05-07 12:40:00,3.9539295392953875
2024-05-07 12:50:00,6.842818428184273
2024-05-07 13:00:00,-0.9972899728997362
2024-05-07 13:10:00,1.2249322493224852
2024-05-07 13:20:00,2.4471544715447138
2024-05-07 13:30:00,4.3360433604335995
2024-05-07 13:40:00,4.669376693766935
2024-05-07 13:50:00,5.891598915989157
2024-05-07 14:00:00,-2.0542005420054252
2024-05-07 14:10:00,-1.1653116531165324
2024-05-07 14:20:00,0.39024390243902474
2024-05-07 14:30:00,0.27913279132791047
2024-05-07 14:40:00,0.39024390243902474
2024-05-07 14:50:00,1.1680216802167962
2024-05-07 15:00:00,-2.403342366756995
2024-05-07 15:10:00,-1.4033423667569949
2024-05-07 15:20:00,-1.4033423667569949
2024-05-07 15:30:00,-0.6255645889792234
2024-05-07 15:40:00,-0.2922312556458877
2024-05-07 15:50:00,-0.5144534778681091
2024-05-07 16:00:00,-3.6743450767840997
2024-05-07 16:10:00,-3.1187895212285426
2024-05-07 16:20:00,-2.6743450767840997
2024-05-07 16:30:00,-2.1187895212285426
2024-05-07 16:40:00,-2.785456187895207
2024-05-07 16:50:00,-2.785456187895207
2024-05-07 17:00:00,-4.899728997289969
2024-05-07 17:10:00,-5.233062330623298
2024-05-07 17:20:00,-5.121951219512191
2024-05-07 17:30:00,-5.788617886178855
2024-05-07 17:40:00,-7.0108401084010765
2024-05-07 17:50:00,-8.344173441734412
2024-05-07 18:00:00,-6.124661246612469
2024-05-07 18:10:00,-6.569105691056912
2024-05-07 18:20:00,-8.235772357723576
2024-05-07 18:30:00,-11.124661246612469
2024-05-07 18:40:00,-14.013550135501355
2024-05-07 18:50:00,-15.791327913279133
2024-05-07 19:00:00,-7.881210478771457
2024-05-07 19:10:00,-9.658988256549236
2024-05-07 19:20:00,-12.214543812104793
2024-05-07 19:30:00,-13.992321589882572
2024-05-07 19:40:00,-15.658988256549236
2024-05-07 19:50:00,-18.547877145438125
2024-05-07 20:00:00,-7.387533875338754
2024-05-07 20:10:00,-9.943089430894307
2024-05-07 20:20:00,-11.609756097560975
2024-05-07 20:30:00,-13.943089430894307
2024-05-07 20:40:00,-16.054200542005418
2024-05-07 20:50:00,-18.498644986449865
2024-05-07 21:00:00,-7.535682023486899
2024-05-07 21:10:00,-10.202348690153567
2024-05-07 21:20:00,-11.313459801264678
2024-05-07 21:30:00,-12.202348690153567
2024-05-07 21:40:00,-12.091237579042456
2024-05-07 21:50:00,-12.869015356820233
2024-05-07 22:00:00,-8.06910569105691
2024-05-07 22:10:00,-8.735772357723576
2024-05-07 22:20:00,-8.18021680216802
2024-05-07 22:30:00,-6.180216802168021
2024-05-07 22:40:00,-3.5135501355013545
2024-05-07 22:50:00,-3.6246612466124652
2024-05-07 23:00:00,-3.8021680216802167
2024-05-07 23:10:00,-3.9132791327913274
2024-05-07 23:20:00,-3.691056910569106
2024-05-07 23:30:00,-3.5799457994579953
2024-05-07 23:40:00,-3.2466124661246614
2024-05-07 23:50:00,-3.2466124661246614
2024-05-08 00:00:00,-5.423667570009034
2024-05-08 00:10:00,-6.423667570009034
2024-05-08 00:20:00,-6.0903342366757
2024-05-08 00:30:00,-6.0903342366757
2024-05-08 00:40:00,-5.645889792231255
2024-05-08 00:50:00,-5.645889792231255
2024-05-08 01:00:00,-4.331526648599819
2024-05-08 01:10:00,-4.9981933152664855
2024-05-08 01:20:00,-5.331526648599819
2024-05-08 01:30:00,-5.109304426377598
2024-05-08 01:40:00,-5.220415537488709
2024-05-08 01:50:00,-5.887082204155375
2024-05-08 02:00:00,-3.3102981029810294
2024-05-08 02:10:00,-3.865853658536585
2024-05-08 02:20:00,-4.3102981029810294
2024-05-08 02:30:00,-4.3102981029810294
2024-05-08 02:40:00,-4.42140921409214
2024-05-08 02:50:00,-4.754742547425473
2024-05-08 03:00:00,-2.4557362240289082
2024-05-08 03:10:00,-3.4557362240289082
2024-05-08 03:20:00,-3.900180668473352
2024-05-08 03:30:00,-4.233514001806686
2024-05-08 03:40:00,-4.344625112917797
2024-05-08 03:50:00,-4.566847335140019
2024-05-08 04:00:00,-3.224480578139115
2024-05-08 04:10:00,-3.4467028003613374
2024-05-08 04:20:00,-3.6689250225835597
2024-05-08 04:30:00,-3.7800361336946713
2024-05-08 04:40:00,-3.557813911472449
2024-05-08 04:50:00,-3.6689250225835597
2024-05-08 05:00:00,-2.736675700090334
2024-05-08 05:10:00,-2.9588979223125564
2024-05-08 05:20:00,-3.1811201445347788
2024-05-08 05:30:00,-3.29223125564589
2024-05-08 05:40:00,-3.514453477868112
2024-05-08 05:50:00,-3.625564588979223
2024-05-08 06:00:00,-3.2344173441734423
2024-05-08 06:10:00,-2.5677506775067758
2024-05-08 06:20:00,-2.3455284552845534
2024-05-08 06:30:00,-2.3455284552845534
2024-05-08 06:40:00,-2.5677506775067758
2024-05-08 06:50:00,-2.4566395663956646
2024-05-08 07:00:00,-1.796747967479675
2024-05-08 07:10:00,-1.796747967479675
2024-05-08 07:20:00,-1.3523035230352303
2024-05-08 07:30:00,-1.3523035230352303
2024-05-08 07:40:00,-1.2411924119241196
2024-05-08 07:50:00,-1.2411924119241196
2024-05-08 08:00:00,-0.2976513098464322
2024-05-08 08:10:00,-0.2976513098464322
2024-05-08 08:20:00,-0.2976513098464322
2024-05-08 08:30:00,-0.8532068654019875
2024-05-08 08:40:00,-1.0754290876242099
2024-05-08 08:50:00,-1.2976513098464322
2024-05-08 09:00:00,-2.5112917795844627
2024-05-08 09:10:00,-2.622402890695574
2024-05-08 09:20:00,-2.622402890695574
2024-05-08 09:30:00,-1.9557362240289073
2024-05-08 09:40:00,-1.066847335140018
2024-05-08 09:50:00,0.15537488708220426
2024-05-08 10:00:00,-7.790876242095754
2024-05-08 10:10:00,-6.790876242095754
2024-05-08 10:20:00,-5.124209575429088
2024-05-08 10:30:00,-3.6797651309846433
2024-05-08 10:40:00,-2.45754290876242
2024-05-08 10:50:00,-0.3464317976513094
2024-05-08 11:00:00,-9.758807588075879
2024-05-08 11:10:00,-7.758807588075879
2024-05-08 11:20:00,-6.536585365853657
2024-05-08 11:30:00,-5.314363143631436
2024-05-08 11:40:00,-3.8699186991869894
2024-05-08 11:50:00,-1.9810298102981
2024-05-08 12:00:00,-10.046070460704613
2024-05-08 12:10:00,-8.71273712737128
2024-05-08 12:20:00,-7.157181571815723
2024-05-08 12:30:00,-5.71273712737128
2024-05-08 12:40:00,-3.6016260162601696
2024-05-08 12:50:00,-1.823848238482391
2024-05-08 13:00:00,-9.552845528455286
2024-05-08 13:10:00,-8.441734417344179
2024-05-08 13:20:00,-6.552845528455286
2024-05-08 13:30:00,-4.886178861788622
2024-05-08 13:40:00,-3.2195121951219576
2024-05-08 13:50:00,-1.886178861788622
2024-05-08 14:00:00,-8.498644986449868
2024-05-08 14:10:00,-7.387533875338754
2024-05-08 14:20:00,-6.165311653116532
2024-05-08 14:30:00,-5.7208672086720895
2024-05-08 14:40:00,-4.609756097560975
2024-05-08 14:50:00,-4.054200542005425
2024-05-08 15:00:00,-7.958897922312552
2024-05-08 15:10:00,-7.625564588979223
2024-05-08 15:20:00,-6.847786811201445
2024-05-08 15:30:00,-5.847786811201445
2024-05-08 15:40:00,-5.070009033423666
2024-05-08 15:50:00,-4.181120144534773
2024-05-08 16:00:00,-7.452122854561871
2024-05-08 16:10:00,-7.22990063233965
2024-05-08 16:20:00,-6.896567299006321
2024-05-08 16:30:00,-6.896567299006321
2024-05-08 16:40:00,-6.785456187895207
2024-05-08 16:50:00,-6.785456187895207
2024-05-08 17:00:00,-8.566395663956634
2024-05-08 17:10:00,-8.566395663956634
2024-05-08 17:20:00,-8.233062330623298
2024-05-08 17:30:00,-8.566395663956634
2024-05-08 17:40:00,-9.344173441734412
2024-05-08 17:50:00,-9.12195121951219
2024-05-08 18:00:00,-6.235772357723576
2024-05-08 18:10:00,-6.680216802168026
2024-05-08 18:20:00,-8.235772357723576
2024-05-08 18:30:00,-11.680216802168026
2024-05-08 18:40:00,-13.680216802168026
2024-05-08 18:50:00,-14.34688346883469
2024-05-08 19:00:00,-7.103432700993679
2024-05-08 19:10:00,-9.547877145438129
2024-05-08 19:20:00,-10.992321589882572
2024-05-08 19:30:00,-12.881210478771457
2024-05-08 19:40:00,-15.3256549232159
2024-05-08 19:50:00,-19.103432700993682
2024-05-08 20:00:00,-8.165311653116529
2024-05-08 20:10:00,-10.609756097560975
2024-05-08 20:20:00,-12.498644986449865
2024-05-08 20:30:00,-14.387533875338754
2024-05-08 20:40:00,-16.27642276422764
2024-05-08 20:50:00,-18.054200542005418
2024-05-08 21:00:00,-8.202348690153567
2024-05-08 21:10:00,-9.869015356820233
2024-05-08 21:20:00,-11.202348690153567
2024-05-08 21:30:00,-11.424570912375788
2024-05-08 21:40:00,-11.646793134598012
2024-05-08 21:50:00,-13.091237579042456
2024-05-08 22:00:00,-6.624661246612465
2024-05-08 22:10:00,-7.180216802168021
2024-05-08 22:20:00,-6.402439024390242
2024-05-08 22:30:00,-5.5135501355013545
2024-05-08 22:40:00,-3.8468834688346867
2024-05-08 22:50:00,-3.5135501355013545
2024-05-08 23:00:00,-3.5799457994579953
2024-05-08 23:10:00,-3.468834688346883
2024-05-08 23:20:00,-2.8021680216802167
2024-05-08 23:30:00,-3.1355013550135507
2024-05-08 23:40:00,-3.1355013550135507
2024-05-08 23:50:00,-3.5799457994579953
2024-05-09 00:00:00,0.02077687443541265
2024-05-09 00:10:00,-1.0903342366757016
2024-05-09 00:20:00,-0.5347786811201445
2024-05-09 00:30:00,-0.31255645889792305
2024-05-09 00:40:00,-1.4236675700090338
2024-05-09 00:50:00,-0.7570009033423659
2024-05-09 01:00:00,0.890695573622402
2024-05-09 01:10:00,-1.109304426377598
2024-05-09 01:20:00,-0.6648599819331533
2024-05-09 01:30:00,-1.3315266485998194
2024-05-09 01:40:00,-1.775971093044264
2024-05-09 01:50:00,-2.553748870822041
2024-05-09 02:00:00,0.9119241192411938
2024-05-09 02:10:00,0.9119241192411938
2024-05-09 02:20:00,0.5785907859078598
2024-05-09 02:30:00,-0.19918699186991873
2024-05-09 02:40:00,0.2452574525745259
2024-05-09 02:50:00,-0.6436314363143616
2024-05-09 03:00:00,1.766485998193314
2024-05-09 03:10:00,0.9887082204155373
2024-05-09 03:20:00,-0.2335140018066859
2024-05-09 03:30:00,-0.2335140018066859
2024-05-09 03:40:00,-0.900180668473352
2024-05-09 03:50:00,-1.900180668473352
2024-05-09 04:00:00,0.3310749774164403
2024-05-09 04:10:00,0.3310749774164403
2024-05-09 04:20:00,-0.557813911472449
2024-05-09 04:30:00,-0.6689250225835597
2024-05-09 04:40:00,-0.6689250225835597
2024-05-09 04:50:00,-0.7800361336946713
2024-05-09 05:00:00,-0.18112014453477876
2024-05-09 05:10:00,-0.4033423667570011
2024-05-09 05:20:00,-0.9588979223125564
2024-05-09 05:30:00,-0.8477868112014457
2024-05-09 05:40:00,-1.1811201445347788
2024-05-09 05:50:00,-1.5144534778681118
2024-05-09 06:00:00,-0.7899728997289976
2024-05-09 06:10:00,-0.9010840108401093
2024-05-09 06:20:00,-0.9010840108401093
2024-05-09 06:30:00,-1.2344173441734423
2024-05-09 06:40:00,-1.01219512195122
2024-05-09 06:50:00,-1.5677506775067753
2024-05-09 07:00:00,-0.24119241192411955
2024-05-09 07:10:00,-0.018970189701897233
2024-05-09 07:20:00,-0.13008130081300795
2024-05-09 07:30:00,-0.13008130081300795
2024-05-09 07:40:00,-0.018970189701897233
2024-05-09 07:50:00,-0.463414634146341
2024-05-09 08:00:00,1.0356820234869009
2024-05-09 08:10:00,0.2579042457091232
2024-05-09 08:20:00,0.03568202348690086
2024-05-09 08:30:00,-0.40876242095754334
2024-05-09 08:40:00,-0.18654019873532102
2024-05-09 08:50:00,0.03568202348690086
2024-05-09 09:00:00,-1.400180668473352
2024-05-09 09:10:00,-1.400180668473352
2024-05-09 09:20:00,-1.400180668473352
2024-05-09 09:30:00,-0.5112917795844627
2024-05-09 09:40:00,0.4887082204155373
2024-05-09 09:50:00,2.599819331526648
2024-05-09 10:00:00,-5.568654019873533
2024-05-09 10:10:00,-4.235320686540199
2024-05-09 10:20:00,-1.9019873532068647
2024-05-09 10:30:00,-0.9019873532068647
2024-05-09 10:40:00,0.9869015356820228
2024-05-09 10:50:00,2.209123757904244
2024-05-09 11:00:00,-6.4254742547425465
2024-05-09 11:10:00,-5.4254742547425465
2024-05-09 11:20:00,-3.9810298102981
2024-05-09 11:30:00,-2.5365853658536572
2024-05-09 11:40:00,-1.0921409214092108
2024-05-09 11:50:00,0.9078590785907892
2024-05-09 12:00:00,-6.934959349593502
2024-05-09 12:10:00,-5.379403794037945
2024-05-09 12:20:00,-3.268292682926834
2024-05-09 12:30:00,-1.9349593495934982
2024-05-09 12:40:00,0.8428184281842732
2024-05-09 12:50:00,3.620596205962052
2024-05-09 13:00:00,-4.552845528455286
2024-05-09 13:10:00,-2.7750677506775148
2024-05-09 13:20:00,-1.441734417344179
2024-05-09 13:30:00,0.11382113821137807
2024-05-09 13:40:00,1.558265582655821
2024-05-09 13:50:00,3.3360433604335995
2024-05-09 14:00:00,-4.054200542005425
2024-05-09 14:10:00,-2.943089430894311
2024-05-09 14:20:00,-2.1653116531165324
2024-05-09 14:30:00,-1.8319783197832038
2024-05-09 14:40:00,-1.0542005420054252
2024-05-09 14:50:00,-0.7208672086720895
2024-05-09 15:00:00,-5.292231255645888
2024-05-09 15:10:00,-5.070009033423666
2024-05-09 15:20:00,-5.403342366756995
2024-05-09 15:30:00,-3.958897922312552
2024-05-09 15:40:00,-4.514453477868109
2024-05-09 15:50:00,-4.181120144534773
2024-05-09 16:00:00,-7.896567299006321
2024-05-09 16:10:00,-8.896567299006321
2024-05-09 16:20:00,-9.007678410117428
2024-05-09 16:30:00,-9.785456187895207
2024-05-09 16:40:00,-9.6743450767841
2024-05-09 16:50:00,-9.785456187895207
2024-05-09 17:00:00,-12.89972899728997
2024-05-09 17:10:00,-11.788617886178855
2024-05-09 17:20:00,-12.677506775067748
2024-05-09 17:30:00,-12.12195121951219
2024-05-09 17:40:00,-12.677506775067748
2024-05-09 17:50:00,-12.788617886178855
2024-05-09 18:00:00,-8.680216802168026
2024-05-09 18:10:00,-9.124661246612469
2024-05-09 18:20:00,-11.457994579945797
2024-05-09 18:30:00,-14.235772357723576
2024-05-09 18:40:00,-15.124661246612469
2024-05-09 18:50:00,-17.235772357723576
2024-05-09 19:00:00,-9.436766034327015
2024-05-09 19:10:00,-11.3256549232159
2024-05-09 19:20:00,-13.547877145438129
2024-05-09 19:30:00,-15.658988256549236
2024-05-09 19:40:00,-18.214543812104793
2024-05-09 19:50:00,-21.658988256549236
2024-05-09 20:00:00,-10.387533875338754
2024-05-09 20:10:00,-12.498644986449865
2024-05-09 20:20:00,-14.165311653116529
2024-05-09 20:30:00,-15.720867208672086
2024-05-09 20:40:00,-17.387533875338754
2024-05-09 20:50:00,-18.387533875338754
2024-05-09 21:00:00,-7.313459801264678
2024-05-09 21:10:00,-8.646793134598012
2024-05-09 21:20:00,-9.646793134598012
2024-05-09 21:30:00,-10.646793134598012
2024-05-09 21:40:00,-10.980126467931346
2024-05-09 21:50:00,-10.980126467931346
2024-05-09 22:00:00,-4.402439024390242
2024-05-09 22:10:00,-3.2913279132791313
2024-05-09 22:20:00,-1.8468834688346867
2024-05-09 22:30:00,0.37533875338753475
2024-05-09 22:40:00,0.5975609756097562
2024-05-09 22:50:00,1.708672086720867
2024-05-09 23:00:00,1.1978319783197833
2024-05-09 23:10:00,1.6422764227642261
2024-05-09 23:20:00,2.4200542005420047
2024-05-09 23:30:00,2.1978319783197833
2024-05-09 23:40:00,1.9756097560975618
2024-05-09 23:50:00,2.4200542005420047
2024-05-10 00:00:00,-8.312556458897923
2024-05-10 00:10:00,-6.757000903342366
2024-05-10 00:20:00,-6.979223125564589
2024-05-10 00:30:00,-7.757000903342366
2024-05-10 00:40:00,-8.868112014453478
2024-05-10 00:50:00,-10.0903342366757
2024-05-10 01:00:00,-10.109304426377598
2024-05-10 01:10:00,-11.44263775971093
2024-05-10 01:20:00,-12.44263775971093
2024-05-10 01:30:00,-12.44263775971093
2024-05-10 01:40:00,-12.44263775971093
2024-05-10 01:50:00,-12.998193315266485
2024-05-10 02:00:00,-9.976964769647696
2024-05-10 02:10:00,-10.31029810298103
2024-05-10 02:20:00,-10.31029810298103
2024-05-10 02:30:00,-10.199186991869919
2024-05-10 02:40:00,-10.31029810298103
2024-05-10 02:50:00,-10.31029810298103
2024-05-10 03:00:00,-7.6779584462511306
2024-05-10 03:10:00,-7.789069557362241
2024-05-10 03:20:00,-7.789069557362241
2024-05-10 03:30:00,-7.6779584462511306
2024-05-10 03:40:00,-7.566847335140019
2024-05-10 03:50:00,-8.122402890695575
2024-05-10 04:00:00,-6.335591689250227
2024-05-10 04:10:00,-6.335591689250227
2024-05-10 04:20:00,-6.113369467028004
2024-05-10 04:30:00,-6.224480578139115
2024-05-10 04:40:00,-6.224480578139115
2024-05-10 04:50:00,-6.446702800361337
2024-05-10 05:00:00,-4.847786811201445
2024-05-10 05:10:00,-4.736675700090334
2024-05-10 05:20:00,-4.514453477868112
2024-05-10 05:30:00,-5.070009033423668
2024-05-10 05:40:00,-5.181120144534779
2024-05-10 05:50:00,-5.2922312556458895
2024-05-10 06:00:00,-4.456639566395665
2024-05-10 06:10:00,-4.678861788617887
2024-05-10 06:20:00,-5.01219512195122
2024-05-10 06:30:00,-4.901084010840109
2024-05-10 06:40:00,-4.901084010840109
2024-05-10 06:50:00,-5.234417344173442
2024-05-10 07:00:00,-4.463414634146341
2024-05-10 07:10:00,-4.35230352303523
2024-05-10 07:20:00,-4.130081300813008
2024-05-10 07:30:00,-4.2411924119241196
2024-05-10 07:40:00,-4.574525745257453
2024-05-10 07:50:00,-4.685636856368563
2024-05-10 08:00:00,-3.297651309846432
2024-05-10 08:10:00,-3.4087624209575433
2024-05-10 08:20:00,-3.297651309846432
2024-05-10 08:30:00,-3.4087624209575433
2024-05-10 08:40:00,-3.4087624209575433
2024-05-10 08:50:00,-2.630984643179765
2024-05-10 09:00:00,-4.733514001806685
2024-05-10 09:10:00,-4.844625112917796
2024-05-10 09:20:00,-4.400180668473352
2024-05-10 09:30:00,-4.28906955736224
2024-05-10 09:40:00,-3.622402890695574
2024-05-10 09:50:00,-1.8446251129177962
2024-05-10 10:00:00,-10.56865401987353
2024-05-10 10:10:00,-9.013098464317977
2024-05-10 10:20:00,-8.45754290876242
2024-05-10 10:30:00,-6.790876242095754
2024-05-10 10:40:00,-3.5686540198735326
2024-05-10 10:50:00,-2.45754290876242
2024-05-10 11:00:00,-10.425474254742547
2024-05-10 11:10:00,-9.425474254742547
2024-05-10 11:20:00,-7.9810298102981
2024-05-10 11:30:00,-6.092140921409211
2024-05-10 11:40:00,-5.536585365853657
2024-05-10 11:50:00,-3.8699186991869894
2024-05-10 12:00:00,-11.934959349593502
2024-05-10 12:10:00,-10.71273712737128
2024-05-10 12:20:00,-9.823848238482391
2024-05-10 12:30:00,-6.490514905149055
2024-05-10 12:40:00,-4.379403794037945
2024-05-10 12:50:00,-2.823848238482391
2024-05-10 13:00:00,-10.441734417344179
2024-05-10 13:10:00,-8.108401084010843
2024-05-10 13:20:00,-6.552845528455286
2024-05-10 13:30:00,-5.441734417344179
2024-05-10 13:40:00,-5.441734417344179
2024-05-10 13:50:00,-3.330623306233065
2024-05-10 14:00:00,-9.387533875338754
2024-05-10 14:10:00,-7.276422764227647
2024-05-10 14:20:00,-6.387533875338754
2024-05-10 14:30:00,-4.498644986449868
2024-05-10 14:40:00,-3.6097560975609753
2024-05-10 14:50:00,-2.1653116531165324
2024-05-10 15:00:00,-7.070009033423666
2024-05-10 15:10:00,-5.625564588979223
2024-05-10 15:20:00,-5.292231255645888
2024-05-10 15:30:00,-4.070009033423666
2024-05-10 15:40:00,-3.1811201445347734
2024-05-10 15:50:00,-2.958897922312552
2024-05-10 16:00:00,-6.341011743450764
2024-05-10 16:10:00,-6.5632339656729854
2024-05-10 16:20:00,-6.896567299006321
2024-05-10 16:30:00,-4.22990063233965
2024-05-10 16:40:00,-4.5632339656729854
2024-05-10 16:50:00,-4.785456187895207
2024-05-10 17:00:00,-7.566395663956634
2024-05-10 17:10:00,-7.4552845528455265
2024-05-10 17:20:00,-6.899728997289969
2024-05-10 17:30:00,-6.121951219512191
2024-05-10 17:40:00,-5.121951219512191
2024-05-10 17:50:00,-5.0108401084010765
2024-05-10 18:00:00,1.764227642276424
2024-05-10 18:10:00,2.0975609756097526
2024-05-10 18:20:00,-0.4579945799457974
2024-05-10 18:30:00,-3.5691056910569117
2024-05-10 18:40:00,-3.0135501355013545
2024-05-10 18:50:00,-3.3468834688346902
2024-05-10 19:00:00,8.22990063233965
2024-05-10 19:10:00,7.5632339656729854
2024-05-10 19:20:00,11.452122854561871
2024-05-10 19:30:00,9.896567299006321
2024-05-10 19:40:00,7.007678410117428
2024-05-10 19:50:00,3.2299006323396497
2024-05-10 20:00:00,15.834688346883468
2024-05-10 20:10:00,16.05691056910569
2024-05-10 20:20:00,16.834688346883468
2024-05-10 20:30:00,17.612466124661246
2024-05-10 20:40:00,18.168021680216803
2024-05-10 20:50:00,21.05691056910569
2024-05-10 21:00:00,39.686540198735315
2024-05-10 21:10:00,47.24209575429087
2024-05-10 21:20:00,52.79765130984643
2024-05-10 21:30:00,63.01987353206866
2024-05-10 21:40:00,65.5754290876242
2024-05-10 21:50:00,65.79765130984643
2024-05-10 22:00:00,75.15311653116531
2024-05-10 22:10:00,77.48644986449865
2024-05-10 22:20:00,86.0420054200542
2024-05-10 22:30:00,90.59756097560975
2024-05-10 22:40:00,89.70867208672087
2024-05-10 22:50:00,82.37533875338754
2024-05-10 23:00:00,74.53116531165311
2024-05-10 23:10:00,73.19783197831978
2024-05-10 23:20:00,68.42005420054201
2024-05-10 23:30:00,59.75338753387534
2024-05-10 23:40:00,51.3089430894309
2024-05-10 23:50:00,47.975609756097555
2024-05-11 00:00:00,25.13188798554652
2024-05-11 00:10:00,19.9096657633243
2024-05-11 00:20:00,16.9096657633243
2024-05-11 00:30:00,14.020776874435413
2024-05-11 00:40:00,14.57633242999097
2024-05-11 00:50:00,14.687443541102077
2024-05-11 01:00:00,17.66847335140018
2024-05-11 01:10:00,17.001806684733516
2024-05-11 01:20:00,21.557362240289066
2024-05-11 01:30:00,24.112917795844623
2024-05-11 01:40:00,31.335140018066845
2024-05-11 01:50:00,30.779584462511295
2024-05-11 02:00:00,31.80081300813008
2024-05-11 02:10:00,30.134146341463417
2024-05-11 02:20:00,26.35636856368564
2024-05-11 02:30:00,25.35636856368564
2024-05-11 02:40:00,23.80081300813008
2024-05-11 02:50:00,21.35636856368564
2024-05-11 03:00:00,14.766485998193316
2024-05-11 03:10:00,6.544263775971091
2024-05-11 03:20:00,1.6553748870822034
2024-05-11 03:30:00,-0.3446251129177966
2024-05-11 03:40:00,-1.1224028906955752
2024-05-11 03:50:00,-3.233514001806686
2024-05-11 04:00:00,-2.7800361336946713
2024-05-11 04:10:00,-2.3355916892502266
2024-05-11 04:20:00,-3.1133694670280043
2024-05-11 04:30:00,-4.66892502258356
2024-05-11 04:40:00,-6.002258355916894
2024-05-11 04:50:00,-5.78003613369467
2024-05-11 05:00:00,-3.9588979223125564
2024-05-11 05:10:00,-4.2922312556458895
2024-05-11 05:20:00,-3.8477868112014453
2024-05-11 05:30:00,-2.9588979223125564
2024-05-11 05:40:00,-2.6255645889792234
2024-05-11 05:50:00,-3.403342366757001
2024-05-11 06:00:00,-2.5677506775067758
2024-05-11 06:10:00,-1.5677506775067753
2024-05-11 06:20:00,-2.901084010840109
2024-05-11 06:30:00,-3.678861788617887
2024-05-11 06:40:00,-3.4566395663956646
2024-05-11 06:50:00,-4.567750677506775
2024-05-11 07:00:00,-3.4634146341463414
2024-05-11 07:10:00,-2.4634146341463414
2024-05-11 07:20:00,-3.130081300813008
2024-05-11 07:30:00,-3.018970189701897
2024-05-11 07:40:00,-4.130081300813008
2024-05-11 07:50:00,-4.907859078590786
2024-05-11 08:00:00,-3.8532068654019875
2024-05-11 08:10:00,-4.07542908762421
2024-05-11 08:20:00,-4.07542908762421
2024-05-11 08:30:00,-3.630984643179765
2024-05-11 08:40:00,-2.8532068654019875
2024-05-11 08:50:00,-1.6309846431797652
2024-05-11 09:00:00,-2.733514001806685
2024-05-11 09:10:00,-2.844625112917796
2024-05-11 09:20:00,-2.2890695573622404
2024-05-11 09:30:00,-1.066847335140018
2024-05-11 09:40:00,0.15537488708220426
2024-05-11 09:50:00,2.1553748870822043
2024-05-11 10:00:00,-7.124209575429088
2024-05-11 10:10:00,-7.013098464317977
2024-05-11 10:20:00,-6.346431797651309
2024-05-11 10:30:00,-5.235320686540199
2024-05-11 10:40:00,-4.901987353206865
2024-05-11 10:50:00,-3.6797651309846433
2024-05-11 11:00:00,-13.647696476964768
2024-05-11 11:10:00,-12.092140921409213
2024-05-11 11:20:00,-11.536585365853657
2024-05-11 11:30:00,-10.647696476964768
2024-05-11 11:40:00,-9.981029810298102
2024-05-11 11:50:00,-9.314363143631436
2024-05-11 12:00:00,-18.490514905149055
2024-05-11 12:10:00,-19.157181571815723
2024-05-11 12:20:00,-19.712737127371277
2024-05-11 12:30:00,-19.379403794037948
2024-05-11 12:40:00,-19.268292682926834
2024-05-11 12:50:00,-19.60162601626017
2024-05-11 13:00:00,-28.997289972899736
2024-05-11 13:10:00,-28.886178861788622
2024-05-11 13:20:00,-28.44173441734418
2024-05-11 13:30:00,-28.6639566395664
2024-05-11 13:40:00,-28.108401084010843
2024-05-11 13:50:00,-27.55284552845529
2024-05-11 14:00:00,-34.831978319783204
2024-05-11 14:10:00,-34.38753387533876
2024-05-11 14:20:00,-33.27642276422765
2024-05-11 14:30:00,-31.387533875338757
2024-05-11 14:40:00,-29.60975609756098
2024-05-11 14:50:00,-28.05420054200542
2024-05-11 15:00:00,-31.070009033423666
2024-05-11 15:10:00,-29.181120144534777
2024-05-11 15:20:00,-26.403342366757
2024-05-11 15:30:00,-25.51445347786811
2024-05-11 15:40:00,-23.73667570009033
2024-05-11 15:50:00,-22.181120144534773
2024-05-11 16:00:00,-26.22990063233965
2024-05-11 16:10:00,-27.45212285456187
2024-05-11 16:20:00,-28.341011743450764
2024-05-11 16:30:00,-30.229900632339653
2024-05-11 16:40:00,-33.67434507678409
2024-05-11 16:50:00,-37.563233965672985
2024-05-11 17:00:00,-42.45528455284553
2024-05-11 17:10:00,-44.2330623306233
2024-05-11 17:20:00,-45.67750677506774
2024-05-11 17:30:00,-47.010840108401084
2024-05-11 17:40:00,-48.12195121951219
2024-05-11 17:50:00,-50.34417344173441
2024-05-11 18:00:00,-48.56910569105691
2024-05-11 18:10:00,-49.56910569105691
2024-05-11 18:20:00,-51.013550135501355
2024-05-11 18:30:00,-52.457994579945805
2024-05-11 18:40:00,-53.013550135501355
2024-05-11 18:50:00,-53.68021680216802
2024-05-11 19:00:00,-45.77009936766035
2024-05-11 19:10:00,-44.99232158988257
2024-05-11 19:20:00,-44.54787714543812
2024-05-11 19:30:00,-44.658988256549236
2024-05-11 19:40:00,-45.88121047877146
2024-05-11 19:50:00,-46.10343270099368
2024-05-11 20:00:00,-33.387533875338754
2024-05-11 20:10:00,-34.05420054200542
2024-05-11 20:20:00,-34.05420054200542
2024-05-11 20:30:00,-34.16531165311653
2024-05-11 20:40:00,-34.49864498644986
2024-05-11 20:50:00,-34.94308943089431
2024-05-11 21:00:00,-20.869015356820235
2024-05-11 21:10:00,-20.091237579042456
2024-05-11 21:20:00,-19.75790424570912
2024-05-11 21:30:00,-19.091237579042456
2024-05-11 21:40:00,-20.313459801264678
2024-05-11 21:50:00,-21.313459801264678
2024-05-11 22:00:00,-15.624661246612465
2024-05-11 22:10:00,-15.957994579945797
2024-05-11 22:20:00,-16.402439024390244
2024-05-11 22:30:00,-16.402439024390244
2024-05-11 22:40:00,-16.513550135501355
2024-05-11 22:50:00,-16.624661246612465
2024-05-11 23:00:00,-16.802168021680217
2024-05-11 23:10:00,-16.691056910569106
2024-05-11 23:20:00,-15.802168021680217
2024-05-11 23:30:00,-15.246612466124661
2024-05-11 23:40:00,-15.691056910569106
2024-05-11 23:50:00,-15.468834688346883
2024-05-12 00:00:00,-4.979223125564589
2024-05-12 00:10:00,-5.757000903342366
2024-05-12 00:20:00,-6.201445347786811
2024-05-12 00:30:00,-7.5347786811201445
2024-05-12 00:40:00,-8.0903342366757
2024-05-12 00:50:00,-8.868112014453478
2024-05-12 01:00:00,-6.9981933152664855
2024-05-12 01:10:00,-7.664859981933152
2024-05-12 01:20:00,-8.664859981933152
2024-05-12 01:30:00,-8.664859981933152
2024-05-12 01:40:00,-9.33152664859982
2024-05-12 01:50:00,-8.44263775971093
2024-05-12 02:00:00,-6.6436314363143625
2024-05-12 02:10:00,-6.42140921409214
2024-05-12 02:20:00,-6.42140921409214
2024-05-12 02:30:00,-6.532520325203251
2024-05-12 02:40:00,-7.42140921409214
2024-05-12 02:50:00,-8.199186991869919
2024-05-12 03:00:00,-6.011291779584464
2024-05-12 03:10:00,-6.6779584462511306
2024-05-12 03:20:00,-6.566847335140019
2024-05-12 03:30:00,-6.455736224028907
2024-05-12 03:40:00,-7.6779584462511306
2024-05-12 03:50:00,-7.900180668473352
2024-05-12 04:00:00,-6.113369467028004
2024-05-12 04:10:00,-6.335591689250227
2024-05-12 04:20:00,-6.224480578139115
2024-05-12 04:30:00,-6.335591689250227
2024-05-12 04:40:00,-6.224480578139115
2024-05-12 04:50:00,-6.113369467028004
2024-05-12 05:00:00,-5.181120144534779
2024-05-12 05:10:00,-5.403342366757001
2024-05-12 05:20:00,-5.403342366757001
2024-05-12 05:30:00,-5.181120144534779
2024-05-12 05:40:00,-5.403342366757001
2024-05-12 05:50:00,-5.2922312556458895
2024-05-12 06:00:00,-4.456639566395665
2024-05-12 06:10:00,-4.567750677506775
2024-05-12 06:20:00,-4.345528455284553
2024-05-12 06:30:00,-4.01219512195122
2024-05-12 06:40:00,-3.123306233062331
2024-05-12 06:50:00,-3.3455284552845534
2024-05-12 07:00:00,-2.6856368563685638
2024-05-12 07:10:00,-3.4634146341463414
2024-05-12 07:20:00,-3.9078590785907856
2024-05-12 07:30:00,-4.2411924119241196
2024-05-12 07:40:00,-3.9078590785907856
2024-05-12 07:50:00,-3.9078590785907856
2024-05-12 08:00:00,-2.8532068654019875
2024-05-12 08:10:00,-2.8532068654019875
2024-05-12 08:20:00,-3.186540198735321
2024-05-12 08:30:00,-3.186540198735321
2024-05-12 08:40:00,-3.297651309846432
2024-05-12 08:50:00,0.03568202348690086
2024-05-12 09:00:00,-2.2890695573622404
2024-05-12 09:10:00,-1.9557362240289073
2024-05-12 09:20:00,-3.177958446251129
2024-05-12 09:30:00,-2.733514001806685
2024-05-12 09:40:00,-2.9557362240289073
2024-05-12 09:50:00,-2.066847335140018
2024-05-12 10:00:00,-9.679765130984643
2024-05-12 10:10:00,-6.235320686540199
2024-05-12 10:20:00,-3.9019873532068647
2024-05-12 10:30:00,-0.3464317976513094
2024-05-12 10:40:00,0.875790424570912
2024-05-12 10:50:00,3.54245709123758
2024-05-12 11:00:00,-4.647696476964768
2024-05-12 11:10:00,-1.5365853658536572
2024-05-12 11:20:00,1.2411924119241213
2024-05-12 11:30:00,4.796747967479675
2024-05-12 11:40:00,7.352303523035232
2024-05-12 11:50:00,9.90785907859079
2024-05-12 12:00:00,3.0650406504065018
2024-05-12 12:10:00,4.287262872628723
2024-05-12 12:20:00,6.287262872628723
2024-05-12 12:30:00,8.39837398373983
2024-05-12 12:40:00,9.953929539295387
2024-05-12 12:50:00,11.287262872628723
2024-05-12 13:00:00,2.558265582655821
2024-05-12 13:10:00,3.8915989159891566
2024-05-12 13:20:00,4.669376693766935
2024-05-12 13:30:00,5.669376693766935
2024-05-12 13:40:00,6.780487804878042
2024-05-12 13:50:00,6.447154471544714
2024-05-12 14:00:00,-1.943089430894311
2024-05-12 14:10:00,-2.387533875338754
2024-05-12 14:20:00,-3.6097560975609753
2024-05-12 14:30:00,-3.943089430894311
2024-05-12 14:40:00,-4.7208672086720895
2024-05-12 14:50:00,-5.831978319783204
2024-05-12 15:00:00,-12.181120144534773
2024-05-12 15:10:00,-13.070009033423666
2024-05-12 15:20:00,-14.181120144534773
2024-05-12 15:30:00,-15.73667570009033
2024-05-12 15:40:00,-16.403342366756995
2024-05-12 15:50:00,-16.73667570009033
2024-05-12 16:00:00,-21.118789521228543
2024-05-12 16:10:00,-20.6743450767841
2024-05-12 16:20:00,-18.563233965672985
2024-05-12 16:30:00,-17.6743450767841
2024-05-12 16:40:00,-17.118789521228543
2024-05-12 16:50:00,-16.00767841011743
2024-05-12 17:00:00,-15.344173441734412
2024-05-12 17:10:00,-14.455284552845526
2024-05-12 17:20:00,-12.89972899728997
2024-05-12 17:30:00,-12.566395663956634
2024-05-12 17:40:00,-11.566395663956634
2024-05-12 17:50:00,-11.010840108401077
2024-05-12 18:00:00,-6.235772357723576
2024-05-12 18:10:00,-8.124661246612469
2024-05-12 18:20:00,-12.124661246612469
2024-05-12 18:30:00,-10.680216802168026
2024-05-12 18:40:00,-11.013550135501355
2024-05-12 18:50:00,-11.34688346883469
2024-05-12 19:00:00,-4.77009936766035
2024-05-12 19:10:00,-4.658988256549236
2024-05-12 19:20:00,-6.881210478771457
2024-05-12 19:30:00,-9.436766034327015
2024-05-12 19:40:00,-13.547877145438129
2024-05-12 19:50:00,-16.3256549232159
2024-05-12 20:00:00,-4.831978319783197
2024-05-12 20:10:00,-6.387533875338754
2024-05-12 20:20:00,-7.943089430894307
2024-05-12 20:30:00,-10.387533875338754
2024-05-12 20:40:00,-12.498644986449865
2024-05-12 20:50:00,-15.054200542005418
2024-05-12 21:00:00,-4.757904245709124
2024-05-12 21:10:00,-6.313459801264678
2024-05-12 21:20:00,-7.313459801264678
2024-05-12 21:30:00,-8.313459801264678
2024-05-12 21:40:00,-8.5356820234869
2024-05-12 21:50:00,-8.757904245709122
2024-05-12 22:00:00,-0.2913279132791331
2024-05-12 22:10:00,1.5975609756097562
2024-05-12 22:20:00,4.708672086720867
2024-05-12 22:30:00,5.597560975609756
2024-05-12 22:40:00,6.264227642276424
2024-05-12 22:50:00,6.4864498644986455
2024-05-12 23:00:00,6.531165311653115
2024-05-12 23:10:00,5.642276422764226
2024-05-12 23:20:00,5.197831978319783
2024-05-12 23:30:00,5.086720867208673
2024-05-12 23:40:00,5.308943089430894
2024-05-12 23:50:00,4.642276422764226
2024-05-13 00:00:00,8.465221318879856
2024-05-13 00:10:00,9.020776874435413
2024-05-13 00:20:00,8.020776874435413
2024-05-13 00:30:00,7.687443541102077
2024-05-13 00:40:00,6.4652213188798555
2024-05-13 00:50:00,4.798554652213188
2024-05-13 01:00:00,4.001806684733513
2024-05-13 01:10:00,4.446251129177959
2024-05-13 01:20:00,3.55736224028907
2024-05-13 01:30:00,2.3351400180668485
2024-05-13 01:40:00,2.890695573622402
2024-05-13 01:50:00,2.6684733514001806
2024-05-13 02:00:00,5.57859078590786
2024-05-13 02:10:00,4.800813008130081
2024-05-13 02:20:00,4.6897018970189706
2024-05-13 02:30:00,4.57859078590786
2024-05-13 02:40:00,4.134146341463417
2024-05-13 02:50:00,2.134146341463415
2024-05-13 03:00:00,4.3220415537488694
2024-05-13 03:10:00,3.2109304426377587
2024-05-13 03:20:00,1.8775971093044248
2024-05-13 03:30:00,0.32204155374886945
2024-05-13 03:40:00,0.32204155374886945
2024-05-13 03:50:00,-0.1224028906955752
2024-05-13 04:00:00,1.108852755194217
2024-05-13 04:10:00,0.44218608852755104
2024-05-13 04:20:00,0.44218608852755104
2024-05-13 04:30:00,0.2199638663053296
2024-05-13 04:40:00,-0.33559168925022664
2024-05-13 04:50:00,-0.6689250225835597
2024-05-13 05:00:00,0.2633242999096659
2024-05-13 05:10:00,0.15221318879855428
2024-05-13 05:20:00,0.15221318879855428
2024-05-13 05:30:00,-0.4033423667570011
2024-05-13 05:40:00,0.04110207768744356
2024-05-13 05:50:00,-0.6255645889792234
2024-05-13 06:00:00,0.21002710027100235
2024-05-13 06:10:00,0.32113821138211307
2024-05-13 06:20:00,0.4322493224932247
2024-05-13 06:30:00,0.21002710027100235
2024-05-13 06:40:00,0.32113821138211307
2024-05-13 06:50:00,0.4322493224932247
2024-05-13 07:00:00,1.536585365853659
2024-05-13 07:10:00,1.0921409214092144
2024-05-13 07:20:00,0.869918699186992
2024-05-13 07:30:00,0.9810298102981028
2024-05-13 07:40:00,0.536585365853659
2024-05-13 07:50:00,-0.018970189701897233
2024-05-13 08:00:00,0.8134598012646794
2024-05-13 08:10:00,0.7023486901535678
2024-05-13 08:20:00,0.7023486901535678
2024-05-13 08:30:00,0.3690153568202348
2024-05-13 08:40:00,0.7023486901535678
2024-05-13 08:50:00,0.7023486901535678
2024-05-13 09:00:00,-0.733514001806685
2024-05-13 09:10:00,-0.06684733514001806
2024-05-13 09:20:00,0.266485998193315
2024-05-13 09:30:00,1.599819331526648
2024-05-13 09:40:00,3.3775971093044266
2024-05-13 09:50:00,4.155374887082203
2024-05-13 10:00:00,-3.2353206865401987
2024-05-13 10:10:00,-1.124209575429088
2024-05-13 10:20:00,0.5424570912375799
2024-05-13 10:30:00,2.7646793134598013
2024-05-13 10:40:00,4.986901535682023
2024-05-13 10:50:00,6.0980126467931335
2024-05-13 11:00:00,-2.5365853658536572
2024-05-13 11:10:00,-0.8699186991869894
2024-05-13 11:20:00,1.0189701897019
2024-05-13 11:30:00,4.130081300813011
2024-05-13 11:40:00,6.5745257452574535
2024-05-13 11:50:00,8.13008130081301
2024-05-13 12:00:00,0.9539295392953875
2024-05-13 12:10:00,3.9539295392953875
2024-05-13 12:20:00,5.842818428184273
2024-05-13 12:30:00,8.176151761517609
2024-05-13 12:40:00,11.065040650406502
2024-05-13 12:50:00,12.287262872628723
2024-05-13 13:00:00,3.669376693766935
2024-05-13 13:10:00,4.780487804878042
2024-05-13 13:20:00,6.558265582655821
2024-05-13 13:30:00,8.3360433604336
2024-05-13 13:40:00,9.3360433604336
2024-05-13 13:50:00,10.447154471544714
2024-05-13 14:00:00,3.2791327913279105
2024-05-13 14:10:00,3.9457994579945748
2024-05-13 14:20:00,4.612466124661246
2024-05-13 14:30:00,4.945799457994575
2024-05-13 14:40:00,5.168021680216796
2024-05-13 14:50:00,5.390243902439025
2024-05-13 15:00:00,-0.7366757000903306
2024-05-13 15:10:00,-0.8477868112014448
2024-05-13 15:20:00,-0.7366757000903306
2024-05-13 15:30:00,-1.5144534778681091
2024-05-13 15:40:00,-0.6255645889792234
2024-05-13 15:50:00,-1.4033423667569949
2024-05-13 16:00:00,-5.896567299006321
2024-05-13 16:10:00,-7.007678410117428
2024-05-13 16:20:00,-6.5632339656729854
2024-05-13 16:30:00,-6.6743450767841
2024-05-13 16:40:00,-7.22990063233965
2024-05-13 16:50:00,-6.22990063233965
2024-05-13 17:00:00,-8.455284552845526
2024-05-13 17:10:00,-8.566395663956634
2024-05-13 17:20:00,-8.566395663956634
2024-05-13 17:30:00,-8.455284552845526
2024-05-13 17:40:00,-7.566395663956634
2024-05-13 17:50:00,-7.566395663956634
2024-05-13 18:00:00,-4.0135501355013545
2024-05-13 18:10:00,-7.791327913279133
2024-05-13 18:20:00,-9.457994579945797
2024-05-13 18:30:00,-9.013550135501355
2024-05-13 18:40:00,-8.680216802168026
2024-05-13 18:50:00,-9.124661246612469
2024-05-13 19:00:00,-0.658988256549236
2024-05-13 19:10:00,-1.4367660343270146
2024-05-13 19:20:00,-2.9923215898825717
2024-05-13 19:30:00,-7.214543812104793
2024-05-13 19:40:00,-9.77009936766035
2024-05-13 19:50:00,-12.547877145438129
2024-05-13 20:00:00,-1.3875338753387538
2024-05-13 20:10:00,-2.7208672086720824
2024-05-13 20:20:00,-5.387533875338754
2024-05-13 20:30:00,-7.165311653116529
2024-05-13 20:40:00,-9.720867208672086
2024-05-13 20:50:00,-12.498644986449865
2024-05-13 21:00:00,-2.535682023486899
2024-05-13 21:10:00,-4.202348690153567
2024-05-13 21:20:00,-6.202348690153567
2024-05-13 21:30:00,-7.9801264679313455
2024-05-13 21:40:00,-8.646793134598012
2024-05-13 21:50:00,-8.980126467931346
2024-05-13 22:00:00,-0.8468834688346867
2024-05-13 22:10:00,0.8197831978319812
2024-05-13 22:20:00,1.708672086720867
2024-05-13 22:30:00,1.5975609756097562
2024-05-13 22:40:00,1.1531165311653133
2024-05-13 22:50:00,1.0420054200542026
2024-05-13 23:00:00,2.308943089430894
2024-05-13 23:10:00,1.308943089430894
2024-05-13 23:20:00,2.7533875338753404
2024-05-13 23:30:00,2.1978319783197833
2024-05-13 23:40:00,3.0867208672086726
2024-05-13 23:50:00,2.0867208672086726
2024-05-14 00:00:00,-2.4236675700090338
2024-05-14 00:10:00,-2.4236675700090338
2024-05-14 00:20:00,-3.312556458897923
2024-05-14 00:30:00,-3.0903342366757
2024-05-14 00:40:00,-3.8681120144534784
2024-05-14 00:50:00,-5.312556458897923
2024-05-14 01:00:00,-3.8870822041553748
2024-05-14 01:10:00,-4.331526648599819
2024-05-14 01:20:00,-4.887082204155375
2024-05-14 01:30:00,-5.553748870822041
2024-05-14 01:40:00,-5.44263775971093
2024-05-14 01:50:00,-5.9981933152664855
2024-05-14 02:00:00,-3.0880758807588062
2024-05-14 02:10:00,-3.42140921409214
2024-05-14 02:20:00,-3.3102981029810294
2024-05-14 02:30:00,-3.6436314363143616
2024-05-14 02:40:00,-4.532520325203251
2024-05-14 02:50:00,-5.6436314363143625
2024-05-14 03:00:00,-3.566847335140019
2024-05-14 03:10:00,-3.3446251129177966
2024-05-14 03:20:00,-3.6779584462511306
2024-05-14 03:30:00,-4.122402890695574
2024-05-14 03:40:00,-3.7890695573622413
2024-05-14 03:50:00,-3.566847335140019
2024-05-14 04:00:00,-2.0022583559168936
2024-05-14 04:10:00,-2.1133694670280043
2024-05-14 04:20:00,-2.0022583559168936
2024-05-14 04:30:00,-2.3355916892502266
2024-05-14 04:40:00,-2.4467028003613374
2024-05-14 04:50:00,-2.4467028003613374
2024-05-14 05:00:00,-1.6255645889792234
2024-05-14 05:10:00,-1.5144534778681118
2024-05-14 05:20:00,-1.5144534778681118
2024-05-14 05:30:00,-1.2922312556458895
2024-05-14 05:40:00,-1.403342366757001
2024-05-14 05:50:00,-1.6255645889792234
2024-05-14 06:00:00,-0.9010840108401093
2024-05-14 06:10:00,-1.1233062330623316
2024-05-14 06:20:00,-1.4566395663956646
2024-05-14 06:30:00,-1.7899728997289976
2024-05-14 06:40:00,-1.4566395663956646
2024-05-14 06:50:00,-1.678861788617887
2024-05-14 07:00:00,-0.6856368563685633
2024-05-14 07:10:00,-0.5745257452574526
2024-05-14 07:20:00,-0.6856368563685633
2024-05-14 07:30:00,-0.5745257452574526
2024-05-14 07:40:00,-0.7967479674796749
2024-05-14 07:50:00,-0.9078590785907856
2024-05-14 08:00:00,0.14679313459801246
2024-05-14 08:10:00,-0.2976513098464322
2024-05-14 08:20:00,-0.6309846431797652
2024-05-14 08:30:00,-0.7420957542908764
2024-05-14 08:40:00,0.14679313459801246
2024-05-14 08:50:00,-0.40876242095754334
2024-05-14 09:00:00,-1.6224028906955739
2024-05-14 09:10:00,-1.400180668473352
2024-05-14 09:20:00,-0.733514001806685
2024-05-14 09:30:00,0.599819331526648
2024-05-14 09:40:00,0.4887082204155373
2024-05-14 09:50:00,1.4887082204155373
2024-05-14 10:00:00,-5.235320686540199
2024-05-14 10:10:00,-4.124209575429088
2024-05-14 10:20:00,-1.0130984643179772
2024-05-14 10:30:00,-0.013098464317977232
2024-05-14 10:40:00,2.3202348690153585
2024-05-14 10:50:00,4.3202348690153585
2024-05-14 11:00:00,-3.9810298102981
2024-05-14 11:10:00,-2.203252032520325
2024-05-14 11:20:00,-0.3143631436314358
2024-05-14 11:30:00,1.5745257452574535
2024-05-14 11:40:00,3.352303523035232
2024-05-14 11:50:00,4.5745257452574535
2024-05-14 12:00:00,-2.4905149051490554
2024-05-14 12:10:00,-0.8238482384823911
2024-05-14 12:20:00,0.6205962059620518
2024-05-14 12:30:00,2.842818428184273
2024-05-14 12:40:00,4.287262872628723
2024-05-14 12:50:00,4.842818428184273
2024-05-14 13:00:00,-3.5528455284552862
2024-05-14 13:10:00,-3.5528455284552862
2024-05-14 13:20:00,-1.5528455284552862
2024-05-14 13:30:00,0.22493224932248523
2024-05-14 13:40:00,1.0027100271002638
2024-05-14 13:50:00,1.8915989159891566
2024-05-14 14:00:00,-5.7208672086720895
2024-05-14 14:10:00,-4.943089430894311
2024-05-14 14:20:00,-5.054200542005425
2024-05-14 14:30:00,-4.7208672086720895
2024-05-14 14:40:00,-4.054200542005425
2024-05-14 14:50:00,-3.943089430894311
2024-05-14 15:00:00,-8.847786811201445
2024-05-14 15:10:00,-8.070009033423666
2024-05-14 15:20:00,-8.625564588979223
2024-05-14 15:30:00,-8.292231255645888
2024-05-14 15:40:00,-7.736675700090331
2024-05-14 15:50:00,-8.73667570009033
2024-05-14 16:00:00,-12.896567299006321
2024-05-14 16:10:00,-14.452122854561871
2024-05-14 16:20:00,-15.341011743450764
2024-05-14 16:30:00,-16.6743450767841
2024-05-14 16:40:00,-17.785456187895207
2024-05-14 16:50:00,-16.341011743450764
2024-05-14 17:00:00,-19.233062330623298
2024-05-14 17:10:00,-19.344173441734412
2024-05-14 17:20:00,-19.788617886178855
2024-05-14 17:30:00,-19.89972899728997
2024-05-14 17:40:00,-19.89972899728997
2024-05-14 17:50:00,-20.455284552845526
2024-05-14 18:00:00,-18.457994579945797
2024-05-14 18:10:00,-20.680216802168026
2024-05-14 18:20:00,-21.457994579945797
2024-05-14 18:30:00,-22.680216802168026
2024-05-14 18:40:00,-22.791327913279133
2024-05-14 18:50:00,-24.56910569105691
2024-05-14 19:00:00,-15.77009936766035
2024-05-14 19:10:00,-16.658988256549236
2024-05-14 19:20:00,-18.214543812104793
2024-05-14 19:30:00,-20.103432700993682
2024-05-14 19:40:00,-21.325654923215904
2024-05-14 19:50:00,-22.658988256549236
2024-05-14 20:00:00,-10.165311653116529
2024-05-14 20:10:00,-10.943089430894307
2024-05-14 20:20:00,-12.27642276422764
2024-05-14 20:30:00,-13.387533875338754
2024-05-14 20:40:00,-15.720867208672086
2024-05-14 20:50:00,-17.387533875338754
2024-05-14 21:00:00,-5.757904245709124
2024-05-14 21:10:00,-6.9801264679313455
2024-05-14 21:20:00,-7.424570912375788
2024-05-14 21:30:00,-8.646793134598012
2024-05-14 21:40:00,-8.980126467931346
2024-05-14 21:50:00,-8.202348690153567
2024-05-14 22:00:00,-1.291327913279133
2024-05-14 22:10:00,1.0420054200542026
2024-05-14 22:20:00,0.0420054200542026
2024-05-14 22:30:00,0.0420054200542026
2024-05-14 22:40:00,-0.6246612466124652
2024-05-14 22:50:00,-0.9579945799457974
2024-05-14 23:00:00,-0.691056910569106
2024-05-14 23:10:00,-1.3577235772357739
2024-05-14 23:20:00,-1.3577235772357739
2024-05-14 23:30:00,-0.35772357723577386
2024-05-14 23:40:00,-0.691056910569106
2024-05-14 23:50:00,-1.5799457994579953
