datetime,MSLP_hPa,T2m_C,Td2m_C,vento_ms,vento_dir,CAPE_Jkg,CIN_Jkg,TCWV_mm,TCC,Kindex,TotalTotals,PRECIP_mm_h,IVT_kg_m_s,dominio
2024-04-01 00:00:00,1012.9256,23.450653,19.172699,2.016102,98.77113,290.9439,412.866,36.16465,0.70362,,,0.015718369,41.014553,corredor
2024-04-01 01:00:00,1013.29315,23.027466,19.12381,2.0046813,88.38193,240.03624,433.1267,36.10496,0.7231629,,,0.0076511926,64.68523,corredor
2024-04-01 02:00:00,1013.14514,22.670929,19.046326,1.9499077,81.05109,213.5385,418.99823,36.03227,0.6642169,,,0.00857217,87.83386,corredor
2024-04-01 03:00:00,1013.10205,22.241364,18.937134,1.9333303,77.288025,189.09114,425.03824,35.981068,0.6351511,,,0.008166177,105.51366,corredor
2024-04-01 04:00:00,1012.8003,21.918976,18.926636,1.8522599,76.79883,158.51932,439.44278,35.922386,0.6249243,,,0.0052234107,115.99163,corredor
2024-04-01 05:00:00,1012.6502,21.475128,18.748688,1.7944767,78.37958,130.74365,417.70023,35.899723,0.60558695,,,0.004498618,119.23463,corredor
2024-04-01 06:00:00,1012.0542,21.018097,18.661072,1.7469933,79.39337,111.66587,409.75107,35.898926,0.54351974,,,0.012379602,119.541565,corredor
2024-04-01 07:00:00,1011.5437,20.806244,18.671173,1.6452065,79.324646,97.89775,517.5263,35.959564,0.50552547,,,0.00788507,121.703835,corredor
2024-04-01 08:00:00,1011.4152,20.486206,18.657532,1.5893325,77.783264,89.04934,517.3964,36.12708,0.44410136,,,0.0068850745,122.62009,corredor
2024-04-01 09:00:00,1011.5263,20.292786,18.56247,1.5520365,73.25336,81.12513,525.4692,36.320576,0.41484252,,,0.0017983573,126.17366,corredor
2024-04-01 10:00:00,1011.81036,21.174896,18.92154,1.6784543,68.27252,52.732277,511.56876,36.00168,0.42056373,,,0.0023587546,121.79219,corredor
2024-04-01 11:00:00,1012.3324,22.010223,19.336304,1.9147433,61.213287,55.66958,459.0308,36.27981,0.3942288,,,0.0076793493,131.84161,corredor
2024-04-01 12:00:00,1012.57416,23.374664,19.56137,1.8413827,50.534485,108.65106,513.17804,36.67577,0.34220177,,,0.020494007,139.3367,corredor
2024-04-01 13:00:00,1012.8242,24.58783,19.596619,1.8406478,35.234344,178.01587,512.0938,37.22065,0.32451287,,,0.020130701,148.12457,corredor
2024-04-01 14:00:00,1012.6594,26.220184,19.60147,1.8270341,18.44757,260.56058,418.73502,37.901947,0.35139728,,,0.019288745,160.95535,corredor
2024-04-01 15:00:00,1012.2926,27.734528,19.649231,1.7208222,359.55554,339.35104,326.96002,38.650208,0.3846284,,,0.044539314,175.79063,corredor
2024-04-01 16:00:00,1011.613,28.171051,19.624542,1.5659631,345.02325,414.41904,259.88376,39.367077,0.45305446,,,0.10812033,184.38887,corredor
2024-04-01 17:00:00,1011.0158,28.915405,19.609924,1.304126,328.50964,499.9856,204.83908,40.045742,0.5083149,,,0.13789132,190.33763,corredor
2024-04-01 18:00:00,1010.4615,28.948517,19.682434,0.9902725,309.28793,534.18994,172.89288,40.53844,0.52305174,,,0.30014312,191.16298,corredor
2024-04-01 19:00:00,1010.15173,28.553497,19.851501,0.60504365,277.3911,556.3541,170.98737,40.92958,0.5867731,,,0.22910617,188.2411,corredor
2024-04-01 20:00:00,1010.21204,27.6586,20.138214,0.43229043,203.80368,586.8231,231.22856,41.20004,0.5943544,,,0.17131805,181.67508,corredor
2024-04-01 21:00:00,1010.4626,26.330872,20.286743,0.7608087,156.03386,700.8019,274.16916,41.399727,0.59315675,,,0.10391235,168.70032,corredor
2024-04-01 22:00:00,1010.59076,24.263763,20.259705,0.92499197,146.69849,426.7275,264.40656,40.042492,0.554925,,,0.05095164,174.57869,corredor
2024-04-01 23:00:00,1011.3133,23.40384,20.177155,1.1003765,140.96935,364.24695,259.4979,40.080738,0.5254168,,,0.0424485,164.27182,corredor
2024-04-02 00:00:00,1011.9123,22.993896,20.11203,1.1908095,134.22911,322.15912,255.9192,40.05478,0.47889253,,,0.028131576,150.31363,corredor
2024-04-02 01:00:00,1012.23413,22.634338,19.953735,1.1837531,128.7922,301.74496,246.83751,40.026806,0.4351916,,,0.030204227,140.24545,corredor
2024-04-02 02:00:00,1012.33655,22.14148,19.74945,1.1485642,123.51503,294.59946,236.23181,39.989635,0.43836614,,,0.031228747,132.09682,corredor
2024-04-02 03:00:00,1012.78955,21.48413,19.519653,1.0108669,123.56119,303.75595,215.45354,40.014988,0.40753493,,,0.052449364,134.03294,corredor
2024-04-02 04:00:00,1012.78424,21.168396,19.361053,0.8316214,128.18774,328.85767,205.12708,40.089092,0.423656,,,0.07967949,144.58643,corredor
2024-04-02 05:00:00,1012.76056,20.742126,19.224243,0.6857105,138.7339,355.55118,192.07506,40.17376,0.4069859,,,0.10517393,159.67558,corredor
2024-04-02 06:00:00,1012.8631,20.325928,18.93637,0.6419788,156.035,360.9709,185.90666,40.15258,0.41011283,,,0.15772001,175.9352,corredor
2024-04-02 07:00:00,1012.37494,20.179108,18.918732,0.7224993,171.77463,362.28915,210.28061,39.9515,0.45780316,,,0.2126603,190.88481,corredor
2024-04-02 08:00:00,1012.3846,19.992126,18.81424,0.8385412,175.80191,342.44986,228.86998,39.631298,0.50126475,,,0.20724525,196.41794,corredor
2024-04-02 09:00:00,1012.68225,19.809082,18.707245,0.95606905,173.08008,324.99564,248.16017,39.264717,0.5194417,,,0.16444069,195.70764,corredor
2024-04-02 10:00:00,1013.0849,20.306824,18.938232,0.9817098,163.02832,317.1783,263.78543,38.919506,0.6200445,,,0.11579196,187.16711,corredor
2024-04-02 11:00:00,1013.7136,20.887177,19.211792,1.054055,159.27905,287.80026,302.65024,38.536655,0.55472094,,,0.07556915,177.43028,corredor
2024-04-02 12:00:00,1014.0058,21.731567,19.46988,0.9595584,167.13547,333.03784,296.12494,38.31916,0.5782986,,,0.04468736,172.58398,corredor
2024-04-02 13:00:00,1014.06616,22.698334,19.665527,0.8918095,187.11487,383.38492,290.22763,38.270782,0.5665883,,,0.053670973,168.9832,corredor
2024-04-02 14:00:00,1013.65533,23.996704,19.704773,0.9185385,203.08069,424.1688,291.22647,38.367325,0.5928934,,,0.057502016,170.6602,corredor
2024-04-02 15:00:00,1013.1437,25.392487,19.964874,0.98971575,211.19452,475.95767,270.66324,38.505913,0.58454657,,,0.06470271,169.65855,corredor
2024-04-02 16:00:00,1012.25385,26.774689,19.863373,1.1458026,213.92361,542.2507,256.83688,38.55919,0.60086536,,,0.06734031,169.67877,corredor
2024-04-02 17:00:00,1011.50146,27.515045,20.004517,1.2987925,205.85631,588.5418,247.2639,38.531834,0.5976782,,,0.06038393,163.57738,corredor
2024-04-02 18:00:00,1010.67017,27.669159,20.113617,1.4535698,194.71341,576.2857,258.63672,38.39537,0.5796214,,,0.064176835,155.65588,corredor
2024-04-02 19:00:00,1010.20374,27.679504,20.074585,1.6330668,178.12384,545.8819,304.5833,38.185272,0.55240774,,,0.034207843,140.81741,corredor
2024-04-02 20:00:00,1010.01733,27.255096,20.161835,1.7788243,159.41061,521.8582,352.76962,37.855366,0.5135351,,,0.03250213,120.85403,corredor
2024-04-02 21:00:00,1010.0133,25.998291,20.073212,1.9118037,144.89847,554.62885,397.17862,37.369255,0.46264434,,,0.018405914,97.08126,corredor
2024-04-02 22:00:00,1009.91675,23.999664,20.00351,2.1740186,135.28839,416.6287,423.79617,36.137234,0.3719645,,,0.0119727,76.018524,corredor
2024-04-02 23:00:00,1010.35547,23.30719,19.926056,2.492244,123.45262,339.11203,480.0341,35.488384,0.30820858,,,0.01088097,43.083336,corredor
2024-04-03 00:00:00,1010.87164,22.82965,19.753998,2.741614,113.465576,277.49722,541.9968,34.804577,0.265334,,,0.009327843,12.054204,corredor
2024-04-03 01:00:00,1011.1209,22.450928,19.6044,2.9127889,103.319626,239.38069,619.10333,34.130222,0.20484835,,,0.006165277,23.955637,corredor
2024-04-03 02:00:00,1011.187,22.006866,19.41986,2.9924583,93.580185,221.34007,656.42316,33.55734,0.18874682,,,0.004318782,57.68402,corredor
2024-04-03 03:00:00,1011.43896,21.404114,19.12613,3.020007,84.97754,212.96547,681.94696,33.212193,0.16812144,,,0.0045117876,90.78177,corredor
2024-04-03 04:00:00,1011.2399,21.181763,19.015533,2.987482,77.07971,212.2037,704.9975,33.08252,0.17669232,,,0.003950028,121.11333,corredor
2024-04-03 05:00:00,1011.12775,20.8992,18.924011,2.9291131,70.237976,213.74312,709.5055,33.11023,0.19099453,,,0.0045694625,148.37848,corredor
2024-04-03 06:00:00,1011.0976,20.627716,18.824585,2.8224647,64.20471,216.70119,665.232,33.17021,0.19239582,,,0.0037579308,172.11032,corredor
2024-04-03 07:00:00,1011.0532,20.528656,18.819153,2.7060208,58.82086,220.51785,655.119,33.188522,0.1873792,,,0.0051334924,192.25648,corredor
2024-04-03 08:00:00,1010.92444,20.395935,18.757812,2.6300063,54.57776,225.68347,605.20996,33.139847,0.1825702,,,0.001780192,209.55112,corredor
2024-04-03 09:00:00,1011.33795,20.398956,18.812256,2.5693305,50.84198,227.55556,578.85065,33.070374,0.17430988,,,0.0017488571,224.08656,corredor
2024-04-03 10:00:00,1011.7264,21.559875,19.454895,3.0673344,47.536896,320.86667,509.79953,32.721184,0.2519347,,,0.003386452,247.91325,corredor
2024-04-03 11:00:00,1012.2579,22.514801,19.90741,3.2763116,39.074707,317.08307,467.81348,32.709274,0.3004774,,,0.0045912606,262.95862,corredor
2024-04-03 12:00:00,1012.6194,23.969818,20.353882,3.2586896,29.751099,368.91733,493.09854,32.743214,0.34097993,,,0.004619871,267.1186,corredor
2024-04-03 13:00:00,1012.6143,25.643127,20.716309,3.4376812,18.499573,477.75424,569.04663,32.860012,0.3497595,,,0.0025821866,269.30157,corredor
2024-04-03 14:00:00,1011.96234,27.865753,21.108673,3.635361,6.7296753,635.8791,611.08435,32.97056,0.37741995,,,0.009663899,270.86084,corredor
2024-04-03 15:00:00,1011.3807,29.975067,21.334076,3.7168298,356.48984,747.0673,588.3239,33.087967,0.42955226,,,0.010915484,270.68326,corredor
2024-04-03 16:00:00,1010.37646,30.85315,21.251343,3.6316218,349.65833,821.22974,507.77725,33.277863,0.44763154,,,0.005076272,266.90286,corredor
2024-04-03 17:00:00,1009.46643,32.023773,21.066803,3.4127443,345.93793,850.5852,451.31134,33.59693,0.4780615,,,0.005797432,261.0875,corredor
2024-04-03 18:00:00,1008.59283,32.283234,20.948944,3.1110177,345.00226,880.08386,400.5878,34.046165,0.5400604,,,0.0044940766,255.54707,corredor
2024-04-03 19:00:00,1008.2406,32.108704,20.90091,2.6952748,347.61682,904.2558,494.74725,34.585575,0.5544466,,,0.025531223,246.47327,corredor
2024-04-03 20:00:00,1008.28107,31.467957,21.095245,1.997923,355.81427,1035.6957,483.02054,35.248585,0.5551232,,,0.13332911,238.62613,corredor
2024-04-03 21:00:00,1008.81,30.047363,21.451324,1.0842208,23.25177,1125.662,483.30945,35.951252,0.55291694,,,0.27357554,225.39755,corredor
2024-04-03 22:00:00,1009.0376,27.330688,21.73294,1.3462563,40.234222,347.06403,451.81467,34.48697,0.491387,,,0.30390513,191.1486,corredor
2024-04-03 23:00:00,1009.9512,26.205841,21.663788,1.4124877,60.938873,264.92712,417.70807,35.10823,0.536265,,,0.31047958,189.47842,corredor
2024-04-04 00:00:00,1010.88,25.582611,21.480682,1.4682838,79.866486,229.75331,388.79193,35.844986,0.6144295,,,0.30980793,180.39363,corredor
2024-04-04 01:00:00,1011.54224,25.220764,21.445435,1.6322637,87.74759,217.95886,374.5399,36.52324,0.6731284,,,0.24589583,173.74121,corredor
2024-04-04 02:00:00,1012.0731,24.802643,21.429382,1.812948,86.043274,210.81006,385.38055,37.031643,0.64933914,,,0.21760668,172.5308,corredor
2024-04-04 03:00:00,1012.2653,24.31903,21.31134,1.9407513,83.037964,214.21666,372.85944,37.43083,0.6194636,,,0.2211035,174.65909,corredor
2024-04-04 04:00:00,1012.0176,23.96045,21.353455,2.003416,78.345215,218.125,371.9851,37.75788,0.6023157,,,0.25714874,180.99872,corredor
2024-04-04 05:00:00,1011.8778,23.555634,21.140686,2.039574,71.49011,221.48955,372.45648,38.04717,0.59517753,,,0.31561396,193.59364,corredor
2024-04-04 06:00:00,1011.59656,22.826721,20.875671,2.0313966,64.31439,223.26627,350.80414,38.299934,0.54940027,,,0.31223524,206.462,corredor
2024-04-04 07:00:00,1011.447,22.735657,20.84317,1.9787536,56.353973,233.77936,194.05019,38.59922,0.5375887,,,0.15879677,222.40926,corredor
2024-04-04 08:00:00,1011.50696,22.495056,20.767822,1.922091,49.944397,239.78995,170.76968,38.96562,0.5245245,,,0.22958392,236.28116,corredor
2024-04-04 09:00:00,1011.9666,22.288177,20.689087,1.8583285,43.985474,245.94286,141.74156,39.384434,0.5330901,,,0.3392156,249.769,corredor
2024-04-04 10:00:00,1012.71436,22.822968,20.982422,1.8086132,53.86209,245.66429,141.94797,43.370667,0.724506,,,0.47868595,237.11272,corredor
2024-04-04 11:00:00,1013.4832,22.942719,21.104675,1.8701725,48.254395,233.57063,167.61877,43.69274,0.719611,,,0.564003,238.1008,corredor
2024-04-04 12:00:00,1013.8753,23.49472,21.23639,1.8876524,41.1687,276.8185,261.59772,44.06084,0.80737203,,,0.5523046,242.30904,corredor
2024-04-04 13:00:00,1014.2812,24.206543,21.420197,1.8991976,27.46283,428.84616,320.09152,44.648792,0.8611642,,,0.52066165,249.42314,corredor
2024-04-04 14:00:00,1014.4094,25.214386,21.626587,1.9129362,11.214569,581.8504,276.99097,45.35898,0.9149824,,,0.41237423,265.1482,corredor
2024-04-04 15:00:00,1014.58,26.56018,22.108643,1.802925,357.30475,711.0936,245.19508,46.09084,0.91696113,,,0.3099587,277.2213,corredor
2024-04-04 16:00:00,1014.0273,27.323547,22.01007,1.629654,342.57034,821.9704,195.204,46.657627,0.92321944,,,0.27244386,288.07867,corredor
2024-04-04 17:00:00,1013.3334,27.856873,21.988312,1.339775,325.5468,906.4907,179.94038,47.043945,0.9235093,,,0.2877417,288.51468,corredor
2024-04-04 18:00:00,1012.8077,27.689026,21.808899,1.0937433,311.3829,950.8926,188.68626,47.284615,0.9055843,,,0.334202,286.66095,corredor
2024-04-04 19:00:00,1012.2994,27.60788,21.992004,0.6296103,281.77893,975.0477,159.02136,47.404568,0.88883483,,,0.41921526,270.76825,corredor
2024-04-04 20:00:00,1012.6039,26.698029,21.899414,0.4492264,203.36938,1036.3053,170.1858,47.521687,0.8644707,,,0.2809479,246.36607,corredor
2024-04-04 21:00:00,1012.738,25.587372,21.746765,0.89547634,160.32397,1079.6693,178.26036,47.575157,0.8325282,,,0.17976126,220.44731,corredor
2024-04-04 22:00:00,1013.20337,24.084564,21.647156,1.4460235,139.77567,543.57117,179.7386,44.464767,0.78991896,,,0.100667134,159.6838,corredor
2024-04-04 23:00:00,1013.7972,23.800537,21.544373,1.7183607,137.93994,438.4746,182.34258,44.21612,0.70217335,,,0.08503505,137.3533,corredor
2024-04-05 00:00:00,1014.2942,23.485657,21.44339,1.9235284,134.8694,327.7631,185.67233,43.936333,0.6378683,,,0.075905666,113.82484,corredor
2024-04-05 01:00:00,1014.50635,23.284851,21.316284,1.9997065,131.65096,259.11005,178.99918,43.689926,0.5793129,,,0.04854157,98.78463,corredor
2024-04-05 02:00:00,1014.86206,22.986633,21.156952,2.0146666,128.9935,229.87381,172.73134,43.631035,0.5546522,,,0.046954837,90.15149,corredor
2024-04-05 03:00:00,1015.03314,22.624207,20.941956,1.9704956,125.99861,227.40396,164.93709,43.75471,0.52385455,,,0.07554009,88.08434,corredor
2024-04-05 04:00:00,1015.113,22.44577,20.964386,1.867742,123.302826,239.03969,141.95258,44.02195,0.56923044,,,0.12121836,92.375275,corredor
2024-04-05 05:00:00,1015.17224,22.282684,20.944702,1.8093617,122.75293,264.54153,120.33569,44.388004,0.56574965,,,0.22875012,97.906586,corredor
2024-04-05 06:00:00,1015.2559,22.023956,20.760345,1.7630261,123.04477,287.76666,100.58915,44.76682,0.62828755,,,0.40457135,104.9173,corredor
2024-04-05 07:00:00,1015.2816,21.92334,20.731415,1.7053882,123.97882,308.16653,196.73192,45.100685,0.6538524,,,0.07600058,111.03427,corredor
2024-04-05 08:00:00,1015.19025,21.757019,20.68216,1.6793749,125.52437,311.8894,156.79858,45.291134,0.6884675,,,0.12352716,114.58564,corredor
2024-04-05 09:00:00,1015.51587,21.70868,20.631165,1.724144,126.07213,286.56668,142.12822,45.30513,0.7253344,,,0.1947185,109.59533,corredor
2024-04-05 10:00:00,1015.84674,22.290497,20.935913,2.0430298,122.74486,294.5013,138.44151,44.105946,0.65754193,,,0.24792352,95.334435,corredor
2024-04-05 11:00:00,1016.5561,22.76767,21.143066,2.0897393,122.14725,292.89975,152.73798,44.042015,0.5871815,,,0.25207245,91.1905,corredor
2024-04-05 12:00:00,1017.07196,23.534607,21.409119,2.1420965,117.170395,433.42514,163.94855,44.062946,0.6037524,,,0.23493086,83.38076,corredor
2024-04-05 13:00:00,1017.26666,24.5253,21.509796,2.0571094,114.64874,612.0959,161.26175,44.152027,0.62756747,,,0.20525114,81.905075,corredor
2024-04-05 14:00:00,1017.0848,25.927643,21.774536,1.8361555,115.323975,740.25305,142.3075,44.23689,0.58925664,,,0.17680849,80.60278,corredor
2024-04-05 15:00:00,1016.72144,27.226257,21.941284,1.6012142,123.94823,785.7496,116.33006,44.295242,0.5569571,,,0.18182755,86.07615,corredor
2024-04-05 16:00:00,1016.11835,27.608276,21.746063,1.627716,138.32426,815.01245,92.87657,44.26072,0.5227366,,,0.3183174,95.32735,corredor
2024-04-05 17:00:00,1015.26764,28.031616,21.651276,1.867217,148.24886,821.19446,80.17408,44.1095,0.5411843,,,0.46776545,105.320305,corredor
2024-04-05 18:00:00,1014.58044,27.791687,21.716827,2.2716486,152.01358,795.3359,84.87206,43.75643,0.5529057,,,0.75152034,115.66667,corredor
2024-04-05 19:00:00,1014.5796,27.412903,21.747437,2.7191017,150.8906,764.1992,128.90938,43.29905,0.5611257,,,0.5427088,125.07045,corredor
2024-04-05 20:00:00,1014.6433,26.450989,21.208252,2.9916673,147.12259,695.2996,148.68275,42.600628,0.5732461,,,0.5516406,129.4588,corredor
2024-04-05 21:00:00,1014.99994,25.109833,20.750854,3.0192513,144.29889,705.8818,162.54279,41.868668,0.56138754,,,0.36511466,137.81128,corredor
2024-04-05 22:00:00,1015.4154,23.603516,20.427917,3.0871315,137.95856,364.4987,177.66536,38.856213,0.5007366,,,0.24856111,130.02791,corredor
2024-04-05 23:00:00,1016.105,22.935974,20.164825,3.3157122,133.37529,267.2299,213.41425,37.56591,0.45196426,,,0.097659886,130.94846,corredor
2024-04-06 00:00:00,1016.67865,22.499176,19.855621,3.554703,128.1317,179.17645,273.1286,36.186806,0.4242153,,,0.05163011,134.45163,corredor
2024-04-06 01:00:00,1016.8189,22.018341,19.568268,3.7226536,124.04195,108.1287,342.41846,34.737965,0.40059602,,,0.027981713,137.405,corredor
2024-04-06 02:00:00,1016.94116,21.547943,19.206024,3.7683098,119.67694,67.24616,418.02582,33.405685,0.37957072,,,0.019009907,134.38783,corredor
2024-04-06 03:00:00,1016.8017,20.855286,18.632751,3.7684312,116.41853,47.33069,423.08765,32.281143,0.33929554,,,0.014545804,130.37088,corredor
2024-04-06 04:00:00,1016.56635,20.567139,18.363953,3.6419907,113.433395,36.91336,421.357,31.405617,0.30173603,,,0.011556716,120.57414,corredor
2024-04-06 05:00:00,1016.3164,20.184113,18.135986,3.5903578,111.349365,30.924206,395.44073,30.768051,0.26255384,,,0.008463178,115.19028,corredor
2024-04-06 06:00:00,1016.0359,19.486328,17.708832,3.4651492,109.70111,27.106613,381.0606,30.322563,0.23392141,,,0.008869171,105.86219,corredor
2024-04-06 07:00:00,1015.851,19.173279,17.48584,3.400476,107.824585,24.20225,465.25555,30.031637,0.22581486,,,0.0075485595,100.37397,corredor
2024-04-06 08:00:00,1015.5107,18.913239,17.256012,3.3560925,105.77435,22.28955,392.09244,29.835676,0.23245391,,,0.006208874,96.853584,corredor
2024-04-06 09:00:00,1015.9147,18.723572,17.07315,3.3816104,103.02252,21.36746,347.21338,29.761374,0.24127862,,,0.006379627,99.805145,corredor
2024-04-06 10:00:00,1016.06335,19.433807,17.367523,3.4170566,101.16106,41.925663,306.28308,30.161,0.2674567,,,0.006431398,95.95909,corredor
2024-04-06 11:00:00,1016.7761,19.963165,17.528107,3.6164167,96.299194,42.712433,325.18524,30.247553,0.25625613,,,0.007962726,111.832184,corredor
2024-04-06 12:00:00,1016.8953,21.019745,17.752533,4.1045437,88.845825,60.9082,387.57214,30.535425,0.30061808,,,0.007171631,128.26883,corredor
2024-04-06 13:00:00,1016.7035,22.217743,18.0719,4.2608013,82.07764,105.46137,422.00128,31.078238,0.3722856,,,0.010598501,142.35748,corredor
2024-04-06 14:00:00,1016.2386,24.17389,18.45288,4.1249027,75.88452,195.11191,449.07703,31.867666,0.44626325,,,0.017998105,156.92291,corredor
2024-04-06 15:00:00,1015.3885,25.883514,18.826538,3.8410037,72.055084,302.1865,439.83075,32.781338,0.52503145,,,0.031174252,168.10844,corredor
2024-04-06 16:00:00,1014.3631,26.352753,18.96289,3.559717,69.92041,373.67395,393.9267,33.737938,0.5965714,,,0.036933538,174.53288,corredor
2024-04-06 17:00:00,1013.4001,27.091736,19.082031,3.360915,70.39221,440.727,306.7154,34.702374,0.6406215,,,0.047773633,178.31773,corredor
2024-04-06 18:00:00,1012.66626,27.190033,19.166077,3.2094147,71.83667,505.707,225.22363,35.631744,0.68591696,,,0.04291171,183.10727,corredor
2024-04-06 19:00:00,1012.1693,27.020325,19.161316,3.186137,75.39349,589.2593,171.78716,36.520824,0.68172485,,,0.08454459,188.49959,corredor
2024-04-06 20:00:00,1012.1371,26.152252,19.088226,3.022396,81.50641,666.241,201.76959,37.279373,0.6620382,,,0.08887518,195.22498,corredor
2024-04-06 21:00:00,1012.0263,25.070251,19.351532,2.9397957,89.79401,786.50183,223.36226,37.836884,0.67576224,,,0.114676155,204.76726,corredor
2024-04-06 22:00:00,1012.63983,23.034851,19.045685,3.003326,104.513794,513.2914,206.9471,37.9812,0.6500605,,,0.08953822,193.18814,corredor
2024-04-06 23:00:00,1012.8322,22.48465,18.931213,3.2740893,103.22334,435.7852,194.74074,38.487854,0.6294671,,,0.17201468,200.03264,corredor
2024-04-07 00:00:00,1013.6211,22.152466,18.886322,3.407157,100.40015,372.92606,224.73947,38.957325,0.646218,,,0.2781264,208.2537,corredor
2024-04-07 01:00:00,1013.64874,21.924286,18.871307,3.37312,97.15166,329.15106,212.01472,39.33708,0.65078485,,,0.4107666,220.20078,corredor
2024-04-07 02:00:00,1013.7562,21.482086,18.748749,3.2209828,92.96414,330.97644,186.24059,39.851456,0.62981355,,,0.46270734,240.30237,corredor
2024-04-07 03:00:00,1014.03046,20.732574,18.348572,3.040873,90.10841,357.00397,160.03604,40.575104,0.70263237,,,0.59394205,260.574,corredor
2024-04-07 04:00:00,1013.7126,20.451447,18.152527,2.8382301,85.6319,380.73068,143.84097,41.37879,0.76182675,,,0.7456098,286.28778,corredor
2024-04-07 05:00:00,1013.83264,20.091858,18.051117,2.6457515,81.509735,357.20264,130.17273,42.03106,0.7835461,,,0.8642992,308.46027,corredor
2024-04-07 06:00:00,1013.3972,19.350739,17.679535,2.430225,77.84332,343.5775,109.929054,42.576153,0.7997981,,,0.9528628,323.77777,corredor
2024-04-07 07:00:00,1012.95,19.19217,17.573334,2.236188,72.76642,338.62143,66.48015,43.107147,0.85163313,,,1.2033217,341.2332,corredor
2024-04-07 08:00:00,1012.82794,19.10141,17.536407,2.0829449,67.58478,312.93744,68.15018,43.588444,0.8667385,,,1.2589946,354.33127,corredor
2024-04-07 09:00:00,1013.23206,19.022064,17.58023,2.0554497,62.364014,294.6041,69.03819,44.108,0.8911103,,,1.2132444,362.66248,corredor
2024-04-07 10:00:00,1013.96826,18.813751,17.632965,2.4822886,74.53287,89.89683,59.73618,44.601547,0.93184084,,,1.2896602,332.74448,corredor
2024-04-07 11:00:00,1014.81445,18.919586,17.8078,2.5342875,69.64432,100.512695,50.29062,44.95499,0.96766275,,,1.3141115,318.84003,corredor
2024-04-07 12:00:00,1015.114,19.136475,17.880371,2.6032407,62.96054,105.97936,44.154488,45.10625,0.9831913,,,1.3003713,309.9249,corredor
2024-04-07 13:00:00,1015.5135,19.630524,18.075348,2.5183413,53.720215,106.66706,41.117172,45.199768,0.9889419,,,1.253504,308.32568,corredor
2024-04-07 14:00:00,1015.33936,20.29889,18.33551,2.3377066,45.039337,109.67804,48.177887,45.127,0.9883772,,,1.1297417,314.51947,corredor
2024-04-07 15:00:00,1015.11273,20.890015,18.576385,2.2086532,38.25647,110.305954,61.194717,44.88735,0.98102266,,,1.0803685,317.08923,corredor
2024-04-07 16:00:00,1014.5951,21.20102,18.795197,1.9794499,30.769836,119.82487,63.79155,44.599384,0.9760299,,,0.8989942,321.07925,corredor
2024-04-07 17:00:00,1013.6887,21.445831,19.016754,1.6885529,24.831451,129.68175,73.59925,44.244473,0.9778266,,,0.8351426,319.72574,corredor
2024-04-07 18:00:00,1013.25916,21.487915,19.062958,1.3074871,23.688293,138.24974,87.013115,43.81535,0.98578453,,,0.7809212,311.71304,corredor
2024-04-07 19:00:00,1012.9419,21.585999,19.134369,0.96105283,25.746033,147.82394,150.46501,43.37625,0.99581647,,,1.0886647,300.69104,corredor
2024-04-07 20:00:00,1013.0086,21.375793,19.187195,0.72651744,40.279816,147.05423,164.49776,42.91143,0.99573076,,,0.9191377,284.5056,corredor
2024-04-07 21:00:00,1012.9687,20.859924,19.042603,0.63420665,56.857117,135.51257,185.6433,42.336285,0.9967231,,,0.74590594,265.9015,corredor
2024-04-07 22:00:00,1013.31384,20.268555,18.82666,0.8372425,106.16957,26.105953,231.51448,39.191467,0.98659277,,,0.56108385,235.8224,corredor
2024-04-07 23:00:00,1013.6838,20.028473,18.765045,0.98320585,104.03339,19.978174,285.6471,38.586414,0.9765456,,,0.4251807,209.17012,corredor
2024-04-08 00:00:00,1014.1222,19.88681,18.726807,0.98174584,102.42355,13.673677,306.36365,38.12043,0.94349486,,,0.32094955,189.86748,corredor
2024-04-08 01:00:00,1014.6472,19.787537,18.65384,0.9001455,100.09375,10.278968,339.1487,37.799644,0.9351955,,,0.24356297,179.9962,corredor
2024-04-08 02:00:00,1014.70447,19.630585,18.56607,0.8373812,97.78717,10.018518,284.55008,37.48781,0.9193039,,,0.18941788,174.39171,corredor
2024-04-08 03:00:00,1014.7989,19.542542,18.568665,0.80250883,98.18556,10.955423,299.3413,37.179234,0.8831724,,,0.17101742,170.98225,corredor
2024-04-08 04:00:00,1014.5975,19.483002,18.522888,0.7992357,90.01131,14.410847,307.45123,36.90459,0.84595114,,,0.174259,170.26308,corredor
2024-04-08 05:00:00,1014.348,19.410156,18.513275,0.742522,86.65927,19.777514,260.32706,36.69393,0.79399776,,,0.20873569,171.57942,corredor
2024-04-08 06:00:00,1013.96985,19.302216,18.445251,0.6935078,84.89096,27.212566,227.10016,36.440514,0.76118255,,,0.2504485,172.50522,corredor
2024-04-08 07:00:00,1013.6182,19.28125,18.457214,0.6578467,87.907104,35.541798,227.62604,36.114647,0.7591581,,,0.13600849,170.81253,corredor
2024-04-08 08:00:00,1013.27594,19.229034,18.452087,0.62632513,88.612915,43.944443,263.67377,35.75592,0.75112396,,,0.12428012,168.25928,corredor
2024-04-08 09:00:00,1013.4342,19.242645,18.490356,0.66772294,85.66284,53.04246,273.62524,35.423473,0.73998547,,,0.11244547,163.46541,corredor
2024-04-08 10:00:00,1013.74414,19.755432,18.861115,1.0450215,94.8923,54.193916,284.67917,35.67782,0.8764663,,,0.09111541,139.26425,corredor
2024-04-08 11:00:00,1014.21594,20.11621,19.172852,1.1454679,87.25513,55.74815,322.86807,35.463734,0.8323077,,,0.07904053,138.94147,corredor
2024-04-08 12:00:00,1014.3739,20.683472,19.481476,1.2674457,73.83148,58.774075,360.36337,35.27748,0.7955821,,,0.07293111,137.51848,corredor
2024-04-08 13:00:00,1014.45654,21.503143,19.753906,1.3377779,55.065155,67.07818,352.38498,35.237404,0.8084714,,,0.06466548,139.28406,corredor
2024-04-08 14:00:00,1014.1406,22.765717,20.039124,1.3208902,35.573486,83.82182,335.09073,35.28171,0.8361514,,,0.07370449,142.87135,corredor
2024-04-08 15:00:00,1013.6403,24.044312,20.122162,1.2780175,17.83966,121.56892,353.72855,35.370808,0.84822553,,,0.09687333,146.31967,corredor
2024-04-08 16:00:00,1012.91907,24.61972,20.313751,1.156154,1.9446106,176.27487,347.15424,35.470768,0.79806006,,,0.10215941,146.42792,corredor
2024-04-08 17:00:00,1012.111,25.36621,20.52597,1.002868,348.5765,255.04669,337.90076,35.52458,0.7768379,,,0.15872593,143.81856,corredor
2024-04-08 18:00:00,1011.5977,25.63272,20.584747,0.75120634,339.87372,305.0832,325.16904,35.5318,0.7681182,,,0.15184766,135.69217,corredor
2024-04-08 19:00:00,1011.2087,25.5961,20.633575,0.39574435,336.9704,319.9409,236.5477,35.425686,0.7020305,,,0.23915426,120.93845,corredor
2024-04-08 20:00:00,1011.0451,25.376892,20.61203,0.052736286,109.09956,266.57486,279.06738,35.21198,0.68338317,,,0.27665365,103.31401,corredor
2024-04-08 21:00:00,1010.9802,24.516113,20.774872,0.54366976,135.23096,257.52963,310.11307,34.92041,0.66420805,,,0.14295396,81.30986,corredor
2024-04-08 22:00:00,1011.09454,23.157776,20.781494,0.7483206,135.74387,159.21243,301.00748,32.864216,0.51375085,,,0.08146377,74.24764,corredor
2024-04-08 23:00:00,1011.56195,22.622498,20.671936,1.1262236,122.65375,124.27989,316.11505,32.47385,0.44389284,,,0.06285077,55.692425,corredor
2024-04-09 00:00:00,1012.0084,22.215637,20.465332,1.3101201,110.20256,100.15503,345.17056,32.16998,0.43446344,,,0.048436664,52.800037,corredor
2024-04-09 01:00:00,1012.43585,21.86264,20.254242,1.4272593,100.11859,94.45318,369.10007,31.993252,0.3633922,,,0.031754177,61.64581,corredor
2024-04-09 02:00:00,1012.52966,21.517853,20.057343,1.4458821,89.96893,96.40238,382.08832,31.915081,0.3412374,,,0.021906354,79.27122,corredor
2024-04-09 03:00:00,1012.6771,20.94226,19.704712,1.4585949,84.55951,100.202644,410.3731,31.921316,0.3147013,,,0.015881857,94.28859,corredor
2024-04-09 04:00:00,1012.6209,20.850922,19.669098,1.4117241,78.98694,106.77183,430.61374,31.978113,0.3681198,,,0.008981795,108.594025,corredor
2024-04-09 05:00:00,1012.7111,20.624878,19.523895,1.3291873,78.63074,118.50449,437.67917,32.12122,0.37577677,,,0.007534481,115.116264,corredor
2024-04-09 06:00:00,1012.3784,20.208313,19.21991,1.2287835,79.53522,134.31998,416.41483,32.32848,0.44828385,,,0.007394155,118.39753,corredor
2024-04-09 07:00:00,1012.35516,20.03897,19.092987,1.1162463,81.08075,152.64735,412.00482,32.621708,0.4556445,,,0.0062361215,119.334,corredor
2024-04-09 08:00:00,1012.3169,19.88919,19.045074,1.0312184,81.78531,170.77672,343.8672,32.956097,0.5318196,,,0.012614841,120.15918,corredor
2024-04-09 09:00:00,1013.0875,19.827911,19.007935,0.983271,83.863525,182.5582,260.8653,33.30861,0.5594707,,,0.030399503,117.99918,corredor
2024-04-09 10:00:00,1013.71405,20.49173,19.47174,1.0258342,99.717804,121.58968,206.37518,32.760426,0.587071,,,0.030978974,93.488304,corredor
2024-04-09 11:00:00,1014.6154,21.106415,19.955688,1.0679798,94.46489,118.78492,165.62897,32.97379,0.56927824,,,0.03950573,87.92779,corredor
2024-04-09 12:00:00,1015.1156,22.097382,20.455627,0.9678267,88.08429,156.96283,173.53816,33.222218,0.51839495,,,0.043686457,81.07445,corredor
2024-04-09 13:00:00,1015.4916,23.460724,20.944061,0.83417034,79.51837,257.7193,155.72897,33.615967,0.50385803,,,0.06280717,76.34888,corredor
2024-04-09 14:00:00,1015.0893,25.377838,21.157928,0.57905304,70.24164,356.51797,163.86172,34.085567,0.47540715,,,0.09251913,77.92145,corredor
2024-04-09 15:00:00,1014.6432,26.903473,21.213379,0.32329172,80.05286,423.1799,160.75584,34.589092,0.47246104,,,0.11495227,77.98159,corredor
2024-04-09 16:00:00,1013.9572,27.44748,21.001373,0.15347147,166.52896,498.66364,165.61815,35.097073,0.4577431,,,0.15366144,83.4411,corredor
2024-04-09 17:00:00,1013.1461,28.013733,20.907288,0.42616382,195.71979,550.7766,168.80426,35.552498,0.45333442,,,0.23878732,85.238235,corredor
2024-04-09 18:00:00,1012.4102,28.065613,20.82074,0.7372328,193.27045,564.34045,156.18336,35.8754,0.4837973,,,0.2561115,85.00939,corredor
2024-04-09 19:00:00,1012.0156,28.128815,20.688507,1.0314714,180.88232,523.18164,168.52853,36.053993,0.5041957,,,0.1768639,78.554276,corredor
2024-04-09 20:00:00,1011.5901,27.778961,20.88379,1.3154503,170.29097,443.82684,213.99336,36.015427,0.48870707,,,0.16976129,75.310425,corredor
2024-04-09 21:00:00,1011.55304,26.499084,21.153656,1.417185,158.5668,505.09088,247.2033,35.98476,0.43676746,,,0.05830583,66.58286,corredor
2024-04-09 22:00:00,1011.7941,24.510498,21.098022,1.6896275,145.12494,295.71442,218.28246,34.36368,0.40207806,,,0.020729247,41.67086,corredor
2024-04-09 23:00:00,1011.8883,23.772491,20.978516,1.8886919,138.291,210.1631,217.29279,34.191647,0.31232658,,,0.0155103775,35.524265,corredor
2024-04-10 00:00:00,1012.54584,23.329742,20.789886,1.8827666,129.49117,165.71574,202.88078,34.17108,0.27699268,,,0.008875529,25.71736,corredor
2024-04-10 01:00:00,1012.7954,22.985687,20.645386,1.8515958,122.897446,150.83109,184.46585,34.291553,0.26135883,,,0.00584012,22.937845,corredor
2024-04-10 02:00:00,1012.78485,22.378967,20.272003,1.7430471,116.125824,144.71864,162.30779,34.52969,0.2559849,,,0.010246095,32.787693,corredor
2024-04-10 03:00:00,1013.06464,21.749664,19.959839,1.6471245,112.370514,140.5045,165.30911,34.843346,0.26107377,,,0.012786048,47.891434,corredor
2024-04-10 04:00:00,1012.9013,21.46225,19.763641,1.527632,110.18016,143.65622,168.07913,35.136383,0.30296302,,,0.024652027,65.05617,corredor
2024-04-10 05:00:00,1012.951,21.244812,19.649994,1.4407284,111.220184,152.14313,164.24625,35.472645,0.3551957,,,0.048991613,79.789055,corredor
2024-04-10 06:00:00,1012.6478,20.810272,19.377533,1.3393924,113.79634,162.02275,151.96075,35.85029,0.4395805,,,0.088549115,93.36851,corredor
2024-04-10 07:00:00,1012.36664,20.688599,19.403564,1.3099705,117.11124,168.94153,189.56929,36.250164,0.5014114,,,0.085255764,105.51811,corredor
2024-04-10 08:00:00,1012.1219,20.48172,19.286957,1.3530198,118.82349,171.55595,158.50227,36.654358,0.5431258,,,0.115521744,111.16304,corredor
2024-04-10 09:00:00,1012.2604,20.358185,19.21466,1.3912323,119.799866,170.72977,134.54375,37.09472,0.5905817,,,0.15949385,113.6542,corredor
2024-04-10 10:00:00,1012.3499,20.917938,19.522644,1.9698545,112.93501,136.24419,119.78572,38.255123,0.65009546,,,0.20781244,73.318375,corredor
2024-04-10 11:00:00,1012.91095,21.505157,19.87207,1.925941,109.95393,126.86296,116.72424,38.498707,0.674876,,,0.27498063,69.60255,corredor
2024-04-10 12:00:00,1013.5446,22.304352,20.25177,1.8478099,107.23526,158.19022,144.26765,38.915974,0.69798696,,,0.3109723,65.555046,corredor
2024-04-10 13:00:00,1013.8448,23.45343,20.543457,1.7392753,101.156265,219.81165,150.42044,39.56117,0.77577716,,,0.3550684,69.78402,corredor
2024-04-10 14:00:00,1013.5533,24.839996,20.711975,1.5181223,101.061035,323.48572,159.107,40.36412,0.8174108,,,0.40911177,77.490944,corredor
2024-04-10 15:00:00,1013.03937,25.842651,20.740143,1.3048791,103.50995,396.87234,128.77101,41.21214,0.89354795,,,0.46076274,88.430504,corredor
2024-04-10 16:00:00,1012.39453,26.070099,20.521118,1.1514858,112.748245,482.2865,90.90088,42.108322,0.9032064,,,0.4929515,98.59983,corredor
2024-04-10 17:00:00,1011.7393,26.184296,20.534698,1.1019228,130.71863,506.98322,76.79131,42.85023,0.9214306,,,0.6402007,108.31576,corredor
2024-04-10 18:00:00,1011.31464,25.782318,20.535126,1.3380011,145.44028,517.6938,82.00345,43.551723,0.94960904,,,0.9076091,111.61638,corredor
2024-04-10 19:00:00,1010.8963,25.330597,20.51355,1.7153071,150.9248,542.9847,144.98602,44.112797,0.9737642,,,0.7147571,107.21668,corredor
2024-04-10 20:00:00,1011.0477,24.52478,20.703827,2.116048,151.37561,626.93335,164.33728,44.6142,0.9831344,,,0.68428403,97.79775,corredor
2024-04-10 21:00:00,1011.3309,23.560974,20.615967,2.531349,149.31131,617.41455,174.04613,45.06444,0.99254185,,,0.71076256,82.98119,corredor
2024-04-10 22:00:00,1012.1931,22.395935,20.427856,3.0187123,149.81848,255.79497,173.55118,43.81575,0.99268615,,,0.7425372,95.21469,corredor
2024-04-10 23:00:00,1012.73706,22.06781,20.269196,3.317896,145.37169,195.98479,159.82883,44.297398,0.9944407,,,0.77934265,82.82163,corredor
2024-04-11 00:00:00,1013.4927,21.761963,20.056488,3.5405667,140.72366,149.57103,167.20068,44.61224,0.99171495,,,0.75778145,68.35867,corredor
2024-04-11 01:00:00,1013.9254,21.536041,19.9711,3.6510725,137.34354,119.93413,172.36606,44.825195,0.99565613,,,0.6631506,58.434097,corredor
2024-04-11 02:00:00,1014.38165,21.235382,19.7854,3.6618462,134.19522,95.32725,169.09843,44.992035,0.9968868,,,0.67553294,51.500263,corredor
2024-04-11 03:00:00,1014.73724,20.812164,19.453094,3.645113,131.71834,79.83624,181.36528,45.15471,0.9929476,,,0.7333883,48.45108,corredor
2024-04-11 04:00:00,1014.7198,20.586853,19.36972,3.5936818,129.95306,71.07355,171.5332,45.292416,0.9837603,,,0.80566496,47.399837,corredor
2024-04-11 05:00:00,1014.86084,20.191742,19.08075,3.5482311,128.45734,64.11336,157.66837,45.381374,0.9739408,,,0.8305241,44.81726,corredor
2024-04-11 06:00:00,1014.6743,19.862274,18.832947,3.4710608,128.28133,59.702515,156.59016,45.395966,0.972722,,,0.89951473,46.74279,corredor
2024-04-11 07:00:00,1014.5976,19.660645,18.70163,3.4377346,128.07393,55.054893,97.26003,45.33793,0.96612245,,,0.56285673,45.588005,corredor
2024-04-11 08:00:00,1014.4269,19.426666,18.501434,3.4208002,127.736404,52.719578,98.78106,45.246223,0.9715904,,,0.5718359,42.189716,corredor
2024-04-11 09:00:00,1014.8739,19.33142,18.425812,3.4680858,127.1255,49.629234,112.8118,45.177414,0.97692364,,,0.59214634,33.59195,corredor
2024-04-11 10:00:00,1015.7564,19.603851,18.594086,3.4144359,124.46173,32.7668,126.24663,45.039585,0.9729912,,,0.5658295,26.803076,corredor
2024-04-11 11:00:00,1016.27014,19.700623,18.644806,3.5269077,124.073975,34.000263,160.44786,44.939526,0.9611635,,,0.5446025,23.237856,corredor
2024-04-11 12:00:00,1016.9571,19.992676,18.731964,3.7488365,121.683044,34.80767,188.30577,44.85893,0.94335705,,,0.52825385,32.58289,corredor
2024-04-11 13:00:00,1017.2604,20.425385,18.820435,3.871694,119.234726,41.750793,232.03424,44.833176,0.9434572,,,0.51359814,44.275135,corredor
2024-04-11 14:00:00,1017.3066,21.118774,18.915405,4.0085573,116.11206,56.314682,257.03162,44.842197,0.96086794,,,0.5117335,56.47059,corredor
2024-04-11 15:00:00,1017.0924,21.795776,19.034088,4.0308285,114.0766,73.25013,266.86807,44.884808,0.96252763,,,0.49948373,64.89552,corredor
2024-04-11 16:00:00,1016.6529,22.20517,19.12738,3.9430294,114.58049,99.83175,244.64117,44.944176,0.9747244,,,0.45479184,64.29252,corredor
2024-04-11 17:00:00,1016.07837,22.572296,19.239899,3.9413345,116.37204,127.797356,197.13574,44.93866,0.98099893,,,0.38939795,60.094078,corredor
2024-04-11 18:00:00,1015.7516,22.662048,19.307556,3.8848023,119.89223,136.94815,187.683,44.880745,0.986119,,,0.34521013,51.671494,corredor
2024-04-11 19:00:00,1015.4736,22.548553,19.273682,3.9012563,124.19983,143.7738,159.63531,44.71608,0.9774911,,,0.27555647,44.587624,corredor
2024-04-11 20:00:00,1015.64514,22.146423,19.073334,4.0355573,127.61679,159.33902,180.98889,44.5009,0.96122456,,,0.21001181,41.07797,corredor
2024-04-11 21:00:00,1015.47125,21.605682,19.012634,4.1363835,128.08376,146.50212,197.93283,44.20477,0.95603293,,,0.18244153,51.506596,corredor
2024-04-11 22:00:00,1015.97955,20.805573,18.784119,4.166252,126.805695,49.42381,232.6739,42.56158,0.9348519,,,0.13043086,50.20093,corredor
2024-04-11 23:00:00,1016.51733,20.620178,18.63504,4.2720623,124.3786,35.77156,274.50363,42.232677,0.91916907,,,0.096576326,63.600433,corredor
2024-04-12 00:00:00,1017.13135,20.421936,18.539581,4.3917785,121.14761,31.4,272.0933,41.96984,0.8971659,,,0.07488795,81.17895,corredor
2024-04-12 01:00:00,1017.507,20.252136,18.4393,4.3756037,117.84639,29.549868,294.2455,41.77887,0.8823843,,,0.06318138,95.66487,corredor
2024-04-12 02:00:00,1017.6699,20.089478,18.333527,4.2886806,114.79562,29.639948,323.99463,41.641026,0.86211365,,,0.057739984,107.779755,corredor
2024-04-12 03:00:00,1017.82526,19.831696,18.065155,4.208316,112.950714,30.65754,337.3042,41.562485,0.84100217,,,0.075014204,116.31683,corredor
2024-04-12 04:00:00,1017.3862,19.733887,18.053772,4.091572,111.18758,35.066666,308.70465,41.536484,0.83784384,,,0.07356553,124.12668,corredor
2024-04-12 05:00:00,1017.2827,19.565674,17.980835,3.9700372,110.17078,42.09603,275.16946,41.6179,0.8405099,,,0.081105,128.9856,corredor
2024-04-12 06:00:00,1017.16376,19.33545,17.799072,3.7864654,108.96489,48.75886,244.62358,41.765186,0.8299168,,,0.11361986,134.2197,corredor
2024-04-12 07:00:00,1016.7299,19.263885,17.772156,3.6447713,108.44182,48.529366,132.59499,41.94071,0.81458735,,,0.14523551,137.09935,corredor
2024-04-12 08:00:00,1016.6635,19.21457,17.742706,3.5426824,107.4453,45.5082,106.85543,42.13552,0.8119474,,,0.16934259,141.689,corredor
2024-04-12 09:00:00,1016.6691,19.176575,17.722473,3.5333924,106.51599,43.83545,86.5795,42.354023,0.7645277,,,0.17809549,145.92392,corredor
2024-04-12 10:00:00,1017.2927,19.556213,17.868774,3.4726672,102.223145,37.19828,88.93324,42.98854,0.71116495,,,0.21164213,158.38274,corredor
2024-04-12 11:00:00,1017.38196,19.796692,18.001007,3.623098,98.47064,31.3791,73.72883,43.074852,0.644388,,,0.24634589,172.94052,corredor
2024-04-12 12:00:00,1017.7051,20.477905,18.256744,3.9168763,93.27312,31.567593,134.93607,43.307133,0.6367111,,,0.2239854,186.1833,corredor
2024-04-12 13:00:00,1017.56616,21.199463,18.494263,4.1397085,85.85629,41.15873,163.15707,43.69539,0.70745766,,,0.2237329,198.58614,corredor
2024-04-12 14:00:00,1017.587,22.407532,18.935669,4.0364733,79.35251,66.68069,223.54442,44.198345,0.69625765,,,0.23751348,216.9065,corredor
2024-04-12 15:00:00,1017.03455,23.909882,19.585388,3.7974737,75.171844,126.59167,275.8286,44.727,0.7111146,,,0.2664666,228.36113,corredor
2024-04-12 16:00:00,1016.3967,24.509857,19.769318,3.515099,71.94165,189.4094,311.09756,45.216335,0.7298873,,,0.24810973,237.3754,corredor
2024-04-12 17:00:00,1015.52686,25.299835,20.008606,3.2069576,73.2471,262.79816,250.48183,45.62111,0.825221,,,0.2626392,236.9161,corredor
2024-04-12 18:00:00,1014.98804,25.447083,20.08664,2.9424002,78.627014,304.24127,188.15303,45.97074,0.8060991,,,0.24029596,234.28601,corredor
2024-04-12 19:00:00,1014.42163,25.217468,20.167358,2.8146887,87.31006,303.42593,134.31142,46.178055,0.76943374,,,0.30602774,229.24437,corredor
2024-04-12 20:00:00,1013.99603,24.55957,20.42984,2.7001934,99.45834,315.42514,192.35138,46.211525,0.770164,,,0.35850343,219.45178,corredor
2024-04-12 21:00:00,1013.77783,23.592224,20.44339,2.7227101,107.26956,327.96414,221.14203,46.316105,0.795675,,,0.34248352,215.9777,corredor
2024-04-12 22:00:00,1014.19745,22.42096,20.206238,2.9222136,107.6873,175.18954,200.8726,46.156315,0.8207167,,,0.36258972,215.24852,corredor
2024-04-12 23:00:00,1014.63055,22.102722,20.07071,3.0614815,103.27164,129.72209,200.45204,46.26627,0.8351921,,,0.36932537,232.36731,corredor
2024-04-13 00:00:00,1015.0022,21.924469,20.03064,3.2009544,99.43428,97.27963,191.38657,46.28845,0.855496,,,0.39435706,249.23105,corredor
2024-04-13 01:00:00,1015.1931,21.819122,19.932587,3.205156,94.50734,81.92685,143.00832,46.32582,0.85861844,,,0.38420632,268.8893,corredor
2024-04-13 02:00:00,1015.34814,21.545898,19.795044,3.1605709,89.66559,78.614944,121.14639,46.396755,0.8717634,,,0.38414544,288.9347,corredor
2024-04-13 03:00:00,1015.1475,21.251068,19.682587,3.1344297,84.77066,72.990875,126.70864,46.400833,0.89241725,,,0.36627907,308.3905,corredor
2024-04-13 04:00:00,1014.8988,21.102783,19.6156,3.063541,79.93713,68.21296,109.55895,46.424747,0.9386591,,,0.36938804,325.56564,corredor
2024-04-13 05:00:00,1014.645,20.919006,19.54181,2.9275305,76.29599,68.79484,88.890465,46.50021,0.9489798,,,0.37830037,337.2934,corredor
2024-04-13 06:00:00,1014.4593,20.769531,19.422241,2.7933044,72.43109,65.00092,77.67973,46.562096,0.9640001,,,0.4147003,346.07217,corredor
2024-04-13 07:00:00,1013.9518,20.696777,19.36853,2.6940386,70.05969,60.858597,65.48583,46.629936,0.9746637,,,0.5212666,350.9472,corredor
2024-04-13 08:00:00,1013.77814,20.704926,19.392303,2.6235366,68.183044,61.54524,52.008472,46.815002,0.9751864,,,0.57944703,355.03183,corredor
2024-04-13 09:00:00,1013.94946,20.666504,19.40036,2.5885165,67.54239,67.42619,38.59559,47.104088,0.9712338,,,0.64323515,355.98303,corredor
2024-04-13 10:00:00,1014.48193,20.942749,19.501465,2.4096875,70.94626,36.039417,39.60721,48.02982,0.9807603,,,0.64037186,364.91095,corredor
2024-04-13 11:00:00,1014.8596,21.212494,19.687439,2.7362993,66.69934,42.984524,38.007267,48.59774,0.9505268,,,0.664459,370.43164,corredor
2024-04-13 12:00:00,1015.1295,21.749939,19.876343,2.8949678,60.930267,61.82037,44.04071,49.203083,0.9477191,,,0.6771823,379.26672,corredor
2024-04-13 13:00:00,1014.9557,22.263947,20.088074,3.0496795,53.227966,106.834526,51.829163,49.834618,0.9511139,,,0.6404695,390.75888,corredor
2024-04-13 14:00:00,1014.56116,22.972748,20.507202,3.2033844,43.86151,167.9201,65.47088,50.4321,0.97695315,,,0.6012735,408.1489,corredor
2024-04-13 15:00:00,1013.9049,23.661652,20.875092,3.1501312,36.83252,193.55927,80.956696,50.863964,0.9833151,,,0.6214296,418.75208,corredor
2024-04-13 16:00:00,1013.1559,23.988068,21.012512,2.9158149,33.68933,262.17078,104.54068,51.213318,0.97890854,,,0.6136095,419.95032,corredor
2024-04-13 17:00:00,1012.14764,24.26889,21.15802,2.654661,31.638,287.44934,106.71414,51.391262,0.98162466,,,0.64145404,413.30243,corredor
2024-04-13 18:00:00,1011.601,24.359467,21.212982,2.3286874,34.190765,350.1803,110.1883,51.624203,0.9740783,,,0.6039106,399.07523,corredor
2024-04-13 19:00:00,1011.2279,24.16095,21.2305,2.063995,39.355164,404.81653,150.51544,51.81517,0.98637414,,,0.8993912,383.68027,corredor
2024-04-13 20:00:00,1010.9592,23.721436,21.290344,1.8656766,49.29492,400.6557,188.22893,51.873547,0.9779545,,,0.83578473,367.45596,corredor
2024-04-13 21:00:00,1010.9833,23.14206,21.219482,1.800549,61.10782,375.1541,211.96811,51.98248,0.9839012,,,0.8222398,349.84927,corredor
2024-04-13 22:00:00,1011.5212,22.504364,21.150146,1.8596448,83.73901,209.66628,237.03687,50.647198,0.9912015,,,0.82308906,317.84796,corredor
2024-04-13 23:00:00,1011.9171,22.244507,21.059479,2.0840516,86.62988,193.5836,238.8905,50.82153,0.98422533,,,0.85439724,297.47388,corredor
2024-04-14 00:00:00,1012.428,22.127045,21.047241,2.2734225,86.88049,182.28598,232.98752,50.914623,0.9649656,,,0.84143865,281.3209,corredor
2024-04-14 01:00:00,1012.69977,22.020233,20.989777,2.330562,84.28198,177.0217,212.66939,51.016018,0.9530308,,,0.77871776,271.38052,corredor
2024-04-14 02:00:00,1012.64435,21.795074,20.84198,2.3600304,79.34317,180.78148,183.74657,51.08464,0.9611246,,,0.79113233,272.18723,corredor
2024-04-14 03:00:00,1012.66266,21.595245,20.68509,2.3899243,74.26694,181.17963,142.9169,51.182293,0.9622887,,,0.81944925,274.09814,corredor
2024-04-14 04:00:00,1012.4517,21.494171,20.665802,2.365383,68.02664,182.17963,138.68294,51.26574,0.96493816,,,0.90335613,283.13278,corredor
2024-04-14 05:00:00,1012.30084,21.440948,20.65683,2.2711983,65.010864,177.92104,139.2661,51.31718,0.96225494,,,0.9878663,284.18442,corredor
2024-04-14 06:00:00,1012.077,21.259918,20.537445,2.1565285,62.5838,185.69563,147.66736,51.367264,0.9698967,,,1.0220764,283.39554,corredor
2024-04-14 07:00:00,1011.73456,21.260468,20.526428,2.027003,63.299896,197.85939,220.58528,51.35691,0.9524623,,,0.62039334,273.8521,corredor
2024-04-14 08:00:00,1011.4734,21.180084,20.504425,2.0043626,64.74597,205.67302,223.60896,51.325977,0.9373349,,,0.63125795,262.56207,corredor
2024-04-14 09:00:00,1011.50916,21.11972,20.475342,2.0317411,66.686615,207.40913,237.9678,51.295513,0.9480231,,,0.69624037,247.12961,corredor
2024-04-14 10:00:00,1011.8219,21.331238,20.565826,2.3078394,74.51984,274.97116,238.57669,51.824398,0.97836214,,,0.7436934,197.42693,corredor
2024-04-14 11:00:00,1012.55664,21.49643,20.6893,2.595926,67.778625,285.72302,228.70515,51.964115,0.99134916,,,0.8404768,209.85492,corredor
2024-04-14 12:00:00,1012.8884,21.796692,20.868591,2.9392362,59.503784,292.8516,208.08128,52.179775,0.99411714,,,0.89331675,234.79166,corredor
2024-04-14 13:00:00,1013.0521,22.198486,21.127838,3.1268468,50.384888,318.91495,182.82214,52.463367,0.99792933,,,0.8749372,260.19717,corredor
2024-04-14 14:00:00,1012.80237,22.78836,21.364685,3.131653,42.653168,373.59033,149.34532,52.776455,0.99860567,,,0.82548684,284.76154,corredor
2024-04-14 15:00:00,1012.53284,23.267395,21.548798,3.000987,37.591614,451.00146,123.02429,53.18392,0.9983561,,,0.80638975,303.36792,corredor
2024-04-14 16:00:00,1011.9423,23.540741,21.641235,2.807965,35.125305,485.58517,99.076744,53.518246,0.9991888,,,0.8064088,314.72144,corredor
2024-04-14 17:00:00,1011.18726,23.703125,21.802002,2.5415857,35.677734,501.71057,88.77643,53.77684,0.9995434,,,0.8851496,318.5715,corredor
2024-04-14 18:00:00,1010.7017,23.634857,21.878235,2.3618774,40.34137,465.6164,92.90187,53.911804,0.99873626,,,0.95809126,323.8722,corredor
2024-04-14 19:00:00,1010.344,23.571808,21.933807,2.3391643,48.252106,421.57858,92.57679,53.91504,0.9939068,,,0.8038294,325.9223,corredor
2024-04-14 20:00:00,1009.97437,23.246979,21.901031,2.3605533,56.573303,389.49472,113.21491,53.86022,0.9845221,,,0.742618,327.79965,corredor
2024-04-14 21:00:00,1009.9817,22.86496,21.69519,2.410552,63.570923,364.60953,127.88628,53.948444,0.9833822,,,0.60162044,340.02838,corredor
2024-04-14 22:00:00,1010.53345,22.477753,21.55478,2.2447593,66.12445,419.968,145.67886,52.49218,0.9805928,,,0.5069769,330.30682,corredor
2024-04-14 23:00:00,1010.8466,22.341736,21.47931,2.5828004,65.963684,414.31708,170.74153,52.796196,0.9840014,,,0.57203925,359.27808,corredor
2024-04-15 00:00:00,1011.4883,22.257477,21.426056,2.880949,62.575714,390.73425,182.8138,52.955357,0.9962452,,,0.515421,396.8444,corredor
2024-04-15 01:00:00,1011.64026,22.191742,21.371613,3.0653028,59.728912,380.17737,193.57133,52.957966,0.9967912,,,0.50337565,435.29785,corredor
2024-04-15 02:00:00,1011.40686,22.15564,21.33731,3.1824408,55.79883,359.8976,202.5407,52.83773,0.99904764,,,0.57935715,470.2375,corredor
2024-04-15 03:00:00,1011.2421,22.094513,21.310791,3.2859387,52.711853,348.6938,188.19182,52.804573,0.9990406,,,0.66982543,501.28998,corredor
2024-04-15 04:00:00,1010.85474,21.874207,21.138824,3.3901932,48.384064,352.52448,160.36061,52.792915,0.9995045,,,0.7907227,534.48834,corredor
2024-04-15 05:00:00,1010.8162,21.742798,20.968842,3.3833792,44.520355,325.41772,150.24065,52.642796,0.999895,,,0.88447887,555.8375,corredor
2024-04-15 06:00:00,1010.32544,21.587982,20.829437,3.3956888,40.87439,296.95172,151.88126,52.38503,0.9995936,,,0.97782683,572.334,corredor
2024-04-15 07:00:00,1009.7101,21.443787,20.710297,3.399082,36.895752,271.25266,177.28246,52.088295,0.99991566,,,0.95174426,583.9061,corredor
2024-04-15 08:00:00,1009.68304,21.326904,20.518585,3.4665236,33.817993,257.3885,169.48145,51.923717,0.99982405,,,0.9600139,596.6141,corredor
2024-04-15 09:00:00,1009.70447,21.196686,20.42746,3.4925992,30.58905,227.76257,180.95007,51.72209,0.9998317,,,0.9231776,604.804,corredor
2024-04-15 10:00:00,1009.5198,21.418823,20.536194,3.456084,27.39679,110.07209,212.57082,50.755566,0.9997401,,,0.77613693,578.68243,corredor
2024-04-15 11:00:00,1010.27374,21.513641,20.532898,3.6342368,25.135315,93.54815,214.99667,51.087387,0.99927914,,,0.68678266,594.6027,corredor
2024-04-15 12:00:00,1010.9545,21.806366,20.588287,3.7449453,21.965485,82.41217,203.47049,51.51365,0.99950165,,,0.73492,613.33777,corredor
2024-04-15 13:00:00,1011.26056,22.162415,20.632324,3.9935613,18.11203,104.99656,129.12024,51.846455,0.99913955,,,0.773008,637.10004,corredor
2024-04-15 14:00:00,1011.2255,22.525146,20.659271,4.1238065,13.932159,134.99986,117.279144,52.033466,0.9988905,,,0.80807734,659.0471,corredor
2024-04-15 15:00:00,1010.83765,22.83789,20.704834,4.1145406,10.274628,195.75133,120.475296,52.164623,0.9976503,,,0.81054956,672.21674,corredor
2024-04-15 16:00:00,1010.37885,22.97522,20.73349,4.0052233,6.610443,230.18968,114.93572,52.307854,0.9961786,,,0.82673573,680.1154,corredor
2024-04-15 17:00:00,1009.77203,23.052917,20.806213,3.7278216,2.8721313,302.85382,109.91176,52.29054,0.9947143,,,0.83489096,680.7604,corredor
2024-04-15 18:00:00,1009.6535,22.817993,20.717926,3.402344,1.7384338,300.74695,116.13643,52.190403,0.993341,,,0.88872546,671.6425,corredor
2024-04-15 19:00:00,1009.4713,22.708008,20.798096,3.0000327,0.90838623,304.59445,99.945915,52.06029,0.99621093,,,0.953341,654.76447,corredor
2024-04-15 20:00:00,1009.5831,22.333618,20.823364,2.6060553,4.083191,288.65463,113.19244,51.86391,0.99274385,,,0.90349466,629.02386,corredor
2024-04-15 21:00:00,1009.8688,21.99353,20.807617,2.2917187,9.571411,254.03162,106.22659,51.59382,0.9960971,,,0.9326981,602.5642,corredor
2024-04-15 22:00:00,1010.10626,21.570312,20.612366,2.274118,18.96164,94.51891,100.53573,50.42185,0.99505544,,,1.0047659,591.0289,corredor
2024-04-15 23:00:00,1010.4613,21.45105,20.582428,2.2579474,23.72519,93.80502,100.78729,50.236355,0.9928522,,,1.0184679,577.5138,corredor
2024-04-27 00:00:00,1009.55273,24.100922,21.222107,3.0224173,17.142426,774.60834,623.00946,34.729565,0.22539456,,,0.010079884,383.16595,corredor
2024-04-27 01:00:00,1009.622,23.757599,21.112152,2.9296944,15.996674,682.62897,620.1556,34.79533,0.27444187,,,0.017828261,393.10287,corredor
2024-04-27 02:00:00,1010.0079,23.3992,21.012238,2.790046,14.168457,590.0705,612.5433,34.992264,0.30386022,,,0.028196061,403.37546,corredor
2024-04-27 03:00:00,1010.0767,22.841003,20.739014,2.6541154,13.741638,496.12607,602.8423,35.228,0.3279245,,,0.031202408,409.52222,corredor
2024-04-27 04:00:00,1009.78656,22.70111,20.645966,2.6078856,11.732117,420.19617,602.1506,35.51565,0.345514,,,0.033209663,419.48642,corredor
2024-04-27 05:00:00,1009.8826,22.50531,20.56726,2.6168768,11.3012085,357.45343,590.1337,35.880642,0.3709332,,,0.03158751,427.20627,corredor
2024-04-27 06:00:00,1009.4519,22.299438,20.384186,2.663179,8.738983,310.8614,555.5833,36.161873,0.3762976,,,0.034646533,436.6247,corredor
2024-04-27 07:00:00,1009.2659,22.158875,20.29834,2.7717557,6.881012,281.236,543.331,36.397236,0.4035593,,,0.2543472,445.82758,corredor
2024-04-27 08:00:00,1009.04584,21.95163,20.108734,2.9110696,3.7178345,266.41205,520.95715,36.61603,0.43223524,,,0.25740215,459.04758,corredor
2024-04-27 09:00:00,1009.1573,21.870972,20.006714,3.0134313,0.46569824,248.53757,472.23453,36.823112,0.4474621,,,0.2535611,473.1428,corredor
2024-04-27 10:00:00,1009.50256,22.58609,20.181946,3.4900086,359.63367,291.79126,405.73688,37.831177,0.48816687,,,0.27312505,488.26804,corredor
2024-04-27 11:00:00,1010.2025,23.016846,20.388153,3.5800185,354.42377,293.88623,391.16336,38.15754,0.47865126,,,0.32488778,507.37057,corredor
2024-04-27 12:00:00,1010.5697,24.015747,20.63095,3.5658238,349.293,325.13916,337.04462,38.527092,0.43831423,,,0.34081233,528.07,corredor
2024-04-27 13:00:00,1010.4787,25.039429,20.90747,3.6788225,344.5728,506.23068,438.22678,38.874313,0.41962245,,,0.39059412,541.409,corredor
2024-04-27 14:00:00,1009.9907,26.401001,21.222107,4.069223,337.3592,772.85767,513.90405,39.14081,0.4029443,,,0.376398,553.3326,corredor
2024-04-27 15:00:00,1009.48236,27.68695,21.331512,4.40566,329.33542,964.69653,458.30673,39.338573,0.4208552,,,0.37076586,556.1237,corredor
2024-04-27 16:00:00,1008.48016,28.32129,21.538422,4.5603805,321.88303,1039.232,378.94186,39.564014,0.46422714,,,0.3452837,557.8461,corredor
2024-04-27 17:00:00,1007.6713,28.706696,21.4682,4.4041104,315.53827,1070.804,338.57382,39.81593,0.48412463,,,0.3478141,555.2118,corredor
2024-04-27 18:00:00,1007.1795,28.610321,21.487915,3.8889735,310.16104,1110.9637,334.98038,40.024715,0.5120427,,,0.35558337,547.0484,corredor
2024-04-27 19:00:00,1007.2647,28.115875,21.470123,2.9627469,303.75992,1218.0458,410.755,40.18622,0.5138035,,,0.31543094,532.01324,corredor
2024-04-27 20:00:00,1007.6072,27.27533,21.441864,2.1128182,295.08786,1278.4492,398.38626,40.337013,0.53319836,,,0.32837367,518.7687,corredor
2024-04-27 21:00:00,1008.24023,25.799011,21.394653,1.3945546,274.24503,1110.9891,350.33884,40.47333,0.5356961,,,0.3926168,502.46002,corredor
2024-04-27 22:00:00,1008.26416,23.802063,20.73822,0.92089146,244.68304,731.29895,305.18887,41.428352,0.559214,,,0.479591,479.3233,corredor
2024-04-27 23:00:00,1009.12054,23.06717,20.297546,1.0439241,207.19284,647.7291,277.98795,41.689747,0.56609213,,,0.4928062,459.39008,corredor
2024-04-28 00:00:00,1010.01245,22.505707,19.84259,1.3486391,186.03513,602.5614,262.73764,41.751404,0.59225124,,,0.43924877,438.6143,corredor
2024-04-28 01:00:00,1010.6063,22.11673,19.601868,1.5868309,177.41592,560.3573,237.61142,41.643036,0.6378924,,,0.38734436,420.7968,corredor
2024-04-28 02:00:00,1010.9907,21.324738,19.045319,1.732456,170.58798,524.7143,237.01727,41.38131,0.644515,,,0.3399313,402.64743,corredor
2024-04-28 03:00:00,1011.5181,20.529816,18.480408,1.849818,165.67706,494.18823,254.63412,41.02248,0.6764195,,,0.29672897,385.95026,corredor
2024-04-28 04:00:00,1011.37555,20.196106,18.285645,1.8704498,161.8472,467.6451,257.89734,40.54123,0.67800176,,,0.26386532,368.68744,corredor
2024-04-28 05:00:00,1011.48376,19.84314,17.962036,1.9269828,158.25008,434.52063,270.4005,40.042667,0.6884949,,,0.24037044,349.43283,corredor
2024-04-28 06:00:00,1011.1747,19.433777,17.783173,1.8826303,153.77374,408.13412,251.17795,39.636993,0.7037148,,,0.2025141,330.4754,corredor
2024-04-28 07:00:00,1011.1729,19.24942,17.638031,1.7617049,150.71393,375.2484,228.15686,39.34023,0.70747626,,,0.25223595,317.91144,corredor
2024-04-28 08:00:00,1010.8948,18.923187,17.413788,1.6907127,147.96999,345.13187,201.38026,39.084003,0.69435,,,0.29092246,307.25745,corredor
2024-04-28 09:00:00,1011.3923,18.713501,17.288239,1.6516477,143.79259,313.43994,202.0179,38.981342,0.6969033,,,0.3667441,298.99554,corredor
2024-04-28 10:00:00,1011.6311,18.933807,17.274353,1.3617822,134.52644,466.15793,208.60753,39.963142,0.7255483,,,0.36921635,318.48236,corredor
2024-04-28 11:00:00,1012.2157,19.083618,17.32428,1.4259517,131.23679,474.6865,216.25882,40.08322,0.7084695,,,0.33232278,316.52435,corredor
2024-04-28 12:00:00,1012.56226,19.677155,17.44107,1.5278147,128.35295,527.5762,236.33627,40.309376,0.7030691,,,0.31313032,318.70566,corredor
2024-04-28 13:00:00,1012.8608,20.36972,17.618286,1.4418172,118.268265,626.7389,247.16841,40.679043,0.7355261,,,0.2891023,325.56442,corredor
2024-04-28 14:00:00,1012.5234,21.290314,17.816772,1.247311,109.19072,753.5582,225.5158,41.156754,0.76192564,,,0.28306055,336.62393,corredor
2024-04-28 15:00:00,1012.21686,22.195496,18.098083,0.94963044,98.940735,842.7685,202.92136,41.619984,0.7850054,,,0.26363555,351.4279,corredor
2024-04-28 16:00:00,1011.3108,22.516968,18.23877,0.661162,103.000656,851.06866,193.22775,41.893612,0.8002051,,,0.31607127,364.6263,corredor
2024-04-28 17:00:00,1010.66125,22.928802,18.61081,0.5295709,117.100876,908.3877,197.29396,42.330116,0.79280615,,,0.4612641,376.53473,corredor
2024-04-28 18:00:00,1010.14764,22.892609,18.610992,0.60477686,129.58923,934.27344,199.48717,42.654472,0.79145,,,0.47717682,378.7746,corredor
2024-04-28 19:00:00,1010.1146,22.698273,18.638794,0.89061826,130.41179,924.8607,167.1915,42.850594,0.8003662,,,0.6789071,374.27573,corredor
2024-04-28 20:00:00,1010.00586,22.178589,18.647217,1.2034888,124.09976,940.5587,173.35156,43.019512,0.8174337,,,0.5126199,365.28635,corredor
2024-04-28 21:00:00,1010.32635,21.600067,18.668488,1.4751986,119.73566,870.6939,202.75821,43.09384,0.8200137,,,0.4935174,351.2803,corredor
2024-04-28 22:00:00,1010.2942,20.657104,18.501617,1.7108117,110.97664,476.77475,230.91327,42.073677,0.7672978,,,0.5336317,355.4863,corredor
2024-04-28 23:00:00,1010.58734,20.432678,18.437805,2.043801,107.141495,455.29974,248.29555,42.129345,0.70670843,,,0.4976881,345.67926,corredor
2024-04-29 00:00:00,1010.89984,20.355896,18.468811,2.2172232,100.33301,429.36218,265.9527,42.000805,0.6544139,,,0.37607828,344.92734,corredor
2024-04-29 01:00:00,1010.9699,20.306488,18.518555,2.3454638,94.520935,418.50266,274.31802,41.78288,0.6150386,,,0.28956276,348.23016,corredor
2024-04-29 02:00:00,1011.0017,20.187012,18.523804,2.367577,87.38739,420.40848,257.6932,41.59027,0.5797928,,,0.20785014,360.18112,corredor
2024-04-29 03:00:00,1011.2469,19.985077,18.489136,2.3484523,81.3067,441.60544,228.03754,41.568108,0.5318424,,,0.17779759,377.6339,corredor
2024-04-29 04:00:00,1011.1537,19.97879,18.54367,2.2934382,73.50812,464.9627,206.7781,41.672935,0.45570168,,,0.16257331,404.22263,corredor
2024-04-29 05:00:00,1010.842,19.949005,18.597565,2.2248428,68.291626,491.109,195.76418,41.84494,0.46195155,,,0.16856511,427.0772,corredor
2024-04-29 06:00:00,1010.7106,19.885681,18.706482,2.1756632,62.6019,519.4955,190.5,42.046223,0.47119957,,,0.19466673,447.4196,corredor
2024-04-29 07:00:00,1010.15985,19.971802,18.882477,2.1530623,56.416077,530.7471,309.98047,42.16052,0.45762923,,,0.1327333,463.95074,corredor
2024-04-29 08:00:00,1010.06305,19.964813,19.02301,2.2705655,50.341156,533.13556,298.69913,42.190575,0.458739,,,0.20159222,479.22675,corredor
2024-04-29 09:00:00,1010.0313,19.985504,19.120178,2.4349992,44.431946,524.05145,302.8749,42.08563,0.4365248,,,0.27442116,493.77884,corredor
2024-04-29 10:00:00,1010.20044,20.82956,19.782867,2.7213671,37.946655,749.5817,308.32767,45.429222,0.5571665,,,0.23870833,528.1291,corredor
2024-04-29 11:00:00,1010.6828,21.185913,20.043976,3.175169,30.416748,763.0688,309.4675,45.350113,0.5500234,,,0.22174835,569.56525,corredor
2024-04-29 12:00:00,1011.145,21.90628,20.422241,3.343162,23.280273,869.81903,334.6744,45.36155,0.50416285,,,0.21407808,605.6661,corredor
2024-04-29 13:00:00,1011.11835,22.903564,20.866333,3.8205094,14.84137,1067.9357,349.4744,45.341938,0.49654916,,,0.16783033,637.8648,corredor
2024-04-29 14:00:00,1010.95013,24.458221,21.366943,4.302532,4.958893,1282.0541,329.24814,45.338177,0.4772423,,,0.14934178,665.0601,corredor
2024-04-29 15:00:00,1010.2584,26.177063,21.784973,4.676068,356.50024,1420.4962,294.11053,45.243584,0.49659625,,,0.10387693,684.64124,corredor
2024-04-29 16:00:00,1009.3161,27.015778,22.046844,4.8159566,350.06,1523.1937,273.56454,45.187576,0.498823,,,0.11683146,695.779,corredor
2024-04-29 17:00:00,1008.2015,27.98526,22.184692,4.675677,347.48755,1579.4418,258.81558,45.08244,0.505627,,,0.18064226,698.38715,corredor
2024-04-29 18:00:00,1007.47675,28.348938,22.25708,4.314855,347.70483,1621.5172,266.30408,44.976162,0.48724622,,,0.24513882,688.5129,corredor
2024-04-29 19:00:00,1007.2805,28.375458,22.287506,3.615863,350.3186,1758.1061,312.79813,44.891403,0.46620974,,,0.5873226,672.7357,corredor
2024-04-29 20:00:00,1007.087,27.721527,22.285034,2.9544666,356.52664,1857.1838,343.80963,44.857407,0.46719262,,,0.545736,661.96326,corredor
2024-04-29 21:00:00,1007.62476,26.501282,22.121307,2.4090464,5.9179993,1673.2755,365.05692,44.911186,0.43896616,,,0.43143135,643.70184,corredor
2024-04-29 22:00:00,1007.516,25.09439,21.827637,2.6719253,10.178345,1688.7942,377.18173,45.19186,0.5203264,,,0.54062617,653.0992,corredor
2024-04-29 23:00:00,1008.1213,24.540344,21.723297,2.5712202,19.095276,1405.4143,402.35074,45.070637,0.5494034,,,0.5747223,645.1917,corredor
2024-04-30 00:00:00,1008.4403,24.232483,21.636261,2.7636282,23.300354,1169.2107,409.94385,44.6159,0.5859705,,,0.5596697,636.8215,corredor
2024-04-30 01:00:00,1008.6119,24.023438,21.565948,2.9139526,22.55368,990.44604,422.72708,44.05964,0.59037066,,,0.55270696,637.1888,corredor
2024-04-30 02:00:00,1008.6202,23.737091,21.33496,3.0353527,22.11853,835.35,420.1307,43.645325,0.58886737,,,0.5539004,636.3792,corredor
2024-04-30 03:00:00,1008.5756,23.350067,21.101318,3.055895,21.098846,699.01984,408.03912,43.20663,0.55621886,,,0.47386622,636.92975,corredor
2024-04-30 04:00:00,1008.3498,23.242462,20.946838,3.1508107,19.636993,609.5643,381.0724,42.795006,0.5351561,,,0.45458522,636.173,corredor
2024-04-30 05:00:00,1008.22516,23.070038,20.74524,3.103152,19.3891,566.3937,343.07434,42.570694,0.5045854,,,0.39949054,625.8669,corredor
2024-04-30 06:00:00,1008.3321,22.959259,20.626556,3.08925,18.167236,553.69324,311.2616,42.482765,0.4998659,,,0.34088045,615.70734,corredor
2024-04-30 07:00:00,1007.9177,22.775879,20.490906,3.070119,18.416351,559.3349,300.48236,42.45525,0.49430892,,,0.16115825,595.6801,corredor
2024-04-30 08:00:00,1008.0376,22.536316,20.301605,3.1717496,17.944855,567.67474,300.572,42.489162,0.4312108,,,0.13196854,580.12604,corredor
2024-04-30 09:00:00,1008.3664,22.43924,20.169067,3.3153582,18.324585,559.3341,282.39044,42.49753,0.3936081,,,0.12328556,561.82587,corredor
2024-04-30 10:00:00,1009.0207,22.926453,20.315094,3.69733,17.163513,594.846,271.4101,44.54223,0.5255455,,,0.12577875,539.1975,corredor
2024-04-30 11:00:00,1009.7075,23.286774,20.48703,4.1317096,13.135223,550.3102,282.6924,44.517994,0.46476832,,,0.15831448,554.70135,corredor
2024-04-30 12:00:00,1010.13403,24.169525,20.891083,4.269686,9.965088,555.9037,293.66165,44.334007,0.4425064,,,0.22397359,568.61884,corredor
2024-04-30 13:00:00,1010.4443,25.293121,21.28479,4.2962923,8.297241,711.65967,311.46893,44.222885,0.4249398,,,0.25429407,581.29736,corredor
2024-04-30 14:00:00,1010.03955,26.938751,21.685944,4.7048664,4.596863,856.2212,399.34613,44.15963,0.39765903,,,0.21757217,596.78595,corredor
2024-04-30 15:00:00,1009.437,28.18637,21.846222,4.9428725,359.0383,1035.9354,463.1975,44.148304,0.38364446,,,0.19703911,607.0478,corredor
2024-04-30 16:00:00,1008.4814,28.858063,22.00412,4.974662,353.75803,1209.4752,423.5808,44.187046,0.4095466,,,0.22276652,604.5933,corredor
2024-04-30 17:00:00,1007.72284,29.297241,21.982819,4.780189,350.89575,1322.2343,384.66812,44.232727,0.4158372,,,0.23589724,592.64484,corredor
2024-04-30 18:00:00,1007.4917,29.407806,22.021423,4.353796,350.1165,1392.3174,389.36725,44.250027,0.43800566,,,0.19559951,576.5739,corredor
2024-04-30 19:00:00,1007.1514,29.161499,22.103607,3.4902134,353.58633,1538.4116,394.34595,44.17175,0.4712877,,,0.49551463,559.89606,corredor
2024-04-30 20:00:00,1007.3537,28.09848,21.891663,2.8622625,358.90356,1617.7164,397.12195,44.262825,0.41276312,,,0.40893012,545.3079,corredor
2024-04-30 21:00:00,1007.6624,26.834595,21.786774,2.3337157,8.538055,1451.1028,373.93585,44.384247,0.43903196,,,0.31976154,531.59204,corredor
2024-04-30 22:00:00,1007.827,24.990845,21.440247,2.2933497,19.214417,667.24365,355.3013,43.633038,0.45211336,,,0.26538032,511.70316,corredor
2024-04-30 23:00:00,1008.568,24.47882,21.345825,2.3686595,24.175507,686.8897,370.36517,43.92175,0.4499853,,,0.2976708,515.32916,corredor
2024-05-01 00:00:00,1009.00134,24.19629,21.34201,2.368845,27.699402,684.3369,371.77222,44.038044,0.4651193,,,0.35917556,524.2611,corredor
2024-05-01 01:00:00,1009.1538,23.921387,21.240173,2.3528652,27.171875,672.30756,366.369,44.06896,0.48485819,,,0.36090398,538.569,corredor
2024-05-01 02:00:00,1009.0465,23.870636,21.261078,2.4294872,23.603302,676.27405,363.17935,44.058006,0.47493756,,,0.3977948,556.793,corredor
2024-05-01 03:00:00,1009.1303,23.613922,21.101318,2.495704,20.074219,677.0295,338.74008,43.98727,0.4608508,,,0.41989553,569.1098,corredor
2024-05-01 04:00:00,1008.7635,23.542603,21.087189,2.6055503,16.119568,657.77246,287.23236,43.95292,0.46992508,,,0.511183,578.0606,corredor
2024-05-01 05:00:00,1008.75073,23.269562,20.964417,2.6325788,12.313232,616.891,232.968,43.94116,0.4960521,,,0.6036468,581.6143,corredor
2024-05-01 06:00:00,1008.43414,22.821228,20.758728,2.6055639,8.300812,589.6103,191.68134,43.92985,0.49955916,,,0.64655215,579.9162,corredor
2024-05-01 07:00:00,1008.1825,22.653442,20.696991,2.570999,4.802765,567.39764,195.26459,43.967644,0.5212807,,,0.45181638,577.20135,corredor
2024-05-01 08:00:00,1007.99805,22.598389,20.651459,2.543314,3.08844,549.23676,178.38164,44.027233,0.52904195,,,0.52102226,572.29926,corredor
2024-05-01 09:00:00,1008.3589,22.485504,20.485352,2.546146,2.3616333,528.4958,171.3062,44.11918,0.52442753,,,0.63219166,567.7786,corredor
2024-05-01 10:00:00,1008.52673,23.07486,20.71402,2.4511566,5.3384705,460.69287,158.18753,45.021126,0.6073402,,,0.62690645,560.73236,corredor
2024-05-01 11:00:00,1008.9405,23.375244,20.856628,2.7646503,3.3659058,422.1209,157.3931,45.052788,0.56997496,,,0.63746864,570.5029,corredor
2024-05-01 12:00:00,1009.39575,24.177917,21.239746,2.8632522,1.1462402,458.01416,197.67203,45.150166,0.5399047,,,0.6969216,582.7163,corredor
2024-05-01 13:00:00,1009.4545,25.120056,21.463898,2.9811878,356.60724,625.2355,259.6852,45.32409,0.5343898,,,0.6943621,594.42633,corredor
2024-05-01 14:00:00,1009.2082,26.109344,21.5708,3.1973023,351.68875,809.58374,286.06848,45.384796,0.5172182,,,0.6859752,604.53455,corredor
2024-05-01 15:00:00,1008.6387,26.863892,21.675568,3.4670727,345.12473,993.3197,256.5014,45.473106,0.50533897,,,0.6643314,613.3155,corredor
2024-05-01 16:00:00,1007.6683,27.175537,21.680084,3.6175065,337.7235,1129.696,206.82219,45.614185,0.5241823,,,0.5998711,613.1523,corredor
2024-05-01 17:00:00,1006.6689,27.159515,21.65509,3.4856532,333.35217,1184.5908,184.40381,45.69547,0.56287843,,,0.58069503,603.28357,corredor
2024-05-01 18:00:00,1006.0888,27.105042,21.706757,3.1517727,332.21567,1236.3453,179.62878,45.88034,0.5522803,,,0.59268224,588.6524,corredor
2024-05-01 19:00:00,1005.61,26.749054,21.587097,2.535621,333.65012,1297.5725,226.72105,46.070255,0.5621897,,,0.86986816,583.79193,corredor
2024-05-01 20:00:00,1005.7765,26.048126,21.578796,2.0584996,336.1568,1360.9379,218.77364,46.337166,0.5989771,,,0.8066686,584.5936,corredor
2024-05-01 21:00:00,1005.8363,24.919281,21.240479,1.6171026,339.72244,1243.0614,200.17003,46.463585,0.63173676,,,0.867206,584.20044,corredor
2024-05-01 22:00:00,1005.63245,23.781128,21.091858,1.1031082,7.3744507,1048.9336,198.47272,48.07527,0.73628736,,,0.9370077,586.15753,corredor
2024-05-01 23:00:00,1005.54956,23.476624,21.012695,1.3185848,17.222961,860.16174,210.99171,47.932465,0.682152,,,0.9536752,607.50653,corredor
2024-05-02 00:00:00,1005.9652,23.287048,20.992981,1.4462864,15.00177,754.6522,224.08241,47.923576,0.7292549,,,0.99015015,629.38947,corredor
2024-05-02 01:00:00,1005.9308,23.235962,21.057465,1.4188949,3.725586,688.53534,221.69514,47.99915,0.7675449,,,0.9946151,658.10986,corredor
2024-05-02 02:00:00,1005.8064,22.9664,20.992676,1.4685373,354.3706,650.15186,216.037,48.111855,0.79851896,,,1.0601479,688.76544,corredor
2024-05-02 03:00:00,1005.61945,22.62085,20.772614,1.5515995,346.08636,610.56934,208.81981,48.19019,0.8228346,,,1.1020433,712.9604,corredor
2024-05-02 04:00:00,1005.3872,22.568237,20.794067,1.63783,337.75616,537.17194,208.28198,48.186028,0.8301477,,,1.1655416,726.6822,corredor
2024-05-02 05:00:00,1005.27234,22.226715,20.53949,1.6652371,330.57455,461.01852,208.51636,48.13799,0.8476951,,,1.3551413,732.2224,corredor
2024-05-02 06:00:00,1005.0298,22.046753,20.432007,1.6996287,324.33942,420.73837,190.01422,48.12019,0.85890764,,,1.4847256,734.78094,corredor
2024-05-02 07:00:00,1004.8274,21.964783,20.361053,1.8239708,320.09012,385.2725,138.48463,48.09308,0.88395035,,,1.4112773,739.86664,corredor
2024-05-02 08:00:00,1004.76447,21.689758,20.190613,1.8078008,312.22797,350.99417,135.12395,47.924,0.90142405,,,1.2486639,732.22565,corredor
2024-05-02 09:00:00,1005.15894,21.380707,19.956635,1.738201,306.89014,319.01984,131.428,47.711094,0.91190994,,,1.1783772,714.6119,corredor
2024-05-02 10:00:00,1005.37354,21.486725,19.896912,1.2892072,309.62222,353.83493,127.36263,49.614265,0.9455562,,,1.1920575,731.9244,corredor
2024-05-02 11:00:00,1006.48584,21.586914,19.860016,1.3344841,307.22305,324.2045,105.941505,49.51131,0.9352907,,,1.3072649,704.8409,corredor
2024-05-02 12:00:00,1007.35266,21.643494,19.779114,1.4136356,301.58115,297.31613,101.073654,49.281025,0.94752765,,,1.2512252,681.29877,corredor
2024-05-02 13:00:00,1007.9373,21.727936,19.571442,1.5531645,292.375,292.43994,126.48001,48.845592,0.9556276,,,1.1936469,659.36914,corredor
2024-05-02 14:00:00,1008.2413,22.133728,19.490143,1.6887541,283.62827,314.01614,122.20226,48.25898,0.95321274,,,1.1345382,641.77277,corredor
2024-05-02 15:00:00,1008.0234,22.134552,19.27121,1.8258913,272.79285,355.83636,116.4554,47.556713,0.9461577,,,1.1408641,625.8098,corredor
2024-05-02 16:00:00,1007.78204,22.122162,19.090363,2.0120795,260.14764,373.2189,103.721436,46.711193,0.95099777,,,1.2162981,603.62494,corredor
2024-05-02 17:00:00,1007.3781,21.81015,18.777527,2.156492,245.68825,371.74524,109.23341,45.88945,0.92054296,,,1.4100547,572.7571,corredor
2024-05-02 18:00:00,1007.62756,21.726135,18.533997,2.2405307,230.3728,390.6845,125.55903,45.24864,0.9056301,,,1.5185002,531.408,corredor
2024-05-02 19:00:00,1008.0466,21.286377,18.4281,2.3531437,212.56671,367.3418,118.80183,44.592228,0.8837229,,,1.6115425,482.61127,corredor
2024-05-02 20:00:00,1008.5054,20.398499,17.958252,2.4826353,196.684,337.18173,121.668236,44.015198,0.8521785,,,1.3068535,436.11545,corredor
2024-05-02 21:00:00,1008.9715,19.429443,17.355927,2.6068273,183.79399,276.36072,125.7736,43.296074,0.84761196,,,1.0945265,383.86557,corredor
2024-05-02 22:00:00,1010.32935,18.548096,16.895996,2.7950225,174.00351,57.809525,113.62863,40.976017,0.8626576,,,1.0134434,389.49026,corredor
2024-05-02 23:00:00,1010.8732,18.273743,16.761505,2.895069,164.07747,51.25979,112.76211,40.308514,0.843313,,,1.0400563,350.0423,corredor
2024-05-03 00:00:00,1011.4675,18.156616,16.669678,2.888957,156.81526,54.188625,106.073654,39.676968,0.86438763,,,0.99481034,315.2488,corredor
2024-05-03 01:00:00,1011.91675,18.027588,16.568329,2.8834805,153.7768,52.81614,88.07495,39.037766,0.8387392,,,0.9827614,288.78223,corredor
2024-05-03 02:00:00,1011.8995,17.849548,16.419067,2.8306274,151.47818,43.303967,91.527954,38.420727,0.8522094,,,0.99806106,269.2124,corredor
2024-05-03 03:00:00,1011.6529,17.396759,16.12091,2.788169,150.95705,37.103836,60.659363,37.877388,0.8610822,,,0.939084,254.40735,corredor
2024-05-03 04:00:00,1011.5117,17.213043,15.986755,2.7154462,150.5701,35.278706,55.48495,37.48545,0.8560358,,,0.86947304,245.84528,corredor
2024-05-03 05:00:00,1011.43396,17.019714,15.757996,2.6708899,150.12233,37.50344,54.130604,37.321453,0.8564244,,,0.86331326,245.04967,corredor
2024-05-03 06:00:00,1011.49835,16.73227,15.508301,2.698519,149.15652,41.48254,45.802578,37.358566,0.8691909,,,0.8464141,245.15654,corredor
2024-05-03 07:00:00,1011.0282,16.628845,15.419708,2.6711435,146.5792,43.619576,52.132236,37.488598,0.8868272,,,0.80152965,252.32466,corredor
2024-05-03 08:00:00,1011.22235,16.612915,15.407379,2.696546,143.07556,44.397884,54.728565,37.772354,0.9108951,,,0.7640012,256.55392,corredor
2024-05-03 09:00:00,1011.40485,16.571228,15.402283,2.6317384,138.19026,44.22778,68.08513,38.165096,0.9099337,,,0.7285463,266.10922,corredor
2024-05-03 10:00:00,1012.1753,16.826263,15.542572,2.5495267,134.00226,30.278969,83.64761,38.65705,0.9289899,,,0.71127754,265.37115,corredor
2024-05-03 11:00:00,1012.6502,16.844757,15.673553,2.6736143,128.12534,26.60225,107.42578,39.00402,0.9192171,,,0.6586665,267.8531,corredor
2024-05-03 12:00:00,1013.0369,17.131592,15.871613,2.7891052,121.70639,26.499338,129.92516,39.495502,0.9204759,,,0.6640698,275.32834,corredor
2024-05-03 13:00:00,1013.33,17.571808,16.0607,2.8002167,115.31212,33.674603,132.94504,40.122658,0.93161327,,,0.6225985,294.19565,corredor
2024-05-03 14:00:00,1013.1655,18.275482,16.258575,2.7055125,109.5585,52.570107,157.71974,40.85623,0.9556048,,,0.60049236,318.6579,corredor
2024-05-03 15:00:00,1012.4472,18.843994,16.572296,2.529534,104.45418,78.398674,155.21259,41.61084,0.9726444,,,0.61957043,345.7637,corredor
2024-05-03 16:00:00,1011.5119,19.168152,16.738953,2.336269,101.47261,103.27619,149.58098,42.329285,0.97212183,,,0.68646204,371.69403,corredor
2024-05-03 17:00:00,1010.664,19.411713,17.025208,2.2233453,97.948166,123.79881,135.30678,43.036674,0.97989416,,,0.7170514,394.31747,corredor
2024-05-03 18:00:00,1010.2417,19.53366,17.294128,2.0647833,98.084045,143.40039,144.05861,43.661297,0.9782018,,,0.8103116,411.03378,corredor
2024-05-03 19:00:00,1009.9673,19.352722,17.28186,1.9006834,101.03302,170.36032,152.43282,44.188732,0.97023445,,,0.97340715,425.30167,corredor
2024-05-03 20:00:00,1009.9098,19.088593,17.300812,1.785633,103.466995,189.8508,163.90129,44.592903,0.95812005,,,0.98886675,437.3376,corredor
2024-05-03 21:00:00,1010.355,18.74649,17.230682,1.729681,103.792465,188.74709,178.68996,44.92759,0.9501868,,,1.1663928,450.32556,corredor
2024-05-03 22:00:00,1010.79065,18.546967,17.41986,1.5952958,101.58125,59.04259,191.25832,42.66973,0.9618912,,,1.1968212,454.25815,corredor
2024-05-03 23:00:00,1011.291,18.443329,17.464722,1.6556876,100.93375,59.917988,188.10237,42.889137,0.9442176,,,1.2325795,465.39703,corredor
2024-05-04 00:00:00,1011.8993,18.327118,17.473663,1.620966,95.95271,51.49233,206.38943,43.003456,0.93010616,,,1.2420428,479.30753,corredor
2024-05-04 01:00:00,1012.4196,18.25116,17.490479,1.4478403,91.47307,42.58373,222.00426,43.076763,0.931111,,,1.2835776,494.95227,corredor
2024-05-04 02:00:00,1012.6423,18.150635,17.472107,1.2976948,82.02057,39.61614,218.22755,42.99541,0.95226276,,,1.2657402,511.3659,corredor
2024-05-04 03:00:00,1012.6976,17.998566,17.356018,1.1716387,74.4787,43.843784,214.45317,42.79905,0.93657726,,,1.2294606,521.37317,corredor
2024-05-04 04:00:00,1012.4832,17.903473,17.340393,1.0682093,65.87317,48.604763,203.01143,42.510155,0.92961454,,,1.0911324,523.7417,corredor
2024-05-04 05:00:00,1012.3437,17.984741,17.396454,0.9940013,54.381073,56.649605,201.53125,42.31186,0.9344585,,,0.988369,522.53516,corredor
2024-05-04 06:00:00,1012.1063,18.014984,17.447754,0.9945389,45.41754,69.076584,199.24374,42.221657,0.9198266,,,0.89112055,517.4653,corredor
2024-05-04 07:00:00,1012.00726,18.02118,17.44281,1.0069916,36.51892,78.37473,139.51065,42.11979,0.9178481,,,0.4396493,513.05743,corredor
2024-05-04 08:00:00,1012.0284,18.004242,17.405212,1.0589408,29.251312,83.86693,117.55726,42.10648,0.90324813,,,0.45987538,503.80975,corredor
2024-05-04 09:00:00,1012.3621,18.050598,17.459991,1.15551,22.25879,87.191536,92.234184,42.11479,0.89858425,,,0.4585266,497.24255,corredor
2024-05-04 10:00:00,1012.9114,18.454712,17.75241,1.3068928,39.14685,112.62646,75.46508,43.124115,0.9288277,,,0.5214342,478.16345,corredor
2024-05-04 11:00:00,1013.24835,18.695068,17.96466,1.4814122,33.84851,116.53003,72.26306,43.094597,0.9180853,,,0.5489063,481.15604,corredor
2024-05-04 12:00:00,1013.95056,19.12082,18.309479,1.5607792,25.299408,131.37698,70.026924,43.20259,0.9170436,,,0.54229647,489.63565,corredor
2024-05-04 13:00:00,1014.25415,19.649017,18.529358,1.7556953,14.106293,179.68399,99.15042,43.298733,0.9210775,,,0.5331012,503.9846,corredor
2024-05-04 14:00:00,1014.12744,20.46994,18.846466,1.8900788,2.4463806,246.10529,144.25954,43.34002,0.9348842,,,0.53279334,516.2137,corredor
2024-05-04 15:00:00,1013.43896,21.373749,19.202118,2.0583208,351.6239,318.73425,160.61845,43.28046,0.9390057,,,0.5482628,528.822,corredor
2024-05-04 16:00:00,1012.73206,21.661499,19.210205,2.0359874,343.28494,370.7209,183.41833,43.09556,0.9390032,,,0.48562184,531.6671,corredor
2024-05-04 17:00:00,1012.1394,21.935272,19.314697,1.9215535,338.9642,417.52924,199.51448,42.842354,0.93700546,,,0.44839317,528.235,corredor
2024-05-04 18:00:00,1012.19775,21.995453,19.287872,1.7030749,335.63922,463.55515,212.58258,42.53957,0.93347347,,,0.3994524,517.983,corredor
2024-05-04 19:00:00,1012.20233,21.993378,19.311462,1.3019239,335.7501,492.784,187.87367,42.057796,0.9312326,,,0.67031366,497.638,corredor
2024-05-04 20:00:00,1012.5482,21.727478,19.339813,0.8411525,349.4572,525.86426,206.86969,41.51583,0.92927253,,,0.6790965,473.1319,corredor
2024-05-04 21:00:00,1012.91986,21.201324,19.384827,0.6653133,15.948059,490.1373,211.99982,40.88227,0.9155683,,,0.61766803,448.5625,corredor
2024-05-04 22:00:00,1013.52545,20.574371,19.282776,0.76006705,39.058197,186.80661,214.42334,38.90562,0.8663861,,,0.5328146,444.7448,corredor
2024-05-04 23:00:00,1013.97107,20.345428,19.217194,0.9197145,49.691284,167.19974,216.34048,38.261875,0.8223253,,,0.44509342,424.1952,corredor
2024-05-05 00:00:00,1014.411,20.25,19.214203,1.1699914,49.56958,160.78598,227.87578,37.61751,0.8010125,,,0.40275303,412.63828,corredor
2024-05-05 01:00:00,1014.658,20.141968,19.13861,1.3738023,42.238586,154.67844,256.76263,36.98359,0.74504966,,,0.40781838,413.29196,corredor
2024-05-05 02:00:00,1014.68005,20.038147,19.023438,1.527027,36.85019,144.14948,284.33023,36.34472,0.7140085,,,0.41979063,413.74963,corredor
2024-05-05 03:00:00,1014.6541,19.93274,18.940765,1.6129977,30.374878,143.03862,304.6468,35.755516,0.6585931,,,0.39749053,419.5546,corredor
2024-05-05 04:00:00,1014.3588,19.82129,18.848602,1.6853143,25.451782,154.86693,309.63956,35.281418,0.6286952,,,0.3653154,423.9281,corredor
2024-05-05 05:00:00,1014.1997,19.68805,18.76007,1.6653334,22.70517,170.02077,307.28897,34.952877,0.583046,,,0.33207077,425.84705,corredor
2024-05-05 06:00:00,1013.98193,19.468323,18.574219,1.6829827,21.454224,180.22711,319.41754,34.703438,0.5648904,,,0.3707904,424.47717,corredor
2024-05-05 07:00:00,1013.7681,19.394562,18.49234,1.6951946,21.825745,185.5746,335.0252,34.46395,0.5559715,,,0.12925103,421.91217,corredor
2024-05-05 08:00:00,1013.73206,19.3031,18.405243,1.7165,23.005737,196.97606,336.73764,34.2747,0.5813668,,,0.1339758,417.99707,corredor
2024-05-05 09:00:00,1014.08,19.256165,18.29541,1.7832503,24.016632,218.55423,355.82175,34.137043,0.6459675,,,0.12774695,416.20328,corredor
2024-05-05 10:00:00,1014.6183,19.708221,18.403168,1.8582724,29.203918,302.17593,372.54306,34.49879,0.6445461,,,0.12483507,406.54068,corredor
2024-05-05 11:00:00,1015.2173,20.111237,18.608582,2.1493628,33.437897,351.6479,371.49673,34.525307,0.6250291,,,0.09642101,408.3007,corredor
2024-05-05 12:00:00,1015.6252,21.040833,19.154419,2.3016865,29.09961,441.27435,399.88565,34.591747,0.58247006,,,0.08998144,413.4489,corredor
2024-05-05 13:00:00,1015.7128,22.275635,19.455048,2.6138458,22.87027,581.5679,430.67593,34.702095,0.5234794,,,0.06332579,418.20123,corredor
2024-05-05 14:00:00,1015.38196,24.36203,20.016998,2.9431822,16.790619,714.9512,452.66428,34.80954,0.43229315,,,0.040747326,421.32724,corredor
2024-05-05 15:00:00,1014.55786,26.246918,20.45456,3.2421477,10.867615,822.7172,481.3286,34.89181,0.3790607,,,0.01873652,419.74817,corredor
2024-05-05 16:00:00,1013.69696,27.136261,20.325531,3.4409769,5.094116,892.8852,483.564,34.98873,0.33330178,,,0.013608478,411.75458,corredor
2024-05-05 17:00:00,1012.5664,27.94168,20.462677,3.544979,1.8045044,926.39496,460.5283,35.108013,0.36459783,,,0.011223838,397.749,corredor
2024-05-05 18:00:00,1011.9856,28.257141,20.494629,3.4034865,2.3824158,955.01154,435.85193,35.248665,0.36566356,,,0.009938195,379.72333,corredor
2024-05-05 19:00:00,1011.45624,28.209198,20.507477,2.8601747,9.658234,1072.7688,447.8124,35.352554,0.3226607,,,0.0044468474,360.94568,corredor
2024-05-05 20:00:00,1011.5838,27.537659,20.890808,2.05361,27.057983,1224.6256,480.2379,35.378815,0.26928917,,,0.002530416,345.32266,corredor
2024-05-05 21:00:00,1011.7397,25.999176,20.972595,1.9615064,46.633667,1128.7607,491.1006,35.24939,0.22159599,,,0.0013296945,336.15283,corredor
2024-05-05 22:00:00,1011.6043,24.25772,20.964417,2.407916,53.194,1307.1204,493.51343,34.47965,0.32819968,,,0.002106258,354.5925,corredor
2024-05-05 23:00:00,1011.93756,23.739624,20.817322,2.7261913,54.3125,1157.5111,502.20798,34.20241,0.32001996,,,0.0010771978,365.12888,corredor
2024-05-06 00:00:00,1012.29987,23.476929,20.69107,2.9409468,53.432556,1040.7357,485.90118,33.778008,0.3319088,,,0.0012951805,375.4029,corredor
2024-05-06 01:00:00,1012.43146,23.24936,20.614868,3.050689,49.67151,909.2135,481.03104,33.275993,0.34344825,,,0.014118013,389.66678,corredor
2024-05-06 02:00:00,1012.3197,22.946686,20.370697,3.1249197,44.229736,743.6328,468.8435,32.66889,0.3051799,,,0.024116153,405.26202,corredor
2024-05-06 03:00:00,1012.10443,22.584473,20.056244,3.1415741,39.711914,595.15796,549.3445,32.03131,0.3207142,,,0.08608046,415.24954,corredor
2024-05-06 04:00:00,1012.16437,22.497925,19.909698,3.1626158,37.367065,502.4742,528.016,31.546797,0.3544248,,,0.05864779,419.67496,corredor
2024-05-06 05:00:00,1011.70013,22.294067,19.62082,3.1873567,36.111023,413.83585,510.92734,31.108418,0.3753346,,,0.018854596,418.5812,corredor
2024-05-06 06:00:00,1011.54065,22.037292,19.404419,3.3270855,35.250916,329.07645,512.97754,30.65195,0.37354124,,,0.016496295,416.475,corredor
2024-05-06 07:00:00,1011.113,21.93991,19.199188,3.576124,32.171417,256.7525,497.3785,30.06164,0.36086357,,,0.11616298,414.0261,corredor
2024-05-06 08:00:00,1010.84314,21.983368,18.879578,3.8601744,27.899841,207.98929,489.0018,29.350725,0.30593362,,,0.09021941,413.92316,corredor
2024-05-06 09:00:00,1010.7926,21.934875,18.64914,4.162375,23.12738,183.65027,520.981,28.623089,0.25708058,,,0.038627446,416.7571,corredor
2024-05-06 10:00:00,1010.70795,22.647797,18.486206,4.9499984,17.13327,239.04973,536.47015,29.286379,0.2805926,,,0.019862765,457.78857,corredor
2024-05-06 11:00:00,1011.01373,23.079102,18.584625,5.114887,12.06427,229.47382,606.554,28.535032,0.20173931,,,0.011838278,463.65186,corredor
2024-05-06 12:00:00,1011.1689,24.116638,18.830688,5.288469,8.533386,226.35304,614.8596,27.941792,0.14367214,,,0.0035558427,463.62216,corredor
2024-05-06 13:00:00,1011.1464,25.441528,18.991882,5.1723647,6.1007996,273.13254,637.5476,27.594076,0.12545204,,,0.0024032593,464.46426,corredor
2024-05-06 14:00:00,1010.81195,27.194977,19.035217,5.4614644,2.8967896,335.77792,681.4426,27.519823,0.099203184,,,0.0014913649,465.59976,corredor
2024-05-06 15:00:00,1010.03784,28.814697,19.032013,5.7071147,358.60873,410.67712,683.15686,27.673529,0.078722596,,,0.0021916344,463.71268,corredor
2024-05-06 16:00:00,1009.10864,29.30066,18.844238,5.709824,354.60275,477.7459,617.72394,27.964125,0.07268829,,,0.0021398636,453.6735,corredor
2024-05-06 17:00:00,1008.2679,29.79419,18.860352,5.472732,352.10468,521.93085,540.54517,28.295328,0.08094589,,,0.0049981615,438.69107,corredor
2024-05-06 18:00:00,1007.52057,29.852661,18.898926,4.965135,351.40088,580.0459,523.48505,28.606018,0.0939924,,,0.012299675,419.9314,corredor
2024-05-06 19:00:00,1007.27716,29.542572,19.087433,4.216817,352.71252,659.3106,564.5804,28.884193,0.10317719,,,0.012998126,402.50797,corredor
2024-05-06 20:00:00,1007.455,28.552582,19.712677,3.4335306,356.64084,675.47723,536.209,29.179157,0.1015491,,,0.0062479293,385.06137,corredor
2024-05-06 21:00:00,1007.851,26.703918,19.67978,2.7867353,5.4634094,593.2209,492.87408,29.464687,0.1276259,,,0.0054450263,372.5552,corredor
2024-05-06 22:00:00,1008.1761,25.000427,19.721405,2.7773504,16.328003,542.03784,498.35193,30.031702,0.21562332,,,0.014517648,374.58853,corredor
2024-05-06 23:00:00,1008.7006,24.441742,19.612091,2.8169444,21.444702,475.61032,492.60983,30.179138,0.23936574,,,0.024168832,373.0869,corredor
2024-05-07 00:00:00,1009.0069,24.08313,19.479828,3.0124743,23.388824,434.83466,509.54663,30.285727,0.2574101,,,0.024276007,381.00388,corredor
2024-05-07 01:00:00,1009.44037,23.819183,19.355835,3.1434252,22.464417,409.51706,465.44098,30.438974,0.28217003,,,0.020891825,394.48468,corredor
2024-05-07 02:00:00,1009.24115,23.445251,19.103424,3.2728417,21.040771,395.51984,454.6022,30.539312,0.28878358,,,0.017560324,406.755,corredor
2024-05-07 03:00:00,1009.3831,22.846313,18.766968,3.3982725,19.300629,392.49722,418.26688,30.574747,0.30551788,,,0.025048029,419.17056,corredor
2024-05-07 04:00:00,1009.22675,22.595703,18.628448,3.498416,17.430145,397.49948,397.49808,30.560434,0.31185678,,,0.026919955,429.9606,corredor
2024-05-07 05:00:00,1008.9712,22.306824,18.466858,3.4777884,16.709595,398.93823,386.18518,30.546946,0.28358358,,,0.029006232,432.27658,corredor
2024-05-07 06:00:00,1008.75616,22.089417,18.282806,3.5154545,15.920776,382.82898,400.21036,30.49161,0.25958005,,,0.021083014,432.7307,corredor
2024-05-07 07:00:00,1008.1004,21.980774,18.161682,3.5827367,14.858459,372.10132,343.64523,30.38006,0.2495134,,,0.0269908,431.55783,corredor
2024-05-07 08:00:00,1008.10205,21.777649,17.995575,3.6778998,14.298828,356.93637,394.47467,30.28625,0.23260085,,,0.021454949,430.8415,corredor
2024-05-07 09:00:00,1008.3057,21.704163,17.881744,3.8494322,13.573608,342.45013,414.99762,30.21042,0.23387545,,,0.012298766,431.87457,corredor
2024-05-07 10:00:00,1008.8363,22.467438,18.15326,4.5102873,6.8617554,448.6295,465.1076,31.573135,0.28554165,,,0.012538547,478.55832,corredor
2024-05-07 11:00:00,1009.1216,22.98993,18.437195,4.651388,5.1375427,418.20053,559.33093,31.235767,0.23977558,,,0.008938199,476.00925,corredor
2024-05-07 12:00:00,1009.5524,24.185455,18.916443,4.900089,3.6230774,396.90848,649.84686,31.074144,0.24454181,,,0.0040376754,476.6862,corredor
2024-05-07 13:00:00,1009.54913,25.536621,19.272125,4.9696603,1.8329468,386.63123,699.09204,31.03065,0.22626543,,,0.0018069857,480.52536,corredor
2024-05-07 14:00:00,1009.19006,27.297028,19.56546,5.385535,359.75363,395.99524,706.37244,31.03869,0.21210931,,,0.0012293316,484.67538,corredor
2024-05-07 15:00:00,1008.43146,28.95279,19.751862,5.7341847,355.65338,417.1328,732.5024,31.134928,0.2480345,,,0.00086466473,486.85724,corredor
2024-05-07 16:00:00,1007.42334,29.498444,19.697723,5.9444394,352.6582,447.2406,725.94763,31.308325,0.32483053,,,0.00074023294,484.68726,corredor
2024-05-07 17:00:00,1006.4233,29.970184,19.717041,5.792181,351.081,477.3459,737.41174,31.526125,0.4004205,,,0.001192547,472.30682,corredor
2024-05-07 18:00:00,1005.77954,29.996368,19.79419,5.2756324,352.20035,556.0784,751.24493,31.700264,0.48265845,,,0.0012706575,459.5625,corredor
2024-05-07 19:00:00,1005.3105,29.55606,20.049347,4.600245,355.4817,669.228,591.9656,31.778996,0.51642567,,,0.008197966,447.78818,corredor
2024-05-07 20:00:00,1005.3631,28.692017,20.39856,3.9466326,0.37982178,677.9238,551.8572,31.794632,0.5893165,,,0.007033575,438.11523,corredor
2024-05-07 21:00:00,1005.7173,26.960236,20.29013,3.4977546,8.040619,557.72,539.0047,31.711855,0.6619767,,,0.010316031,433.6109,corredor
2024-05-07 22:00:00,1005.8713,25.352661,20.052917,3.6966584,7.4611206,963.8209,498.29926,33.28307,0.7070767,,,0.012436821,502.6077,corredor
2024-05-07 23:00:00,1006.033,24.942139,19.9281,3.763475,13.503601,959.2549,448.45578,33.38979,0.768163,,,0.011558533,502.0724,corredor
2024-05-08 00:00:00,1006.207,24.661713,19.766876,3.9329605,15.0364685,975.90686,439.2123,33.50305,0.8089099,,,0.011670249,516.0696,corredor
2024-05-08 01:00:00,1006.5446,24.406494,19.59076,4.125945,14.311737,980.9853,543.7097,33.575207,0.8311738,,,0.017908186,538.7439,corredor
2024-05-08 02:00:00,1006.6754,24.197021,19.471313,4.3460035,12.032593,934.8536,565.20703,33.530865,0.84085983,,,0.02586183,564.3887,corredor
2024-05-08 03:00:00,1006.74335,23.652893,18.94577,4.6145887,8.846313,820.13574,560.31946,33.161163,0.8331508,,,0.051128753,587.8857,corredor
2024-05-08 04:00:00,1006.43243,23.531677,18.756348,4.9006715,5.382599,698.16626,564.78076,32.50073,0.82259715,,,0.04924638,603.5458,corredor
2024-05-08 05:00:00,1006.2397,23.353851,18.555817,5.136639,1.9706421,587.73944,570.38983,31.805347,0.8056812,,,0.060098737,610.3708,corredor
2024-05-08 06:00:00,1005.79846,23.307953,18.384583,5.2444267,358.1819,520.1097,570.2093,31.176004,0.7480336,,,0.048953466,610.1138,corredor
2024-05-08 07:00:00,1005.37787,23.4263,18.246063,5.23592,354.82407,496.4443,379.30313,30.726912,0.7128481,,,0.29916853,605.3208,corredor
2024-05-08 08:00:00,1005.4464,23.343445,18.1604,5.1452513,351.2973,494.12766,369.0061,30.614683,0.7200391,,,0.3108624,602.4182,corredor
2024-05-08 09:00:00,1005.9197,23.288391,18.217407,4.9184027,347.88766,497.9672,309.46185,30.818848,0.6969541,,,0.32355174,598.36237,corredor
2024-05-08 10:00:00,1006.5772,23.529083,18.464417,5.1877522,345.4921,514.0349,299.59128,32.367374,0.7068013,,,0.31572342,623.04913,corredor
2024-05-08 11:00:00,1007.6937,23.719147,18.841278,4.8258095,338.4431,438.58533,389.75812,33.10027,0.6579232,,,0.31230882,626.9483,corredor
2024-05-08 12:00:00,1008.7851,24.499146,19.181458,4.27581,330.80493,403.2602,354.65366,33.535275,0.58944976,,,0.30809677,602.94244,corredor
2024-05-08 13:00:00,1009.67126,25.258667,19.385193,3.8288486,321.60767,431.23758,326.0539,34.00342,0.5637001,,,0.29256913,577.2503,corredor
2024-05-08 14:00:00,1010.17334,25.927399,19.447144,3.776402,310.57632,470.33017,264.07684,34.442802,0.54556084,,,0.26920864,554.555,corredor
2024-05-08 15:00:00,1010.1242,26.609863,19.521301,3.8604155,298.0139,484.832,223.44464,34.79274,0.54979247,,,0.22706895,532.82916,corredor
2024-05-08 16:00:00,1010.33295,26.540619,19.171143,3.946898,285.1858,453.3217,250.05664,34.994156,0.6064458,,,0.23384456,510.42545,corredor
2024-05-08 17:00:00,1010.2665,26.093323,18.749268,3.8486438,272.71735,414.77856,216.84837,34.933575,0.5908132,,,0.23454757,485.2833,corredor
2024-05-08 18:00:00,1010.5246,25.576508,18.560486,3.6468806,259.26108,389.50107,202.14267,34.520985,0.5727685,,,0.2423568,455.69305,corredor
2024-05-08 19:00:00,1011.2229,25.39154,18.349304,3.3909192,246.09438,365.0352,288.0244,33.813984,0.5884148,,,0.4015759,422.65085,corredor
2024-05-08 20:00:00,1011.95026,24.2565,18.07434,3.1626048,235.8721,303.27844,268.31894,32.826454,0.590465,,,0.45549667,389.44772,corredor
2024-05-08 21:00:00,1013.08325,22.707733,17.753815,2.9619823,228.28844,233.55371,249.88911,31.691545,0.5859128,,,0.4598136,355.6466,corredor
2024-05-08 22:00:00,1013.7729,21.280548,17.363953,2.8710284,218.48445,145.22566,232.13617,29.632515,0.57574326,,,0.40115538,304.2667,corredor
2024-05-08 23:00:00,1014.9849,20.680695,17.00235,3.1480176,213.17415,125.78519,226.80357,28.684559,0.5929638,,,0.35670418,277.3779,corredor
2024-05-09 00:00:00,1015.93646,20.001373,16.608002,3.278689,208.02585,105.970505,238.9307,27.718052,0.61946756,,,0.31917027,249.72655,corredor
2024-05-09 01:00:00,1017.1027,19.443115,16.18274,3.3017814,202.8201,89.81879,241.21036,26.805971,0.61502975,,,0.24473827,222.81247,corredor
2024-05-09 02:00:00,1017.7157,18.766083,15.786072,3.2951205,199.84077,77.02183,266.80222,25.891998,0.6006238,,,0.19401278,201.4922,corredor
2024-05-09 03:00:00,1018.4547,17.64972,14.906921,3.308864,196.85095,68.298546,238.30554,25.110588,0.61043185,,,0.16276087,185.80794,corredor
2024-05-09 04:00:00,1018.5895,17.081024,14.443726,3.3282962,194.55167,63.270237,251.6501,24.414244,0.615555,,,0.13372013,175.08565,corredor
2024-05-09 05:00:00,1018.7768,16.318695,13.857117,3.3715973,191.08423,56.663227,241.4233,23.810223,0.6133523,,,0.1347133,166.15286,corredor
2024-05-09 06:00:00,1018.4402,15.476837,13.230682,3.415572,187.39932,54.809654,257.18683,23.319527,0.5841536,,,0.12251491,160.20473,corredor
2024-05-09 07:00:00,1018.2706,15.141144,12.93988,3.3980284,183.50159,53.128838,243.33524,23.00685,0.5777129,,,0.14881043,157.45671,corredor
2024-05-09 08:00:00,1018.3395,14.764496,12.663605,3.2512054,178.62447,46.371296,225.1656,22.830744,0.57858133,,,0.16120638,155.26476,corredor
2024-05-09 09:00:00,1018.33655,14.486725,12.486633,3.054066,173.31036,37.17791,202.74658,22.764963,0.5524132,,,0.16553606,153.78049,corredor
2024-05-09 10:00:00,1019.22217,14.498474,12.3012085,2.7881498,165.89392,33.781483,179.2104,23.170465,0.6955791,,,0.14492035,150.48134,corredor
2024-05-09 11:00:00,1019.6286,14.665649,12.422272,2.8077636,160.88248,25.976322,91.77205,23.311367,0.6972137,,,0.13464837,150.66808,corredor
2024-05-09 12:00:00,1020.13055,15.373596,12.594757,2.9023788,151.45999,24.54656,105.01465,23.61033,0.7182775,,,0.12454851,152.35602,corredor
2024-05-09 13:00:00,1020.461,16.253967,12.711792,2.739624,142.8334,28.32156,134.15225,24.107765,0.74964076,,,0.12947582,159.3993,corredor
2024-05-09 14:00:00,1020.2576,17.491272,13.032349,2.4154084,136.3905,33.7541,110.92411,24.774363,0.73823386,,,0.13701485,169.13397,corredor
2024-05-09 15:00:00,1019.5505,18.567139,13.247894,2.0808268,133.93355,43.57381,132.92621,25.504326,0.74730295,,,0.14893577,179.43828,corredor
2024-05-09 16:00:00,1018.6731,19.086548,13.225647,1.8825179,134.96587,52.691933,136.64818,26.254013,0.74532634,,,0.1598994,187.28712,corredor
2024-05-09 17:00:00,1017.67456,19.471222,13.302582,1.8070982,137.04308,60.359657,102.897934,26.954657,0.721465,,,0.17269407,191.50737,corredor
2024-05-09 18:00:00,1017.02374,19.994507,13.605621,1.8409438,136.10886,64.74074,111.599785,27.574736,0.7831429,,,0.1993488,193.02504,corredor
2024-05-09 19:00:00,1016.35626,19.786438,13.658905,2.019077,134.19267,80.93281,207.4312,28.185354,0.7947158,,,0.18842606,190.96931,corredor
2024-05-09 20:00:00,1016.33276,19.07901,13.804596,2.075343,132.19016,86.739815,211.28136,28.715399,0.77869374,,,0.15341258,187.2592,corredor
2024-05-09 21:00:00,1016.3237,18.105255,14.043213,1.8370881,132.38757,79.38214,224.30515,29.162653,0.766859,,,0.12450627,181.59952,corredor
2024-05-09 22:00:00,1016.52234,17.247955,14.290314,2.0778048,125.81001,41.573544,281.95602,28.449785,0.778226,,,0.13085048,177.6396,corredor
2024-05-09 23:00:00,1016.65186,16.971863,14.341614,2.2165625,121.27443,36.72103,340.85464,29.112148,0.8128245,,,0.105851494,183.41904,corredor
2024-05-10 00:00:00,1016.8552,16.786987,14.36441,2.3230205,115.63225,32.039154,343.55856,29.84153,0.82518095,,,0.07413728,194.18945,corredor
2024-05-10 01:00:00,1016.979,16.740448,14.347595,2.2772598,109.47218,30.374472,356.02472,30.664589,0.87405103,,,0.055203207,213.93776,corredor
2024-05-10 02:00:00,1016.69165,16.586853,14.340729,2.201292,105.07239,33.62685,382.83615,31.636698,0.89995676,,,0.057794027,237.65944,corredor
2024-05-10 03:00:00,1016.43884,16.538177,14.250732,2.1026168,100.69707,41.472885,350.41528,32.779263,0.93102115,,,0.056433447,266.05255,corredor
2024-05-10 04:00:00,1015.9755,16.429504,14.2344055,2.022393,96.04234,56.858994,321.48276,34.015656,0.9192543,,,0.08366812,294.13928,corredor
2024-05-10 05:00:00,1015.59186,16.431519,14.376984,1.978573,90.286606,83.25569,282.98685,35.28898,0.9120392,,,0.1375439,322.66388,corredor
2024-05-10 06:00:00,1014.98376,16.417328,14.554962,1.9115825,86.33911,115.173416,263.50244,36.49517,0.90107834,,,0.19278753,345.8013,corredor
2024-05-10 07:00:00,1014.46466,16.565857,14.672821,1.842851,80.65234,148.7619,219.66747,37.565327,0.9295639,,,0.08787927,370.15155,corredor
2024-05-10 08:00:00,1014.0175,16.579865,14.728455,1.8014132,74.701965,175.50278,188.08714,38.411083,0.9240034,,,0.16627176,388.83615,corredor
2024-05-10 09:00:00,1013.82587,16.558746,14.767548,1.7501785,66.46802,192.43109,159.15413,39.102978,0.94563174,,,0.262265,409.9139,corredor
2024-05-10 10:00:00,1014.28876,16.99942,15.292358,1.8050257,63.307312,222.43492,146.8863,40.270313,0.9558014,,,0.37495387,420.73987,corredor
2024-05-10 11:00:00,1014.69025,17.171906,15.511444,1.8894926,49.258484,189.75397,161.1815,40.565136,0.95006794,,,0.48716864,448.06897,corredor
2024-05-10 12:00:00,1015.0503,17.611298,15.887604,1.8495177,34.528076,183.66402,178.16959,40.770897,0.968399,,,0.58509916,476.98703,corredor
2024-05-10 13:00:00,1015.2369,18.250458,16.16571,1.8755815,19.616272,178.53677,185.94246,40.84112,0.9819765,,,0.63971204,499.27197,corredor
2024-05-10 14:00:00,1014.9827,19.317291,16.660858,1.969835,3.4636536,167.78545,174.81677,40.82675,0.9867589,,,0.6486874,517.0269,corredor
2024-05-10 15:00:00,1014.5559,20.698517,17.363739,2.0784676,347.7417,148.7574,184.58325,40.762974,0.98332673,,,0.6519009,527.5205,corredor
2024-05-10 16:00:00,1013.70734,21.10913,17.398956,2.0051734,334.37488,141.21985,172.39934,40.648453,0.9834654,,,0.6051736,530.85596,corredor
2024-05-10 17:00:00,1012.93896,21.575653,17.733704,1.6488649,323.886,137.24947,157.44586,40.420753,0.98619455,,,0.56016195,523.0939,corredor
2024-05-10 18:00:00,1012.41406,21.55603,17.763763,1.2966691,315.74954,122.63333,137.37216,40.056908,0.99105406,,,0.5075577,508.19543,corredor
2024-05-10 19:00:00,1011.96063,21.286987,17.785126,0.7956293,301.7577,100.30661,107.29282,39.583927,0.99645007,,,0.5472901,486.47736,corredor
2024-05-10 20:00:00,1012.2199,20.619781,17.730774,0.34558392,258.39038,98.99921,74.59855,39.177975,0.9984578,,,0.40836605,460.8354,corredor
2024-05-10 21:00:00,1012.4179,20.012573,17.608643,0.36462218,184.85825,77.80502,72.583336,38.774097,0.9978279,,,0.33221653,432.30927,corredor
2024-05-10 22:00:00,1012.5212,19.27597,17.453125,0.7058663,151.75937,75.53227,67.08749,38.794163,0.99609065,,,0.28573084,414.55765,corredor
2024-05-10 23:00:00,1012.76154,19.099213,17.433685,0.8922857,148.23114,61.415344,81.869354,38.378548,0.9939002,,,0.2586937,392.93552,corredor
2024-05-11 00:00:00,1013.3814,18.972198,17.440308,0.986441,146.05998,55.568253,77.22739,38.05864,0.9852968,,,0.20781198,376.04633,corredor
2024-05-11 01:00:00,1013.59357,18.89624,17.370667,1.0316975,144.57083,48.805027,80.7189,37.82129,0.9724386,,,0.1779865,364.79565,corredor
2024-05-11 02:00:00,1013.9657,18.774384,17.309723,0.93776745,143.65994,45.3082,93.297646,37.735096,0.9727542,,,0.13308299,364.4865,corredor
2024-05-11 03:00:00,1013.78033,18.563904,17.262512,0.86017,140.1074,42.133068,118.17884,37.70822,0.96162385,,,0.11382239,363.65262,corredor
2024-05-11 04:00:00,1013.8518,18.50418,17.288757,0.74803835,137.19324,40.989815,91.81912,37.703785,0.9342713,,,0.099787936,365.16144,corredor
2024-05-11 05:00:00,1013.39014,18.325836,17.23581,0.6452137,130.01917,41.495106,108.39729,37.670082,0.92670715,,,0.10220982,366.19547,corredor
2024-05-11 06:00:00,1013.09296,18.207703,17.156128,0.6175833,132.87245,42.9045,172.81287,37.638805,0.8936067,,,0.10486739,366.05814,corredor
2024-05-11 07:00:00,1012.46515,18.14267,17.151184,0.51854634,138.6132,47.32209,214.20863,37.59139,0.867757,,,0.10006677,368.0813,corredor
2024-05-11 08:00:00,1012.02234,18.026154,17.076569,0.49026954,146.52219,50.035316,261.7288,37.58365,0.8567443,,,0.10373615,366.93832,corredor
2024-05-11 09:00:00,1011.93085,17.988617,17.02658,0.46725187,156.64432,53.605953,239.53204,37.641808,0.85036826,,,0.118624374,365.1004,corredor
2024-05-11 10:00:00,1012.3684,18.374878,17.247253,0.5836983,153.66458,109.91349,209.18483,38.86751,0.87157077,,,0.14994577,361.0002,corredor
2024-05-11 11:00:00,1012.7531,18.596954,17.442139,0.39772522,158.88034,107.03995,209.64088,39.125664,0.8574373,,,0.18960316,366.47324,corredor
2024-05-11 12:00:00,1013.285,19.063385,17.65918,0.3694557,171.96732,121.920105,236.98427,39.396824,0.8358225,,,0.21000181,370.385,corredor
2024-05-11 13:00:00,1013.45825,19.685944,17.875427,0.29055634,215.81332,164.90953,209.27054,39.707607,0.841282,,,0.24516787,378.84805,corredor
2024-05-11 14:00:00,1013.35077,20.60321,18.11728,0.4976013,259.6534,223.16931,217.72441,40.058193,0.8561468,,,0.31406948,392.72272,corredor
2024-05-11 15:00:00,1012.58154,21.535217,18.249878,0.80491036,266.8449,283.90582,205.63437,40.273075,0.8767584,,,0.36987123,408.36423,corredor
2024-05-11 16:00:00,1011.9615,21.848816,18.114471,1.1008954,262.5862,330.5132,218.76247,40.40259,0.90396136,,,0.47737667,420.70935,corredor
2024-05-11 17:00:00,1011.17633,22.119934,18.069977,1.2851232,258.28943,324.70636,236.69804,40.434956,0.945818,,,0.6408319,429.2679,corredor
2024-05-11 18:00:00,1010.62787,22.105286,18.030548,1.2843878,249.43895,301.0013,221.32536,40.472363,0.9534318,,,0.63732237,430.26898,corredor
2024-05-11 19:00:00,1010.4904,21.881042,17.995972,1.2321305,235.67957,276.75766,250.68663,40.564163,0.96176654,,,0.6666329,428.66183,corredor
2024-05-11 20:00:00,1010.5602,21.241241,17.889465,1.1984504,217.53418,257.53412,250.93475,40.61839,0.96236145,,,0.65521467,419.36487,corredor
2024-05-11 21:00:00,1010.8466,20.417664,17.912384,1.1661563,207.67145,227.04207,226.25325,40.578785,0.9407183,,,0.65089726,407.9677,corredor
2024-05-11 22:00:00,1010.9956,19.611572,17.71457,1.3474056,193.11874,202.92274,221.75098,40.602985,0.9277712,,,0.63147956,410.8887,corredor
2024-05-11 23:00:00,1011.39844,19.340363,17.702332,1.3489783,182.57959,178.77063,203.18124,40.596867,0.9133396,,,0.56013376,400.61188,corredor
2024-05-12 00:00:00,1011.5425,19.19986,17.694702,1.2907737,172.9076,154.03836,196.49171,40.564133,0.88519424,,,0.49804503,395.86252,corredor
2024-05-12 01:00:00,1011.74786,19.05072,17.59909,1.2396792,165.55653,134.93929,181.74547,40.546543,0.845675,,,0.47078133,393.5687,corredor
2024-05-12 02:00:00,1011.44025,18.851074,17.564636,1.0990769,160.5925,115.387436,173.07475,40.412346,0.8274778,,,0.51141876,397.99203,corredor
2024-05-12 03:00:00,1011.2519,18.565247,17.454468,0.9278245,157.58029,102.93161,151.90994,40.21569,0.8020527,,,0.59788525,407.5888,corredor
2024-05-12 04:00:00,1010.95764,18.447174,17.427216,0.74754226,157.40009,97.19603,139.14775,39.940815,0.78262854,,,0.64917386,421.12982,corredor
2024-05-12 05:00:00,1010.6501,18.197357,17.230988,0.57947147,164.04811,91.56521,110.75058,39.572735,0.79887867,,,0.7276994,435.5896,corredor
2024-05-12 06:00:00,1010.0642,18.005157,17.07129,0.5023379,176.58684,88.95754,113.43561,39.163715,0.80912024,,,0.7414214,447.06213,corredor
2024-05-12 07:00:00,1009.5257,17.928833,17.008728,0.43642828,195.49481,88.46495,84.87115,38.764072,0.8345292,,,0.6039156,459.49362,corredor
2024-05-12 08:00:00,1009.12427,17.876923,16.96457,0.3715245,217.19685,86.1254,84.731094,38.36154,0.86099654,,,0.6074333,467.19278,corredor
2024-05-12 09:00:00,1009.2943,17.815369,16.861115,0.3471944,242.77353,78.871826,69.41608,37.975178,0.8547773,,,0.58994204,471.60306,corredor
2024-05-12 10:00:00,1009.68787,17.978455,16.838104,0.08778614,329.51892,107.80212,107.19364,39.209663,0.88148034,,,0.5835406,498.79205,corredor
2024-05-12 11:00:00,1010.2283,18.287659,16.97116,0.35636425,310.76813,118.33016,122.08684,39.150646,0.88069326,,,0.5742772,505.59265,corredor
2024-05-12 12:00:00,1010.6457,18.894928,17.232758,0.58421093,307.45663,118.48889,132.77737,39.020584,0.85273784,,,0.54716384,513.38477,corredor
2024-05-12 13:00:00,1010.9,19.431091,17.270172,0.99857885,301.81326,116.636246,115.71886,38.855225,0.79685044,,,0.51635194,517.6553,corredor
2024-05-12 14:00:00,1010.66174,20.130615,17.4505,1.4621677,298.95627,102.94498,150.34526,38.64705,0.781477,,,0.49734116,520.7265,corredor
2024-05-12 15:00:00,1010.0968,20.846344,17.58313,1.9898596,294.604,95.96733,161.3186,38.445747,0.7706834,,,0.48321587,528.534,corredor
2024-05-12 16:00:00,1009.39685,21.174011,17.568329,2.483654,291.13348,90.44709,168.36987,38.179432,0.7860354,,,0.45388266,535.16473,corredor
2024-05-12 17:00:00,1008.784,21.418945,17.606232,2.8693676,286.18033,85.671425,274.36423,37.863472,0.79614675,,,0.40749595,538.98016,corredor
2024-05-12 18:00:00,1008.6781,21.398651,17.63916,2.9951394,280.52203,84.20039,310.27686,37.52061,0.8106133,,,0.38300377,539.64154,corredor
2024-05-12 19:00:00,1008.7382,21.174866,17.592865,2.9418046,274.27286,88.920105,257.81012,37.01193,0.84087884,,,0.53825104,533.4129,corredor
2024-05-12 20:00:00,1009.2008,20.697174,17.436188,2.8384,267.34637,86.07447,229.56226,36.49121,0.84399897,,,0.44672287,523.0194,corredor
2024-05-12 21:00:00,1009.5746,19.874542,17.311462,2.7838695,261.0447,73.55463,213.0157,35.959557,0.8580841,,,0.3978457,509.0473,corredor
2024-05-12 22:00:00,1009.92694,19.005096,16.933502,2.4978907,258.7585,112.11191,186.11562,36.762085,0.8556078,,,0.37417093,509.09525,corredor
2024-05-12 23:00:00,1010.1284,18.673248,16.767944,2.6684058,252.6538,95.33624,172.90634,36.367527,0.86863786,,,0.32100496,499.7561,corredor
2024-05-13 00:00:00,1011.23315,18.430786,16.627045,2.8417802,247.13847,79.87566,155.01837,35.937763,0.8768563,,,0.27472633,487.61435,corredor
2024-05-13 01:00:00,1011.67847,18.230286,16.482147,3.0676389,242.81932,70.56243,141.75421,35.406097,0.8787596,,,0.25219646,478.07324,corredor
2024-05-13 02:00:00,1011.83014,17.944122,16.227386,3.2969213,239.4422,65.68862,117.18807,34.864426,0.89490265,,,0.2513858,470.2618,corredor
2024-05-13 03:00:00,1012.2748,17.307922,15.697632,3.534395,235.88412,60.733864,242.88269,34.384216,0.92502886,,,0.23913792,463.40988,corredor
2024-05-13 04:00:00,1012.2854,16.994476,15.540283,3.6295457,233.08018,55.000927,295.95602,33.81103,0.9458422,,,0.2384958,454.31274,corredor
2024-05-13 05:00:00,1012.67456,16.728394,15.362701,3.7361696,229.3696,45.609127,244.02547,33.228283,0.95586896,,,0.22079785,443.46906,corredor
2024-05-13 06:00:00,1012.69763,16.256134,14.872223,3.823364,225.39302,36.060715,288.4848,32.652363,0.9706531,,,0.21229471,428.40625,corredor
2024-05-13 07:00:00,1012.8631,16.06192,14.706146,3.867571,222.08743,28.99418,316.03693,32.092567,0.97690237,,,0.35161474,415.5676,corredor
2024-05-13 08:00:00,1013.12665,15.88208,14.564575,3.8761466,217.96489,25.975662,299.4796,31.534134,0.97950965,,,0.3198369,397.21317,corredor
2024-05-13 09:00:00,1013.7001,15.73056,14.402954,3.8536942,214.91112,26.33439,270.0985,30.977598,0.98264605,,,0.29051733,377.9691,corredor
2024-05-13 10:00:00,1014.5998,15.4322815,14.150787,3.638289,208.0197,56.069576,267.12802,31.46569,0.9861945,,,0.27502877,355.6199,corredor
2024-05-13 11:00:00,1015.1525,15.377991,14.0448,3.703949,204.54233,52.602646,275.2487,31.029114,0.9749114,,,0.24228504,332.90988,corredor
2024-05-13 12:00:00,1016.14307,15.441284,13.974335,3.8265932,200.27014,49.549206,400.0698,30.659,0.9669142,,,0.22117889,314.66025,corredor
2024-05-13 13:00:00,1016.7096,15.671722,13.960999,3.923355,197.08066,47.07976,418.06473,30.380169,0.9663605,,,0.22257125,299.9101,corredor
2024-05-13 14:00:00,1017.1948,15.873596,13.858856,3.9945483,195.79291,39.87262,318.60678,30.135685,0.95976204,,,0.21052223,291.97226,corredor
2024-05-13 15:00:00,1016.5535,16.095367,13.808197,3.9111626,197.00049,35.668518,247.37529,29.857515,0.9698666,,,0.20524615,288.5771,corredor
2024-05-13 16:00:00,1016.6205,16.12146,13.706421,4.0212884,196.53265,34.222355,293.28708,29.621103,0.9795287,,,0.19833338,286.9972,corredor
2024-05-13 17:00:00,1015.83014,16.084747,13.527069,3.9883125,196.9068,33.845898,262.36136,29.25664,0.9844091,,,0.19657499,286.26648,corredor
2024-05-13 18:00:00,1016.2379,15.984039,13.349731,4.0761786,194.77963,30.98598,210.08885,28.849735,0.98112863,,,0.20293054,279.36096,corredor
2024-05-13 19:00:00,1016.42346,15.856842,13.167603,4.108398,192.92984,27.868784,334.99536,28.329964,0.98054403,,,0.3076108,267.0458,corredor
2024-05-13 20:00:00,1016.89417,15.4765625,12.850311,4.081799,191.66602,27.275927,280.39114,27.705444,0.9795686,,,0.3521515,251.35294,corredor
2024-05-13 21:00:00,1017.4493,14.86264,12.436584,4.043071,190.77051,27.220371,291.91296,26.989141,0.97496295,,,0.348508,233.17102,corredor
2024-05-13 22:00:00,1018.0851,14.124878,12.234131,4.120354,187.98674,28.892857,276.7558,26.525665,0.9717267,,,0.3529258,222.74568,corredor
2024-05-13 23:00:00,1018.765,13.750488,12.0469055,4.13763,185.98148,23.28254,219.52002,25.703058,0.9569941,,,0.34475872,204.65681,corredor
2024-05-14 00:00:00,1019.6117,13.366486,11.810089,4.0802135,184.39986,22.230158,164.41312,24.921713,0.9524466,,,0.32168478,189.49297,corredor
2024-05-14 01:00:00,1020.3576,13.105774,11.552704,4.0087075,183.0048,21.330952,26.681309,24.224194,0.9148143,,,0.27124223,178.0638,corredor
2024-05-14 02:00:00,1020.6439,12.687775,11.124268,3.9389515,181.76018,19.657936,21.204884,23.521906,0.8997366,,,0.24895987,169.17227,corredor
2024-05-14 03:00:00,1020.8984,12.3003235,10.565094,3.8272898,181.47829,16.78148,4.770288,22.813543,0.90058696,,,0.2128265,162.65913,corredor
2024-05-14 04:00:00,1020.914,11.962402,10.266235,3.784266,181.29303,14.619312,17.028948,22.077501,0.8830444,,,0.20269848,157.59874,corredor
2024-05-14 05:00:00,1020.90765,11.6094055,9.915375,3.7376454,181.20596,12.082672,13.304826,21.319176,0.85917586,,,0.18360047,152.91574,corredor
2024-05-14 06:00:00,1020.9626,11.092804,9.519989,3.6884239,180.8403,10.726191,41.049156,20.561642,0.8426573,,,0.14917101,147.49057,corredor
2024-05-14 07:00:00,1021.07367,10.799286,9.332886,3.6182737,180.77014,9.072619,0.8127417,19.8047,0.82838374,,,0.13447988,142.22545,corredor
2024-05-14 08:00:00,1021.259,10.476074,9.056213,3.5365355,180.90852,7.67791,,19.072357,0.81788886,,,0.10324478,136.69467,corredor
2024-05-14 09:00:00,1021.7901,10.272766,8.851074,3.4608438,180.29315,7.509656,,18.377172,0.7963263,,,0.09773708,130.02081,corredor
2024-05-14 10:00:00,1022.46234,10.174927,8.664398,3.4223022,178.70602,5.8708997,,18.259226,0.77594775,,,0.092720754,135.17662,corredor
2024-05-14 11:00:00,1023.3527,10.149994,8.661896,3.3635595,177.55138,5.585582,,17.484163,0.75553775,,,0.083951496,127.01824,corredor
2024-05-14 12:00:00,1024.0034,10.83017,8.9496765,3.4772038,174.73488,4.962169,,16.79056,0.77416766,,,0.07911682,119.08504,corredor
2024-05-14 13:00:00,1024.4402,11.706024,9.081177,3.4507778,172.7065,4.495767,2.250123,16.217052,0.7888482,,,0.061970666,113.5602,corredor
2024-05-14 14:00:00,1024.3629,12.802307,9.143341,3.2663455,173.54958,3.7161376,0.51176065,15.773291,0.7948425,,,0.049627397,110.0931,corredor
2024-05-14 15:00:00,1023.8006,13.8159485,9.056671,3.1674483,176.62097,3.2252645,0.078255266,15.442717,0.7634404,,,0.04151299,109.687294,corredor
2024-05-14 16:00:00,1023.08826,14.2404785,8.952728,3.0537093,181.35378,3.6300263,9.316033,15.179073,0.7607622,,,0.03507887,109.14876,corredor
2024-05-14 17:00:00,1022.176,14.631683,8.829773,3.075684,184.81696,3.2876985,21.539177,14.948826,0.74939996,,,0.0392714,108.521805,corredor
2024-05-14 18:00:00,1021.66034,14.737427,8.696472,3.0593178,185.55191,2.3075397,22.921879,14.737625,0.7293604,,,0.034434002,106.369286,corredor
2024-05-14 19:00:00,1021.47565,14.620331,8.531921,3.0590186,183.95001,1.8931217,95.90643,14.522831,0.70959383,,,0.023969015,103.17238,corredor
2024-05-14 20:00:00,1021.5181,13.897308,8.324219,2.8893304,181.46234,1.6936508,60.640625,14.2692375,0.6861496,,,0.017953599,99.18205,corredor
2024-05-14 21:00:00,1021.5455,12.649231,8.393982,2.2794964,183.22617,1.9121693,,13.970885,0.68308735,,,0.015814643,95.59957,corredor
2024-05-14 22:00:00,1021.83124,11.163757,8.388367,2.4659898,180.41083,1.1609788,41.531387,13.6279125,0.6736816,,,0.014273325,100.40776,corredor
2024-05-14 23:00:00,1022.235,10.754059,8.213959,2.2631881,178.19168,0.96097887,18.890686,13.268221,0.68087876,,,0.011540367,95.64908,corredor
2024-05-15 00:00:00,1022.4316,10.453003,8.157715,2.094628,175.47787,0.7367725,,12.962418,0.6921624,,,0.00985191,92.03993,corredor
2024-05-15 01:00:00,1022.8253,10.200897,8.029022,1.9604518,175.50345,0.6753968,,12.735163,0.74201864,,,0.009607588,91.59068,corredor
2024-05-15 02:00:00,1022.8049,9.918945,7.8845825,1.8433822,175.92947,0.6160053,,12.548286,0.74694234,,,0.009153456,92.77864,corredor
2024-05-15 03:00:00,1022.9309,9.266754,7.4328003,1.7668564,174.44244,0.61706346,,12.386685,0.7688882,,,0.008642105,93.69656,corredor
2024-05-15 04:00:00,1022.58453,8.950256,7.2426453,1.7145673,173.40826,0.47354499,,12.228858,0.79746366,,,0.005504972,95.09588,corredor
2024-05-15 05:00:00,1022.34296,8.563171,7.050812,1.7298166,170.2868,0.2558201,,12.082227,0.7618381,,,0.005999974,95.37816,corredor
2024-05-15 06:00:00,1022.0636,8.167877,6.7256165,1.737606,166.33015,0.2728836,,11.942107,0.7571092,,,0.0067674546,94.44526,corredor
2024-05-15 07:00:00,1021.7648,8.0008545,6.5436707,1.6624397,161.1842,0.25330687,,11.807783,0.7631247,,,0.00228791,92.43978,corredor
2024-05-15 08:00:00,1021.62695,7.684021,6.348816,1.5363625,155.11862,0.20727514,,11.664786,0.74061906,,,0.0012997218,89.51066,corredor
2024-05-15 09:00:00,1021.51556,7.4802246,6.2572937,1.4376191,145.60101,0.1404762,,11.518431,0.7056568,,,0.0008564904,85.04733,corredor
2024-05-15 10:00:00,1021.9899,7.7845154,6.45047,1.4844103,136.21336,0.3706349,,11.925884,0.6990292,,,0.00040508452,80.72919,corredor
2024-05-15 11:00:00,1022.1903,8.055176,6.614502,1.6183375,126.638504,0.35714287,,11.877866,0.60936505,,,0.00010989961,76.88344,corredor
2024-05-15 12:00:00,1022.3882,9.388641,7.371063,1.7548723,118.14877,0.22592592,,11.988303,0.5773602,,,0.0003065382,73.96124,corredor
2024-05-15 13:00:00,1022.1001,10.892731,7.6182556,1.8176903,111.79828,0.13862434,,12.308993,0.62257606,,,0.000403268,74.7582,corredor
2024-05-15 14:00:00,1021.80334,12.797241,7.699768,1.7116551,104.75482,0.2531746,,12.841516,0.66341317,,,0.0005726587,78.89301,corredor
2024-05-15 15:00:00,1021.0811,14.364349,7.7104797,1.4889803,97.88583,0.41441798,,13.550482,0.72582424,,,0.00089191255,86.2816,corredor
2024-05-15 16:00:00,1020.07367,15.093048,7.5810547,1.2099835,90.79036,0.7271164,,14.38205,0.76253796,,,0.001964569,96.7624,corredor
2024-05-15 17:00:00,1019.12805,15.660004,7.642456,1.0331521,87.35983,0.9227513,,15.268721,0.7849261,,,0.0016929989,106.13075,corredor
2024-05-15 18:00:00,1018.2035,16.073425,7.8623657,0.9706861,86.41144,1.1242063,,16.150011,0.7960279,,,0.0025612968,114.522415,corredor
2024-05-15 19:00:00,1017.8915,15.851471,8.0401,1.0371686,90.50871,1.419709,,16.989609,0.79711807,,,0.0039518448,120.69427,corredor
2024-05-15 20:00:00,1017.4847,15.245453,8.5425415,1.0753696,100.3853,1.7804233,,17.772293,0.84290713,,,0.001637595,126.08596,corredor
2024-05-15 21:00:00,1017.34094,13.877472,8.913208,0.97496426,111.16327,1.8068783,,18.53463,0.8804571,,,0.0018383207,133.72342,corredor
2024-05-15 22:00:00,1017.30005,12.428253,9.236511,1.1140475,117.417786,2.2767196,,19.013535,0.9117332,,,0.0014341446,158.81778,corredor
2024-05-15 23:00:00,1017.08154,12.182739,9.144318,1.3092875,105.13472,2.936508,,19.95085,0.93552244,,,0.0015104385,174.45735,corredor
2024-05-27 00:00:00,1023.4801,11.332977,8.996368,1.8459184,128.37091,17.053041,46.994526,19.616278,0.93777037,,,0.0696482,92.219345,corredor
2024-05-27 01:00:00,1023.6807,11.19281,9.021759,1.6986718,129.51993,18.824074,52.586,20.239378,0.9516218,,,0.08857091,104.15972,corredor
2024-05-27 02:00:00,1023.695,10.988159,9.063232,1.5675857,129.50456,21.325,10.718811,20.80358,0.95572734,,,0.12396859,116.06326,corredor
2024-05-27 03:00:00,1023.5351,10.686066,8.948425,1.3841805,130.79323,24.842064,,21.291721,0.9554503,,,0.12629192,128.02365,corredor
2024-05-27 04:00:00,1023.2361,10.638062,9.00177,1.2689317,132.31064,27.266535,9.064285,21.663542,0.9723891,,,0.15997842,136.42975,corredor
2024-05-27 05:00:00,1022.8557,10.617859,9.050995,1.1540679,134.41803,27.509657,19.812504,21.917572,0.9655661,,,0.1733907,142.49393,corredor
2024-05-27 06:00:00,1022.59033,10.43689,9.172821,1.0122563,139.6561,28.631878,4.5390825,22.095993,0.9612035,,,0.2284286,146.08482,corredor
2024-05-27 07:00:00,1021.84406,10.451263,9.230286,0.8613189,148.2027,33.012962,29.552921,22.157299,0.9634711,,,0.3703926,149.40837,corredor
2024-05-27 08:00:00,1021.9188,10.422943,9.285767,0.80863184,161.13304,34.564022,34.734123,22.148926,0.9526154,,,0.43197632,147.98532,corredor
2024-05-27 09:00:00,1021.88617,10.432404,9.36084,0.7898885,175.51376,33.286243,34.258366,22.06352,0.93875825,,,0.44422242,146.78761,corredor
2024-05-27 10:00:00,1022.55365,10.595581,9.629791,0.7891563,181.27423,52.358994,62.7021,22.764877,0.9437396,,,0.46710062,151.73848,corredor
2024-05-27 11:00:00,1022.96686,10.728455,9.798981,0.8299363,196.98431,69.54206,93.06993,22.666712,0.9386259,,,0.45273644,150.69774,corredor
2024-05-27 12:00:00,1023.3815,11.016602,10.034363,0.9625424,207.5526,74.2672,97.27396,22.556787,0.93671995,,,0.48120406,151.83556,corredor
2024-05-27 13:00:00,1023.76306,11.544647,10.267761,1.1020356,216.94472,73.50688,109.13663,22.447134,0.9274646,,,0.45409793,157.2893,corredor
2024-05-27 14:00:00,1023.7829,12.499481,10.581543,1.2312088,225.02724,76.22143,79.929214,22.301567,0.9080294,,,0.38771582,163.65985,corredor
2024-05-27 15:00:00,1023.04175,13.209869,10.547882,1.479535,232.87384,79.06376,65.221375,22.053589,0.9046439,,,0.3666537,172.71841,corredor
2024-05-27 16:00:00,1022.3123,13.371429,10.280334,1.7924109,236.61179,81.66508,64.85914,21.679579,0.9578199,,,0.36211285,181.213,corredor
2024-05-27 17:00:00,1021.43396,13.503632,9.904572,2.1268044,241.79105,76.7123,53.201904,21.128397,0.98332685,,,0.3525607,187.7896,corredor
2024-05-27 18:00:00,1021.2514,13.352081,9.585724,2.460361,245.14877,69.338356,45.60036,20.46334,0.9939781,,,0.3531447,189.79288,corredor
2024-05-27 19:00:00,1021.0416,13.178741,9.363617,2.7240376,247.41125,51.946297,18.415953,19.598173,0.98654115,,,0.5217434,187.31479,corredor
2024-05-27 20:00:00,1021.5259,12.743744,9.160522,2.766349,250.31691,37.827118,11.849689,18.590897,0.9787556,,,0.46836582,181.14394,corredor
2024-05-27 21:00:00,1021.7432,12.082703,8.857269,2.8810081,252.96844,28.785582,14.081433,17.43423,0.95568776,,,0.41345233,170.86438,corredor
2024-05-27 22:00:00,1022.0224,10.940033,8.671509,2.9465487,248.87804,24.503174,5.1219163,16.44562,0.93489426,,,0.32923564,155.16264,corredor
2024-05-27 23:00:00,1022.50275,10.558533,8.466248,3.1355586,249.08247,20.303307,69.718765,15.225978,0.91244704,,,0.23788452,141.6326,corredor
2024-05-28 00:00:00,1022.82666,10.196533,8.240814,3.2984223,250.3413,22.143253,95.745,14.03343,0.8722877,,,0.14774959,130.7005,corredor
2024-05-28 01:00:00,1023.0212,9.891266,8.004303,3.4864616,250.16893,23.488493,7.769327,12.928654,0.85113484,,,0.089995064,122.65709,corredor
2024-05-28 02:00:00,1023.0483,9.427063,7.642151,3.6455026,251.58295,21.785185,7.8061028,11.92215,0.822571,,,0.059066046,116.52998,corredor
2024-05-28 03:00:00,1023.31244,8.665009,6.874878,3.7662117,252.5258,18.77619,0.5508573,11.033817,0.8154891,,,0.030823663,110.41143,corredor
2024-05-28 04:00:00,1023.07227,8.28891,6.542389,3.8147614,254.48811,17.855026,0.9264971,10.28111,0.7905093,,,0.022291455,104.95669,corredor
2024-05-28 05:00:00,1023.0921,7.686249,6.058136,3.832819,256.31174,16.599604,0.28145605,9.691206,0.75821817,,,0.019136157,100.733604,corredor
2024-05-28 06:00:00,1022.76666,7.046173,5.579529,3.8401504,257.63086,14.664286,,9.272384,0.7304319,,,0.012747446,97.864944,corredor
2024-05-28 07:00:00,1022.52765,6.8203735,5.329712,3.8648067,258.616,12.260846,,9.060777,0.73770785,,,0.012973604,96.88954,corredor
2024-05-28 08:00:00,1022.7168,6.4731445,4.913025,3.8363788,259.20596,9.285053,,9.047604,0.72688675,,,0.008652097,96.43038,corredor
2024-05-28 09:00:00,1022.98846,6.2127686,4.5315857,3.771627,259.5623,6.542857,,9.187855,0.7121521,,,0.007379622,96.23647,corredor
2024-05-28 10:00:00,1023.5535,6.410553,4.4519653,3.482392,256.02078,5.859656,,9.819719,0.6785067,,,0.008616674,102.09774,corredor
2024-05-28 11:00:00,1024.0284,6.475464,4.338928,3.527981,257.0858,3.399074,,10.214668,0.68328786,,,0.007544926,103.50822,corredor
2024-05-28 12:00:00,1024.4918,7.113312,4.6441956,3.687841,257.62463,1.9366403,,10.665321,0.705457,,,0.0061861672,103.01614,corredor
2024-05-28 13:00:00,1025.0197,8.104828,4.99234,3.6650972,254.66527,1.3088624,,11.175866,0.717726,,,0.011448633,102.605705,corredor
2024-05-28 14:00:00,1025.0277,9.678986,5.621521,3.4391448,252.97154,1.0592593,,11.714019,0.6793369,,,0.019548507,101.62693,corredor
2024-05-28 15:00:00,1024.5061,10.991272,6.178772,3.2863977,252.70554,1.1141534,,12.258898,0.6360005,,,0.023246946,102.191666,corredor
2024-05-28 16:00:00,1023.9846,11.708496,6.6118164,3.1574805,252.30728,1.3657408,,12.805311,0.6474753,,,0.024048941,103.31261,corredor
2024-05-28 17:00:00,1023.27,12.3479,6.95224,3.1056156,250.45535,1.4419312,,13.314875,0.70236844,,,0.024319602,105.138176,corredor
2024-05-28 18:00:00,1022.899,12.539368,7.1004944,2.963641,247.00916,1.2293651,,13.7780695,0.7371688,,,0.022020794,106.39838,corredor
2024-05-28 19:00:00,1022.8221,12.552582,7.3129883,2.7944925,242.84486,1.2723545,,14.193266,0.7658777,,,0.017618906,108.096436,corredor
2024-05-28 20:00:00,1023.1397,12.131012,7.6019897,2.616,238.3479,1.166799,,14.528514,0.7981699,,,0.016283307,110.52877,corredor
2024-05-28 21:00:00,1023.6468,11.442078,7.7187805,2.3037534,238.4812,2.0800264,,14.752461,0.81511396,,,0.013700212,112.716965,corredor
2024-05-28 22:00:00,1024.0005,10.259155,7.813751,2.2370994,231.31516,1.9277778,,14.904335,0.78511906,,,0.013441359,116.53076,corredor
2024-05-28 23:00:00,1024.4774,10.00354,7.823944,2.0523264,226.10779,2.29418,,14.978606,0.7858838,,,0.01562391,115.550354,corredor
2024-05-29 00:00:00,1024.8145,9.824768,7.809326,1.8406001,223.38527,3.1671958,22.453217,14.96135,0.76249963,,,0.011676607,109.61194,corredor
2024-05-29 01:00:00,1024.7809,9.708679,7.93219,1.6585655,219.29132,3.710053,23.093872,14.872743,0.7740854,,,0.010054452,103.052216,corredor
2024-05-29 02:00:00,1024.8619,9.543823,8.018768,1.5086646,220.97366,4.4804235,33.197994,14.755942,0.7632926,,,0.009979521,94.768814,corredor
2024-05-29 03:00:00,1024.9668,9.274139,7.9391785,1.3947854,225.11267,5.2002645,,14.632402,0.73504436,,,0.008661633,84.87794,corredor
2024-05-29 04:00:00,1025.0073,9.1502075,7.920105,1.340339,228.39429,5.3978834,,14.496943,0.74275047,,,0.011009944,76.95994,corredor
2024-05-29 05:00:00,1024.8473,8.947815,7.8859863,1.3226666,229.21161,5.515344,,14.328401,0.71042883,,,0.011467252,69.33477,corredor
2024-05-29 06:00:00,1024.5043,8.854889,7.776581,1.3782046,226.73506,5.917725,,14.129131,0.7361622,,,0.01138006,63.712833,corredor
2024-05-29 07:00:00,1024.2819,8.803253,7.7749023,1.3888057,222.57011,6.477778,,13.916642,0.72313344,,,0.011417752,58.2864,corredor
2024-05-29 08:00:00,1024.2554,8.731323,7.7854004,1.4262712,216.57349,6.744709,,13.695538,0.7208474,,,0.010346004,55.08981,corredor
2024-05-29 09:00:00,1024.5198,8.736511,7.7848816,1.4064598,207.51233,7.0089946,,13.4612875,0.7079733,,,0.011958167,52.228065,corredor
2024-05-29 10:00:00,1024.9539,9.248749,8.248016,1.2348468,197.71486,6.4939156,,13.146761,0.73814744,,,0.012900489,51.623863,corredor
2024-05-29 11:00:00,1025.3944,9.506683,8.488464,1.2107489,182.95496,6.9113755,,12.8671,0.7401341,,,0.012894585,47.494675,corredor
2024-05-29 12:00:00,1025.6327,10.281464,8.867859,1.3045182,168.81686,6.5833335,,12.64037,0.71079,,,0.013128917,42.41045,corredor
2024-05-29 13:00:00,1026.0999,11.448151,9.335876,1.4433216,152.26506,6.233069,,12.529899,0.6994413,,,0.014752888,36.703423,corredor
2024-05-29 14:00:00,1025.9066,13.169373,9.677643,1.4433663,132.05914,3.8314815,,12.516977,0.73102885,,,0.014011746,30.835918,corredor
2024-05-29 15:00:00,1025.5953,14.611328,9.821564,1.306404,118.41156,3.1505291,,12.571202,0.75302804,,,0.012408665,25.068472,corredor
2024-05-29 16:00:00,1024.8081,15.215485,9.698944,1.1675545,115.5654,2.2984128,,12.662074,0.75915474,,,0.0077583673,22.154474,corredor
2024-05-29 17:00:00,1024.0289,15.90094,9.837402,1.069052,115.833984,2.0566137,,12.759061,0.7640657,,,0.0053423927,20.59716,corredor
2024-05-29 18:00:00,1023.4846,16.113953,9.775421,1.1087424,117.85394,2.034656,,12.8394375,0.7397854,,,0.0033269608,21.081831,corredor
2024-05-29 19:00:00,1023.0842,15.950928,9.809082,1.1880306,116.03322,2.194709,,12.866219,0.71041805,,,0.0034877234,20.941095,corredor
2024-05-29 20:00:00,1023.3058,15.169525,9.9131775,1.1467621,114.36035,3.465873,,12.810882,0.68545127,,,0.002343314,21.453186,corredor
2024-05-29 21:00:00,1023.3733,13.614563,9.773743,0.9861171,129.65726,4.8415346,,12.647259,0.64696556,,,0.0013841902,21.348228,corredor
2024-05-29 22:00:00,1023.55774,11.911194,9.378784,1.2646871,130.88716,1.5587301,,12.205425,0.5712469,,,0.0014568511,22.556528,corredor
2024-05-29 23:00:00,1023.80865,11.386261,9.207092,1.3594781,124.77879,1.3642857,,11.97848,0.52945065,,,0.003601256,21.560226,corredor
2024-05-30 00:00:00,1023.7414,10.925964,8.993866,1.4212722,116.63147,1.1267196,,11.737616,0.5315961,,,0.004919143,18.356007,corredor
2024-05-30 01:00:00,1023.91016,10.514099,8.793671,1.438943,109.51311,0.94232804,,11.502675,0.5623499,,,0.0050680977,14.601218,corredor
2024-05-30 02:00:00,1023.89685,10.081024,8.485046,1.389093,102.70596,0.86825395,,11.272245,0.60064745,,,0.0053551085,9.453825,corredor
2024-05-30 03:00:00,1023.78516,9.366486,8.1223755,1.3488823,96.34227,0.76785713,,11.054239,0.59938616,,,0.0039341333,3.8341413,corredor
2024-05-30 04:00:00,1023.43835,9.164398,7.96402,1.3413029,90.57405,0.6437831,,10.8667555,0.54286337,,,0.0043823607,1.7805046,corredor
2024-05-30 05:00:00,1023.55334,8.6232605,7.649872,1.3826807,88.890015,0.50079364,,10.72626,0.46744123,,,0.0030008953,5.55997,corredor
2024-05-30 06:00:00,1023.0023,8.061493,7.1860657,1.3523062,88.684906,0.39576718,,10.620912,0.39355686,,,0.0024886357,9.251839,corredor
2024-05-30 07:00:00,1022.9942,7.8551636,7.050049,1.3332753,90.62149,0.35,,10.5541935,0.35269564,,,0.003514063,11.995579,corredor
2024-05-30 08:00:00,1022.7058,7.437683,6.705963,1.3244922,92.6344,0.4132275,,10.503111,0.3255919,,,0.001831963,13.48731,corredor
2024-05-30 09:00:00,1022.98914,7.2703247,6.5391846,1.3148845,92.624954,0.44338626,,10.465552,0.28919116,,,0.0013224283,14.39574,corredor
2024-05-30 10:00:00,1023.7545,7.758484,6.8800964,1.482672,91.790665,0.303836,,10.264972,0.31346986,,,0.001373291,11.289912,corredor
2024-05-30 11:00:00,1024.3538,8.028503,7.1127625,1.5907266,85.706665,0.38584656,,10.224417,0.3169292,,,0.0011098953,10.39749,corredor
2024-05-30 12:00:00,1024.729,9.610535,8.261658,1.6195152,79.22662,0.3888889,,10.231728,0.26850152,,,0.00074749906,9.866708,corredor
2024-05-30 13:00:00,1024.9895,11.45459,9.167969,1.5695246,68.7543,0.53981483,,10.33385,0.195566,,,0.0005213419,10.218346,corredor
2024-05-30 14:00:00,1024.6575,14.373749,10.393005,1.5301577,55.538055,0.16494709,,10.528466,0.12644395,,,0.00016348703,12.418198,corredor
2024-05-30 15:00:00,1024.0142,16.483276,10.764282,1.4181857,44.152344,0.13968255,,10.783745,0.08316863,,,4.541306e-05,14.81822,corredor
2024-05-30 16:00:00,1023.34595,17.480042,10.7855835,1.1859578,36.76071,0.12724867,,11.0534725,0.06867711,,,0.00016893659,17.088701,corredor
2024-05-30 17:00:00,1022.3565,18.777557,10.594116,0.964612,33.056183,0.11230159,,11.308916,0.062024053,,,9.264265e-05,19.096008,corredor
2024-05-30 18:00:00,1021.7993,19.215271,10.615814,0.7634778,45.466125,0.08981481,,11.533563,0.047339868,,,9.173439e-05,19.217201,corredor
2024-05-30 19:00:00,1021.62726,19.18039,10.673523,0.7273667,72.64453,0.041931216,,11.696187,0.025549155,,,5.4495677e-06,18.430878,corredor
2024-05-30 20:00:00,1021.74445,18.37973,11.110077,0.7790513,107.56912,0.028703704,,11.755295,0.014287975,,,8.174352e-06,16.738691,corredor
2024-05-30 21:00:00,1022.3261,16.069855,11.19986,1.533542,117.750916,0.0035714286,,11.719134,0.016509945,,,3.633045e-06,13.844471,corredor
2024-05-30 22:00:00,1022.4445,13.575134,10.763947,1.7039886,117.98512,0.0010582011,,11.441282,0.01697433,,,1.8165225e-06,11.28167,corredor
2024-05-30 23:00:00,1022.80634,12.83963,10.523285,1.7797697,111.35303,0.00052910054,,11.365882,0.01470718,,,0.0,9.040888,corredor
