datetime,MSLP_hPa,T2m_C,Td2m_C,vento_ms,vento_dir,CAPE_Jkg,CIN_Jkg,TCWV_mm,TCC,Kindex,TotalTotals,PRECIP_mm_h,IVT_kg_m_s,dominio
2024-04-01 00:00:00,1014.44086,21.278412,18.203094,4.238023,122.60237,141.54288,321.18384,38.009697,0.83785206,,,0.18253541,76.29504,rs
2024-04-01 01:00:00,1014.7696,20.943146,18.071625,4.180742,117.603775,126.87348,317.2302,38.089397,0.8655876,,,0.20425145,74.30809,rs
2024-04-01 02:00:00,1014.82446,20.711853,17.969513,4.085385,113.9135,123.99976,260.72202,38.204697,0.83847684,,,0.24627249,86.06344,rs
2024-04-01 03:00:00,1015.0076,20.481537,17.852753,4.0544615,111.035126,118.6257,252.92401,38.327435,0.82697076,,,0.28545225,99.41186,rs
2024-04-01 04:00:00,1014.8303,20.359222,17.811035,3.9911127,109.09573,109.13304,230.40175,38.456894,0.8443318,,,0.30944642,114.86458,rs
2024-04-01 05:00:00,1014.8362,20.132263,17.764496,4.04063,108.42334,97.56454,187.34563,38.576828,0.8453906,,,0.4414609,122.47639,rs
2024-04-01 06:00:00,1014.23596,19.836426,17.784576,4.0783486,108.11325,94.66216,173.92526,38.63878,0.8198504,,,0.49122992,127.714554,rs
2024-04-01 07:00:00,1013.6534,19.674622,17.818054,4.0943933,108.06232,91.15191,223.17506,38.631107,0.7972641,,,0.350218,131.85046,rs
2024-04-01 08:00:00,1013.33716,19.502289,17.830536,4.1757555,107.69293,85.43569,208.01569,38.58684,0.7556776,,,0.43391094,130.28816,rs
2024-04-01 09:00:00,1013.4016,19.392334,17.777557,4.190717,107.42609,78.644455,183.10353,38.608963,0.7402229,,,0.4527833,130.9815,rs
2024-04-01 10:00:00,1013.5361,19.742981,17.806946,4.0187955,108.58501,67.042404,153.65292,38.65358,0.7344908,,,0.45290408,112.647,rs
2024-04-01 11:00:00,1013.9321,20.18576,17.985138,4.296268,103.99147,64.86277,167.9877,38.735928,0.7087523,,,0.50072324,119.766884,rs
2024-04-01 12:00:00,1014.3589,20.783966,18.03601,4.1917553,99.91193,70.59902,367.84616,38.872997,0.65939355,,,0.55644685,132.7893,rs
2024-04-01 13:00:00,1014.40405,21.325958,18.060425,3.9842184,95.72398,94.22868,476.4278,39.09485,0.6244704,,,0.5964129,147.27997,rs
2024-04-01 14:00:00,1014.0106,21.984436,17.961243,3.6553526,92.46272,148.51573,409.05844,39.395504,0.63354105,,,0.6191368,165.2179,rs
2024-04-01 15:00:00,1013.78204,22.80371,17.938385,3.1986415,91.03462,201.77621,332.8695,39.763435,0.6453796,,,0.69019395,182.91034,rs
2024-04-01 16:00:00,1013.0514,23.180054,17.88208,2.8014562,92.38176,233.9273,271.3077,40.13741,0.67662865,,,0.7365793,196.2409,rs
2024-04-01 17:00:00,1012.61523,23.501282,17.839478,2.3909376,99.40648,258.7578,220.46808,40.54065,0.69611794,,,0.7966192,207.56721,rs
2024-04-01 18:00:00,1012.0432,23.406036,17.827362,2.242129,110.47252,267.49533,183.48946,40.81472,0.71358764,,,0.91148114,211.6542,rs
2024-04-01 19:00:00,1011.8345,23.157928,17.85376,2.3951612,120.724396,293.20807,205.07048,41.035778,0.7704784,,,0.71825045,212.40271,rs
2024-04-01 20:00:00,1011.86584,22.670563,18.00827,2.733742,126.22107,347.03775,256.67426,41.199505,0.8006858,,,0.6759323,207.84338,rs
2024-04-01 21:00:00,1012.1093,21.815948,18.098907,2.9466662,126.285126,426.28738,282.802,41.217762,0.8058916,,,0.566401,198.1128,rs
2024-04-01 22:00:00,1012.1252,20.910065,18.175842,3.0433507,130.21896,311.675,275.66296,40.37588,0.78973246,,,0.5227561,205.95331,rs
2024-04-01 23:00:00,1012.68195,20.396301,18.05606,3.0571768,130.92584,265.7275,272.07593,40.043095,0.77700067,,,0.46841717,199.66054,rs
2024-04-02 00:00:00,1013.0623,20.185059,17.978943,3.0049226,131.24786,241.64551,274.11118,39.703407,0.7579175,,,0.40699905,193.77208,rs
2024-04-02 01:00:00,1013.2318,19.965637,17.838959,2.8665462,133.07845,232.89865,271.7999,39.364704,0.71874,,,0.36273825,193.0123,rs
2024-04-02 02:00:00,1013.0478,19.65738,17.664673,2.7495801,134.98083,227.82805,266.10156,38.91539,0.7165963,,,0.3078722,190.87785,rs
2024-04-02 03:00:00,1013.378,19.306427,17.479095,2.6239822,140.16753,224.44606,246.28537,38.427822,0.69412845,,,0.27782744,196.64644,rs
2024-04-02 04:00:00,1013.18634,19.128784,17.383972,2.514221,147.151,230.57,230.42662,37.87286,0.6513117,,,0.25317374,206.77022,rs
2024-04-02 05:00:00,1013.2361,18.919495,17.264984,2.5452993,156.18549,231.23112,205.51265,37.277603,0.59514886,,,0.2517111,217.9612,rs
2024-04-02 06:00:00,1013.1777,18.642181,17.04892,2.6118257,166.02214,216.68442,195.04575,36.58867,0.5823687,,,0.239618,229.91222,rs
2024-04-02 07:00:00,1012.88257,18.54538,16.979065,2.828244,173.8658,201.87349,232.54297,35.76121,0.5922043,,,0.18969941,240.48625,rs
2024-04-02 08:00:00,1012.88007,18.389069,16.826996,3.059461,175.93967,184.2076,253.91074,34.87191,0.6058119,,,0.118811905,239.80183,rs
2024-04-02 09:00:00,1013.3298,18.214233,16.660278,3.2524507,176.59653,169.33528,288.00244,34.02285,0.60296786,,,0.07619654,235.90137,rs
2024-04-02 10:00:00,1013.7464,18.22763,16.52887,3.0983686,175.32329,120.596695,308.28458,33.40481,0.69421846,,,0.04675013,219.61964,rs
2024-04-02 11:00:00,1014.2461,18.609497,16.654938,3.412664,174.84288,106.26934,352.76416,32.642105,0.6786422,,,0.03726836,214.24933,rs
2024-04-02 12:00:00,1014.6848,19.441956,16.909546,3.5503213,175.64746,127.17742,330.4793,32.03515,0.6878674,,,0.02607877,211.4964,rs
2024-04-02 13:00:00,1014.8605,20.252075,17.063873,3.5757396,176.35202,146.0897,314.33148,31.509735,0.6563291,,,0.029988747,206.78139,rs
2024-04-02 14:00:00,1014.5054,20.985748,17.11905,3.3950367,177.91771,157.27179,291.32907,31.0075,0.65366626,,,0.04461676,202.84047,rs
2024-04-02 15:00:00,1014.0449,21.867798,17.2872,3.1897266,178.96056,163.71866,248.51888,30.522898,0.6670091,,,0.047177285,194.83067,rs
2024-04-02 16:00:00,1013.49963,22.881104,17.223938,3.031406,181.23853,164.55243,226.84367,30.038649,0.67484826,,,0.057993706,188.79137,rs
2024-04-02 17:00:00,1012.9253,23.210022,17.281403,2.9567957,179.91306,155.41087,225.17476,29.599771,0.65345955,,,0.06391946,179.93088,rs
2024-04-02 18:00:00,1012.39667,23.349915,17.276398,2.9573736,176.4765,134.8086,240.38863,29.232176,0.6514383,,,0.0635427,172.40057,rs
2024-04-02 19:00:00,1012.05005,23.225098,17.228577,2.9692025,169.11078,114.64574,337.0443,28.871094,0.6382417,,,0.029204832,160.24356,rs
2024-04-02 20:00:00,1011.96735,22.901917,17.182129,2.9193597,159.40607,104.18115,358.39383,28.468182,0.57599235,,,0.01916112,144.63191,rs
2024-04-02 21:00:00,1011.9628,21.999878,17.054016,2.7168527,153.7692,105.79322,417.05008,28.000284,0.48457637,,,0.014581619,127.19276,rs
2024-04-02 22:00:00,1011.9464,20.702759,16.91986,2.7312145,145.49426,73.86521,495.2725,27.561901,0.35471898,,,0.009226998,115.75009,rs
2024-04-02 23:00:00,1012.31165,20.12564,16.785248,2.7701626,132.82095,50.26328,644.7631,27.098341,0.29624218,,,0.00802473,93.89049,rs
2024-04-03 00:00:00,1012.6336,19.728851,16.566742,2.7406676,121.015366,35.016426,716.74286,26.656757,0.25859872,,,0.004600301,74.83587,rs
2024-04-03 01:00:00,1012.7982,19.377136,16.374756,2.6963258,110.41588,26.748718,825.3113,26.323534,0.174085,,,0.0025893191,59.462826,rs
2024-04-03 02:00:00,1012.7486,19.045471,16.223663,2.6455348,100.948074,24.27621,744.5938,26.118502,0.16816938,,,0.0020749748,48.790287,rs
2024-04-03 03:00:00,1012.87897,18.578064,15.969147,2.5996068,91.74162,25.07712,883.55334,26.048044,0.14026971,,,0.0030364704,44.213497,rs
2024-04-03 04:00:00,1012.5101,18.413483,15.842529,2.5560951,81.56958,30.031454,714.495,26.121176,0.14506009,,,0.003187654,48.452934,rs
2024-04-03 05:00:00,1012.1459,18.266693,15.769775,2.611593,72.16873,39.304985,660.2455,26.385622,0.16672535,,,0.0035500147,58.957558,rs
2024-04-03 06:00:00,1011.9908,18.137543,15.759186,2.5985992,62.37964,53.714817,593.8662,26.854912,0.18764627,,,0.002250556,79.2387,rs
2024-04-03 07:00:00,1011.8228,18.058777,15.803955,2.5545363,53.60565,67.38117,487.33514,27.45466,0.2252862,,,0.042441797,104.55847,rs
2024-04-03 08:00:00,1011.8518,18.120148,15.898773,2.583725,46.288544,78.606476,469.27133,28.103626,0.27650383,,,0.102602474,132.77126,rs
2024-04-03 09:00:00,1012.3194,18.167877,16.031769,2.549718,42.998657,84.54066,499.53906,28.79593,0.3226991,,,0.17293765,157.69777,rs
2024-04-03 10:00:00,1012.68884,18.967957,16.588348,2.8546755,46.60791,93.93954,447.87598,28.884892,0.3688031,,,0.24084868,169.17787,rs
2024-04-03 11:00:00,1013.1477,19.77768,17.095398,2.9446588,43.24893,105.51538,380.95773,29.573069,0.47123072,,,0.3077462,195.03697,rs
2024-04-03 12:00:00,1013.58344,20.908997,17.572998,2.8254757,39.873505,146.53333,388.3345,30.48014,0.57193625,,,0.36997905,220.36368,rs
2024-04-03 13:00:00,1013.5084,22.174377,17.997559,2.845567,35.50406,202.78554,428.49323,31.435986,0.6247717,,,0.42112792,246.30878,rs
2024-04-03 14:00:00,1012.84174,23.614227,18.479034,2.8087497,32.638763,276.93347,479.03754,32.362522,0.70176893,,,0.44029227,267.9326,rs
2024-04-03 15:00:00,1012.46423,25.222198,18.905273,2.6479285,30.349884,353.83014,464.40674,33.30929,0.76002216,,,0.46959707,285.6076,rs
2024-04-03 16:00:00,1011.53375,25.928986,19.024933,2.4437256,29.983795,433.51584,401.60117,34.18367,0.79179865,,,0.5214818,298.97736,rs
2024-04-03 17:00:00,1010.71606,26.611542,19.059631,2.149484,34.19699,502.59412,352.05328,34.9829,0.8335883,,,0.52581894,306.31363,rs
2024-04-03 18:00:00,1010.1432,26.754303,19.127014,1.978662,43.46646,570.8532,307.55612,35.75895,0.8841598,,,0.4835483,312.29846,rs
2024-04-03 19:00:00,1009.9755,26.485382,19.017426,1.9519863,56.55768,642.0878,383.48145,36.521255,0.8838681,,,0.78143364,308.70435,rs
2024-04-03 20:00:00,1010.20044,26.026154,19.19693,2.093306,70.084564,764.33215,372.05005,37.280025,0.88507974,,,0.8468913,302.19946,rs
2024-04-03 21:00:00,1010.7347,24.926605,19.422882,2.350236,78.91495,833.31464,378.7513,38.01637,0.90342915,,,0.75964636,294.98438,rs
2024-04-03 22:00:00,1011.18744,23.47882,19.38501,2.0328264,79.41858,144.14433,354.29523,36.79702,0.86494404,,,0.6014668,286.38232,rs
2024-04-03 23:00:00,1012.02545,22.57608,19.207916,2.3345838,82.614075,113.34704,348.19778,37.31717,0.8541846,,,0.54566157,269.7033,rs
2024-04-04 00:00:00,1012.81134,22.156921,19.183502,2.4286773,82.31473,114.62034,346.83478,37.903786,0.86105967,,,0.5477242,256.66663,rs
2024-04-04 01:00:00,1013.2564,21.88385,19.108093,2.5737789,76.60062,122.52423,351.33298,38.368576,0.8576469,,,0.46981904,248.78018,rs
2024-04-04 02:00:00,1013.3693,21.667084,19.139557,2.6937099,68.78229,131.71028,359.33646,38.663967,0.814098,,,0.4027907,246.45192,rs
2024-04-04 03:00:00,1013.3539,21.512299,19.193665,2.7219527,60.507446,138.45853,326.10596,38.776016,0.7650141,,,0.4165604,247.75618,rs
2024-04-04 04:00:00,1012.8931,21.38504,19.287964,2.638272,52.014954,139.78215,313.95657,38.696934,0.72733736,,,0.39127713,252.12982,rs
2024-04-04 05:00:00,1012.5266,21.2677,19.327301,2.437587,45.46808,139.15797,288.77042,38.53162,0.6974214,,,0.34886736,254.22562,rs
2024-04-04 06:00:00,1012.1329,21.011139,19.328217,2.153623,40.76471,147.54124,265.48956,38.413822,0.6493261,,,0.40880206,255.571,rs
2024-04-04 07:00:00,1011.87494,20.99472,19.389893,1.8222249,36.44232,159.48485,180.29723,38.39549,0.66813695,,,0.3448318,259.6422,rs
2024-04-04 08:00:00,1011.98193,20.846008,19.387695,1.4702878,35.30185,169.48102,152.66225,38.52712,0.7239268,,,0.38189456,261.0156,rs
2024-04-04 09:00:00,1012.54694,20.703339,19.368927,1.0710989,38.34778,184.37231,173.64082,38.755295,0.7720118,,,0.42719606,261.68704,rs
2024-04-04 10:00:00,1013.46295,20.831818,19.481812,0.7943563,55.85327,101.414024,189.60657,40.89,0.87756914,,,0.5041345,250.06967,rs
2024-04-04 11:00:00,1014.20483,20.855865,19.506897,0.6366168,73.562195,117.60322,196.63293,40.94111,0.8498394,,,0.5454264,238.12157,rs
2024-04-04 12:00:00,1014.73914,21.324615,19.721283,0.6592716,111.27788,126.978096,226.63466,40.83611,0.8993736,,,0.5311336,222.75198,rs
2024-04-04 13:00:00,1015.00305,21.976227,19.915253,0.750672,134.48364,178.238,235.36676,40.825848,0.9100148,,,0.53375167,216.8999,rs
2024-04-04 14:00:00,1015.0549,22.778076,20.05481,0.81625545,148.15503,250.20782,209.02924,40.870304,0.88115376,,,0.4804399,221.49294,rs
2024-04-04 15:00:00,1015.2629,23.69815,20.314209,0.9146696,160.67075,306.35507,191.43678,40.97115,0.84402543,,,0.39330775,231.72972,rs
2024-04-04 16:00:00,1014.955,24.335144,20.358337,1.0764002,174.21716,347.46014,165.46933,41.059536,0.83524376,,,0.34154135,246.43814,rs
2024-04-04 17:00:00,1014.4363,24.635101,20.24289,1.4822005,179.97272,370.31174,162.50928,41.082035,0.8151734,,,0.35365605,256.07574,rs
2024-04-04 18:00:00,1014.1819,24.694885,19.998352,1.8757024,178.60226,383.8721,176.5265,41.02389,0.80447656,,,0.39493075,261.1644,rs
2024-04-04 19:00:00,1014.01013,24.624176,20.012787,2.327022,172.23706,406.5693,131.70874,40.887268,0.7929077,,,0.2768508,253.23587,rs
2024-04-04 20:00:00,1014.3002,24.102448,19.779358,2.5574174,165.1477,413.29892,130.7548,40.600826,0.75682086,,,0.19936077,236.72325,rs
2024-04-04 21:00:00,1014.5363,23.29657,19.57013,2.5904067,159.96626,400.69873,131.38747,40.130524,0.7211457,,,0.1437812,218.07707,rs
2024-04-04 22:00:00,1014.93665,21.969116,19.378387,2.6746788,149.55638,179.9315,125.937744,37.580994,0.6538599,,,0.08448363,174.12144,rs
2024-04-04 23:00:00,1015.5037,21.580902,19.205078,2.6827304,144.73032,145.83981,129.93474,37.007748,0.5825329,,,0.059140783,158.51732,rs
2024-04-05 00:00:00,1016.10236,21.171936,19.041687,2.6747496,141.2151,105.88362,136.13907,36.399345,0.5453634,,,0.043188516,143.75475,rs
2024-04-05 01:00:00,1016.2997,20.885864,18.832306,2.572239,138.212,80.41659,140.74777,35.775677,0.48541856,,,0.032230105,134.00363,rs
2024-04-05 02:00:00,1016.4892,20.624817,18.608917,2.4771695,135.83203,64.02144,141.51886,35.192047,0.45499,,,0.022655942,125.682686,rs
2024-04-05 03:00:00,1016.46857,20.238892,18.30066,2.283938,134.24072,56.517708,141.17012,34.68429,0.39712086,,,0.018497992,121.7414,rs
2024-04-05 04:00:00,1016.4969,19.974487,18.18155,2.0911632,134.14088,58.92451,128.38817,34.299347,0.38512367,,,0.02849691,120.08284,rs
2024-04-05 05:00:00,1016.58026,19.715118,18.036133,1.9484175,136.75897,71.12698,110.12935,34.030014,0.39864457,,,0.048683517,121.09205,rs
2024-04-05 06:00:00,1016.65955,19.427643,17.773071,1.8754722,141.01685,87.21295,87.86285,33.80614,0.47021183,,,0.11077119,123.297874,rs
2024-04-05 07:00:00,1016.694,19.304474,17.630005,1.8055165,146.38187,104.24499,166.3182,33.56641,0.46737865,,,0.033389978,127.28606,rs
2024-04-05 08:00:00,1016.81226,19.151215,17.512909,1.7939584,151.02982,115.33411,126.16355,33.255688,0.51682764,,,0.05170239,129.71309,rs
2024-04-05 09:00:00,1017.3211,19.067108,17.422424,1.8860292,154.11304,111.031456,103.70394,32.81383,0.54462355,,,0.10387993,128.15804,rs
2024-04-05 10:00:00,1017.7742,19.399506,17.682709,2.2130284,150.33224,67.54986,87.39771,31.544228,0.5548415,,,0.14771277,119.4492,rs
2024-04-05 11:00:00,1018.4763,19.853851,17.91925,2.474909,151.48486,64.70503,87.49048,30.971626,0.52138555,,,0.15357055,117.77029,rs
2024-04-05 12:00:00,1019.1367,20.74707,18.33545,2.6776898,148.55655,94.14585,94.87746,30.41647,0.50550926,,,0.12681264,112.69276,rs
2024-04-05 13:00:00,1019.2715,21.937683,18.68927,2.762037,148.29086,154.87605,95.35134,29.895523,0.44446918,,,0.09509848,110.71966,rs
2024-04-05 14:00:00,1019.277,23.106476,18.725311,2.8567023,149.48361,207.87314,90.181046,29.441542,0.3495554,,,0.08559392,108.85666,rs
2024-04-05 15:00:00,1018.97205,24.339447,18.453156,2.9575884,151.3337,205.32,74.26572,29.022438,0.31538132,,,0.09842292,108.80186,rs
2024-04-05 16:00:00,1018.5723,24.90155,17.812561,3.1261728,152.51196,191.4181,67.94874,28.625452,0.2867928,,,0.20611124,111.30493,rs
2024-04-05 17:00:00,1017.7994,25.233978,17.47937,3.331538,153.18106,179.95131,58.12618,28.202074,0.27589646,,,0.27977765,115.67271,rs
2024-04-05 18:00:00,1017.3611,25.268951,17.328583,3.5903003,153.13509,159.98323,56.3347,27.74773,0.27432504,,,0.34220648,121.47992,rs
2024-04-05 19:00:00,1017.484,25.058777,17.106293,3.884081,151.57806,139.03448,114.22623,27.170624,0.25790983,,,0.2377926,127.93283,rs
2024-04-05 20:00:00,1017.526,24.459167,16.770203,3.8819375,148.9396,105.10042,127.15931,26.360434,0.22482021,,,0.17009354,128.14357,rs
2024-04-05 21:00:00,1017.73346,23.214417,16.756927,3.6887784,146.75821,89.83434,168.09705,25.418533,0.21216309,,,0.10931534,126.49699,rs
2024-04-05 22:00:00,1018.0365,21.64032,16.354004,3.8170197,141.84874,29.76992,195.23508,23.184511,0.17506924,,,0.063718684,121.06931,rs
2024-04-05 23:00:00,1018.6551,20.831146,16.203156,3.8157327,136.33032,16.739515,253.38472,22.298893,0.1511121,,,0.03346117,114.011696,rs
2024-04-06 00:00:00,1019.35474,20.281403,15.993103,3.7993903,129.8987,6.688723,398.73938,21.480602,0.13360684,,,0.01576389,107.01854,rs
2024-04-06 01:00:00,1019.5528,19.741089,15.691895,3.748725,124.52977,2.9617894,523.1297,20.728474,0.1301422,,,0.005629789,101.10512,rs
2024-04-06 02:00:00,1019.6492,19.268402,15.369629,3.6653473,118.95738,2.0156105,8.620049,20.038145,0.115659036,,,0.0030388702,94.20614,rs
2024-04-06 03:00:00,1019.5476,18.509857,14.875397,3.5538154,115.01491,1.641426,,19.410582,0.10449233,,,0.0021685648,88.088394,rs
2024-04-06 04:00:00,1019.3949,18.145172,14.600861,3.4417448,111.7612,1.6309413,,18.864391,0.10476366,,,0.0023189485,81.22377,rs
2024-04-06 05:00:00,1019.12634,17.816467,14.433929,3.35842,109.34987,1.8973672,111.750015,18.392405,0.10548994,,,0.001953388,76.337814,rs
2024-04-06 06:00:00,1018.78595,17.32022,14.150452,3.222025,107.45497,2.140727,75.062515,17.995758,0.10158693,,,0.0025141274,70.25379,rs
2024-04-06 07:00:00,1018.5239,17.063477,14.00061,3.1050167,105.26796,2.3018405,122.11255,17.688507,0.09828452,,,0.0010678841,64.748055,rs
2024-04-06 08:00:00,1018.2533,16.891907,13.840637,3.0750487,103.69327,2.3985322,97.83438,17.473509,0.100804165,,,0.0011366768,61.061264,rs
2024-04-06 09:00:00,1018.5902,16.736938,13.706329,3.1252007,101.04518,2.447577,73.01876,17.357458,0.11110375,,,0.0009774939,59.890774,rs
2024-04-06 10:00:00,1018.8597,17.077118,13.787506,3.2038138,100.606,3.327819,50.621876,17.657764,0.124655776,,,0.0006211326,58.972183,rs
2024-04-06 11:00:00,1019.4288,17.923279,14.225586,3.5942223,97.08894,3.3164027,46.70314,17.663694,0.124455124,,,0.0004711489,62.958115,rs
2024-04-06 12:00:00,1019.6245,19.33664,14.736267,4.0890975,92.494446,2.6577353,47.628487,17.86454,0.1533472,,,0.00037755902,67.48482,rs
2024-04-06 13:00:00,1019.33093,20.75122,15.063934,4.6179724,87.07056,2.02493,60.4032,18.268036,0.21369635,,,0.00044955124,71.359634,rs
2024-04-06 14:00:00,1019.01196,22.144287,15.019226,4.8698764,83.35535,2.944082,,18.891478,0.30305734,,,0.00043355298,74.8477,rs
2024-04-06 15:00:00,1018.3861,23.475342,15.114807,4.970492,81.18686,13.764912,678.16113,19.715048,0.41161638,,,0.00074311934,77.97132,rs
2024-04-06 16:00:00,1017.62054,23.865082,15.173676,5.020755,80.17139,32.940586,639.83875,20.663322,0.5173012,,,0.0015438325,80.69245,rs
2024-04-06 17:00:00,1016.81506,24.128082,15.220917,5.0389566,80.05823,52.754078,575.2081,21.671175,0.6206205,,,0.0024661324,84.45775,rs
2024-04-06 18:00:00,1016.1424,24.066559,15.406921,4.9341736,80.65091,70.39317,443.3248,22.700048,0.714284,,,0.0026293148,89.71143,rs
2024-04-06 19:00:00,1015.78076,23.723724,15.457001,4.844627,82.28372,91.87931,299.01782,23.763193,0.78579086,,,0.016458213,98.81315,rs
2024-04-06 20:00:00,1015.6621,22.967651,15.536621,4.5428305,85.33502,125.81582,325.23697,24.809631,0.84067035,,,0.031354997,111.06217,rs
2024-04-06 21:00:00,1015.5622,21.948334,15.686798,4.3891354,87.17282,169.61836,354.56735,25.824368,0.88818735,,,0.04157549,128.5837,rs
2024-04-06 22:00:00,1016.00275,20.86502,15.546722,4.20079,91.38298,77.176025,308.52985,26.266582,0.8881315,,,0.09050138,125.64323,rs
2024-04-06 23:00:00,1016.1577,20.411987,15.565765,4.481945,87.76483,56.044502,251.85638,27.3567,0.87824166,,,0.2137648,144.95592,rs
2024-04-07 00:00:00,1016.7649,20.154663,15.574005,4.7179375,84.0694,48.49895,223.55568,28.45866,0.87612665,,,0.32606742,164.70506,rs
2024-04-07 01:00:00,1016.51935,19.93045,15.59903,4.8701057,80.29324,50.21179,190.03175,29.503435,0.8657925,,,0.43265706,186.69745,rs
2024-04-07 02:00:00,1016.242,19.622498,15.588654,4.876302,76.780975,67.96971,142.889,30.66329,0.8337645,,,0.52416074,207.51196,rs
2024-04-07 03:00:00,1016.5902,19.214508,15.5711975,4.7190366,73.95221,98.02889,120.6555,31.983213,0.8577057,,,0.62483543,225.50249,rs
2024-04-07 04:00:00,1015.9561,19.04419,15.589172,4.564862,71.01257,135.33795,99.4705,33.275043,0.8866409,,,0.7437217,244.093,rs
2024-04-07 05:00:00,1016.2022,18.879303,15.614349,4.391794,69.38791,145.39561,80.16706,34.363926,0.89970726,,,0.9330927,254.72649,rs
2024-04-07 06:00:00,1015.5666,18.549805,15.5868225,4.0819607,68.3403,151.39842,66.7426,35.275745,0.91239834,,,1.0405356,258.7781,rs
2024-04-07 07:00:00,1014.99304,18.461853,15.569397,3.9019933,68.59955,156.40552,47.5962,36.05313,0.9431284,,,0.90576774,260.59488,rs
2024-04-07 08:00:00,1014.64343,18.394623,15.679016,3.8091295,68.98227,146.26176,51.170837,36.71205,0.9296447,,,0.9196274,258.98105,rs
2024-04-07 09:00:00,1014.78394,18.361603,15.809937,3.8654082,68.36963,138.06711,49.574707,37.310642,0.91167593,,,0.8634055,253.4577,rs
2024-04-07 10:00:00,1015.27716,18.430054,16.012238,3.826738,71.445435,45.644222,37.207363,36.839024,0.8825207,,,1.0185686,212.68617,rs
2024-04-07 11:00:00,1015.8243,18.571564,16.232025,3.9685667,66.86206,51.48975,37.81072,37.138287,0.9055291,,,1.1011578,196.34546,rs
2024-04-07 12:00:00,1016.1524,18.935913,16.49057,4.0694146,62.61017,59.074207,39.484512,37.335846,0.90323925,,,1.1015157,185.50764,rs
2024-04-07 13:00:00,1016.1344,19.555542,16.769318,4.072365,57.567688,63.14935,38.973522,37.475857,0.9069239,,,0.99659353,184.14812,rs
2024-04-07 14:00:00,1015.98315,20.182098,17.024506,3.9811196,53.71637,62.882923,43.17992,37.604404,0.8875928,,,0.92992395,191.73409,rs
2024-04-07 15:00:00,1015.7407,20.819244,17.412048,3.8700135,51.299988,56.185345,54.655533,37.705746,0.8482898,,,0.9282849,197.24629,rs
2024-04-07 16:00:00,1015.1362,21.201813,17.686005,3.5933642,48.729004,56.991844,59.920155,37.753937,0.8418745,,,0.86399907,203.13019,rs
2024-04-07 17:00:00,1014.37274,21.411469,17.886292,3.299239,49.577576,56.669735,66.25109,37.772053,0.8483003,,,0.78078085,200.06946,rs
2024-04-07 18:00:00,1013.8759,21.58133,18.017395,2.9518526,54.06247,56.051258,62.05051,37.732075,0.8672199,,,0.6722311,191.6038,rs
2024-04-07 19:00:00,1013.67206,21.646088,18.110565,2.727375,60.519897,58.47612,91.74269,37.6717,0.86821115,,,0.42807677,179.36446,rs
2024-04-07 20:00:00,1013.8434,21.464478,18.127625,2.5552459,67.47632,59.284832,91.165054,37.59458,0.84308183,,,0.4195825,161.8674,rs
2024-04-07 21:00:00,1013.84314,20.99591,18.096863,2.3798656,71.090576,55.567802,79.094025,37.407356,0.8167181,,,0.39859676,144.56302,rs
2024-04-07 22:00:00,1014.2246,20.646423,18.363342,2.300093,83.435455,11.725303,43.96864,35.478275,0.7838961,,,0.3594746,120.98575,rs
2024-04-07 23:00:00,1014.5705,20.36499,18.37265,2.4709995,85.39783,8.935577,61.2403,35.026222,0.74487615,,,0.30718508,97.48067,rs
2024-04-08 00:00:00,1014.8521,20.156647,18.363708,2.5619292,86.13718,9.09378,70.785515,34.592873,0.712427,,,0.2579688,76.257355,rs
2024-04-08 01:00:00,1015.299,19.95398,18.295563,2.5708222,84.41727,9.183131,115.28136,34.244576,0.6875129,,,0.22527397,63.861553,rs
2024-04-08 02:00:00,1015.19586,19.74527,18.164673,2.5405672,81.4563,10.788211,222.91216,33.88516,0.69666004,,,0.18967542,59.36557,rs
2024-04-08 03:00:00,1015.367,19.559692,18.09851,2.4713323,80.25928,11.398299,312.34055,33.520992,0.65720475,,,0.1796437,57.8672,rs
2024-04-08 04:00:00,1015.055,19.46045,18.056854,2.4559753,78.77124,12.449674,353.71976,33.110264,0.64621955,,,0.17494261,58.20926,rs
2024-04-08 05:00:00,1014.8181,19.367157,18.047882,2.374949,79.10126,15.294501,316.8602,32.731697,0.6163504,,,0.18817718,57.7111,rs
2024-04-08 06:00:00,1014.4461,19.332245,18.0914,2.2930453,78.59741,19.47938,275.60742,32.4029,0.6226207,,,0.19980712,60.608578,rs
2024-04-08 07:00:00,1014.115,19.32602,18.139069,2.189875,78.99692,24.035532,306.29758,32.087196,0.65030175,,,0.12866604,62.297462,rs
2024-04-08 08:00:00,1013.8052,19.300934,18.17102,2.0983157,80.03821,28.004427,393.0056,31.772709,0.6750036,,,0.09882768,62.412266,rs
2024-04-08 09:00:00,1013.86334,19.347717,18.242126,2.0659356,80.87656,31.620922,426.47137,31.485817,0.6845918,,,0.08443644,62.402115,rs
2024-04-08 10:00:00,1014.21704,19.629608,18.404419,2.3144557,79.83099,32.965282,453.31232,31.729343,0.8420857,,,0.05574395,73.3263,rs
2024-04-08 11:00:00,1014.52045,20.032684,18.72931,2.4036932,77.51108,33.297646,509.0356,31.600027,0.8143215,,,0.041045148,75.73956,rs
2024-04-08 12:00:00,1014.87665,20.627106,19.071106,2.5339248,73.69751,33.679638,527.32245,31.52927,0.7627348,,,0.03860421,78.498985,rs
2024-04-08 13:00:00,1014.82336,21.355865,19.254639,2.5432348,67.340546,38.018173,482.6151,31.530602,0.77145106,,,0.032833237,79.92024,rs
2024-04-08 14:00:00,1014.54956,22.335907,19.384918,2.3314226,60.376526,46.74406,433.84485,31.580185,0.79625314,,,0.053233426,80.66204,rs
2024-04-08 15:00:00,1014.0481,23.323792,19.507904,2.0718403,57.09134,66.78239,474.36154,31.639082,0.79703194,,,0.07566779,78.59333,rs
2024-04-08 16:00:00,1013.4361,23.769165,19.638123,1.8336551,56.64789,88.43977,472.21185,31.691534,0.75290024,,,0.08464281,74.304825,rs
2024-04-08 17:00:00,1012.6185,24.23938,19.752441,1.651785,58.822876,120.47216,464.6832,31.70054,0.72586036,,,0.09667991,68.93734,rs
2024-04-08 18:00:00,1012.272,24.464111,19.808472,1.5905857,64.01941,138.04182,432.31577,31.674772,0.72064954,,,0.09387382,62.119274,rs
2024-04-08 19:00:00,1011.8498,24.441528,19.794128,1.6308519,69.87128,143.82584,310.10223,31.566666,0.67842513,,,0.094625734,55.1186,rs
2024-04-08 20:00:00,1011.8198,24.201569,19.865112,1.6723069,76.892,117.887115,356.40134,31.35524,0.6624821,,,0.080006525,47.557617,rs
2024-04-08 21:00:00,1011.63837,23.387238,19.947662,1.7997464,81.46326,112.74418,393.2207,31.043818,0.6453631,,,0.034145895,44.105736,rs
2024-04-08 22:00:00,1011.8571,22.458038,20.03778,1.7690182,81.40198,70.70923,357.57584,29.678013,0.50850046,,,0.02129609,64.41308,rs
2024-04-08 23:00:00,1012.07947,22.01117,20.011292,2.0291193,79.76361,53.049862,376.39737,29.269323,0.44877732,,,0.0152683435,64.51577,rs
2024-04-09 00:00:00,1012.55023,21.623901,19.880524,2.1272042,75.35602,42.64364,411.64688,28.88179,0.4390825,,,0.013768507,68.63495,rs
2024-04-09 01:00:00,1012.731,21.33545,19.752472,2.1709082,69.68671,43.423695,461.15714,28.572987,0.38028064,,,0.011725528,75.17856,rs
2024-04-09 02:00:00,1012.6693,21.137482,19.680878,2.139935,62.526184,47.286697,529.8376,28.368294,0.36775246,,,0.01161874,84.245445,rs
2024-04-09 03:00:00,1012.88306,20.77237,19.486298,2.066099,55.92401,54.095295,609.90094,28.282871,0.35786763,,,0.010154098,93.30028,rs
2024-04-09 04:00:00,1012.86774,20.586304,19.420044,1.9459502,48.56894,62.85438,657.5491,28.251078,0.4051473,,,0.013062583,102.210754,rs
2024-04-09 05:00:00,1012.961,20.362183,19.29358,1.7571654,41.325714,70.13886,639.13556,28.258097,0.4092728,,,0.016710186,107.58859,rs
2024-04-09 06:00:00,1012.6749,20.102814,19.144623,1.526512,35.303436,79.47822,559.2629,28.303373,0.46198145,,,0.018488394,110.194046,rs
2024-04-09 07:00:00,1012.6054,19.917084,19.020813,1.2919986,24.265137,88.72484,324.69223,28.409967,0.48458394,,,0.018681174,114.879074,rs
2024-04-09 08:00:00,1012.56366,19.758667,18.921417,1.0553949,11.383118,99.72787,306.17212,28.539543,0.56293786,,,0.016431818,118.65875,rs
2024-04-09 09:00:00,1013.22034,19.737427,18.928284,0.8418835,355.04294,108.32968,240.02066,28.67427,0.6101302,,,0.018021246,121.92661,rs
2024-04-09 10:00:00,1013.8378,20.070648,19.178528,0.4093058,340.15375,97.0021,205.50343,28.586123,0.65742534,,,0.022357574,111.73003,rs
2024-04-09 11:00:00,1014.57227,20.603516,19.618927,0.3897176,308.60532,103.994644,173.14313,28.649427,0.6454872,,,0.026160361,112.11894,rs
2024-04-09 12:00:00,1015.16156,21.521942,20.08429,0.4573327,288.87692,115.96202,169.70996,28.745375,0.5987201,,,0.027321836,108.44779,rs
2024-04-09 13:00:00,1015.3711,22.761505,20.44336,0.64620316,271.26953,142.96587,136.833,28.890171,0.5648743,,,0.035268974,105.88731,rs
2024-04-09 14:00:00,1015.09955,24.005249,20.402863,0.9642477,257.73236,144.29799,162.6101,29.054007,0.5062605,,,0.060825404,106.34073,rs
2024-04-09 15:00:00,1014.74194,25.302002,20.349335,1.2226163,246.49864,131.29497,172.44449,29.22648,0.5081707,,,0.07478309,104.991875,rs
2024-04-09 16:00:00,1014.0603,25.812347,19.980377,1.4981002,241.01416,124.07118,190.76053,29.389046,0.504788,,,0.08637143,108.34698,rs
2024-04-09 17:00:00,1013.52057,26.220825,19.733551,1.6354116,231.20319,139.70375,217.49,29.54164,0.49763846,,,0.08657221,107.37848,rs
2024-04-09 18:00:00,1012.8599,26.303589,19.628601,1.7796168,222.28906,143.49837,217.68561,29.628218,0.4993364,,,0.07406236,107.44195,rs
2024-04-09 19:00:00,1012.7793,26.268402,19.510376,1.8432786,209.42914,140.50653,306.0365,29.665672,0.49955434,,,0.041789867,101.83205,rs
2024-04-09 20:00:00,1012.5759,25.92694,19.589447,1.9251912,195.88422,144.23485,313.49844,29.56819,0.4389588,,,0.037305553,97.13262,rs
2024-04-09 21:00:00,1012.4545,24.694183,19.802887,1.8197911,183.69238,157.73311,333.9883,29.354961,0.3837207,,,0.020145016,88.192856,rs
2024-04-09 22:00:00,1012.75916,23.10431,19.775513,2.1270661,172.07703,90.90296,290.28387,28.38393,0.36058468,,,0.015243947,83.08931,rs
2024-04-09 23:00:00,1012.8855,22.310059,19.692902,2.231828,163.7018,65.70515,266.72153,28.126562,0.2929126,,,0.012194677,72.475494,rs
2024-04-10 00:00:00,1013.3518,21.877777,19.582947,2.2226808,156.3151,50.793568,233.98605,27.945105,0.31928802,,,0.008463082,59.63236,rs
2024-04-10 01:00:00,1013.56177,21.44571,19.440552,2.2247548,149.924,43.16181,195.81377,27.861347,0.32137933,,,0.008548672,46.79717,rs
2024-04-10 02:00:00,1013.475,21.081757,19.274475,2.1500154,145.3689,44.142708,154.03596,27.936209,0.33461168,,,0.01170673,32.112133,rs
2024-04-10 03:00:00,1013.66833,20.563782,19.051758,2.0351548,142.2291,46.429054,150.46193,28.192463,0.36545214,,,0.013442142,15.153411,rs
2024-04-10 04:00:00,1013.71423,20.407074,18.939697,1.8807595,143.44038,51.81524,137.58981,28.565228,0.4085743,,,0.019828249,7.992752,rs
2024-04-10 05:00:00,1013.8967,20.272308,18.851807,1.7800548,147.11406,57.892475,153.97722,29.01082,0.44187188,,,0.02938961,23.587467,rs
2024-04-10 06:00:00,1013.62366,20.042053,18.699982,1.7182605,154.33896,66.45154,143.36984,29.485744,0.53101134,,,0.045547858,43.075752,rs
2024-04-10 07:00:00,1013.52576,19.9393,18.622253,1.7254875,161.25745,75.14655,110.768105,29.971191,0.58352304,,,0.036840804,62.461998,rs
2024-04-10 08:00:00,1013.44635,19.781158,18.508453,1.878665,165.20895,80.945244,93.5032,30.410816,0.61421883,,,0.047834013,76.00322,rs
2024-04-10 09:00:00,1013.66266,19.687958,18.460144,2.071389,167.35089,86.679634,83.60505,30.847864,0.6410785,,,0.057196595,85.92204,rs
2024-04-10 10:00:00,1014.1599,19.910278,18.51416,2.6164913,156.072,55.26794,75.3766,31.771784,0.65979743,,,0.075597,78.729866,rs
2024-04-10 11:00:00,1014.577,20.350342,18.745941,2.7827315,155.81421,50.326073,72.41171,31.956802,0.65107733,,,0.09652833,82.42415,rs
2024-04-10 12:00:00,1015.2375,21.009369,18.93457,3.0185976,154.05096,47.688725,87.637215,32.18863,0.6165033,,,0.10986008,83.01723,rs
2024-04-10 13:00:00,1015.4545,21.896362,19.053833,3.2003808,152.3216,54.68674,107.50176,32.52926,0.65967923,,,0.12463928,84.18423,rs
2024-04-10 14:00:00,1015.2919,22.692444,19.009369,3.3348117,153.69508,90.46249,156.55807,33.035824,0.6704691,,,0.18574545,89.26218,rs
2024-04-10 15:00:00,1014.8508,23.348663,18.885895,3.4558518,155.97125,123.69385,129.68608,33.646057,0.7337763,,,0.23131171,96.00042,rs
2024-04-10 16:00:00,1014.4966,23.530365,18.629364,3.6563952,158.26434,154.8468,89.13879,34.301746,0.7372819,,,0.2443519,104.43954,rs
2024-04-10 17:00:00,1013.899,23.503815,18.468933,3.901769,160.08304,163.024,79.04785,34.910053,0.75681543,,,0.32657337,112.23247,rs
2024-04-10 18:00:00,1013.7986,23.197174,18.32962,4.249745,160.36415,163.92474,94.71099,35.47912,0.7952156,,,0.5182686,120.3836,rs
2024-04-10 19:00:00,1013.7889,22.736145,18.126862,4.5653057,159.55165,161.37605,105.890114,35.965458,0.8286908,,,0.40314186,126.02283,rs
2024-04-10 20:00:00,1014.1382,22.074951,17.951935,4.796762,159.15079,167.05638,114.13804,36.39857,0.84020746,,,0.35551023,132.01807,rs
2024-04-10 21:00:00,1014.62854,21.1557,17.620544,5.0810657,157.44156,142.17148,145.71362,36.739952,0.8766439,,,0.33513325,132.65865,rs
2024-04-10 22:00:00,1015.47925,20.456787,17.26651,5.4154654,156.90463,66.9859,143.2003,36.487537,0.9151144,,,0.31580412,132.13713,rs
2024-04-10 23:00:00,1016.07416,20.03775,17.026733,5.578776,154.32816,48.31349,135.01456,36.68416,0.9252003,,,0.30727226,126.44511,rs
2024-04-11 00:00:00,1016.8683,19.691956,16.728577,5.6794314,151.42506,33.465984,158.7873,36.763367,0.93184096,,,0.30757463,118.95865,rs
2024-04-11 01:00:00,1017.43146,19.329437,16.478699,5.672535,148.66705,24.687908,158.26357,36.737534,0.94081414,,,0.2784474,110.641335,rs
2024-04-11 02:00:00,1017.8871,19.01529,16.17035,5.6539736,146.68542,18.562908,134.19887,36.67152,0.9482872,,,0.29861882,105.31748,rs
2024-04-11 03:00:00,1018.10333,18.556213,15.719696,5.627862,144.80563,17.096807,157.80591,36.578568,0.9372602,,,0.32318494,100.741776,rs
2024-04-11 04:00:00,1018.1153,18.263733,15.500092,5.600828,143.19814,19.685694,137.63667,36.447193,0.90632325,,,0.38312483,96.70928,rs
2024-04-11 05:00:00,1018.1386,17.928253,15.20932,5.527413,141.06308,21.302889,106.49414,36.27685,0.84755015,,,0.42101112,90.92061,rs
2024-04-11 06:00:00,1018.0231,17.605377,14.984375,5.3715043,139.64345,22.52458,106.70804,36.05959,0.7920042,,,0.4711713,86.97427,rs
2024-04-11 07:00:00,1017.9214,17.353912,14.778534,5.2710023,138.2086,22.594595,45.250404,35.773262,0.7479827,,,0.2639762,81.26317,rs
2024-04-11 08:00:00,1017.9214,17.139801,14.567749,5.1898527,136.90521,21.628494,43.55199,35.430824,0.7242286,,,0.25759205,72.95149,rs
2024-04-11 09:00:00,1018.44495,16.984863,14.421173,5.2249603,135.85715,19.306734,35.1801,35.08188,0.70186526,,,0.27160573,63.539104,rs
2024-04-11 10:00:00,1019.1721,17.079224,14.474091,5.129765,134.6803,14.172065,34.417835,34.788116,0.7205419,,,0.26671746,56.61905,rs
2024-04-11 11:00:00,1019.8374,17.366943,14.578217,5.1870217,133.35632,16.349487,42.13008,34.461662,0.70176655,,,0.27593085,42.628666,rs
2024-04-11 12:00:00,1020.6796,18.07608,14.754547,5.467019,130.43115,17.081547,24.922148,34.181843,0.6874745,,,0.27313358,30.290377,rs
2024-04-11 13:00:00,1020.9378,18.734894,14.826599,5.7846212,126.67325,17.962372,44.37222,33.98698,0.6778149,,,0.26765338,23.807388,rs
2024-04-11 14:00:00,1020.96704,19.41333,14.869568,5.9504085,123.12459,17.993126,119.52682,33.89418,0.73063415,,,0.2827549,19.031332,rs
2024-04-11 15:00:00,1020.8195,19.968628,14.978058,5.921401,120.43553,20.12861,142.03487,33.8808,0.77526325,,,0.3023352,14.349344,rs
2024-04-11 16:00:00,1020.4381,20.33368,15.070892,5.7527976,119.81505,25.39865,117.7698,33.92838,0.8052822,,,0.29704297,10.543859,rs
2024-04-11 17:00:00,1020.0379,20.524933,15.161285,5.6716313,119.76451,27.313839,93.6887,33.95991,0.83335906,,,0.26595673,9.896598,rs
2024-04-11 18:00:00,1019.74054,20.496338,15.164734,5.594091,120.53105,26.500933,88.43662,33.952755,0.8568368,,,0.23705588,11.997016,rs
2024-04-11 19:00:00,1019.5834,20.378723,15.162323,5.474348,121.6364,25.53658,96.081474,33.9017,0.84037584,,,0.22916234,18.036364,rs
2024-04-11 20:00:00,1019.9073,20.074615,15.093262,5.496397,122.0923,25.936161,133.85428,33.822956,0.83534527,,,0.17495142,28.222404,rs
2024-04-11 21:00:00,1019.74396,19.497559,15.055664,5.432718,122.183945,18.005709,185.66872,33.65205,0.8220995,,,0.15537035,39.065678,rs
2024-04-11 22:00:00,1020.3267,18.861298,14.843597,5.4793835,122.602264,4.118826,203.76147,32.802853,0.77282816,,,0.11407162,40.368248,rs
2024-04-11 23:00:00,1020.7421,18.619873,14.722778,5.6134195,120.471344,4.265494,343.97876,32.652,0.7218236,,,0.07808673,51.44887,rs
2024-04-12 00:00:00,1021.15344,18.368225,14.611176,5.7098145,117.756805,4.8871155,116.291725,32.542725,0.7192294,,,0.0626972,62.302044,rs
2024-04-12 01:00:00,1021.47345,18.201233,14.53186,5.7048864,114.82492,5.1512117,235.94698,32.45779,0.73025167,,,0.057064205,68.26194,rs
2024-04-12 02:00:00,1021.62134,18.052948,14.433258,5.5939994,111.96588,5.857526,280.9757,32.42718,0.74979764,,,0.04720888,71.65136,rs
2024-04-12 03:00:00,1021.6154,17.778076,14.286133,5.479116,109.92166,7.0965753,355.4949,32.484795,0.75941694,,,0.048280362,73.763435,rs
2024-04-12 04:00:00,1021.28064,17.685516,14.292633,5.3618693,108.08258,9.131757,309.8838,32.588432,0.7980459,,,0.04580863,75.55031,rs
2024-04-12 05:00:00,1021.1421,17.619598,14.254852,5.2788363,106.879776,11.963187,265.71573,32.74771,0.8157711,,,0.047326863,76.38799,rs
2024-04-12 06:00:00,1020.8499,17.51297,14.259552,5.1384506,105.30379,14.52994,197.90416,32.936024,0.8305086,,,0.057622544,77.727,rs
2024-04-12 07:00:00,1020.49225,17.468994,14.322815,5.053236,104.23714,13.974487,189.58713,33.15508,0.8423346,,,0.090327,78.79968,rs
2024-04-12 08:00:00,1020.25604,17.404175,14.360596,4.969122,103.10115,13.661696,130.56667,33.431705,0.83830816,,,0.10294083,81.516945,rs
2024-04-12 09:00:00,1020.59595,17.435791,14.410767,5.0126657,102.983536,13.64131,87.6659,33.771484,0.8151721,,,0.10869141,83.19303,rs
2024-04-12 10:00:00,1020.9851,17.787262,14.616791,4.869779,99.9169,20.347507,70.27103,35.252316,0.7791094,,,0.11761124,96.90921,rs
2024-04-12 11:00:00,1021.19104,18.062439,14.853241,5.1063495,99.01584,18.03087,77.28855,35.505684,0.75138855,,,0.14698565,103.493195,rs
2024-04-12 12:00:00,1021.3943,18.822601,15.222168,5.4814034,97.12062,15.867195,140.92262,35.80145,0.771196,,,0.13597965,110.84225,rs
2024-04-12 13:00:00,1021.34125,19.536499,15.555725,6.019391,92.92444,14.526444,118.23821,36.19246,0.833303,,,0.15014851,117.47722,rs
2024-04-12 14:00:00,1021.13837,20.328491,15.932617,6.2763977,88.495636,15.402376,90.23257,36.681973,0.8458048,,,0.15737693,130.8355,rs
2024-04-12 15:00:00,1020.75214,21.343414,16.44345,6.2666926,85.78461,26.488117,371.89005,37.265366,0.8712609,,,0.15503639,138.86052,rs
2024-04-12 16:00:00,1020.1757,21.741974,16.669373,6.157867,83.66608,46.899696,462.75635,37.87586,0.8642691,,,0.14849669,149.50204,rs
2024-04-12 17:00:00,1019.50415,22.113281,16.86261,6.0023804,83.7937,68.90459,317.50476,38.439312,0.9119799,,,0.16536526,153.80737,rs
2024-04-12 18:00:00,1018.9471,22.141022,17.012146,5.7924023,85.067505,88.10566,247.00948,38.957764,0.9030569,,,0.17464985,159.37033,rs
2024-04-12 19:00:00,1018.56116,21.946045,17.174713,5.7346416,86.88516,99.44,136.45076,39.41791,0.8932954,,,0.20464179,166.41446,rs
2024-04-12 20:00:00,1018.1119,21.574066,17.291473,5.609551,89.8078,121.33586,190.1852,39.808273,0.9024787,,,0.19108167,169.55598,rs
2024-04-12 21:00:00,1017.93195,21.055176,17.269287,5.611048,91.830734,122.9089,200.24161,40.16115,0.90986776,,,0.17765433,173.9825,rs
2024-04-12 22:00:00,1017.9576,20.637573,17.32315,5.7412252,92.00339,56.27621,184.99574,41.008675,0.9008515,,,0.15421288,180.7466,rs
2024-04-12 23:00:00,1018.13385,20.48999,17.278015,5.965676,90.10976,44.849606,162.24115,41.516136,0.88226515,,,0.18514392,198.65474,rs
2024-04-13 00:00:00,1018.47327,20.334259,17.277527,6.1443567,87.88245,38.307083,167.20323,42.017277,0.8876942,,,0.25653934,217.31519,rs
2024-04-13 01:00:00,1018.4433,20.222809,17.308868,6.1669297,85.07214,33.26491,151.12279,42.470062,0.8893579,,,0.2902781,237.43123,rs
2024-04-13 02:00:00,1018.4944,20.044708,17.325073,6.1088142,82.974,32.782852,136.34752,42.889675,0.9003527,,,0.37095416,252.28574,rs
2024-04-13 03:00:00,1018.19635,19.850464,17.360352,6.0386066,81.347534,28.775629,136.29051,43.269207,0.90884763,,,0.46868277,264.957,rs
2024-04-13 04:00:00,1017.8954,19.696747,17.465149,5.907568,80.39618,25.6702,104.156975,43.689953,0.9404207,,,0.56348366,274.47363,rs
2024-04-13 05:00:00,1017.75916,19.592651,17.529907,5.759709,80.31256,28.632572,75.43071,44.13029,0.9508382,,,0.6870183,280.22922,rs
2024-04-13 06:00:00,1017.3989,19.535217,17.6055,5.650657,80.63925,31.52994,64.00943,44.482998,0.9666814,,,0.8085131,280.10904,rs
2024-04-13 07:00:00,1017.0388,19.526428,17.683624,5.6057944,81.18518,38.25524,15.646938,44.83275,0.981222,,,0.8495934,277.52316,rs
2024-04-13 08:00:00,1016.7846,19.570343,17.799133,5.614616,81.619934,46.859737,19.397217,45.178658,0.9865754,,,0.9346482,273.0416,rs
2024-04-13 09:00:00,1016.9836,19.585846,17.862793,5.7001624,81.88986,49.704334,37.736126,45.50372,0.9811487,,,0.9740084,267.5228,rs
2024-04-13 10:00:00,1017.3529,19.74997,17.948639,5.675018,81.42157,22.365448,37.957924,46.55504,0.9933167,,,0.97715753,283.91583,rs
2024-04-13 11:00:00,1017.66626,19.924286,18.080963,6.0864983,79.76956,22.144571,45.615757,47.068382,0.9846528,,,0.98667216,286.70517,rs
2024-04-13 12:00:00,1017.7511,20.203796,18.24762,6.291946,77.08429,24.578053,47.59308,47.49258,0.99118966,,,1.0131477,293.3747,rs
2024-04-13 13:00:00,1017.45276,20.450562,18.441956,6.4230905,74.26361,35.78751,56.73904,47.914097,0.99457484,,,1.0019041,302.18442,rs
2024-04-13 14:00:00,1016.9455,20.743774,18.671844,6.446623,71.23013,47.75722,66.22008,48.28218,0.9982009,,,0.99117965,318.23672,rs
2024-04-13 15:00:00,1016.4824,21.066742,18.907257,6.406895,69.30203,60.058598,81.093346,48.65277,0.99787825,,,1.0070068,326.8606,rs
2024-04-13 16:00:00,1015.9082,21.21405,19.06134,6.2481055,68.56186,86.74802,102.597534,49.01068,0.9954983,,,0.9909549,325.12357,rs
2024-04-13 17:00:00,1014.95154,21.269745,19.174377,6.074046,69.02661,98.94618,93.02897,49.17489,0.9941206,,,1.0127885,314.00815,rs
2024-04-13 18:00:00,1014.5037,21.363708,19.270874,5.951488,71.01776,128.34424,92.426765,49.31665,0.99456245,,,0.98666054,295.51776,rs
2024-04-13 19:00:00,1014.0175,21.29132,19.31903,5.922958,72.15344,175.05673,148.61688,49.41263,0.99788237,,,1.086751,282.44366,rs
2024-04-13 20:00:00,1013.822,21.187622,19.380096,5.936524,73.48169,184.5826,195.00688,49.431435,0.9971976,,,1.0469729,269.76498,rs
2024-04-13 21:00:00,1013.74756,20.942474,19.323975,5.9240136,74.3656,177.82375,219.89388,49.400047,0.9983938,,,1.0023528,263.06387,rs
2024-04-13 22:00:00,1014.2272,20.977478,19.339539,5.701452,76.93207,90.19816,227.896,47.96122,0.9945173,,,0.9650906,239.6647,rs
2024-04-13 23:00:00,1014.3308,20.916107,19.327362,5.885373,75.537415,96.40739,218.55234,47.76534,0.9923727,,,0.93542206,241.77861,rs
2024-04-14 00:00:00,1014.8175,20.892975,19.30307,6.0207067,74.47531,98.22157,201.56494,47.596127,0.9913056,,,0.888284,247.66286,rs
2024-04-14 01:00:00,1014.839,20.875183,19.294434,6.0388956,72.93274,95.9089,182.76657,47.43051,0.9880346,,,0.785464,256.88535,rs
2024-04-14 02:00:00,1014.8281,20.860596,19.253845,6.031225,71.18448,95.62442,165.21748,47.305428,0.99030286,,,0.7797958,268.29617,rs
2024-04-14 03:00:00,1014.6941,20.808685,19.208923,5.9841743,70.07764,95.29112,133.17209,47.17216,0.9865272,,,0.78635985,276.28482,rs
2024-04-14 04:00:00,1014.3488,20.780762,19.255737,5.972589,68.812744,95.9082,103.99502,47.03791,0.97925365,,,0.8344103,284.5343,rs
2024-04-14 05:00:00,1014.33545,20.808655,19.32196,5.9422765,68.22168,96.504776,97.97086,46.967117,0.96779734,,,0.89753586,286.3988,rs
2024-04-14 06:00:00,1013.90955,20.766754,19.334747,5.836812,67.188416,101.95119,94.278175,46.92728,0.96686286,,,0.9462849,287.75214,rs
2024-04-14 07:00:00,1013.74805,20.80835,19.377716,5.723709,66.58176,111.339005,256.7953,46.91289,0.9528755,,,0.36750335,283.47354,rs
2024-04-14 08:00:00,1013.4417,20.82193,19.423065,5.6923437,66.08917,117.38991,258.71985,46.84746,0.9250052,,,0.34842858,277.34802,rs
2024-04-14 09:00:00,1013.6301,20.837189,19.439453,5.683229,66.4415,120.732994,297.3531,46.769806,0.9207984,,,0.32687733,266.218,rs
2024-04-14 10:00:00,1013.7318,20.92389,19.439606,5.774928,69.43408,205.3439,320.35672,47.01246,0.9687243,,,0.30910328,235.9284,rs
2024-04-14 11:00:00,1014.18677,21.115387,19.56845,6.1125703,66.8754,208.6773,320.5134,46.918934,0.97564226,,,0.28803834,246.49951,rs
2024-04-14 12:00:00,1014.546,21.51944,19.7695,6.5309777,63.901306,221.10158,311.19733,46.957508,0.9718467,,,0.2867649,259.97986,rs
2024-04-14 13:00:00,1014.5658,21.97174,20.027191,6.7259917,59.94989,251.54205,304.61945,47.168358,0.98670286,,,0.2561258,271.8531,rs
2024-04-14 14:00:00,1014.3622,22.594696,20.261932,6.672421,56.438904,301.53296,273.18948,47.5391,0.98710847,,,0.23884849,282.20435,rs
2024-04-14 15:00:00,1014.16797,23.24115,20.514557,6.4538345,54.4245,354.62802,263.75723,47.987534,0.9881999,,,0.26159963,288.62872,rs
2024-04-14 16:00:00,1013.76227,23.48767,20.61206,6.2311916,53.45398,389.06732,235.02132,48.40639,0.99495596,,,0.27862775,290.63986,rs
2024-04-14 17:00:00,1013.0528,23.693848,20.80481,5.849506,54.49066,387.60544,219.85396,48.671024,0.99347043,,,0.3115942,286.87476,rs
2024-04-14 18:00:00,1012.5597,23.646881,20.883575,5.685136,56.420074,374.91962,218.63632,48.766537,0.986467,,,0.34512097,286.43994,rs
2024-04-14 19:00:00,1012.24115,23.492828,20.936096,5.6186595,59.01599,339.34808,171.91603,48.854286,0.99089766,,,0.4092652,293.49197,rs
2024-04-14 20:00:00,1012.02814,23.208282,20.922455,5.620355,61.41162,314.68744,161.42337,48.97559,0.99723184,,,0.4120473,310.62482,rs
2024-04-14 21:00:00,1011.9861,22.771484,20.776154,5.5992017,63.644287,277.51038,160.92047,49.082188,0.9959602,,,0.3732163,333.32333,rs
2024-04-14 22:00:00,1012.40533,22.511871,20.79895,4.984088,64.78845,195.601,174.87624,49.00426,0.98966974,,,0.24863303,313.035,rs
2024-04-14 23:00:00,1012.595,22.449493,20.805634,5.251612,65.650635,193.61568,212.15372,49.456818,0.9875099,,,0.24506542,345.06897,rs
2024-04-15 00:00:00,1013.23065,22.397095,20.812683,5.559232,64.85599,191.45515,240.88348,49.826958,0.9959911,,,0.23299631,385.31088,rs
2024-04-15 01:00:00,1013.364,22.353333,20.82019,5.8007,63.20703,200.0685,244.30156,50.07101,0.9945388,,,0.17895898,430.58118,rs
2024-04-15 02:00:00,1012.9169,22.335846,20.837341,5.9379997,60.629852,207.20538,268.36893,50.187893,0.9991809,,,0.17325161,469.84158,rs
2024-04-15 03:00:00,1012.86896,22.25711,20.840149,6.027127,58.94818,208.38676,280.4364,50.211983,0.9991445,,,0.22434846,500.89667,rs
2024-04-15 04:00:00,1012.2821,22.213196,20.861816,6.104182,57.07898,212.11055,251.49712,50.119366,0.9994729,,,0.21262254,529.34814,rs
2024-04-15 05:00:00,1012.21173,22.184357,20.865082,6.1632624,55.90979,209.84763,224.51514,50.06723,0.9999131,,,0.22000414,549.5791,rs
2024-04-15 06:00:00,1011.55237,22.13095,20.857971,6.1848464,54.459778,211.8143,206.18867,50.099052,0.9996446,,,0.31154302,567.7137,rs
2024-04-15 07:00:00,1010.9048,22.100006,20.860474,6.2174487,53.302155,211.34798,335.9904,50.18886,0.99983436,,,0.30800098,576.4667,rs
2024-04-15 08:00:00,1010.64136,22.07547,20.839478,6.319389,52.14389,216.95317,338.10074,50.458725,0.9999185,,,0.41446704,589.99097,rs
2024-04-15 09:00:00,1010.63947,22.04483,20.838776,6.4121475,51.285675,210.10379,308.913,50.86037,0.99970627,,,0.4409546,601.6604,rs
2024-04-15 10:00:00,1010.3593,22.28357,21.021881,6.5563593,49.522552,159.36882,286.3639,51.01211,0.99758464,,,0.46316418,599.2021,rs
2024-04-15 11:00:00,1010.8452,22.419006,21.106659,6.680862,48.580505,151.07782,272.88654,51.720745,0.9986522,,,0.51506215,624.2256,rs
2024-04-15 12:00:00,1011.3487,22.723267,21.222107,6.7540016,46.817932,135.97554,265.19128,52.380104,0.99976814,,,0.6149213,652.8559,rs
2024-04-15 13:00:00,1011.4268,23.04358,21.293854,6.9683046,44.80072,134.28448,185.63625,52.89715,0.9984604,,,0.70332813,682.87646,rs
2024-04-15 14:00:00,1011.2315,23.295074,21.32196,7.1422873,41.94879,143.55603,155.66457,53.242725,0.9977315,,,0.75493175,708.8929,rs
2024-04-15 15:00:00,1010.8792,23.634827,21.424438,7.1677,38.901337,166.56558,144.73935,53.535748,0.99532425,,,0.8468641,725.9218,rs
2024-04-15 16:00:00,1010.51544,23.867035,21.507385,6.976209,36.5347,189.11987,137.4676,53.88491,0.99308616,,,0.9548356,742.1948,rs
2024-04-15 17:00:00,1009.9489,23.93335,21.588867,6.5912447,35.67914,212.84564,130.32726,54.083687,0.99130833,,,1.0019386,743.15497,rs
2024-04-15 18:00:00,1009.8007,23.753479,21.547333,6.422537,35.996185,217.50664,134.29906,54.18134,0.98902607,,,1.0658453,736.2733,rs
2024-04-15 19:00:00,1009.49225,23.635498,21.660278,6.213559,35.90982,217.14433,108.971756,54.24981,0.9947406,,,0.9349666,726.34955,rs
2024-04-15 20:00:00,1009.52814,23.296509,21.623993,6.0962067,36.04785,195.88596,113.15203,54.372574,0.9947406,,,0.9620276,715.839,rs
2024-04-15 21:00:00,1009.6445,22.87378,21.552643,5.9359865,35.86084,160.21413,104.51293,54.312157,0.99580455,,,0.98647374,704.79474,rs
2024-04-15 22:00:00,1010.08264,22.677094,21.4711,5.839848,40.245544,66.13094,97.223915,53.49988,0.9833957,,,0.9704883,667.6433,rs
2024-04-15 23:00:00,1010.3696,22.540863,21.408203,6.0099654,39.522766,71.73253,99.58311,53.553493,0.98125714,,,0.93112856,674.257,rs
2024-04-27 00:00:00,1008.493,22.775696,20.789429,3.619689,357.16803,640.2582,360.0855,41.081944,0.6453185,,,0.7057994,565.8562,rs
2024-04-27 01:00:00,1008.62915,22.536346,20.71051,3.6233995,356.42215,622.3981,381.927,40.701466,0.67463607,,,0.53988546,555.42926,rs
2024-04-27 02:00:00,1008.8289,22.319702,20.652191,3.548821,354.93417,617.4805,383.19208,40.349,0.6986639,,,0.35044438,548.58954,rs
2024-04-27 03:00:00,1008.8906,22.030823,20.56845,3.4074087,353.01486,613.63257,362.91876,40.10164,0.70628756,,,0.20537452,542.98883,rs
2024-04-27 04:00:00,1008.4551,21.894867,20.49939,3.3425374,349.1757,592.4979,345.83023,39.86231,0.7198196,,,0.18466236,544.40375,rs
2024-04-27 05:00:00,1008.505,21.789276,20.415924,3.1466708,345.87994,570.51605,335.40207,39.733063,0.72468364,,,0.21828753,541.0912,rs
2024-04-27 06:00:00,1008.0059,21.725586,20.272156,2.9406,339.97247,547.7047,315.00574,39.613487,0.7297173,,,0.25491554,543.44293,rs
2024-04-27 07:00:00,1007.73376,21.53946,20.115845,2.6507835,334.31332,522.3744,294.01257,39.519936,0.7522534,,,0.5845498,541.7483,rs
2024-04-27 08:00:00,1007.4199,21.294678,19.895325,2.3565512,326.99838,503.44745,268.1931,39.49275,0.77480847,,,0.6750148,543.27655,rs
2024-04-27 09:00:00,1007.663,21.1232,19.684631,2.0269325,319.03174,460.26794,241.56223,39.483566,0.76891774,,,0.73851705,544.01355,rs
2024-04-27 10:00:00,1008.1731,21.340454,19.63858,1.8696684,319.62924,354.5403,211.32942,39.95981,0.78853714,,,0.7510897,534.5413,rs
2024-04-27 11:00:00,1008.8354,21.444275,19.537872,1.580783,311.41437,368.0445,193.61412,40.114613,0.78158945,,,0.8338008,539.60614,rs
2024-04-27 12:00:00,1009.3885,21.771881,19.386993,1.2198865,298.5545,401.41147,169.78838,40.29796,0.78054464,,,0.8369604,546.4494,rs
2024-04-27 13:00:00,1009.2967,22.176514,19.18689,0.9554033,283.6682,494.44922,230.73534,40.488914,0.78014445,,,0.8899954,557.7876,rs
2024-04-27 14:00:00,1008.9419,22.597809,19.004608,1.0097059,274.16177,616.53125,280.58435,40.612293,0.7826964,,,0.9944793,576.8406,rs
2024-04-27 15:00:00,1008.55396,23.08609,18.736816,1.2087554,264.64035,717.887,250.99448,40.594566,0.8008752,,,1.1162446,590.3572,rs
2024-04-27 16:00:00,1007.78467,23.484985,18.70935,1.5332676,254.58406,779.33923,204.50691,40.479633,0.8080981,,,1.1398451,604.19476,rs
2024-04-27 17:00:00,1007.1757,23.599335,18.62503,1.8722458,243.57816,822.5387,188.34135,40.121212,0.77166575,,,1.1494974,607.70465,rs
2024-04-27 18:00:00,1007.02057,23.469452,18.334991,2.2988632,228.41536,828.61206,181.24797,39.491356,0.7423812,,,1.1770627,597.3822,rs
2024-04-27 19:00:00,1007.3948,23.03421,18.004242,2.82892,214.54121,835.25604,210.74336,38.624832,0.72814125,,,1.2827384,577.50525,rs
2024-04-27 20:00:00,1008.0848,22.337006,17.491272,3.3228183,205.31018,762.56335,202.70515,37.509853,0.71596277,,,1.2909503,547.25586,rs
2024-04-27 21:00:00,1008.8645,21.211548,16.99414,3.7396793,198.67215,612.2449,178.12627,36.238647,0.7146496,,,1.1746854,514.66,rs
2024-04-27 22:00:00,1009.533,19.863922,16.217041,3.9010785,193.87335,305.68686,145.46574,35.304256,0.68270004,,,1.0441779,472.0721,rs
2024-04-27 23:00:00,1010.404,19.165009,15.718353,4.088208,188.90933,280.33948,118.774475,34.255455,0.6672531,,,0.85583353,441.90417,rs
2024-04-28 00:00:00,1011.18964,18.526672,15.215851,4.0611296,185.18451,271.28403,103.37174,32.93609,0.6359796,,,0.68557286,406.16934,rs
2024-04-28 01:00:00,1011.64166,17.976593,14.821655,3.9309738,184.10329,251.42288,93.9962,31.399435,0.6137436,,,0.5355211,372.4928,rs
2024-04-28 02:00:00,1012.00854,17.391846,14.223755,3.7350132,182.98041,236.0727,100.75341,29.971107,0.623186,,,0.41164494,340.53748,rs
2024-04-28 03:00:00,1012.64655,16.611725,13.57193,3.581771,183.05333,224.02481,118.39833,28.694454,0.63528883,,,0.33122087,313.60464,rs
2024-04-28 04:00:00,1012.6502,16.294434,13.246613,3.4032326,183.43503,210.74919,124.35037,27.518715,0.5987459,,,0.26701185,288.3592,rs
2024-04-28 05:00:00,1013.10443,15.924591,12.905304,3.324188,182.99828,195.09843,124.61262,26.49043,0.5385162,,,0.2192914,264.2489,rs
2024-04-28 06:00:00,1012.80884,15.487366,12.700989,3.1981618,181.67679,185.1956,115.57184,25.597866,0.50620854,,,0.16629116,241.4608,rs
2024-04-28 07:00:00,1012.8628,15.171661,12.428925,3.043622,180.35522,175.68535,64.60723,24.86792,0.48732334,,,0.1825818,223.55421,rs
2024-04-28 08:00:00,1012.6819,14.810364,12.129486,2.9051769,179.03967,167.32292,59.536964,24.286232,0.47370362,,,0.21449193,210.40616,rs
2024-04-28 09:00:00,1013.18164,14.553864,11.9198,2.765938,176.14291,153.41753,67.02837,23.864895,0.47195137,,,0.2864265,198.51312,rs
2024-04-28 10:00:00,1013.4637,14.495209,11.620453,2.4130225,174.09995,152.30988,66.02814,23.786161,0.4820866,,,0.295032,194.25517,rs
2024-04-28 11:00:00,1014.16187,14.859772,11.801178,2.4858098,169.44824,157.8108,71.63096,23.671124,0.4516957,,,0.26310706,186.90343,rs
2024-04-28 12:00:00,1014.4778,16.09198,12.159454,2.3773015,165.0233,166.30824,82.25556,23.68859,0.4354698,,,0.25378528,185.43002,rs
2024-04-28 13:00:00,1014.69354,17.132965,12.18338,2.2052662,158.23016,180.76282,86.723724,23.839779,0.4338868,,,0.2387765,186.72887,rs
2024-04-28 14:00:00,1014.2047,18.097504,12.051788,1.959825,152.95868,202.79869,91.60026,24.136892,0.42931798,,,0.23261876,192.07768,rs
2024-04-28 15:00:00,1014.0461,19.06842,12.084106,1.6618116,148.9151,230.71855,77.79078,24.551151,0.4465727,,,0.20982443,199.5966,rs
2024-04-28 16:00:00,1013.1756,19.534698,12.151428,1.5061401,152.19064,244.49825,79.696976,24.91885,0.43991232,,,0.247002,207.76294,rs
2024-04-28 17:00:00,1012.60547,19.882996,12.368134,1.5487226,154.88693,265.94,83.1467,25.35734,0.4248595,,,0.35417196,214.79292,rs
2024-04-28 18:00:00,1012.12115,20.035828,12.326508,1.7015198,152.39774,274.75034,84.58973,25.766167,0.425359,,,0.37461856,217.18628,rs
2024-04-28 19:00:00,1012.18774,19.91452,12.384674,1.8765088,147.43555,283.3319,73.29552,26.092632,0.43299636,,,0.40904203,215.61137,rs
2024-04-28 20:00:00,1012.10724,19.420227,12.632568,1.8831962,142.58945,284.52527,87.261345,26.325886,0.4419839,,,0.34700716,210.00433,rs
2024-04-28 21:00:00,1012.4503,18.444427,12.837799,1.9422058,133.48927,279.6068,117.84007,26.487576,0.4379477,,,0.37314913,201.2985,rs
2024-04-28 22:00:00,1012.4931,17.40686,12.875305,2.14817,120.94299,147.58609,150.95045,25.935429,0.41308126,,,0.3963106,207.82083,rs
2024-04-28 23:00:00,1012.90216,17.013306,12.751221,2.3908997,110.042145,157.45596,175.72919,26.156511,0.3909955,,,0.35574862,202.59254,rs
2024-04-29 00:00:00,1012.9956,16.811157,12.780762,2.5884352,99.41942,160.14632,190.38942,26.383955,0.37669113,,,0.27876014,203.49185,rs
2024-04-29 01:00:00,1013.0437,16.641815,12.797577,2.7693293,91.311905,171.81908,199.11874,26.7526,0.36459467,,,0.23902847,209.30434,rs
2024-04-29 02:00:00,1013.00397,16.471039,12.838104,2.942706,83.90704,188.75711,178.53922,27.280901,0.36711928,,,0.16062976,220.13515,rs
2024-04-29 03:00:00,1013.08014,16.507935,13.040192,3.0314155,77.52594,216.43907,155.253,28.029617,0.36497036,,,0.13218406,237.50546,rs
2024-04-29 04:00:00,1012.8879,16.57071,13.18512,3.1013095,72.72662,244.18161,134.53294,28.976624,0.33209065,,,0.12227313,261.4444,rs
2024-04-29 05:00:00,1012.7319,16.603607,13.379486,3.1900578,70.16876,272.76794,131.17577,30.121391,0.3523518,,,0.1243657,287.3728,rs
2024-04-29 06:00:00,1012.4448,16.642517,13.674286,3.280183,68.37689,302.15668,127.06526,31.39508,0.39866593,,,0.14219499,312.7782,rs
2024-04-29 07:00:00,1011.793,16.784363,13.986237,3.3465533,65.91702,317.05463,194.43134,32.679585,0.4219719,,,0.09995395,338.06622,rs
2024-04-29 08:00:00,1011.60205,16.969788,14.338226,3.5146852,63.70984,325.13232,183.47882,33.93122,0.4464616,,,0.16658114,359.05518,rs
2024-04-29 09:00:00,1011.4107,17.171112,14.660431,3.6977088,62.03369,322.2797,190.63861,35.08508,0.47590774,,,0.25133196,376.26553,rs
2024-04-29 10:00:00,1011.2658,17.632843,15.375488,3.8845227,62.019226,401.825,188.04005,38.68817,0.57144046,,,0.24849305,397.92902,rs
2024-04-29 11:00:00,1011.47015,18.083893,15.89267,4.2299943,62.29901,432.50372,179.0077,39.86317,0.5991608,,,0.29844603,421.20734,rs
2024-04-29 12:00:00,1011.8142,18.796295,16.504486,4.5120997,58.778503,525.57806,166.48758,41.222836,0.6218722,,,0.39273977,457.9001,rs
2024-04-29 13:00:00,1011.75244,19.570465,17.141418,4.7810616,52.543854,653.6396,154.5109,42.602886,0.7064961,,,0.45230934,500.48434,rs
2024-04-29 14:00:00,1011.69354,20.35962,17.757202,4.806289,46.529907,781.8918,144.1778,43.97154,0.7683902,,,0.61633474,541.71356,rs
2024-04-29 15:00:00,1010.87585,21.25879,18.426422,4.659189,40.967834,880.47156,136.72156,45.05403,0.8157694,,,0.83263767,574.19635,rs
2024-04-29 16:00:00,1009.98944,21.73584,18.980713,4.398387,35.938385,975.8272,131.2982,45.981384,0.84832096,,,1.0771208,601.53906,rs
2024-04-29 17:00:00,1008.9275,22.115814,19.355072,4.140507,34.74878,1035.4381,124.75002,46.625748,0.85819787,,,1.2848183,622.7343,rs
2024-04-29 18:00:00,1008.2565,22.44629,19.72116,3.9657485,36.068054,1112.1547,126.354706,47.164776,0.857273,,,1.35724,637.31537,rs
2024-04-29 19:00:00,1007.8591,22.50821,19.867584,3.8066664,37.048553,1195.1472,108.5284,47.508125,0.8489568,,,1.6820167,646.18066,rs
2024-04-29 20:00:00,1007.77466,22.174622,19.807007,3.669703,39.924866,1259.7812,126.317406,47.809975,0.84209174,,,1.6426866,652.0595,rs
2024-04-29 21:00:00,1007.9228,21.77304,19.774292,3.616813,42.448517,1209.7897,140.93134,47.907516,0.83460486,,,1.4810272,651.5078,rs
2024-04-29 22:00:00,1008.11743,21.439606,19.823517,3.860109,61.473816,983.9667,153.59872,47.983444,0.90186805,,,1.469371,577.00903,rs
2024-04-29 23:00:00,1008.5425,21.267181,19.844116,4.2801323,57.75882,880.78705,174.7659,47.898396,0.91193527,,,1.4927356,570.7763,rs
2024-04-30 00:00:00,1008.6995,21.222198,19.914795,4.6011095,51.68158,799.17426,196.6663,47.48686,0.9021175,,,1.5954221,564.5442,rs
2024-04-30 01:00:00,1008.6848,21.154694,19.922546,4.685284,44.351868,717.48663,224.08974,46.78074,0.9132814,,,1.5306867,566.93134,rs
2024-04-30 02:00:00,1008.37256,21.085144,19.891083,4.7331767,35.786774,632.6976,235.87915,46.09811,0.9128094,,,1.424999,576.86426,rs
2024-04-30 03:00:00,1008.1525,20.993591,19.874939,4.6078496,27.0831,557.8319,232.79591,45.48706,0.91350335,,,1.181235,594.11847,rs
2024-04-30 04:00:00,1007.74384,21.030518,19.892365,4.493847,19.432007,509.73193,219.31325,44.823917,0.921558,,,1.0501713,604.60834,rs
2024-04-30 05:00:00,1007.69727,21.084198,19.891876,4.354904,13.883759,501.43185,202.71912,44.232258,0.9037334,,,0.9103861,603.38257,rs
2024-04-30 06:00:00,1007.66876,21.088623,19.892456,4.3352203,8.20697,523.92755,188.58333,43.71557,0.8947988,,,0.73612016,607.22253,rs
2024-04-30 07:00:00,1007.27466,20.947845,19.794098,4.214899,4.6061707,579.73206,189.22604,43.316074,0.8770335,,,0.6149717,600.3358,rs
2024-04-30 08:00:00,1007.27814,20.761292,19.675201,4.1467776,2.1572266,622.8554,182.62813,42.92609,0.8255474,,,0.41788745,586.22974,rs
2024-04-30 09:00:00,1007.44495,20.722015,19.631042,4.0319552,1.2437744,643.5228,190.3474,42.389095,0.7904714,,,0.3550919,558.07745,rs
2024-04-30 10:00:00,1007.80255,20.964691,19.768768,3.567908,4.75412,455.207,206.36795,42.14445,0.8312544,,,0.26135564,505.45367,rs
2024-04-30 11:00:00,1008.34344,21.173584,19.872833,3.669055,3.430725,482.20886,234.51086,41.962067,0.7271377,,,0.23136929,483.6158,rs
2024-04-30 12:00:00,1008.87054,21.753418,20.200256,3.735018,1.9004517,509.03098,267.01025,42.028896,0.6852365,,,0.25133112,477.1525,rs
2024-04-30 13:00:00,1009.3281,22.569275,20.621826,3.992504,0.18762207,620.29,289.71133,42.19786,0.6704601,,,0.26946276,478.62326,rs
2024-04-30 14:00:00,1009.0513,23.60556,21.118011,4.3009343,358.61426,753.2305,295.20502,42.25267,0.682573,,,0.25399485,484.6166,rs
2024-04-30 15:00:00,1008.6301,24.434418,21.446991,4.471925,355.93927,912.92834,317.1177,42.446236,0.71989673,,,0.26030698,498.30115,rs
2024-04-30 16:00:00,1007.9075,24.883026,21.654724,4.5633273,352.21027,1054.1262,292.78625,42.804047,0.7624769,,,0.33391178,515.8392,rs
2024-04-30 17:00:00,1007.53485,25.076843,21.66455,4.4075227,350.73914,1166.1769,281.64926,43.197277,0.7672879,,,0.3863045,522.2883,rs
2024-04-30 18:00:00,1007.2834,25.143127,21.665375,4.1418743,348.98608,1211.2948,271.89886,43.529785,0.7852179,,,0.39585626,522.6374,rs
2024-04-30 19:00:00,1007.05414,24.775574,21.534424,3.6223915,349.16193,1235.805,278.2168,43.730057,0.8135792,,,0.8303387,518.5818,rs
2024-04-30 20:00:00,1007.2318,23.979889,21.065979,3.3260796,350.8062,1241.0103,266.43027,44.03108,0.78807026,,,0.8860806,517.7088,rs
2024-04-30 21:00:00,1007.54803,23.091858,20.75821,3.0729868,354.1938,1185.486,257.8519,44.363564,0.7971479,,,0.711554,518.26996,rs
2024-04-30 22:00:00,1007.9811,22.36621,20.399689,2.5579567,359.43103,249.2733,250.14891,42.20108,0.77223855,,,0.53911906,500.62732,rs
2024-04-30 23:00:00,1008.4618,22.01944,20.249176,2.6409402,6.0283203,337.1773,255.58282,42.878967,0.7275526,,,0.5620718,495.1648,rs
2024-05-01 00:00:00,1009.1984,21.894867,20.240204,2.7943492,10.416534,414.44037,255.8299,43.379215,0.72689354,,,0.630162,495.06796,rs
2024-05-01 01:00:00,1009.33057,21.775482,20.178589,2.8699641,11.608429,454.42123,257.8251,43.577644,0.73449945,,,0.69637406,497.44873,rs
2024-05-01 02:00:00,1009.1121,21.62622,20.15326,2.859141,11.635162,504.84122,253.43282,43.755116,0.73276275,,,0.80693567,504.68604,rs
2024-05-01 03:00:00,1009.24554,21.315735,19.919312,2.803993,10.0442505,550.24603,241.0595,44.01952,0.7408893,,,0.8713015,516.1749,rs
2024-05-01 04:00:00,1008.868,21.273163,19.927185,2.7084823,8.384216,546.4647,203.10591,44.228767,0.7866977,,,0.85509443,525.16846,rs
2024-05-01 05:00:00,1008.8957,21.187256,19.893646,2.421298,8.632202,526.3255,167.28607,44.355553,0.80296487,,,0.8883764,527.0378,rs
2024-05-01 06:00:00,1008.48016,20.954926,19.84259,2.1663039,9.046692,522.9534,144.51389,44.42895,0.8041154,,,0.9421754,526.6842,rs
2024-05-01 07:00:00,1008.1867,20.824188,19.786804,1.8750256,10.669037,517.68036,89.19922,44.469086,0.8299823,,,0.8656693,520.98425,rs
2024-05-01 08:00:00,1007.97125,20.694336,19.734924,1.7078702,15.415588,518.3854,92.24103,44.46426,0.83462405,,,0.7946858,509.75015,rs
2024-05-01 09:00:00,1008.202,20.620087,19.641174,1.6671959,21.720398,506.69687,98.40811,44.412495,0.8202141,,,0.80883145,492.30276,rs
2024-05-01 10:00:00,1008.5067,20.746033,19.42096,1.2649364,21.27713,212.74686,101.39227,44.440647,0.87698144,,,0.7549565,487.07556,rs
2024-05-01 11:00:00,1008.8462,20.808716,19.453644,1.3006266,38.81122,208.61522,115.04391,44.42559,0.85586363,,,0.72235847,461.70193,rs
2024-05-01 12:00:00,1009.3265,21.199371,19.618225,1.5061533,46.17929,211.3933,150.13345,44.434513,0.8400482,,,0.7865883,444.29584,rs
2024-05-01 13:00:00,1009.2743,21.634155,19.763733,1.6746036,43.855347,254.90866,179.65552,44.400593,0.83940303,,,0.80044997,438.25864,rs
2024-05-01 14:00:00,1009.21783,22.129242,19.876953,1.7688763,40.52899,351.23288,190.94112,44.333183,0.8262572,,,0.8176537,436.09818,rs
2024-05-01 15:00:00,1008.8063,22.509552,20.037842,1.7351011,33.38672,460.6646,168.08821,44.362083,0.8122405,,,0.8279846,440.58856,rs
2024-05-01 16:00:00,1008.1354,22.77658,20.134705,1.5729753,24.135956,573.69476,149.85353,44.56246,0.81856465,,,0.82491446,443.71805,rs
2024-05-01 17:00:00,1007.4652,22.797516,20.05066,1.3268387,23.318298,660.71155,131.08388,44.796642,0.83306515,,,0.8458778,438.85773,rs
2024-05-01 18:00:00,1006.95154,22.652832,19.998901,0.99259967,34.818268,734.38873,114.151794,45.070065,0.8005486,,,0.8600203,426.59692,rs
2024-05-01 19:00:00,1006.59045,22.198303,19.708282,0.72498614,63.356506,755.5233,90.75748,45.339798,0.8268645,,,1.1864545,421.99527,rs
2024-05-01 20:00:00,1006.7861,21.721588,19.42865,0.7648492,95.69838,765.6791,72.97884,45.69247,0.84558415,,,1.0864669,420.8752,rs
2024-05-01 21:00:00,1006.6943,21.052002,18.970886,0.9966934,109.62756,713.2718,65.787,45.922565,0.8668361,,,1.1870008,424.0464,rs
2024-05-01 22:00:00,1006.90796,20.770386,18.959778,1.6239347,125.66435,410.3834,72.25295,45.172638,0.92796177,,,1.3217422,371.42386,rs
2024-05-01 23:00:00,1006.88245,20.575531,18.803375,2.1200407,122.06264,336.8334,85.12058,45.241096,0.9177155,,,1.3634353,380.29108,rs
2024-05-02 00:00:00,1007.1502,20.468994,18.738281,2.5026052,121.379074,295.48206,95.33547,45.343678,0.9423029,,,1.4323381,388.15366,rs
2024-05-02 01:00:00,1006.8861,20.358276,18.682648,2.5183997,118.413925,261.2803,107.51864,45.42634,0.96820676,,,1.4697062,411.66714,rs
2024-05-02 02:00:00,1006.5697,20.191986,18.59494,2.4681773,114.497375,241.01712,115.19624,45.379128,0.98155564,,,1.5682154,435.4403,rs
2024-05-02 03:00:00,1006.1467,19.998352,18.477875,2.4001963,111.974976,246.19128,120.87037,45.180923,0.98658943,,,1.6469926,453.24088,rs
2024-05-02 04:00:00,1005.8015,19.93045,18.500214,2.243265,109.12996,256.36172,131.03317,45.00562,0.9817477,,,1.742275,469.24484,rs
2024-05-02 05:00:00,1005.7712,19.708344,18.410492,2.215639,111.259766,251.18593,138.64032,44.729065,0.9829388,,,1.8770972,468.83127,rs
2024-05-02 06:00:00,1005.2086,19.499542,18.330902,2.1522262,116.26877,251.96552,100.29727,44.408936,0.9875741,,,1.963823,468.27896,rs
2024-05-02 07:00:00,1004.90295,19.361664,18.180511,1.9816178,122.316986,247.9131,81.36706,44.115307,0.9666022,,,1.8715482,471.72934,rs
2024-05-02 08:00:00,1004.98987,19.096436,17.904053,1.7889044,136.16585,250.17847,80.27188,43.831345,0.9626122,,,1.584029,470.63663,rs
2024-05-02 09:00:00,1005.3611,18.728302,17.486633,1.7800146,148.92195,243.29333,89.57721,43.56286,0.98792934,,,1.334004,465.6834,rs
2024-05-02 10:00:00,1005.8164,18.548676,17.03833,2.57318,163.24908,172.18756,99.8332,43.6443,0.98749447,,,1.1281328,496.19238,rs
2024-05-02 11:00:00,1006.6653,18.548462,16.996918,2.7927651,161.85434,179.87605,91.96509,43.277565,0.98151904,,,1.1181675,467.57562,rs
2024-05-02 12:00:00,1007.608,18.506165,16.917053,2.947168,161.74283,173.1293,78.946144,42.85673,0.98331404,,,1.0203812,436.805,rs
2024-05-02 13:00:00,1008.1669,18.541138,16.73413,3.0737169,164.4445,159.68173,88.138016,42.23456,0.98980594,,,0.96679753,415.49994,rs
2024-05-02 14:00:00,1008.41187,18.670258,16.540588,3.210488,168.32434,152.71552,82.56788,41.33474,0.9870314,,,0.8626536,401.4499,rs
2024-05-02 15:00:00,1008.42664,18.752106,16.328735,3.4886322,171.34781,150.67871,86.48828,40.283054,0.9784707,,,0.8046447,390.44128,rs
2024-05-02 16:00:00,1008.3303,18.74414,16.052307,3.728536,175.3738,170.35823,83.416374,39.235786,0.9626113,,,0.82859254,385.01166,rs
2024-05-02 17:00:00,1008.44336,18.659302,15.755951,4.0271893,177.41998,166.68767,95.74724,38.10542,0.9469202,,,0.9251069,376.87207,rs
2024-05-02 18:00:00,1008.86896,18.654938,15.518646,4.3213573,177.6903,165.09518,103.41669,36.89329,0.9334561,,,0.95192,354.3367,rs
2024-05-02 19:00:00,1009.4116,18.407532,15.263977,4.521496,177.94263,145.91635,73.1897,35.63284,0.9231652,,,1.1126137,325.08093,rs
2024-05-02 20:00:00,1010.09674,18.009491,14.858826,4.620834,177.4917,114.72122,77.00092,34.36443,0.90827006,,,0.8377467,294.86102,rs
2024-05-02 21:00:00,1010.6732,17.40747,14.495209,4.5242405,176.23749,81.92579,75.6048,33.045273,0.8801332,,,0.6672356,259.73956,rs
2024-05-02 22:00:00,1011.87427,16.707245,14.118622,3.9294908,176.23712,25.76724,73.07947,30.586374,0.8481328,,,0.57111,236.95059,rs
2024-05-02 23:00:00,1012.4646,16.396484,13.884064,3.867626,176.30942,17.268173,67.09424,29.561165,0.8138558,,,0.5481149,216.94914,rs
2024-05-03 00:00:00,1013.1326,16.110992,13.628326,3.9325168,174.79533,16.50536,78.18203,28.599764,0.7878597,,,0.49552062,196.86642,rs
2024-05-03 01:00:00,1013.5809,15.811096,13.420624,3.9401917,174.0849,16.69781,57.31176,27.709595,0.7482982,,,0.4592878,181.06778,rs
2024-05-03 02:00:00,1013.4701,15.560272,13.1579895,3.898879,173.02872,14.818267,36.931053,26.892666,0.7259813,,,0.45941097,168.63979,rs
2024-05-03 03:00:00,1013.41046,15.10965,12.8591,3.856247,172.92566,12.839702,28.552673,26.169868,0.70120454,,,0.4201236,159.40741,rs
2024-05-03 04:00:00,1013.2954,14.825714,12.65506,3.7790303,171.9181,11.871855,20.782827,25.543045,0.68062353,,,0.38100705,150.76378,rs
2024-05-03 05:00:00,1013.3398,14.576111,12.405762,3.7726893,170.29349,11.059996,13.0067215,25.066277,0.6581071,,,0.36156237,144.2224,rs
2024-05-03 06:00:00,1013.31445,14.312286,12.158844,3.6747558,168.59879,11.136067,18.123842,24.78525,0.65724474,,,0.3678245,140.60081,rs
2024-05-03 07:00:00,1013.16174,14.110535,11.9487915,3.5884132,167.37534,10.76864,98.402794,24.690758,0.6643397,,,0.35166666,140.80428,rs
2024-05-03 08:00:00,1013.4255,14.008453,11.789825,3.6118677,164.61163,10.28891,104.88026,24.767624,0.69294095,,,0.311527,138.6944,rs
2024-05-03 09:00:00,1013.76733,13.817963,11.630951,3.5618472,160.6904,10.024464,101.38412,24.998632,0.71483177,,,0.29715496,137.86104,rs
2024-05-03 10:00:00,1014.42523,13.817902,11.708801,3.2461157,156.95946,7.3889794,56.275845,25.526972,0.7269668,,,0.29739174,145.4838,rs
2024-05-03 11:00:00,1014.98975,13.978943,11.761169,3.3684704,151.23355,6.7200603,75.91602,25.803305,0.72367424,,,0.29071406,140.95824,rs
2024-05-03 12:00:00,1015.3507,14.734619,12.088196,3.5253906,143.27834,7.050792,95.867775,26.215685,0.74118567,,,0.3142659,138.37898,rs
2024-05-03 13:00:00,1015.4604,15.5164795,12.310913,3.5967464,135.37122,8.343313,64.391396,26.768589,0.74997485,,,0.33692986,144.50446,rs
2024-05-03 14:00:00,1015.3709,16.312134,12.307343,3.551517,127.05585,11.726817,53.429157,27.449636,0.76046085,,,0.3549175,158.37837,rs
2024-05-03 15:00:00,1014.8504,16.967438,12.518585,3.498751,120.76842,13.948626,42.82483,28.20395,0.77872646,,,0.38117784,175.2599,rs
2024-05-03 16:00:00,1013.98413,17.327362,12.64975,3.3888445,117.21556,15.345527,57.392593,29.038668,0.7904299,,,0.4394195,193.66664,rs
2024-05-03 17:00:00,1013.32697,17.56015,12.852722,3.4422894,113.684814,15.4369755,75.376816,29.948286,0.7952677,,,0.47134086,207.28796,rs
2024-05-03 18:00:00,1013.00037,17.592163,13.052948,3.5480714,112.25748,18.441751,75.26142,30.835558,0.8138546,,,0.51401305,216.45737,rs
2024-05-03 19:00:00,1012.71875,17.479675,13.101929,3.60549,112.10632,25.921598,47.83435,31.70994,0.82748663,,,0.38516143,225.82669,rs
2024-05-03 20:00:00,1012.59076,17.254364,13.210022,3.563993,113.42375,38.368126,40.559956,32.547565,0.8665035,,,0.40967715,234.59518,rs
2024-05-03 21:00:00,1012.8882,16.888794,13.349945,3.6039119,112.72211,48.446995,37.700764,33.397846,0.8603974,,,0.589884,247.64398,rs
2024-05-03 22:00:00,1013.2739,16.730286,13.52179,3.5668027,111.19554,25.559412,47.243977,32.828342,0.878456,,,0.69381356,271.9469,rs
2024-05-03 23:00:00,1013.5324,16.642822,13.622498,3.6651433,106.9628,28.76095,63.847645,33.70956,0.8626599,,,0.8194335,293.56757,rs
2024-05-04 00:00:00,1013.99927,16.58908,13.753906,3.7395897,100.29164,26.611137,79.12406,34.571396,0.8491395,,,0.93009746,316.64508,rs
2024-05-04 01:00:00,1014.35175,16.508453,13.873627,3.71055,95.605835,23.108225,97.850006,35.45008,0.85401946,,,1.0423293,339.52075,rs
2024-05-04 02:00:00,1014.34106,16.417969,14.016724,3.611868,90.56644,19.379776,108.25478,36.126484,0.8894286,,,1.1209792,363.0069,rs
2024-05-04 03:00:00,1014.3013,16.313263,14.159546,3.5043492,88.17465,16.397018,120.75187,36.544144,0.85828114,,,1.1715512,376.25876,rs
2024-05-04 04:00:00,1013.9729,16.23816,14.290222,3.3665257,85.7699,14.054403,120.28591,36.664413,0.8622499,,,1.128096,380.00055,rs
2024-05-04 05:00:00,1013.7541,16.283081,14.469788,3.2260401,83.959015,14.794968,114.87279,36.62379,0.85636944,,,1.0997623,374.471,rs
2024-05-04 06:00:00,1013.39136,16.30429,14.600189,3.1542408,81.89642,19.589352,115.90463,36.56305,0.8331507,,,1.0077426,364.32138,rs
2024-05-04 07:00:00,1013.3308,16.358978,14.714233,2.9954977,80.57648,23.296366,60.962044,36.410744,0.84022236,,,0.5326262,352.12866,rs
2024-05-04 08:00:00,1013.20483,16.36911,14.803467,2.9140413,80.4249,28.749767,29.823763,36.168728,0.8470212,,,0.5044989,333.51205,rs
2024-05-04 09:00:00,1013.4964,16.578156,15.004608,2.89834,80.83893,32.574673,21.544785,35.830814,0.8526368,,,0.47678828,313.33182,rs
2024-05-04 10:00:00,1013.89,16.919159,15.538361,3.0771108,79.86911,32.015026,14.906574,36.006893,0.8910673,,,0.4433679,297.43628,rs
2024-05-04 11:00:00,1014.31757,17.229218,15.835144,3.24458,76.97034,34.799625,9.725017,35.678493,0.8979623,,,0.38701883,281.38037,rs
2024-05-04 12:00:00,1014.8572,17.72995,16.25644,3.302367,73.80197,41.325256,18.034557,35.62141,0.91244555,,,0.35524067,272.8617,rs
2024-05-04 13:00:00,1015.09564,18.34549,16.684631,3.3733523,69.66785,51.424976,44.86457,35.830757,0.9298226,,,0.36858162,275.786,rs
2024-05-04 14:00:00,1014.9241,19.009491,17.10788,3.3320773,64.6145,67.2775,85.77124,36.219585,0.95409805,,,0.41592768,289.65952,rs
2024-05-04 15:00:00,1014.22296,19.66275,17.521301,3.2367775,60.65851,92.98136,105.6812,36.607594,0.9749404,,,0.44111216,304.92987,rs
2024-05-04 16:00:00,1013.64197,19.90091,17.66159,3.02682,61.029785,116.08481,118.56495,36.955597,0.9904644,,,0.40701345,315.1771,rs
2024-05-04 17:00:00,1013.0404,20.073212,17.86905,2.823372,64.31238,147.05382,145.45496,37.288048,0.99495006,,,0.38738036,321.93884,rs
2024-05-04 18:00:00,1013.12897,20.16507,18.01886,2.6998355,68.81503,188.19817,150.82034,37.67742,0.9911283,,,0.3522994,324.35962,rs
2024-05-04 19:00:00,1013.11206,20.213623,18.145325,2.7179258,73.25363,223.37535,125.01545,37.978813,0.98941785,,,0.58686835,320.63458,rs
2024-05-04 20:00:00,1013.478,20.13089,18.30893,2.817883,76.10358,247.22647,125.22499,38.191494,0.9916809,,,0.5865564,312.69855,rs
2024-05-04 21:00:00,1013.61346,19.85437,18.378448,2.9055572,75.69949,244.863,129.84776,38.26018,0.9824991,,,0.5759951,306.5362,rs
2024-05-04 22:00:00,1014.0531,19.734436,18.574188,3.2042894,71.92914,97.38444,135.87515,37.763783,0.9454974,,,0.53310335,334.61343,rs
2024-05-04 23:00:00,1014.2572,19.689758,18.605713,3.474073,67.09204,91.898186,147.04149,37.631153,0.91698205,,,0.46979064,333.98386,rs
2024-05-05 00:00:00,1014.5803,19.708374,18.68341,3.6891026,61.533203,95.969826,171.61435,37.502247,0.9036706,,,0.44481534,338.74307,rs
2024-05-05 01:00:00,1014.61554,19.693787,18.735138,3.7315884,54.57715,104.97367,200.08928,37.393074,0.88079315,,,0.4785009,353.87564,rs
2024-05-05 02:00:00,1014.4334,19.698944,18.77713,3.7163436,48.25598,110.53308,232.81458,37.253,0.85389376,,,0.5116209,368.95212,rs
2024-05-05 03:00:00,1014.4345,19.689056,18.819946,3.5565827,41.67218,123.85869,263.37518,37.110634,0.8010785,,,0.48545134,386.76974,rs
2024-05-05 04:00:00,1013.97797,19.677551,18.832855,3.3838446,35.626984,145.7507,276.36005,36.98774,0.78446776,,,0.44714907,400.71,rs
2024-05-05 05:00:00,1013.97833,19.618805,18.844116,3.1897435,30.428467,165.26189,279.289,36.868954,0.7511595,,,0.43850404,409.58664,rs
2024-05-05 06:00:00,1013.4958,19.514282,18.783844,3.0432162,26.3779,176.99965,289.07236,36.654945,0.75496596,,,0.5254054,411.22034,rs
2024-05-05 07:00:00,1013.45374,19.461365,18.769257,2.9542267,22.229736,178.80977,293.2411,36.3704,0.7461228,,,0.3752705,411.24005,rs
2024-05-05 08:00:00,1013.281,19.368896,18.744781,2.8996274,18.82608,185.02737,296.15582,36.05326,0.7627558,,,0.39389485,406.20135,rs
2024-05-05 09:00:00,1013.5583,19.372437,18.72055,2.9258265,15.633484,200.31151,307.13223,35.77793,0.8125079,,,0.38088667,402.5479,rs
2024-05-05 10:00:00,1014.1884,19.525696,18.713531,2.8000019,20.168701,169.60695,317.91055,35.52371,0.81337893,,,0.34879416,382.296,rs
2024-05-05 11:00:00,1014.73236,19.79358,18.91446,3.214081,19.317078,208.209,304.95425,35.289528,0.82051444,,,0.29694217,383.31122,rs
2024-05-05 12:00:00,1015.14795,20.37445,19.316467,3.4646604,14.439026,266.29987,314.08328,35.08694,0.7995918,,,0.26886684,387.08,rs
2024-05-05 13:00:00,1015.26306,21.226166,19.658539,3.740099,8.63739,366.6971,339.5411,34.964584,0.7717495,,,0.20981324,394.53525,rs
2024-05-05 14:00:00,1015.0525,22.31308,19.983154,3.9075866,2.5835876,483.19745,353.33664,34.917587,0.6993913,,,0.1511268,404.3835,rs
2024-05-05 15:00:00,1014.3713,23.462433,20.274048,3.9917774,357.86264,608.8841,372.04712,34.881832,0.6881041,,,0.10442708,409.51016,rs
2024-05-05 16:00:00,1013.6376,24.084686,20.322906,4.0003524,353.5794,739.4264,382.0733,34.886593,0.6558722,,,0.075070255,411.0907,rs
2024-05-05 17:00:00,1012.8441,24.682587,20.471863,3.910449,350.72852,848.8469,363.6566,34.979996,0.67383903,,,0.055803947,406.49487,rs
2024-05-05 18:00:00,1012.2849,24.98648,20.53595,3.6834507,350.2751,936.7686,346.8512,35.16691,0.6682961,,,0.045963813,396.5709,rs
2024-05-05 19:00:00,1012.01117,25.017303,20.504456,3.2189217,353.82828,1045.7921,349.11392,35.41173,0.6312126,,,0.026954677,381.94992,rs
2024-05-05 20:00:00,1012.1795,24.620789,20.685547,2.4969244,2.9384766,1151.0367,354.18033,35.655075,0.5587142,,,0.017679682,365.05234,rs
2024-05-05 21:00:00,1012.33307,23.48938,20.689026,2.308384,15.659607,1112.2423,355.91895,35.81059,0.5081096,,,0.016871769,349.33948,rs
2024-05-05 22:00:00,1012.35724,22.632019,20.589478,2.482812,35.279297,1237.3705,354.94925,35.523277,0.5959663,,,0.017009355,309.02927,rs
2024-05-05 23:00:00,1012.6554,22.292694,20.509369,2.8282416,38.4299,1166.4902,367.34988,35.95885,0.5887471,,,0.016293433,309.20306,rs
2024-05-06 00:00:00,1012.9414,22.108887,20.456665,3.1354816,37.987915,1067.9987,363.2838,36.253,0.6024254,,,0.01133397,322.27838,rs
2024-05-06 01:00:00,1012.8717,22.022888,20.465546,3.4215548,35.22003,968.065,368.22556,36.386364,0.65144193,,,0.0145552205,349.38672,rs
2024-05-06 02:00:00,1012.69727,21.940002,20.434143,3.6941845,31.949463,896.69434,356.04794,36.55483,0.6611785,,,0.02554963,382.82364,rs
2024-05-06 03:00:00,1012.28595,21.834229,20.39682,3.8041408,27.904022,829.6187,349.46985,36.710594,0.7060145,,,0.05608671,417.64786,rs
2024-05-06 04:00:00,1012.14404,21.79065,20.381714,3.8409317,24.731323,797.3518,304.33444,36.943092,0.744086,,,0.23211522,451.4863,rs
2024-05-06 05:00:00,1011.4732,21.74997,20.299408,3.951888,22.450928,783.5981,288.02264,37.13486,0.76534384,,,0.39590225,486.87988,rs
2024-05-06 06:00:00,1011.15314,21.633942,20.188782,4.143792,21.515564,734.7117,294.5005,37.274895,0.7627604,,,0.5848498,518.60205,rs
2024-05-06 07:00:00,1010.2665,21.53061,20.04187,4.3611546,19.35913,635.776,371.8243,37.047813,0.7449882,,,0.62865895,541.4603,rs
2024-05-06 08:00:00,1009.6811,21.664032,19.863098,4.5436873,17.263794,530.8806,356.48062,36.607025,0.7022624,,,0.6912282,553.6447,rs
2024-05-06 09:00:00,1009.2997,21.65686,19.692871,4.74458,14.032715,450.83398,323.04233,36.185387,0.6729097,,,0.77740926,564.9031,rs
2024-05-06 10:00:00,1009.18353,22.156372,19.538147,5.391544,14.523834,283.8651,281.54453,37.17859,0.67564565,,,0.80772436,580.12256,rs
2024-05-06 11:00:00,1009.4997,22.47052,19.538483,5.3554206,8.724121,261.7677,242.70622,36.920353,0.6401331,,,0.8855696,600.38226,rs
2024-05-06 12:00:00,1009.9904,22.976593,19.52707,5.3105254,4.1114197,237.47343,235.63435,36.67636,0.61234623,,,0.8563911,620.49835,rs
2024-05-06 13:00:00,1009.971,23.774445,19.490051,5.0892653,0.4503479,238.13828,240.24591,36.48405,0.61347055,,,0.6995409,633.883,rs
2024-05-06 14:00:00,1009.7358,24.714264,19.457642,5.001203,356.74677,265.22635,256.56326,36.374897,0.6006673,,,0.55815303,643.7569,rs
2024-05-06 15:00:00,1009.1641,25.499634,19.348724,4.88837,353.172,318.2966,263.0379,36.353405,0.5921259,,,0.4818821,644.511,rs
2024-05-06 16:00:00,1008.48755,25.64444,19.105896,4.7495494,349.5275,380.8518,265.77966,36.351974,0.56697863,,,0.4524469,638.4403,rs
2024-05-06 17:00:00,1007.666,25.737518,19.135162,4.5005326,346.45273,450.40448,274.32748,36.27188,0.5410613,,,0.40636232,624.5174,rs
2024-05-06 18:00:00,1007.0538,25.74765,19.230652,4.1340036,343.7698,524.1869,282.33807,36.19824,0.54606545,,,0.36715376,607.3765,rs
2024-05-06 19:00:00,1007.0845,25.609802,19.327362,3.7023928,341.37445,560.74976,256.14087,36.21979,0.55947113,,,0.6159316,586.7257,rs
2024-05-06 20:00:00,1007.2034,24.98111,19.558502,3.0816827,342.2578,574.5923,270.832,36.248917,0.5471502,,,0.50283027,558.217,rs
2024-05-06 21:00:00,1007.66077,23.87207,19.564758,2.5770953,349.06894,545.4717,270.43,36.26178,0.5336497,,,0.35628852,527.8936,rs
2024-05-06 22:00:00,1008.0475,23.085327,19.667908,2.0784814,12.60144,437.41565,287.62225,36.36431,0.5561025,,,0.26113647,494.37695,rs
2024-05-06 23:00:00,1008.5265,22.78653,19.616486,2.3486166,21.284607,430.1193,289.2097,36.348774,0.54292494,,,0.24339041,472.1452,rs
2024-05-07 00:00:00,1008.81714,22.637299,19.555054,2.6963987,24.779846,425.1179,285.84488,36.228348,0.5432262,,,0.18576145,460.46994,rs
2024-05-07 01:00:00,1009.1049,22.500336,19.476593,2.8784842,25.277557,428.8418,281.06073,36.106228,0.57109725,,,0.15809005,459.28815,rs
2024-05-07 02:00:00,1009.0237,22.287445,19.359436,2.9998457,23.73761,431.14444,302.14594,35.88905,0.5743701,,,0.19013858,464.15207,rs
2024-05-07 03:00:00,1009.0782,21.954681,19.212769,3.0893848,23.143036,433.4837,294.89322,35.660378,0.5787995,,,0.19972073,466.92636,rs
2024-05-07 04:00:00,1008.9833,21.778625,19.141663,3.2333846,21.611298,448.27283,275.3166,35.530094,0.562356,,,0.19027296,474.64447,rs
2024-05-07 05:00:00,1008.9369,21.624878,19.042542,3.3236265,21.091309,478.82944,250.215,35.494915,0.56074435,,,0.17758554,479.58127,rs
2024-05-07 06:00:00,1008.64954,21.46405,18.908173,3.362768,20.400085,509.97867,234.89233,35.528286,0.5625695,,,0.18757045,481.32883,rs
2024-05-07 07:00:00,1007.9724,21.378326,18.796173,3.4113717,19.475525,538.1787,251.08452,35.57771,0.5565371,,,0.20814781,482.22772,rs
2024-05-07 08:00:00,1007.81506,21.25174,18.68872,3.4758966,20.553345,558.34515,260.4088,35.682625,0.54480106,,,0.1843328,480.7932,rs
2024-05-07 09:00:00,1007.77704,21.204498,18.623352,3.5853312,20.77533,571.1199,270.10455,35.874744,0.5405755,,,0.2572961,482.9661,rs
2024-05-07 10:00:00,1007.8979,21.57666,18.821411,4.450533,28.224731,650.2345,270.64078,38.15334,0.607507,,,0.34868777,516.9601,rs
2024-05-07 11:00:00,1007.9532,21.973602,19.069427,4.735781,22.280762,602.97845,261.4326,38.382935,0.6078859,,,0.42472753,539.55865,rs
2024-05-07 12:00:00,1008.3643,22.73172,19.363617,4.938495,17.240509,575.6772,264.47592,38.617638,0.63597053,,,0.5689339,561.2151,rs
2024-05-07 13:00:00,1008.4746,23.600311,19.525574,4.9760427,13.536285,556.7824,264.173,38.78489,0.6355972,,,0.62429345,580.0883,rs
2024-05-07 14:00:00,1008.1448,24.59497,19.710663,5.0722346,10.592346,546.5482,244.20486,38.824287,0.6212227,,,0.6897852,591.4243,rs
2024-05-07 15:00:00,1007.4968,25.67984,19.856934,5.18559,6.6715393,544.6414,245.32617,38.94757,0.64440155,,,0.5630029,602.5057,rs
2024-05-07 16:00:00,1006.8311,26.115326,19.902435,5.241173,3.1039734,572.83435,269.4154,39.15041,0.67978287,,,0.53226143,614.9643,rs
2024-05-07 17:00:00,1005.9808,26.335144,20.003082,4.981885,1.0386353,616.3001,306.47925,39.232803,0.7095014,,,0.54852533,616.8739,rs
2024-05-07 18:00:00,1005.43243,26.372894,20.177307,4.5817037,1.0618286,663.03656,316.1747,39.17087,0.74479455,,,0.43713057,609.3074,rs
2024-05-07 19:00:00,1005.0731,26.15326,20.409302,4.2123475,3.406128,743.00385,276.1045,39.044483,0.7670349,,,0.75749063,596.5298,rs
2024-05-07 20:00:00,1005.10443,25.667053,20.64273,3.8071933,8.142822,764.9445,290.23886,38.895184,0.8237784,,,0.63577026,575.3902,rs
2024-05-07 21:00:00,1005.35156,24.607635,20.603516,3.6713908,14.587189,727.42664,302.5129,38.81191,0.86942494,,,0.4323363,557.86194,rs
2024-05-07 22:00:00,1005.30194,23.834015,20.478394,4.3783836,21.489807,716.64935,315.94992,39.151863,0.90106404,,,0.35148427,584.5714,rs
2024-05-07 23:00:00,1005.32263,23.656586,20.44101,4.4108806,20.194214,691.3345,304.71393,39.36723,0.9386655,,,0.40517846,590.0257,rs
2024-05-08 00:00:00,1005.41943,23.517944,20.331238,4.4645715,17.895447,740.4663,287.40448,39.507362,0.9527416,,,0.5376257,600.37744,rs
2024-05-08 01:00:00,1005.4604,23.386505,20.227203,4.522124,14.749512,799.0459,292.5112,39.672997,0.9640749,,,0.5707853,616.3625,rs
2024-05-08 02:00:00,1005.344,23.223907,20.121216,4.6608996,10.384094,816.4509,279.7729,39.65074,0.9709559,,,0.56982774,638.69214,rs
2024-05-08 03:00:00,1005.15515,22.979279,19.857239,4.874144,7.7220764,823.0427,259.80557,39.590473,0.9328743,,,0.6069822,662.42,rs
2024-05-08 04:00:00,1004.6336,22.871552,19.705322,5.062039,5.460205,807.7889,254.43701,39.544464,0.91417533,,,0.71681345,692.2888,rs
2024-05-08 05:00:00,1004.3993,22.728546,19.509705,5.2319202,2.4960022,736.7441,240.00504,39.448967,0.90352905,,,0.965636,723.087,rs
2024-05-08 06:00:00,1003.6206,22.821472,19.266937,5.287933,359.83368,648.17926,242.10414,39.246403,0.87299776,,,1.1825742,746.0642,rs
2024-05-08 07:00:00,1003.17065,22.904999,18.971497,5.314447,356.88,595.19574,214.72691,39.245552,0.8412881,,,1.5942239,771.77576,rs
2024-05-08 08:00:00,1002.8613,22.980957,18.92868,5.2805395,351.74774,526.7287,208.47267,39.047165,0.83446777,,,1.5329145,784.52374,rs
2024-05-08 09:00:00,1003.41284,22.912506,18.935852,5.1996646,345.69016,492.94,169.62949,38.794018,0.831153,,,1.4006288,785.9186,rs
2024-05-08 10:00:00,1003.8318,23.02246,18.92398,4.4079638,352.4281,409.101,162.69725,38.45813,0.85349435,,,1.2474327,738.024,rs
2024-05-08 11:00:00,1004.7365,22.982605,19.07901,4.290022,344.41934,348.32782,192.92435,38.663944,0.82623947,,,1.0934709,742.6273,rs
2024-05-08 12:00:00,1005.9026,23.18866,19.1055,4.1915154,333.84973,289.9123,186.8852,38.77841,0.79120344,,,0.8970467,740.9329,rs
2024-05-08 13:00:00,1006.7213,23.330658,19.069427,4.2554836,321.25363,266.80334,185.58551,38.69057,0.8093396,,,0.6760471,737.6026,rs
2024-05-08 14:00:00,1007.0429,23.451202,19.06845,4.4754357,309.2494,275.8241,185.89412,38.355865,0.82552373,,,0.47437134,724.08844,rs
2024-05-08 15:00:00,1007.0603,23.570068,19.018127,4.7422147,297.75375,292.2132,186.20868,37.665947,0.82200444,,,0.32860434,699.4877,rs
2024-05-08 16:00:00,1007.0613,23.297058,18.739075,5.071701,287.98132,289.69595,240.73685,36.581284,0.83625764,,,0.30383745,667.59955,rs
2024-05-08 17:00:00,1007.1856,23.040344,18.443787,5.3065333,279.02466,280.58633,261.04492,35.12556,0.78918266,,,0.27432224,628.49615,rs
2024-05-08 18:00:00,1007.54376,22.595459,18.103516,5.5836034,270.51413,286.79007,272.07233,33.462124,0.75939715,,,0.24080987,587.6999,rs
2024-05-08 19:00:00,1008.556,22.424622,17.79309,5.770647,262.8833,255.154,399.35388,31.593878,0.76635194,,,0.28611055,540.7,rs
2024-05-08 20:00:00,1009.59467,21.575195,17.31485,5.885774,255.44351,209.0381,398.02512,29.554878,0.7470013,,,0.33146244,491.3002,rs
2024-05-08 21:00:00,1011.0478,20.45694,16.652771,5.914567,248.6665,175.48148,395.51648,27.438461,0.73516285,,,0.32145873,438.10318,rs
2024-05-08 22:00:00,1012.3368,19.294098,16.154419,5.9988995,244.68762,81.81547,359.57364,24.876686,0.694248,,,0.23853172,376.0804,rs
2024-05-08 23:00:00,1013.6166,18.634644,15.487762,6.2374063,238.47292,73.26794,291.45618,22.953566,0.6448308,,,0.1539785,332.72025,rs
2024-05-09 00:00:00,1014.89703,17.9906,14.805023,6.173495,233.05418,62.476585,267.157,21.014744,0.60653543,,,0.106505245,283.54434,rs
2024-05-09 01:00:00,1016.045,17.366943,14.149689,5.9407253,229.5828,51.259438,250.40022,19.247128,0.57084006,,,0.06835418,239.20891,rs
2024-05-09 02:00:00,1016.6992,16.712585,13.580292,5.744097,227.89316,42.10496,313.7689,17.740997,0.5415327,,,0.053604584,206.3145,rs
2024-05-09 03:00:00,1017.7723,15.885468,12.781738,5.5037727,227.0738,33.589817,288.06912,16.536018,0.50000316,,,0.04167348,182.39528,rs
2024-05-09 04:00:00,1018.0912,15.236237,12.218933,5.264216,227.0003,26.823742,349.9325,15.514369,0.4721263,,,0.030094735,164.29294,rs
2024-05-09 05:00:00,1018.62164,14.5937805,11.699158,5.0112257,227.01709,19.681034,377.05554,14.609621,0.4527618,,,0.027114658,149.61072,rs
2024-05-09 06:00:00,1018.5326,13.723267,11.074341,4.799797,226.62932,15.807083,426.5059,13.837645,0.4199683,,,0.02101852,137.95001,rs
2024-05-09 07:00:00,1018.6024,13.26181,10.695007,4.5992484,226.78644,14.148299,433.6609,13.236894,0.3998659,,,0.014418435,129.84816,rs
2024-05-09 08:00:00,1018.7972,12.844818,10.338959,4.3403645,226.53549,11.378262,402.80612,12.756632,0.41662392,,,0.0165902,123.119385,rs
2024-05-09 09:00:00,1018.9618,12.451599,10.020752,4.0741024,225.78831,9.107991,344.71796,12.403386,0.38874242,,,0.017830865,118.36287,rs
2024-05-09 10:00:00,1019.92633,12.346588,9.716858,3.8198016,224.20688,10.864748,335.99182,12.270637,0.4388668,,,0.020900533,111.64373,rs
2024-05-09 11:00:00,1020.37775,12.447266,9.684753,3.674307,220.33661,8.985438,265.0469,12.047615,0.4484256,,,0.023936603,107.43232,rs
2024-05-09 12:00:00,1021.04767,13.384247,9.8090515,3.3354297,213.8245,6.1928005,208.04248,11.96689,0.4841229,,,0.029828764,102.27341,rs
2024-05-09 13:00:00,1021.3098,14.29071,9.782043,3.006822,208.74463,5.4021435,108.215,12.076444,0.5110488,,,0.045030713,99.93858,rs
2024-05-09 14:00:00,1021.27167,15.192352,9.744354,2.6166139,206.81631,6.604846,48.36219,12.381186,0.49240083,,,0.06708033,100.20126,rs
2024-05-09 15:00:00,1020.7234,16.25235,9.658356,2.3043919,207.73209,10.544501,51.36173,12.826223,0.46213907,,,0.08330696,102.93864,rs
2024-05-09 16:00:00,1020.08813,16.826385,9.597412,2.1279933,207.44162,13.43383,38.863083,13.332068,0.47373787,,,0.10188815,106.27276,rs
2024-05-09 17:00:00,1019.2903,17.328583,9.595398,2.0651853,204.9945,14.639445,28.337337,13.842299,0.46682608,,,0.108690605,108.92741,rs
2024-05-09 18:00:00,1018.79333,17.666565,9.637604,2.0445442,199.0473,13.497554,19.686108,14.339551,0.5270297,,,0.12993231,109.845825,rs
2024-05-09 19:00:00,1018.28485,17.549011,9.628479,2.0994966,189.57587,12.423113,74.17455,14.818756,0.5063102,,,0.04754604,108.87651,rs
2024-05-09 20:00:00,1018.3641,16.938324,9.937378,2.1519372,181.7107,12.509786,37.736595,15.268925,0.45483717,,,0.066381596,106.43624,rs
2024-05-09 21:00:00,1018.3221,15.570526,10.319946,2.1998782,178.10815,14.450024,51.479603,15.668342,0.4373857,,,0.0636227,102.3587,rs
2024-05-09 22:00:00,1018.62714,14.6449585,10.46582,2.3137388,164.60936,7.273066,38.74838,15.801478,0.5130265,,,0.061679307,98.52001,rs
2024-05-09 23:00:00,1018.72687,14.335022,10.438965,2.3769045,153.52621,8.478565,62.930794,16.317255,0.6077979,,,0.054748062,97.50725,rs
2024-05-10 00:00:00,1018.9426,14.103516,10.398926,2.509199,141.07945,9.276328,102.23307,16.882404,0.6761612,,,0.042832553,96.762886,rs
2024-05-10 01:00:00,1018.88403,13.88797,10.361694,2.519508,129.27829,9.855778,144.63925,17.527288,0.76911336,,,0.03554334,102.219864,rs
2024-05-10 02:00:00,1018.7368,13.717712,10.324738,2.5626488,119.96446,11.692334,196.99458,18.299622,0.8241909,,,0.042473793,112.23015,rs
2024-05-10 03:00:00,1018.4204,13.594086,10.237915,2.5145686,110.156235,15.919851,230.93071,19.201956,0.90130085,,,0.03991647,128.65225,rs
2024-05-10 04:00:00,1017.89935,13.53186,10.265259,2.5052552,101.28049,23.51992,210.72554,20.21963,0.91460335,,,0.06052663,147.04283,rs
2024-05-10 05:00:00,1017.6294,13.510132,10.369659,2.5149903,93.14244,39.04625,179.38512,21.34078,0.928835,,,0.10055469,168.40054,rs
2024-05-10 06:00:00,1016.96906,13.5269165,10.560059,2.5148394,87.29883,62.459225,162.69011,22.488867,0.9310761,,,0.14045155,189.51723,rs
2024-05-10 07:00:00,1016.4883,13.625244,10.713837,2.5282147,83.70615,90.04904,154.22209,23.639982,0.9609275,,,0.06545609,210.83377,rs
2024-05-10 08:00:00,1015.9296,13.784943,10.895996,2.5625758,80.89075,117.32223,130.19078,24.769764,0.9510491,,,0.1309762,229.90253,rs
2024-05-10 09:00:00,1015.62115,13.786316,10.973602,2.5973773,79.67163,141.39981,114.15617,25.902225,0.94561625,,,0.2138928,248.56815,rs
2024-05-10 10:00:00,1015.91345,14.065491,11.478394,2.785734,79.14093,185.49208,111.99558,28.382055,0.92305475,,,0.311439,272.542,rs
2024-05-10 11:00:00,1016.1139,14.298279,11.756531,2.881822,78.081635,148.76282,118.60395,29.23306,0.9176068,,,0.43873402,293.62604,rs
2024-05-10 12:00:00,1016.4288,14.867676,12.3333435,2.901014,75.77344,132.18733,113.080864,30.238903,0.92334735,,,0.5479854,320.31235,rs
2024-05-10 13:00:00,1016.5712,15.67218,12.879822,2.8162587,71.069916,136.36696,111.8211,31.37176,0.9301431,,,0.6624881,351.11526,rs
2024-05-10 14:00:00,1016.41705,16.250397,13.329498,2.7149405,64.38867,142.64586,114.133644,32.390488,0.9397629,,,0.73514986,380.05365,rs
2024-05-10 15:00:00,1016.005,16.999603,13.93045,2.4925628,58.420685,135.01794,128.03549,33.17371,0.93588,,,0.8070189,401.02924,rs
2024-05-10 16:00:00,1015.12915,17.406403,14.185822,2.194092,55.411987,133.02353,127.4453,33.78277,0.9291067,,,0.8161179,416.50293,rs
2024-05-10 17:00:00,1014.35767,17.727264,14.53302,1.8949467,60.83368,127.27982,123.28561,34.191425,0.92674637,,,0.81546515,421.3371,rs
2024-05-10 18:00:00,1014.02155,17.912445,14.726532,1.6682991,66.6521,109.74394,118.26623,34.39768,0.912456,,,0.78596836,420.44077,rs
2024-05-10 19:00:00,1013.6264,17.822632,14.807983,1.605896,80.48724,84.19688,79.519615,34.406673,0.8977505,,,0.72543174,408.69662,rs
2024-05-10 20:00:00,1013.904,17.518616,14.842987,1.6178901,94.62161,69.72507,58.441727,34.28467,0.8821234,,,0.5945523,388.62125,rs
2024-05-10 21:00:00,1013.97296,17.112823,14.781891,1.7015213,103.41467,55.377445,50.28612,33.999447,0.85905796,,,0.477409,363.1867,rs
2024-05-10 22:00:00,1014.28143,16.647614,14.6214905,2.2542946,112.30632,43.71412,45.980865,33.97208,0.850394,,,0.41512457,333.247,rs
2024-05-10 23:00:00,1014.6091,16.547455,14.612335,2.3866494,111.96837,35.525394,50.09968,33.576355,0.84594333,,,0.34801504,306.87817,rs
2024-05-11 00:00:00,1015.0254,16.541595,14.637268,2.4687593,109.99954,31.19082,40.24013,33.1116,0.8749785,,,0.23710227,284.25885,rs
2024-05-11 01:00:00,1015.116,16.511505,14.616547,2.498354,109.096985,25.891193,40.44044,32.680683,0.89640063,,,0.18746765,265.83377,rs
2024-05-11 02:00:00,1015.1475,16.480469,14.61676,2.3961043,106.80275,23.260485,54.526558,32.345196,0.9477766,,,0.12700622,257.66226,rs
2024-05-11 03:00:00,1014.9614,16.472961,14.637451,2.3008034,103.391174,19.10135,48.403908,32.039528,0.9623327,,,0.11014085,251.79636,rs
2024-05-11 04:00:00,1014.79016,16.478455,14.683136,2.1250176,100.88905,15.874301,20.524296,31.779627,0.96584874,,,0.092941515,250.4095,rs
2024-05-11 05:00:00,1014.4046,16.41275,14.66861,1.9462818,101.01395,14.056617,7.7604265,31.600452,0.9661209,,,0.08746971,250.98038,rs
2024-05-11 06:00:00,1014.1704,16.35965,14.700439,1.8038198,107.307175,13.828285,5.1868935,31.485413,0.9537688,,,0.08814763,251.97287,rs
2024-05-11 07:00:00,1013.5454,16.303223,14.705139,1.676644,116.1763,16.60508,137.98076,31.381731,0.94554704,,,0.071680225,252.73213,rs
2024-05-11 08:00:00,1013.16907,16.269623,14.736511,1.706466,126.30382,19.959227,166.10765,31.346786,0.9299469,,,0.07047635,250.19218,rs
2024-05-11 09:00:00,1013.10803,16.258514,14.752563,1.8257626,134.97108,24.413677,165.74696,31.39597,0.9076648,,,0.10734516,246.31522,rs
2024-05-11 10:00:00,1013.46,16.598846,15.010773,2.3300638,135.37273,53.316868,163.22821,32.489193,0.89215183,,,0.14701605,230.73251,rs
2024-05-11 11:00:00,1013.80945,16.618378,15.081665,2.415575,135.25475,49.415657,147.56111,32.753643,0.8772644,,,0.1789182,227.15657,rs
2024-05-11 12:00:00,1014.1596,17.038086,15.401611,2.5879111,133.98195,55.392124,179.42195,33.09642,0.87272084,,,0.18241142,224.27248,rs
2024-05-11 13:00:00,1014.3308,17.64038,15.712494,2.643659,131.54846,74.87535,157.85185,33.52403,0.88334113,,,0.19308625,229.8476,rs
2024-05-11 14:00:00,1014.1217,18.231354,15.829224,2.671764,129.74918,107.14259,145.64928,34.045338,0.9127626,,,0.24740997,243.23558,rs
2024-05-11 15:00:00,1013.55634,18.806976,15.883606,2.66731,129.88574,146.53471,121.63986,34.564743,0.9267633,,,0.30019143,260.22775,rs
2024-05-11 16:00:00,1012.9865,19.017395,15.780121,2.637601,134.12123,180.06151,118.66617,35.00569,0.93117535,,,0.40861008,278.11972,rs
2024-05-11 17:00:00,1012.4572,19.13153,15.746368,2.7395453,137.90013,176.77516,122.92195,35.25426,0.9407442,,,0.57446647,289.48346,rs
2024-05-11 18:00:00,1011.96014,19.097961,15.701294,2.9010181,140.00662,158.32619,121.72288,35.343246,0.93916726,,,0.60610783,293.36084,rs
2024-05-11 19:00:00,1011.92725,18.948975,15.680908,3.0938964,142.234,141.71272,137.5551,35.33003,0.9501883,,,0.6772937,287.58038,rs
2024-05-11 20:00:00,1012.0506,18.626312,15.661926,3.2405393,142.45291,128.8849,131.36742,35.17726,0.95311433,,,0.6480893,273.38266,rs
2024-05-11 21:00:00,1012.26245,18.144165,15.588013,3.311632,141.59654,111.30545,109.80967,34.91731,0.9440579,,,0.6270392,254.62498,rs
2024-05-11 22:00:00,1012.45807,17.943237,15.791718,3.6788774,143.32529,100.546135,118.461586,34.973896,0.93351513,,,0.59030396,250.21915,rs
2024-05-11 23:00:00,1012.82654,17.764221,15.736816,3.847368,139.35292,103.120926,116.36382,34.848003,0.9195556,,,0.5150441,228.98706,rs
2024-05-12 00:00:00,1013.14545,17.644714,15.6996155,3.8813746,135.36563,100.48532,112.53947,34.786537,0.9185559,,,0.471728,213.96498,rs
2024-05-12 01:00:00,1013.4553,17.562714,15.588989,3.9212334,132.06491,94.53332,111.085266,34.79203,0.91295475,,,0.43391693,203.7358,rs
2024-05-12 02:00:00,1012.95416,17.4393,15.514069,3.952623,128.97382,83.652374,100.35891,34.757442,0.9189254,,,0.47422576,200.6862,rs
2024-05-12 03:00:00,1012.6947,17.275269,15.433594,3.9475224,126.2464,76.91705,93.851326,34.795025,0.92411596,,,0.5552646,206.11617,rs
2024-05-12 04:00:00,1012.3361,17.212372,15.397522,3.884068,123.7103,76.80324,84.73792,34.911774,0.91824347,,,0.6045076,218.33119,rs
2024-05-12 05:00:00,1012.0656,17.157257,15.356079,3.805163,122.01001,73.03635,79.69735,35.059727,0.9311472,,,0.6987262,232.8757,rs
2024-05-12 06:00:00,1011.46783,17.088623,15.355255,3.722171,121.02794,70.54555,78.241615,35.18134,0.92953295,,,0.7197731,247.8163,rs
2024-05-12 07:00:00,1010.7712,16.997955,15.303497,3.646637,120.41954,72.18896,79.686485,35.24092,0.9371855,,,0.71289706,260.55408,rs
2024-05-12 08:00:00,1010.3454,16.975006,15.327545,3.5719743,118.86012,71.791824,84.07078,35.232006,0.95879483,,,0.772873,268.3116,rs
2024-05-12 09:00:00,1010.36884,16.947388,15.304749,3.4890115,116.9751,66.98474,70.061905,35.140167,0.9559067,,,0.8176177,271.09418,rs
2024-05-12 10:00:00,1010.6587,16.945312,15.165527,3.7692592,113.10687,77.392006,109.01962,36.0152,0.9618374,,,0.831381,277.44226,rs
2024-05-12 11:00:00,1011.02655,17.08789,15.234985,3.7579782,110.739746,88.95096,114.66779,36.223637,0.95458156,,,0.82332504,284.9098,rs
2024-05-12 12:00:00,1011.2813,17.406738,15.427155,3.6504827,106.98796,93.84914,130.85463,36.486706,0.9550228,,,0.75155365,300.20483,rs
2024-05-12 13:00:00,1011.4451,17.683075,15.558777,3.531884,103.778305,95.73229,107.34914,36.723255,0.94247824,,,0.6838834,312.55582,rs
2024-05-12 14:00:00,1010.98883,18.013275,15.776306,3.3603718,100.65677,86.95142,119.68116,36.85837,0.9518687,,,0.68329227,324.1374,rs
2024-05-12 15:00:00,1010.53076,18.394562,16.0383,3.112392,96.89632,84.395966,130.68134,36.98022,0.9558855,,,0.6472034,336.2483,rs
2024-05-12 16:00:00,1009.5704,18.57251,16.168823,2.6478546,96.03998,79.5205,125.73074,36.92178,0.97176397,,,0.6251682,344.31854,rs
2024-05-12 17:00:00,1008.9517,18.575256,16.265503,2.2015638,98.40849,70.70853,133.17331,36.771793,0.96851146,,,0.58021307,346.5551,rs
2024-05-12 18:00:00,1008.7163,18.565033,16.34195,1.8433565,105.2115,63.726234,109.38237,36.589283,0.9633336,,,0.5751544,346.62964,rs
2024-05-12 19:00:00,1008.6717,18.41446,16.379944,1.5362988,114.55014,62.022835,184.80017,36.264206,0.96103513,,,0.7575914,344.71143,rs
2024-05-12 20:00:00,1009.0891,18.192444,16.334564,1.4000763,130.0266,56.589703,146.91772,35.917683,0.9565675,,,0.7189124,338.53186,rs
2024-05-12 21:00:00,1009.2176,17.820648,16.238708,1.4003959,145.974,49.579216,141.4164,35.482765,0.96786374,,,0.67618465,331.05615,rs
2024-05-12 22:00:00,1009.4589,17.585632,16.267365,1.7242234,170.89792,66.50885,131.3383,35.125378,0.9795554,,,0.6704801,347.68607,rs
2024-05-12 23:00:00,1009.8398,17.367798,16.1557,2.1816688,179.98773,56.3058,124.53552,34.289085,0.98204464,,,0.62694883,334.84924,rs
2024-05-13 00:00:00,1010.6687,17.196472,16.009949,2.660157,183.50119,45.596577,132.8773,33.442474,0.98144704,,,0.5692806,318.74777,rs
2024-05-13 01:00:00,1011.04346,16.978973,15.836365,3.1113656,187.41489,39.524582,145.22095,32.597485,0.98278534,,,0.5117761,310.54422,rs
2024-05-13 02:00:00,1011.12756,16.700958,15.56839,3.5525317,190.01093,36.884205,95.517845,31.68994,0.98329717,,,0.5121853,304.2868,rs
2024-05-13 03:00:00,1011.54565,16.282837,15.142975,3.9307778,191.75815,33.65622,106.85739,30.772575,0.99182194,,,0.4675653,298.685,rs
2024-05-13 04:00:00,1011.6219,16.01117,14.891022,4.2471094,193.39545,31.82514,49.908016,29.749165,0.9905406,,,0.44178608,293.14294,rs
2024-05-13 05:00:00,1012.16315,15.7916565,14.613525,4.6569595,194.96078,28.008389,42.165173,28.69334,0.9849619,,,0.36009252,288.6476,rs
2024-05-13 06:00:00,1012.35547,15.390717,14.122772,5.049591,196.24469,23.153076,18.999084,27.586655,0.97390777,,,0.28071994,283.07397,rs
2024-05-13 07:00:00,1012.58057,15.088074,13.738342,5.425158,197.08945,20.690588,98.89689,26.499851,0.9625233,,,0.24168618,279.6602,rs
2024-05-13 08:00:00,1012.96075,14.806213,13.384369,5.7570305,197.0327,19.967613,204.24483,25.46203,0.94888186,,,0.17762113,273.19214,rs
2024-05-13 09:00:00,1013.59595,14.540375,13.031158,5.9896126,196.46643,20.303354,198.94736,24.445124,0.92530304,,,0.12969394,265.06464,rs
2024-05-13 10:00:00,1014.53107,14.220306,12.621582,6.0367627,191.63985,28.608109,177.72862,24.406548,0.93746233,,,0.107356355,255.60767,rs
2024-05-13 11:00:00,1015.40906,14.08194,12.356934,6.097251,190.95833,25.585974,94.78284,23.56163,0.9164335,,,0.09620796,240.84042,rs
2024-05-13 12:00:00,1016.34546,14.263916,12.189026,6.3066306,189.40399,22.068966,14.45845,22.81302,0.8851729,,,0.09355945,226.43376,rs
2024-05-13 13:00:00,1017.1297,14.554169,12.028931,6.54038,187.24014,18.867544,27.74481,22.236568,0.88980454,,,0.09577361,212.39587,rs
2024-05-13 14:00:00,1017.55334,14.786713,11.796722,6.547579,186.89072,16.91193,36.367203,21.787352,0.85804415,,,0.08893675,205.3173,rs
2024-05-13 15:00:00,1017.1979,15.03363,11.580811,6.4018083,187.73605,15.850536,14.785458,21.372894,0.8513884,,,0.08424126,199.0674,rs
2024-05-13 16:00:00,1017.31104,15.126984,11.390839,6.445804,189.11127,15.624068,60.73631,21.004286,0.8511949,,,0.08257704,197.33873,rs
2024-05-13 17:00:00,1016.6925,15.0928955,11.13678,6.4396386,190.8566,17.295317,127.914085,20.593565,0.8275963,,,0.07619413,196.48709,rs
2024-05-13 18:00:00,1017.31213,15.024506,10.90506,6.529491,191.21246,17.585508,75.54484,20.16125,0.8105434,,,0.080805235,193.585,rs
2024-05-13 19:00:00,1017.62103,14.861938,10.662384,6.5201473,191.1513,19.335041,88.37361,19.645494,0.799748,,,0.14569259,187.87714,rs
2024-05-13 20:00:00,1018.10345,14.469421,10.300964,6.299684,191.20425,20.754776,67.55726,19.05538,0.74825585,,,0.1622044,179.35686,rs
2024-05-13 21:00:00,1018.7425,13.723846,9.870728,5.962646,191.3346,19.575373,50.573772,18.41245,0.71058935,,,0.15243146,169.14001,rs
2024-05-13 22:00:00,1019.35693,12.94281,9.58429,5.839453,191.03654,16.762932,52.32392,17.962313,0.6337197,,,0.14159144,163.4518,rs
2024-05-13 23:00:00,1020.01874,12.511108,9.350433,5.647126,191.54941,13.83178,76.27137,17.311285,0.61495227,,,0.12667787,153.9763,rs
2024-05-14 00:00:00,1020.7163,12.015289,9.087311,5.4221907,192.78651,12.4373255,70.86674,16.685307,0.6215405,,,0.10274325,145.43095,rs
2024-05-14 01:00:00,1021.40686,11.617218,8.811768,5.216219,194.15944,10.710741,81.4063,16.098398,0.53255635,,,0.08041287,137.41887,rs
2024-05-14 02:00:00,1021.5849,11.285675,8.482422,4.9894214,196.9837,8.679753,82.07503,15.524421,0.5465122,,,0.07236015,131.63068,rs
2024-05-14 03:00:00,1021.8337,10.892822,8.0555725,4.797108,200.51752,7.95014,69.66302,14.988191,0.5448674,,,0.0653889,127.15825,rs
2024-05-14 04:00:00,1021.81415,10.592377,7.791748,4.7092295,204.03632,7.440121,72.00477,14.457859,0.52541053,,,0.06974444,124.76969,rs
2024-05-14 05:00:00,1021.85486,10.279114,7.5199585,4.6630607,207.0296,6.4044733,52.160294,13.95388,0.49897203,,,0.059962295,123.52815,rs
2024-05-14 06:00:00,1022.0076,9.93335,7.2025757,4.6592083,209.5969,5.913327,64.199425,13.4875,0.49075997,,,0.046215788,123.46465,rs
2024-05-14 07:00:00,1021.83704,9.619446,7.029541,4.628603,212.14383,5.396202,,13.031698,0.48032972,,,0.040442813,123.87752,rs
2024-05-14 08:00:00,1022.07556,9.325806,6.798218,4.61081,214.41075,4.4114633,,12.600856,0.47065622,,,0.035068996,124.29412,rs
2024-05-14 09:00:00,1022.3477,9.115143,6.643219,4.515913,216.42851,3.572577,,12.201933,0.44644156,,,0.032026127,123.889084,rs
2024-05-14 10:00:00,1022.9105,9.1189575,6.588257,4.5870547,218.19666,2.5496273,,12.4915495,0.43905413,,,0.029359214,133.60173,rs
2024-05-14 11:00:00,1023.57947,9.22641,6.710663,4.629905,219.19368,2.22274,,12.169775,0.42601177,,,0.025578026,133.68137,rs
2024-05-14 12:00:00,1024.1543,10.213013,7.2312317,4.70695,217.70529,1.9983691,,11.909268,0.47626808,,,0.025862794,132.9437,rs
2024-05-14 13:00:00,1024.4957,11.23587,7.4931335,4.9254827,216.99898,2.1495807,2.250123,11.721029,0.50943375,,,0.023609439,132.98735,rs
2024-05-14 14:00:00,1024.2244,12.171448,7.460388,5.0682955,217.71042,2.879427,34.687542,11.588626,0.55921537,,,0.027516212,134.24092,rs
2024-05-14 15:00:00,1023.7234,13.102905,7.324829,5.208335,218.31111,3.747903,32.830338,11.4754,0.58414614,,,0.03116542,136.01312,rs
2024-05-14 16:00:00,1022.9211,13.5589905,7.1176147,5.2268906,220.37099,4.1086907,41.50148,11.359725,0.60745525,,,0.032607663,136.5214,rs
2024-05-14 17:00:00,1022.1857,13.887726,6.909912,5.2678833,222.05005,3.7050326,39.781364,11.240677,0.6125634,,,0.026394736,136.39684,rs
2024-05-14 18:00:00,1021.6658,14.016663,6.758362,5.1634154,224.16487,3.5753727,29.19727,11.105796,0.6300249,,,0.015227148,134.97028,rs
2024-05-14 19:00:00,1021.6907,13.947235,6.5444946,5.0263352,224.66531,3.5276096,46.5412,10.952887,0.6244157,,,0.013760908,133.00575,rs
2024-05-14 20:00:00,1021.5235,13.258392,6.4868164,4.531691,226.18277,3.3661463,27.292969,10.738017,0.56526107,,,0.012042694,130.27159,rs
2024-05-14 21:00:00,1021.69836,11.919342,6.641876,3.9030008,231.6207,3.2219245,42.28609,10.4494095,0.56097656,,,0.011476356,127.47958,rs
2024-05-14 22:00:00,1021.7701,10.649048,6.6572876,3.9884784,229.73674,3.6872087,41.543537,10.040602,0.5886845,,,0.0104164705,131.12816,rs
2024-05-14 23:00:00,1022.0162,10.163208,6.514801,3.874548,233.01358,2.7273998,55.607872,9.703196,0.61817545,,,0.0089958245,127.57185,rs
2024-05-15 00:00:00,1022.2968,9.798523,6.4428406,3.799508,234.84702,2.2742312,49.31253,9.417141,0.6598813,,,0.008059926,124.843124,rs
2024-05-15 01:00:00,1022.526,9.533478,6.3277893,3.799505,237.48407,2.1841798,,9.195342,0.69999224,,,0.006840858,124.28183,rs
2024-05-15 02:00:00,1022.59595,9.32724,6.2414246,3.864936,239.56984,2.5314538,,9.014273,0.6870371,,,0.006574487,124.95218,rs
2024-05-15 03:00:00,1022.712,8.8703,5.983032,3.8921206,240.99469,2.6050792,,8.848217,0.72511053,,,0.00562019,125.08381,rs
2024-05-15 04:00:00,1022.4143,8.528595,5.7869263,3.9097202,241.93642,2.4650512,,8.680602,0.7410115,,,0.0036312062,124.62417,rs
2024-05-15 05:00:00,1022.15515,8.199829,5.607086,3.880233,241.60072,2.2804055,,8.525554,0.7219384,,,0.0019417894,123.32064,rs
2024-05-15 06:00:00,1021.8502,7.8468018,5.3659363,3.815557,241.4627,1.9961556,,8.385761,0.69678116,,,0.0017238131,121.028755,rs
2024-05-15 07:00:00,1021.50616,7.5735474,5.1260986,3.7221122,242.39304,1.3901445,,8.253382,0.67877066,,,0.001207069,118.31637,rs
2024-05-15 08:00:00,1021.1825,7.3634033,4.9772644,3.6003203,244.54799,0.9157735,,8.131178,0.61061233,,,0.0008815043,115.45341,rs
2024-05-15 09:00:00,1021.2019,7.1571655,4.86322,3.399061,246.89833,0.9415191,,8.026296,0.5313259,,,0.00036156076,111.89731,rs
2024-05-15 10:00:00,1021.6355,7.453491,4.9391785,3.2841449,244.74695,0.40936625,,8.09296,0.44060272,,,0.00024957294,109.39382,rs
2024-05-15 11:00:00,1021.94867,7.741913,5.1540527,3.086758,246.32877,0.67870456,,8.084816,0.34796876,,,0.0007031237,106.668205,rs
2024-05-15 12:00:00,1022.15857,9.122589,6.0036926,2.9243238,246.63406,0.8272367,,8.146626,0.28315073,,,0.00093669834,104.46003,rs
2024-05-15 13:00:00,1022.04614,10.63443,6.263275,2.9505215,244.78796,0.8769804,,8.305812,0.29151726,,,0.0011474754,104.20649,rs
2024-05-15 14:00:00,1021.66656,12.120514,6.0436096,3.0465074,244.70512,0.7826188,,8.558938,0.31907675,,,0.001041087,105.26285,rs
2024-05-15 15:00:00,1021.0499,13.582367,5.7943115,3.0579622,244.36243,0.81069434,,8.8763075,0.37512365,,,0.0012390655,107.05167,rs
2024-05-15 16:00:00,1020.1587,14.30777,5.505951,3.010415,246.3888,0.77854145,,9.2312975,0.4115672,,,0.0015910275,109.51858,rs
2024-05-15 17:00:00,1019.23456,14.855621,5.441101,2.9201078,249.07355,0.8491379,,9.587143,0.43150583,,,0.0015894276,111.175964,rs
2024-05-15 18:00:00,1018.55786,15.127563,5.5040283,2.8017433,251.78221,0.88863003,,9.9159355,0.4396455,,,0.0013630522,111.4279,rs
2024-05-15 19:00:00,1018.306,15.012939,5.611145,2.6110404,253.66249,0.84762347,,10.200504,0.41869769,,,0.0009662952,109.77683,rs
2024-05-15 20:00:00,1018.04065,14.468353,6.044403,2.2907841,252.2052,0.7254194,,10.429428,0.44008675,,,0.0005735378,106.90597,rs
2024-05-15 21:00:00,1017.9082,12.836456,6.344635,2.0883417,251.77225,0.63571763,,10.630439,0.4668199,,,0.00034956206,103.27956,rs
2024-05-15 22:00:00,1017.8565,11.224915,6.678772,1.903161,249.19168,0.20118825,,10.544593,0.5022662,,,0.0002543724,104.614876,rs
2024-05-15 23:00:00,1017.7625,10.692261,6.5598755,1.6300415,249.85727,0.19012116,,10.899013,0.54542553,,,7.8391495e-05,104.65988,rs
2024-05-27 00:00:00,1025.5562,11.659637,8.036041,3.34514,113.12044,5.571179,,15.974147,0.77530485,,,0.023885408,69.15464,rs
2024-05-27 01:00:00,1025.6729,11.6539,8.188965,3.3176715,109.2453,6.8009086,,16.621376,0.8218809,,,0.03290843,80.592636,rs
2024-05-27 02:00:00,1025.5532,11.490784,8.320953,3.278888,105.79936,8.490447,,17.297709,0.84835875,,,0.03834144,91.98768,rs
2024-05-27 03:00:00,1025.3363,11.391602,8.459381,3.1652627,102.71387,9.66589,,17.989496,0.8474956,,,0.04544947,103.285194,rs
2024-05-27 04:00:00,1025.0405,11.42807,8.617828,3.1300821,100.25716,10.583877,,18.653906,0.88863885,,,0.07138186,113.16822,rs
2024-05-27 05:00:00,1024.7323,11.487946,8.820709,3.1109743,100.04941,10.510135,,19.28822,0.91317815,,,0.09241837,118.93807,rs
2024-05-27 06:00:00,1024.1031,11.560303,9.108887,3.0189629,98.928345,11.96878,,19.89365,0.92624974,,,0.12766856,123.790276,rs
2024-05-27 07:00:00,1023.3943,11.646515,9.308594,2.9472046,99.67038,14.669152,3.8647308,20.450626,0.9404759,,,0.1991744,126.20383,rs
2024-05-27 08:00:00,1023.23596,11.697571,9.518097,2.8783274,100.5011,15.575024,20.38806,20.967201,0.94954616,,,0.2722385,126.75027,rs
2024-05-27 09:00:00,1023.0385,11.771393,9.69342,2.8135371,101.626236,15.923462,67.44452,21.427681,0.961779,,,0.30679074,126.76913,rs
2024-05-27 10:00:00,1023.35986,12.003204,10.048096,2.8810341,101.942,35.010483,94.36065,22.72428,0.96195287,,,0.39286298,132.8676,rs
2024-05-27 11:00:00,1023.4833,12.115204,10.252869,2.8011758,101.300705,43.939888,93.64723,23.05973,0.94796026,,,0.4463636,135.19736,rs
2024-05-27 12:00:00,1023.68085,12.309418,10.508545,2.7539866,100.493515,49.51654,56.65625,23.39634,0.96033907,,,0.5375593,141.17886,rs
2024-05-27 13:00:00,1023.7851,12.670258,10.754486,2.614739,97.27362,48.1829,37.671917,23.702745,0.9730326,,,0.5861404,150.5331,rs
2024-05-27 14:00:00,1023.56104,13.091614,11.048431,2.4338882,94.31879,49.211555,39.913475,23.947155,0.97260803,,,0.6158964,158.97261,rs
2024-05-27 15:00:00,1022.72375,13.474335,11.336945,2.2410827,92.472275,52.722507,48.69892,24.04728,0.97490597,,,0.6484009,162.75565,rs
2024-05-27 16:00:00,1021.7516,13.586426,11.359436,1.9941909,91.85266,57.78448,69.791985,24.029715,0.98744005,,,0.6930896,163.22444,rs
2024-05-27 17:00:00,1020.62836,13.572571,11.168091,1.6919503,96.15016,58.11906,64.331856,23.8973,0.9925761,,,0.7904862,158.48282,rs
2024-05-27 18:00:00,1020.1446,13.426239,11.00061,1.4030772,97.7507,57.107758,63.095245,23.65333,0.9960389,,,0.85408896,153.55914,rs
2024-05-27 19:00:00,1019.70026,13.325409,10.925781,1.1036227,102.637726,51.151676,14.346668,23.236897,0.9946731,,,1.1581216,142.82635,rs
2024-05-27 20:00:00,1019.96783,13.039307,10.838928,0.8458868,107.28438,45.22484,8.81765,22.734066,0.99171114,,,1.2529001,129.75845,rs
2024-05-27 21:00:00,1019.8732,12.621857,10.655243,0.5761715,119.04349,42.089935,8.706481,22.079472,0.9858361,,,1.3288463,112.77952,rs
2024-05-27 22:00:00,1019.9721,12.171539,10.484375,0.6043275,156.06363,35.34972,14.263537,21.51368,0.9757442,,,1.3089188,87.83702,rs
2024-05-27 23:00:00,1020.08057,11.997742,10.35141,0.68190527,178.93799,28.790424,36.344543,20.72395,0.9731473,,,1.2605417,66.15461,rs
2024-05-28 00:00:00,1020.12,11.793976,10.165222,0.8684002,203.61562,29.179752,43.601204,19.908175,0.95549107,,,1.210875,44.863873,rs
2024-05-28 01:00:00,1020.07056,11.549438,9.909424,1.2296473,218.90698,29.77365,55.11311,19.08455,0.9468018,,,1.2052325,24.029274,rs
2024-05-28 02:00:00,1019.79517,11.203369,9.530701,1.6786239,227.54726,29.68686,29.6173,18.244678,0.9269036,,,1.2203108,8.069846,rs
2024-05-28 03:00:00,1019.872,10.72406,8.962952,2.0255659,230.19656,26.619059,33.791553,17.44274,0.91693753,,,1.1624875,18.194513,rs
2024-05-28 04:00:00,1019.7534,10.49704,8.742371,2.2496212,231.27213,26.58644,40.87653,16.755701,0.8954014,,,1.0503852,33.635185,rs
2024-05-28 05:00:00,1019.83655,10.248779,8.531433,2.2961888,231.33174,26.571527,44.856113,16.260218,0.8683139,,,0.9373143,47.006966,rs
2024-05-28 06:00:00,1019.4586,10.023163,8.405029,2.3326497,230.90251,25.869524,52.119907,15.928712,0.8364226,,,0.7588993,59.663105,rs
2024-05-28 07:00:00,1019.23267,9.931854,8.298492,2.4333632,229.89793,23.798462,42.25796,15.759758,0.83209634,,,0.5561181,72.49911,rs
2024-05-28 08:00:00,1019.4493,9.799805,8.132629,2.551807,229.15804,21.360321,31.436342,15.759076,0.8189216,,,0.46086523,85.54871,rs
2024-05-28 09:00:00,1019.639,9.761536,8.054962,2.6193118,228.42206,19.554752,21.834759,15.858744,0.8006395,,,0.41989684,97.57028,rs
2024-05-28 10:00:00,1020.3589,9.91095,8.09436,2.6453333,223.9711,16.067451,26.693983,16.661053,0.8260042,,,0.403641,128.00616,rs
2024-05-28 11:00:00,1020.86444,9.935211,8.078339,2.7559772,222.6816,14.405639,25.064922,16.912338,0.81392163,,,0.38212654,138.74074,rs
2024-05-28 12:00:00,1021.3738,10.291107,8.302582,3.0007865,218.7431,15.141542,24.705708,17.219122,0.8337059,,,0.3660707,145.90205,rs
2024-05-28 13:00:00,1022.1225,10.91098,8.566101,3.258525,208.76163,15.450256,29.669846,17.592724,0.8927456,,,0.35254654,151.05647,rs
2024-05-28 14:00:00,1022.3896,11.713806,8.998352,3.2901282,199.25461,16.529123,32.158577,17.981018,0.9045853,,,0.32517433,152.79013,rs
2024-05-28 15:00:00,1022.29486,12.547455,9.43988,3.4255962,190.57193,15.461206,42.458015,18.348675,0.897591,,,0.28489548,155.93457,rs
2024-05-28 16:00:00,1022.04297,13.175232,9.792389,3.4857674,185.80334,15.828402,46.9684,18.65917,0.8930831,,,0.22099362,157.16821,rs
2024-05-28 17:00:00,1021.7385,13.709045,10.026337,3.6416302,183.57846,17.089235,45.303898,18.862747,0.89970416,,,0.1557735,161.28775,rs
2024-05-28 18:00:00,1021.7342,13.933563,10.109863,3.6305175,183.0608,15.796715,43.98094,18.965223,0.88487816,,,0.115286686,164.02882,rs
2024-05-28 19:00:00,1021.70514,13.945465,10.264893,3.5672846,185.21849,14.14527,33.218792,18.981205,0.85041034,,,0.09176445,166.22829,rs
2024-05-28 20:00:00,1022.4521,13.713226,10.359619,3.4744687,187.71501,12.7870455,46.675407,18.925344,0.81273764,,,0.070297174,169.02245,rs
2024-05-28 21:00:00,1022.8629,13.202087,10.358154,3.320876,188.51266,11.7628145,50.960968,18.746763,0.7474042,,,0.048117977,169.67052,rs
2024-05-28 22:00:00,1023.3521,12.661011,10.505249,3.6406045,187.67636,8.45643,45.007458,18.215778,0.6491678,,,0.035095394,174.84676,rs
2024-05-28 23:00:00,1023.65375,12.389618,10.483398,3.5013402,185.28593,7.9340634,39.272804,17.857212,0.5854523,,,0.03180935,168.14302,rs
2024-05-29 00:00:00,1023.9715,12.139618,10.377197,3.3722732,183.20334,8.004892,33.283947,17.429884,0.506494,,,0.025091678,158.38411,rs
2024-05-29 01:00:00,1024.0242,12.050751,10.408325,3.2825265,181.08914,7.699907,24.151907,16.962584,0.4947364,,,0.021444874,148.05762,rs
2024-05-29 02:00:00,1023.97015,11.875061,10.345459,3.1415617,180.36197,7.647484,37.50789,16.494957,0.4744379,,,0.018350009,135.94347,rs
2024-05-29 03:00:00,1024.151,11.53949,10.096619,2.9687414,179.50464,7.0172415,,16.04657,0.42565304,,,0.01511116,122.72246,rs
2024-05-29 04:00:00,1024.1716,11.360321,9.954468,2.8071213,180.445,6.398183,,15.621302,0.45739508,,,0.01741291,110.49866,rs
2024-05-29 05:00:00,1024.2395,11.122437,9.7659,2.6659772,181.87126,6.9496737,57.562683,15.25862,0.44065422,,,0.018124035,99.32604,rs
2024-05-29 06:00:00,1023.9255,11.079498,9.751343,2.6044421,184.24255,7.6978097,,14.946711,0.48361823,,,0.017723277,89.992714,rs
2024-05-29 07:00:00,1023.8688,10.962433,9.657074,2.5678775,185.66006,9.160997,,14.679177,0.50866014,,,0.014763198,82.70215,rs
2024-05-29 08:00:00,1023.8965,10.877991,9.600037,2.5050695,187.19302,9.712488,,14.432589,0.5523297,,,0.014537623,76.57673,rs
2024-05-29 09:00:00,1024.2552,10.829742,9.553131,2.4198058,187.08734,10.675909,104.937515,14.206945,0.5993079,,,0.017526899,71.554726,rs
2024-05-29 10:00:00,1024.6989,11.070221,9.682434,2.365331,183.72021,9.088071,48.593826,14.1376505,0.6910626,,,0.017063348,69.99674,rs
2024-05-29 11:00:00,1025.1947,11.1857605,9.748291,2.258937,181.65195,9.670549,,13.951761,0.7535075,,,0.014684407,64.32294,rs
2024-05-29 12:00:00,1025.6857,11.856964,10.2464905,2.2548778,179.20537,9.519105,57.039078,13.810046,0.7691893,,,0.014229656,59.491825,rs
2024-05-29 13:00:00,1026.1793,12.804596,10.806976,2.3009324,175.90306,8.931034,,13.750064,0.75103784,,,0.015879076,54.35881,rs
2024-05-29 14:00:00,1026.0975,13.911041,11.084503,2.2358031,170.53288,7.0079217,34.601685,13.746681,0.7481245,,,0.016748583,49.288914,rs
2024-05-29 15:00:00,1025.9152,15.206238,11.241547,2.028686,168.08261,7.059413,60.471466,13.786162,0.74092734,,,0.01419686,45.126675,rs
2024-05-29 16:00:00,1025.246,15.827972,11.007568,1.8063016,170.6141,7.198276,59.065758,13.857182,0.7325785,,,0.011825916,43.45845,rs
2024-05-29 17:00:00,1024.5378,16.256989,10.845245,1.6594986,175.98701,7.1761417,56.15405,13.956859,0.75407875,,,0.009536565,43.677544,rs
2024-05-29 18:00:00,1024.1346,16.473236,10.680267,1.5612508,177.23132,7.258155,51.930836,14.039186,0.75526094,,,0.008046727,44.376823,rs
2024-05-29 19:00:00,1023.7447,16.269836,10.599243,1.4313458,173.775,8.0025625,34.922043,14.049549,0.7615485,,,0.0059417556,44.009796,rs
2024-05-29 20:00:00,1024.0996,15.659363,10.7659,1.3030567,170.58063,9.496738,,14.006292,0.71071136,,,0.003529217,42.7787,rs
2024-05-29 21:00:00,1024.0546,14.151337,10.557373,1.2141695,175.05647,9.108807,,13.885972,0.65436274,,,0.0022909516,40.47838,rs
2024-05-29 22:00:00,1024.4087,13.081726,10.323669,1.4077504,165.76608,2.8380709,,13.530661,0.5552275,,,0.0021173703,37.800243,rs
2024-05-29 23:00:00,1024.4126,12.596558,10.0989685,1.2480615,157.37836,2.502097,,13.3437805,0.49369085,,,0.004047561,32.8873,rs
2024-05-30 00:00:00,1024.4692,12.131744,9.86142,1.1136973,146.74731,1.8159367,,13.143479,0.45184654,,,0.004285535,27.254093,rs
2024-05-30 01:00:00,1024.5219,11.769775,9.60907,0.9460401,140.95833,1.3457595,,12.961905,0.46372893,,,0.0038855786,23.021399,rs
2024-05-30 02:00:00,1024.4413,11.34668,9.301239,0.73206186,139.60156,1.1626282,,12.808107,0.48656806,,,0.003069267,21.473595,rs
2024-05-30 03:00:00,1024.4543,10.772339,8.942596,0.5875131,143.37204,1.1632106,,12.681009,0.49652857,,,0.002782898,23.109272,rs
2024-05-30 04:00:00,1024.0776,10.499756,8.733154,0.4631579,150.85144,1.3243244,,12.583604,0.47594565,,,0.003936373,26.73326,rs
2024-05-30 05:00:00,1024.4064,10.232056,8.584442,0.48655713,164.57939,1.5117661,,12.533853,0.43742368,,,0.0038599814,32.092648,rs
2024-05-30 06:00:00,1023.8178,9.844482,8.270905,0.51477426,178.11813,1.9037745,,12.503557,0.46856052,,,0.0031024634,37.004185,rs
2024-05-30 07:00:00,1023.8103,9.592041,8.060272,0.5935943,186.90063,2.0153775,,12.491425,0.46662953,,,0.0028148945,41.922527,rs
2024-05-30 08:00:00,1023.5904,9.4157715,7.90329,0.58074516,192.4209,2.0598788,,12.466777,0.5114412,,,0.003346037,45.4896,rs
2024-05-30 09:00:00,1023.7568,9.295441,7.7776184,0.5519334,196.01776,2.336207,,12.436098,0.52045697,,,0.0038507823,47.771126,rs
2024-05-30 10:00:00,1024.4691,9.443481,7.849121,0.53425527,172.30919,0.88525164,,12.253302,0.5367423,,,0.004865072,45.39648,rs
2024-05-30 11:00:00,1024.9192,9.57309,7.9849243,0.4107395,164.32025,1.2007222,,12.227324,0.5284072,,,0.004230741,45.629684,rs
2024-05-30 12:00:00,1025.2954,10.816986,8.973328,0.27332434,162.66853,1.4144921,,12.245124,0.48342505,,,0.0039507714,45.886814,rs
2024-05-30 13:00:00,1025.4672,12.321991,9.831512,0.2046931,191.58609,2.0597622,,12.326428,0.446771,,,0.0031180617,46.65163,rs
2024-05-30 14:00:00,1025.2281,13.97467,10.396942,0.2168838,260.633,2.9213653,,12.451502,0.35752225,,,0.0023941402,48.135574,rs
2024-05-30 15:00:00,1024.7281,15.632202,10.702301,0.38072324,276.47583,2.9261417,,12.604336,0.30158556,,,0.0023933402,50.0612,rs
2024-05-30 16:00:00,1024.0397,16.485535,10.7682495,0.5488347,274.66663,1.8264213,,12.766999,0.29403824,,,0.0021693646,52.836044,rs
2024-05-30 17:00:00,1023.23,17.250183,10.593079,0.68557817,270.32892,1.0660532,,12.916957,0.27740514,,,0.0022837522,55.913036,rs
2024-05-30 18:00:00,1022.81335,17.540009,10.511597,0.69590175,258.6512,0.90109503,,13.049854,0.2799706,,,0.0023757422,57.69581,rs
2024-05-30 19:00:00,1022.7728,17.447968,10.547577,0.6719379,232.18314,1.06815,,13.137172,0.24507444,,,0.0019029934,59.107697,rs
2024-05-30 20:00:00,1023.03925,16.784668,10.865326,0.85543543,205.15793,1.4596925,,13.134775,0.21312496,,,0.0022653542,58.25728,rs
2024-05-30 21:00:00,1023.59125,14.907013,10.693451,1.1357219,165.68091,1.3421482,,13.057376,0.19087052,,,0.0016622196,55.261776,rs
2024-05-30 22:00:00,1023.7829,13.578735,10.617462,1.235266,156.14786,0.9652842,,12.715625,0.18983142,,,0.0011734727,53.627335,rs
2024-05-30 23:00:00,1024.1655,13.091705,10.448547,1.159637,143.58752,0.8115098,,12.623075,0.19060238,,,0.0010254887,50.05278,rs
