datetime,MSLP_hPa,T2m_C,Td2m_C,vento_ms,vento_dir,CAPE_Jkg,CIN_Jkg,TCWV_mm,TCC,Kindex,TotalTotals,PRECIP_mm_h,IVT_kg_m_s,dominio
2024-04-01 00:00:00,1014.59814,21.686707,17.500854,3.8503387,124.40167,181.35823,304.64227,35.00611,0.769051,,,0.1028885,87.89243,caixa
2024-04-01 01:00:00,1014.9869,21.396515,17.387817,3.753458,119.12988,163.68936,299.87756,35.12778,0.7939458,,,0.113308385,86.00583,caixa
2024-04-01 02:00:00,1015.04095,21.151001,17.277191,3.6432052,114.6198,154.27196,276.6823,35.270775,0.78547287,,,0.13469696,95.41542,caixa
2024-04-01 03:00:00,1015.16974,20.888062,17.15216,3.564597,110.71573,143.83606,267.56207,35.45146,0.79622436,,,0.15838552,107.41365,caixa
2024-04-01 04:00:00,1015.0588,20.709991,17.09848,3.4612541,108.03929,132.76457,256.23517,35.65016,0.8027215,,,0.1840703,121.27044,caixa
2024-04-01 05:00:00,1015.0681,20.410645,17.000397,3.4317477,107.10788,121.74691,230.9878,35.831703,0.8074617,,,0.272477,130.16751,caixa
2024-04-01 06:00:00,1014.57166,20.098785,16.976776,3.4078476,107.11548,116.899,224.94708,35.949776,0.7855737,,,0.33290106,136.76334,caixa
2024-04-01 07:00:00,1014.1068,19.91037,16.990356,3.3820314,107.83217,111.69455,265.40106,36.04236,0.77236503,,,0.30568284,143.07423,caixa
2024-04-01 08:00:00,1013.8975,19.721497,16.99176,3.454831,107.55267,104.31845,264.30518,36.14437,0.7368903,,,0.34281966,144.22115,caixa
2024-04-01 09:00:00,1013.9975,19.609741,16.951202,3.5144756,106.36444,96.21316,258.98853,36.28388,0.72490764,,,0.3424227,144.73727,caixa
2024-04-01 10:00:00,1014.1929,19.820068,16.962524,3.3304799,105.51936,68.74586,241.49358,36.64896,0.7298605,,,0.3397209,132.50822,caixa
2024-04-01 11:00:00,1014.5856,20.171143,17.118408,3.5780907,101.55791,68.32872,241.73802,36.84322,0.7125046,,,0.38162196,133.88821,caixa
2024-04-01 12:00:00,1015.02057,20.725464,17.178925,3.5561123,97.84503,85.34329,342.59756,37.11036,0.6840199,,,0.4142218,139.51083,caixa
2024-04-01 13:00:00,1015.11743,21.215332,17.182068,3.4760966,92.8421,110.51478,390.92215,37.4177,0.652721,,,0.42224884,146.27777,caixa
2024-04-01 14:00:00,1014.89166,21.916718,17.123962,3.2855356,87.90042,144.18327,333.88846,37.77695,0.6520015,,,0.4183618,158.77455,caixa
2024-04-01 15:00:00,1014.7159,22.653381,17.17212,2.9725237,85.545044,178.09198,270.85745,38.161636,0.66377723,,,0.4440448,172.96227,caixa
2024-04-01 16:00:00,1014.0413,22.960968,17.23938,2.7226179,86.14148,209.86357,223.31116,38.464405,0.6918279,,,0.48625907,182.2728,caixa
2024-04-01 17:00:00,1013.59393,23.32077,17.281189,2.504531,89.98633,245.99586,189.2088,38.690212,0.7078539,,,0.5408773,187.4947,caixa
2024-04-01 18:00:00,1013.0811,23.35083,17.341614,2.4089212,96.28929,260.8024,173.72078,38.76385,0.70365626,,,0.64054704,186.3723,caixa
2024-04-01 19:00:00,1012.81647,23.199951,17.385895,2.503198,102.868866,271.49817,187.01622,38.75802,0.7273972,,,0.54568905,181.51846,caixa
2024-04-01 20:00:00,1012.7807,22.80127,17.525238,2.7322445,107.40036,285.41583,236.8598,38.668068,0.7422736,,,0.5024115,171.56793,caixa
2024-04-01 21:00:00,1012.9545,22.155243,17.595703,2.9146073,108.44238,334.18417,267.34695,38.542927,0.74680746,,,0.43454656,158.18387,caixa
2024-04-01 22:00:00,1013.0315,21.273224,17.70929,3.0497134,111.906586,224.9055,262.97537,37.684174,0.7223558,,,0.38348648,156.70636,caixa
2024-04-01 23:00:00,1013.4879,20.838684,17.6268,3.0827878,111.09697,200.21599,255.8778,37.511417,0.729448,,,0.3479756,145.95216,caixa
2024-04-02 00:00:00,1013.8258,20.643555,17.572083,3.0349252,109.1416,187.97589,246.23349,37.320217,0.7059009,,,0.32662913,135.93573,caixa
2024-04-02 01:00:00,1013.9224,20.447113,17.489471,2.8647203,107.113266,185.53993,235.10504,37.12512,0.6714054,,,0.3183955,131.0645,caixa
2024-04-02 02:00:00,1013.7026,20.193176,17.380493,2.6581972,105.62929,186.40492,224.09149,36.886375,0.6518941,,,0.30963215,127.94428,caixa
2024-04-02 03:00:00,1013.9599,19.872498,17.24942,2.349208,106.812836,192.51305,211.33368,36.634888,0.6081952,,,0.3065534,132.8268,caixa
2024-04-02 04:00:00,1013.76794,19.687592,17.189941,2.0072908,109.79083,205.8758,204.45148,36.33269,0.57722193,,,0.30220518,142.18364,caixa
2024-04-02 05:00:00,1013.66876,19.415192,17.077728,1.7580293,117.32593,218.06808,190.23972,35.97952,0.53348583,,,0.29817653,152.08664,caixa
2024-04-02 06:00:00,1013.4839,19.078644,16.882568,1.5553384,128.06638,220.33035,181.88019,35.519405,0.50918204,,,0.29879984,162.51689,caixa
2024-04-02 07:00:00,1013.1016,18.954895,16.848236,1.5048393,143.72119,226.70193,199.47812,34.93562,0.49518937,,,0.3710725,173.2964,caixa
2024-04-02 08:00:00,1012.9921,18.810242,16.766724,1.6604133,154.19519,224.8846,211.9399,34.24864,0.4996469,,,0.34066722,176.26047,caixa
2024-04-02 09:00:00,1013.3015,18.676422,16.6792,1.8555748,160.0405,221.04716,224.49751,33.521187,0.48882324,,,0.27532884,175.05237,caixa
2024-04-02 10:00:00,1013.64166,18.813751,16.731232,2.0299428,165.07736,187.72191,233.8692,32.901943,0.56013423,,,0.20596775,169.55641,caixa
2024-04-02 11:00:00,1014.0605,19.19629,16.894867,2.309077,164.85596,179.43428,269.26065,32.216606,0.52786446,,,0.13469948,164.65005,caixa
2024-04-02 12:00:00,1014.37396,20.003265,17.16809,2.3807168,166.66113,197.28307,275.68982,31.642021,0.53223515,,,0.09357344,161.03499,caixa
2024-04-02 13:00:00,1014.4214,20.781433,17.28186,2.414196,167.88065,216.54073,280.7447,31.192135,0.5050638,,,0.08422276,157.72339,caixa
2024-04-02 14:00:00,1014.0787,21.6521,17.262482,2.3709512,169.13788,230.72212,286.544,30.856089,0.5280298,,,0.08570185,156.92424,caixa
2024-04-02 15:00:00,1013.6046,22.471619,17.309113,2.3518224,170.43732,248.63858,272.50653,30.617407,0.5477226,,,0.08092665,155.311,caixa
2024-04-02 16:00:00,1013.014,23.288696,17.188904,2.387643,172.87796,275.03156,268.6671,30.419071,0.5703482,,,0.073739536,155.27617,caixa
2024-04-02 17:00:00,1012.3858,23.709167,17.20929,2.4745817,171.71475,294.1576,267.59637,30.219372,0.5657457,,,0.058896046,152.00096,caixa
2024-04-02 18:00:00,1011.84015,23.864532,17.244781,2.553866,168.70326,286.95404,272.85422,29.991613,0.56493115,,,0.04816847,146.88159,caixa
2024-04-02 19:00:00,1011.4121,23.866943,17.224579,2.632295,162.37076,269.98297,325.61902,29.753551,0.53318375,,,0.03382017,137.53642,caixa
2024-04-02 20:00:00,1011.2857,23.62613,17.235077,2.697194,153.38524,255.12468,360.6543,29.490097,0.49075642,,,0.02345283,123.83667,caixa
2024-04-02 21:00:00,1011.264,22.903992,17.229584,2.6899364,148.03427,262.33307,395.38702,29.181728,0.4208739,,,0.016172158,108.107086,caixa
2024-04-02 22:00:00,1011.23334,21.662567,17.223114,2.877558,139.7011,194.84581,406.9034,28.591984,0.31643057,,,0.012462544,95.261086,caixa
2024-04-02 23:00:00,1011.56213,21.143677,17.16571,2.9480615,129.72804,160.74901,446.3129,28.297483,0.27299097,,,0.010533962,73.7031,caixa
2024-04-03 00:00:00,1011.93744,20.827362,17.019562,2.9223475,119.52768,132.31514,488.1919,28.050186,0.25125754,,,0.009768144,53.66289,caixa
2024-04-03 01:00:00,1012.1191,20.567047,16.892944,2.8110535,108.58554,114.860954,541.2302,27.867426,0.20150663,,,0.008746453,37.622967,caixa
2024-04-03 02:00:00,1012.11505,20.294891,16.783447,2.6689126,97.364716,111.278725,556.6185,27.788227,0.20769449,,,0.006961463,34.578327,caixa
2024-04-03 03:00:00,1012.2625,19.949127,16.624512,2.5340505,86.725586,114.01017,545.9449,27.853426,0.18491802,,,0.005305308,47.715977,caixa
2024-04-03 04:00:00,1012.0059,19.798645,16.56543,2.4007316,76.66049,117.321594,533.5809,28.040054,0.19432205,,,0.007811852,68.14542,caixa
2024-04-03 05:00:00,1011.7452,19.642242,16.542511,2.315126,68.474304,119.515465,524.12573,28.342724,0.23219779,,,0.023028895,89.272675,caixa
2024-04-03 06:00:00,1011.639,19.470764,16.560638,2.2317991,61.154327,123.09004,479.4619,28.71748,0.2760225,,,0.04910955,112.133835,caixa
2024-04-03 07:00:00,1011.54584,19.368286,16.604614,2.1742215,55.048462,125.56473,429.98865,29.123781,0.32497,,,0.12812454,134.67659,caixa
2024-04-03 08:00:00,1011.6192,19.348389,16.620117,2.186496,50.09323,129.66656,399.57663,29.547861,0.37844253,,,0.17614472,157.11374,caixa
2024-04-03 09:00:00,1012.10205,19.382904,16.704773,2.1976213,47.56714,133.58653,383.34857,29.995571,0.42054334,,,0.2172767,175.43701,caixa
2024-04-03 10:00:00,1012.55725,20.00772,17.038147,2.6933725,51.899292,171.1651,346.9576,30.6197,0.46003664,,,0.24333432,189.71825,caixa
2024-04-03 11:00:00,1013.0506,20.587067,17.355988,2.8180118,46.196777,180.2978,318.044,31.188564,0.5180002,,,0.2767795,211.62752,caixa
2024-04-03 12:00:00,1013.51263,21.44461,17.664856,2.7771814,41.09555,214.68086,327.0678,31.78314,0.57363904,,,0.30074713,229.88103,caixa
2024-04-03 13:00:00,1013.4819,22.39682,17.969177,2.7751765,34.890167,276.13663,384.85605,32.39151,0.5961771,,,0.31178167,246.2448,caixa
2024-04-03 14:00:00,1012.9636,23.628845,18.293243,2.7406404,29.059814,347.1989,434.9236,32.978245,0.63681096,,,0.34184438,259.57278,caixa
2024-04-03 15:00:00,1012.6756,24.833557,18.555664,2.5509958,23.732727,401.62274,442.6585,33.593475,0.68085086,,,0.35673177,269.9422,caixa
2024-04-03 16:00:00,1011.91406,25.392334,18.6409,2.2562237,20.336243,449.63632,387.32544,34.141823,0.6993392,,,0.38643676,275.63715,caixa
2024-04-03 17:00:00,1011.1757,26.040466,18.642792,1.9216566,23.097229,477.79272,345.06372,34.606514,0.7239708,,,0.41510132,274.69098,caixa
2024-04-03 18:00:00,1010.62805,26.169556,18.639801,1.7417834,33.129272,507.6161,301.31772,35.03784,0.7601356,,,0.36689255,270.55658,caixa
2024-04-03 19:00:00,1010.413,25.942902,18.514832,1.7674044,45.773193,526.3663,378.36176,35.435406,0.7667782,,,0.53609055,261.37726,caixa
2024-04-03 20:00:00,1010.57446,25.580109,18.607513,1.9289485,57.76526,583.90186,376.95483,35.853333,0.76651853,,,0.52972543,251.9343,caixa
2024-04-03 21:00:00,1010.9956,24.845795,18.75232,2.0957568,66.90286,617.50134,386.59866,36.281204,0.7567371,,,0.48745608,242.3786,caixa
2024-04-03 22:00:00,1011.35565,23.474579,18.907349,1.9254155,66.804016,159.6879,364.50034,35.169846,0.710976,,,0.4036529,227.7735,caixa
2024-04-03 23:00:00,1012.01764,22.76593,18.832245,2.1017015,69.313416,128.65733,347.08878,35.524685,0.67155313,,,0.36717162,216.02571,caixa
2024-04-04 00:00:00,1012.7037,22.41159,18.792603,2.130974,68.21655,116.626,333.97052,35.812252,0.65290797,,,0.36793295,205.88815,caixa
2024-04-04 01:00:00,1013.16376,22.191864,18.780151,2.1192043,60.974182,117.074265,329.2313,36.02574,0.6674198,,,0.32172203,201.50699,caixa
2024-04-04 02:00:00,1013.3998,21.961731,18.786804,2.1172671,52.08722,121.56897,332.0224,36.136024,0.64369285,,,0.28868514,199.94936,caixa
2024-04-04 03:00:00,1013.4578,21.725677,18.784912,2.0573604,43.74585,129.46211,316.53732,36.156918,0.62661207,,,0.29926443,200.1402,caixa
2024-04-04 04:00:00,1013.1344,21.536865,18.842407,1.9175158,35.03482,134.65016,307.21933,36.098816,0.63848567,,,0.30972373,203.43364,caixa
2024-04-04 05:00:00,1012.90625,21.330994,18.795197,1.7037445,26.33319,136.98831,295.4117,35.98239,0.6469599,,,0.31805992,206.44073,caixa
2024-04-04 06:00:00,1012.6393,21.02768,18.764008,1.4646353,17.9328,142.37401,276.44016,35.83885,0.61600804,,,0.3323154,208.16347,caixa
2024-04-04 07:00:00,1012.3945,20.987,18.805603,1.23004,8.636597,149.24875,185.55898,35.71427,0.61759514,,,0.2458754,211.01756,caixa
2024-04-04 08:00:00,1012.45154,20.851929,18.797394,0.9595488,2.2482605,151.25157,170.14914,35.654083,0.63455987,,,0.2666682,211.48155,caixa
2024-04-04 09:00:00,1012.9662,20.740295,18.758484,0.6653518,359.33945,153.79099,165.6454,35.67279,0.6562362,,,0.2944518,211.36513,caixa
2024-04-04 10:00:00,1013.582,20.950531,18.953247,0.45065555,22.498962,114.709015,178.3146,37.355213,0.7833982,,,0.33754116,202.55214,caixa
2024-04-04 11:00:00,1014.24866,21.03186,19.028412,0.35963288,37.822174,114.551254,192.6547,37.368538,0.77336234,,,0.3559476,198.88315,caixa
2024-04-04 12:00:00,1014.83453,21.55188,19.284119,0.34896484,72.394226,132.30179,245.04276,37.3893,0.79872435,,,0.3399194,193.8217,caixa
2024-04-04 13:00:00,1015.0656,22.22052,19.468933,0.373973,81.86249,194.07149,280.57654,37.436485,0.79817665,,,0.323717,191.30965,caixa
2024-04-04 14:00:00,1015.0811,23.055542,19.576569,0.30149737,83.15036,259.62894,256.7201,37.53737,0.77643055,,,0.27584904,196.18939,caixa
2024-04-04 15:00:00,1015.19244,23.921265,19.732178,0.21088998,110.133026,317.25604,238.36089,37.706398,0.7409558,,,0.21840617,203.65662,caixa
2024-04-04 16:00:00,1014.82697,24.473907,19.633453,0.2527071,163.36275,372.6809,204.7141,37.84065,0.7177901,,,0.19429982,211.9464,caixa
2024-04-04 17:00:00,1014.294,24.848602,19.535278,0.53845716,182.43553,418.85397,194.32558,37.89698,0.6963049,,,0.21299505,217.0078,caixa
2024-04-04 18:00:00,1013.90454,24.899261,19.376831,0.791431,182.51335,448.04498,203.19786,37.849674,0.68570256,,,0.2357274,219.42058,caixa
2024-04-04 19:00:00,1013.6852,24.8797,19.371063,1.1113154,174.72281,470.27646,187.00703,37.70988,0.6807331,,,0.21257292,213.25099,caixa
2024-04-04 20:00:00,1013.88776,24.42511,19.22519,1.3598745,167.08382,505.82935,189.7552,37.513016,0.6598323,,,0.1441207,201.25153,caixa
2024-04-04 21:00:00,1014.1026,23.727692,19.166931,1.5645806,162.94382,522.7394,190.76416,37.225964,0.63914406,,,0.10293709,186.81448,caixa
2024-04-04 22:00:00,1014.48016,22.528625,19.121063,1.8440276,149.7701,288.4395,186.22807,35.350178,0.59975594,,,0.06522143,156.60957,caixa
2024-04-04 23:00:00,1015.0,22.114166,18.957245,1.8410639,146.11823,243.32332,180.58679,34.98597,0.53872174,,,0.04942696,143.22696,caixa
2024-04-05 00:00:00,1015.55975,21.73941,18.827637,1.7523125,142.68468,198.19052,174.65616,34.65267,0.49025455,,,0.04258822,130.63202,caixa
2024-04-05 01:00:00,1015.8178,21.473969,18.644562,1.5556221,141.07487,171.49094,161.46527,34.345276,0.43644246,,,0.03095357,123.01619,caixa
2024-04-05 02:00:00,1016.0594,21.228577,18.447845,1.3926255,141.82164,156.47417,149.62727,34.09789,0.41261178,,,0.032324523,117.65028,caixa
2024-04-05 03:00:00,1016.0966,20.848877,18.176147,1.1847917,145.31679,151.34334,141.59067,33.919174,0.38044634,,,0.051056486,115.52582,caixa
2024-04-05 04:00:00,1016.1432,20.598389,18.075531,1.0361582,153.65323,151.03365,123.88372,33.809402,0.38525036,,,0.078863464,115.66958,caixa
2024-04-05 05:00:00,1016.2011,20.383026,17.948334,1.0232633,166.51186,159.42274,108.19244,33.74935,0.38084018,,,0.12656482,118.09353,caixa
2024-04-05 06:00:00,1016.22815,20.158386,17.763245,1.1287875,179.22095,167.35184,91.842735,33.70215,0.42215776,,,0.18841726,122.585304,caixa
2024-04-05 07:00:00,1016.20685,20.102417,17.688995,1.2829096,190.06726,169.8022,162.37405,33.636242,0.42075458,,,0.06005773,128.54585,caixa
2024-04-05 08:00:00,1016.29047,19.970795,17.577301,1.4842583,194.8147,166.90765,135.01527,33.510048,0.44924295,,,0.09178342,132.90973,caixa
2024-04-05 09:00:00,1016.76245,19.928925,17.516357,1.7136433,194.6112,152.00848,126.81614,33.28826,0.47641623,,,0.12513682,133.4283,caixa
2024-04-05 10:00:00,1017.218,20.236908,17.73944,1.8339982,182.35208,150.59717,124.506935,32.446613,0.462587,,,0.14662616,128.63208,caixa
2024-04-05 11:00:00,1017.8716,20.609985,17.927979,1.9627929,181.81943,149.82683,141.73386,32.133183,0.43085867,,,0.14236055,127.05771,caixa
2024-04-05 12:00:00,1018.5404,21.493408,18.342896,2.03789,178.83087,203.71478,154.25853,31.83213,0.4202913,,,0.12861577,122.55196,caixa
2024-04-05 13:00:00,1018.747,22.549072,18.60254,2.1155472,178.53745,272.6152,157.98944,31.557102,0.39961562,,,0.115399815,121.11715,caixa
2024-04-05 14:00:00,1018.7204,23.727203,18.696533,2.2432795,178.78346,319.44687,148.3443,31.294123,0.34501114,,,0.09551102,119.554665,caixa
2024-04-05 15:00:00,1018.43085,24.71695,18.53534,2.427886,178.43668,333.2152,130.43431,31.021446,0.31190783,,,0.0905861,119.3646,caixa
2024-04-05 16:00:00,1018.0109,25.174438,18.089294,2.6849954,176.7505,341.74,113.59068,30.745407,0.28083116,,,0.14219607,121.727745,caixa
2024-04-05 17:00:00,1017.248,25.517395,17.817078,2.9463017,174.35796,342.5684,103.849686,30.44964,0.28184882,,,0.20052424,124.68456,caixa
2024-04-05 18:00:00,1016.7149,25.481049,17.682983,3.208119,170.97046,330.6592,106.757095,30.087055,0.28656676,,,0.3066655,127.7624,caixa
2024-04-05 19:00:00,1016.7428,25.291107,17.5466,3.465987,166.75157,317.22824,148.23442,29.690632,0.28672126,,,0.219954,130.18265,caixa
2024-04-05 20:00:00,1016.8287,24.737305,17.286804,3.5946665,162.55754,289.77588,161.98634,29.212114,0.29120427,,,0.22559544,129.41928,caixa
2024-04-05 21:00:00,1017.02264,23.724731,17.285004,3.6014879,159.74957,294.34375,166.73518,28.713594,0.28841084,,,0.16188496,129.95172,caixa
2024-04-05 22:00:00,1017.30054,22.403046,16.982452,3.7176905,154.25203,157.7501,171.35619,26.96307,0.25831118,,,0.13069189,122.56718,caixa
2024-04-05 23:00:00,1017.8784,21.670807,16.850159,3.714306,148.81764,120.13391,190.75485,26.291094,0.24366371,,,0.08247735,115.976974,caixa
2024-04-06 00:00:00,1018.51904,21.174805,16.658142,3.6513734,142.71689,82.03187,229.17499,25.595192,0.23284951,,,0.07853382,108.085526,caixa
2024-04-06 01:00:00,1018.6998,20.72882,16.413849,3.5715396,137.8964,50.50671,282.06442,24.87188,0.22697683,,,0.07292154,101.39264,caixa
2024-04-06 02:00:00,1018.8454,20.343018,16.139404,3.4652076,132.77026,32.413208,334.1819,24.20568,0.21812086,,,0.07048949,92.6937,caixa
2024-04-06 03:00:00,1018.73303,19.7435,15.718964,3.3127108,128.55458,22.790934,335.2769,23.613338,0.1982025,,,0.06519138,83.93551,caixa
2024-04-06 04:00:00,1018.5845,19.4552,15.484985,3.1438355,124.83032,17.683857,366.8655,23.117886,0.18978886,,,0.06313792,73.78815,caixa
2024-04-06 05:00:00,1018.3684,19.156189,15.309814,3.00629,122.178894,14.897903,364.1987,22.722704,0.18233415,,,0.06037946,66.09337,caixa
2024-04-06 06:00:00,1018.0421,18.734528,15.044189,2.8623397,120.589386,13.013942,349.22842,22.415695,0.17165947,,,0.055184275,57.888615,caixa
2024-04-06 07:00:00,1017.791,18.489532,14.885437,2.7330363,118.875656,11.897484,401.84317,22.194914,0.16481633,,,0.028089486,50.466747,caixa
2024-04-06 08:00:00,1017.5623,18.329193,14.734436,2.6950767,117.088455,11.299528,342.1273,22.037134,0.173766,,,0.027670952,45.17325,caixa
2024-04-06 09:00:00,1017.8502,18.209778,14.622498,2.7173011,113.49895,10.982599,309.51132,21.957392,0.18756941,,,0.028318008,42.803146,caixa
2024-04-06 10:00:00,1018.217,18.47815,14.686127,2.8157246,112.63191,20.07107,283.35626,22.225046,0.21969317,,,0.024564851,43.16618,caixa
2024-04-06 11:00:00,1018.7941,19.024323,14.920929,3.0732281,106.029785,19.749685,316.7465,22.253086,0.22540762,,,0.021323437,47.125103,caixa
2024-04-06 12:00:00,1019.09546,20.08487,15.243042,3.4137442,98.69173,26.461845,364.33377,22.418375,0.25191098,,,0.018498762,53.562157,caixa
2024-04-06 13:00:00,1018.9125,21.140839,15.43689,3.6934338,90.73479,43.582077,409.3202,22.755478,0.289418,,,0.017488226,60.35425,caixa
2024-04-06 14:00:00,1018.64374,22.409973,15.459991,3.7841015,84.58322,78.94822,449.07703,23.264017,0.34695837,,,0.018228855,68.67312,caixa
2024-04-06 15:00:00,1018.08923,23.466003,15.524475,3.7807078,80.515564,121.34088,439.83078,23.894653,0.42629176,,,0.022025557,77.79164,caixa
2024-04-06 16:00:00,1017.4041,23.751465,15.585175,3.7530336,78.052,150.3792,392.79794,24.607319,0.4962411,,,0.023829263,85.59997,caixa
2024-04-06 17:00:00,1016.7,24.017426,15.615356,3.7671776,77.15381,177.20776,305.90475,25.351557,0.5657669,,,0.029652433,93.10396,caixa
2024-04-06 18:00:00,1016.0757,23.999573,15.762085,3.750165,77.45447,203.31662,224.4892,26.083477,0.64225477,,,0.028788727,100.85095,caixa
2024-04-06 19:00:00,1015.745,23.8208,15.854736,3.7492802,79.1568,236.95734,170.1008,26.823174,0.68898624,,,0.0640826,109.05218,caixa
2024-04-06 20:00:00,1015.6811,23.25064,15.92511,3.6608295,82.15027,269.4908,198.79019,27.504452,0.7288257,,,0.09526882,117.81613,caixa
2024-04-06 21:00:00,1015.6211,22.520508,16.119904,3.688926,84.29614,319.8968,217.60307,28.095854,0.7921713,,,0.16721438,128.03961,caixa
2024-04-06 22:00:00,1015.9319,21.44635,16.049286,3.7307658,90.10161,205.89172,194.98083,28.244347,0.8227182,,,0.22877496,119.78027,caixa
2024-04-06 23:00:00,1016.1495,21.089417,16.073547,4.0260763,86.28348,174.2696,178.6723,28.81891,0.83918405,,,0.33455256,129.90805,caixa
2024-04-07 00:00:00,1016.80634,20.869019,16.118134,4.1998096,81.905914,148.9534,202.73376,29.407345,0.8486679,,,0.40175617,139.33856,caixa
2024-04-07 01:00:00,1016.8342,20.720398,16.13388,4.269277,76.7673,132.22421,186.55031,29.971436,0.8501844,,,0.46206456,150.74274,caixa
2024-04-07 02:00:00,1016.7063,20.46231,16.112122,4.2578998,72.20148,134.27673,163.16489,30.576736,0.83071727,,,0.4643795,163.12242,caixa
2024-04-07 03:00:00,1016.8928,20.058105,16.00354,4.1700506,68.94678,145.96384,143.11546,31.236177,0.84400034,,,0.48784828,172.74043,caixa
2024-04-07 04:00:00,1016.365,19.89856,15.952087,4.0491447,65.45636,155.7869,128.20383,31.910822,0.8551316,,,0.520505,183.96593,caixa
2024-04-07 05:00:00,1016.6055,19.729492,15.920807,3.8988783,62.562683,145.80461,117.57564,32.53659,0.8690181,,,0.58013755,190.89948,caixa
2024-04-07 06:00:00,1016.1321,19.382294,15.82666,3.6906233,60.362915,140.63774,97.62766,33.06156,0.87661266,,,0.6228861,192.6256,caixa
2024-04-07 07:00:00,1015.62366,19.249023,15.796234,3.5099115,59.05957,139.38548,66.34581,33.53504,0.89395565,,,0.585687,193.84908,caixa
2024-04-07 08:00:00,1015.3896,19.215149,15.839478,3.3716352,58.80481,129.99995,68.81193,33.957195,0.8830662,,,0.598376,192.25743,caixa
2024-04-07 09:00:00,1015.5435,19.147552,15.875763,3.39363,59.45514,123.739204,70.15661,34.33277,0.87319845,,,0.5714118,187.68752,caixa
2024-04-07 10:00:00,1016.0335,19.1857,16.005554,3.620412,68.13306,41.11415,60.175255,34.50406,0.86019605,,,0.627743,156.00446,caixa
2024-04-07 11:00:00,1016.5383,19.319458,16.171448,3.8017263,66.352875,44.02348,52.169147,34.78751,0.8605256,,,0.6478646,147.268,caixa
2024-04-07 12:00:00,1016.91583,19.783875,16.45691,4.023008,63.516663,46.61006,47.73465,34.998806,0.84195626,,,0.6519839,143.14815,caixa
2024-04-07 13:00:00,1016.96783,20.335205,16.683197,4.1711736,59.135803,48.962788,46.29196,35.259083,0.8361619,,,0.63225585,145.46014,caixa
2024-04-07 14:00:00,1016.8156,20.928192,16.886383,4.1714606,55.22058,51.308437,50.8359,35.567905,0.8129799,,,0.58451164,154.14848,caixa
2024-04-07 15:00:00,1016.58673,21.420563,17.082672,4.112949,52.467773,50.767662,60.49398,35.847115,0.78927565,,,0.5774246,161.76913,caixa
2024-04-07 16:00:00,1016.0422,21.719818,17.233246,3.908363,49.480896,54.95084,62.68053,36.067677,0.7878367,,,0.5170085,169.00458,caixa
2024-04-07 17:00:00,1015.2896,21.919281,17.348389,3.6560283,49.555267,59.20844,69.66313,36.247894,0.78698784,,,0.49204123,168.49138,caixa
2024-04-07 18:00:00,1014.79517,22.028564,17.444733,3.3966217,51.95874,63.430504,79.561165,36.35883,0.7921053,,,0.46355408,162.70874,caixa
2024-04-07 19:00:00,1014.5403,22.084717,17.547363,3.2308795,55.180084,67.92584,145.44382,36.387062,0.7780329,,,0.538108,154.41014,caixa
2024-04-07 20:00:00,1014.59454,21.929626,17.624481,3.137939,58.70041,68.31258,160.07092,36.312023,0.7591091,,,0.48786306,142.26576,caixa
2024-04-07 21:00:00,1014.5335,21.50351,17.677704,3.0272536,59.917053,64.0446,181.91084,36.091805,0.73664105,,,0.42691067,129.34421,caixa
2024-04-07 22:00:00,1014.8049,21.029968,18.031677,2.9083138,69.60455,16.18323,217.48216,34.142933,0.702522,,,0.36182764,112.78589,caixa
2024-04-07 23:00:00,1015.21655,20.728943,18.082764,3.046658,69.69412,13.231656,262.92715,33.88066,0.6708758,,,0.30030125,97.81366,caixa
2024-04-08 00:00:00,1015.4573,20.506622,18.1008,3.1430852,69.069244,11.08978,265.12177,33.64047,0.65009075,,,0.2471564,86.49799,caixa
2024-04-08 01:00:00,1015.80786,20.347565,18.081665,3.1770685,67.63681,9.766038,287.60016,33.45909,0.6340356,,,0.20990516,82.02159,caixa
2024-04-08 02:00:00,1015.72064,20.157501,18.014832,3.1538177,65.42502,10.406919,241.40631,33.301918,0.6430702,,,0.18841329,83.33347,caixa
2024-04-08 03:00:00,1015.8189,19.989014,17.98172,3.0900815,63.21985,12.160273,257.12872,33.17435,0.60846746,,,0.19108719,87.23747,caixa
2024-04-08 04:00:00,1015.56775,19.888733,17.951721,3.0673537,60.692993,15.09675,266.01025,33.04639,0.5946292,,,0.1920225,93.45449,caixa
2024-04-08 05:00:00,1015.3312,19.814026,17.95993,2.969243,59.525757,19.216719,230.87411,32.920147,0.5700609,,,0.20598538,96.17755,caixa
2024-04-08 06:00:00,1014.9189,19.73407,17.969574,2.8815284,58.92215,24.644812,209.15877,32.786613,0.5734591,,,0.22073817,97.82508,caixa
2024-04-08 07:00:00,1014.544,19.719543,18.013794,2.7664762,58.689453,30.851467,159.26094,32.635864,0.59135956,,,0.19743344,97.531204,caixa
2024-04-08 08:00:00,1014.24585,19.6763,18.032227,2.6941311,58.76999,34.327934,185.3776,32.465816,0.6002673,,,0.2011479,96.06777,caixa
2024-04-08 09:00:00,1014.28204,19.714874,18.11258,2.6652935,58.786316,39.58176,193.21808,32.291267,0.60061765,,,0.18924642,95.049,caixa
2024-04-08 10:00:00,1014.6421,19.963745,18.319855,2.9354923,61.905487,43.161846,203.72838,32.440037,0.7355529,,,0.17328298,98.203674,caixa
2024-04-08 11:00:00,1014.9381,20.284576,18.600372,3.0498948,60.21393,46.176468,226.7952,32.35785,0.73315173,,,0.16515785,101.00421,caixa
2024-04-08 12:00:00,1015.2901,20.79367,18.933746,3.1906705,57.183105,48.942924,266.89368,32.345066,0.71843183,,,0.14566477,104.750824,caixa
2024-04-08 13:00:00,1015.2908,21.472473,19.164581,3.2795455,52.846863,55.738102,280.47958,32.41037,0.71995914,,,0.124049455,107.63384,caixa
2024-04-08 14:00:00,1015.01556,22.446167,19.325226,3.246402,47.72058,67.06593,286.4967,32.51567,0.7347588,,,0.11667828,109.97066,caixa
2024-04-08 15:00:00,1014.48975,23.260925,19.366364,3.1506937,44.68512,88.749794,308.87317,32.629356,0.7462747,,,0.11261526,109.81667,caixa
2024-04-08 16:00:00,1013.8499,23.65393,19.457,2.987354,43.6994,117.97982,312.31702,32.7457,0.7293548,,,0.09642079,106.983,caixa
2024-04-08 17:00:00,1013.0536,24.131592,19.58789,2.8282392,44.647644,155.95445,316.01447,32.81514,0.72394776,,,0.10626199,101.89775,caixa
2024-04-08 18:00:00,1012.6244,24.343079,19.656769,2.746921,47.974335,181.24959,306.61765,32.845448,0.7197378,,,0.097756654,94.216866,caixa
2024-04-08 19:00:00,1012.1845,24.346436,19.68393,2.7726157,51.985107,192.9204,218.81555,32.804836,0.68422174,,,0.1540094,86.45227,caixa
2024-04-08 20:00:00,1012.0886,24.17984,19.759369,2.8027098,55.952454,175.65964,248.39073,32.702255,0.69163257,,,0.1640687,79.49975,caixa
2024-04-08 21:00:00,1011.8953,23.582245,19.900787,2.816283,60.05957,172.06966,272.92145,32.535477,0.6788006,,,0.11211791,76.27139,caixa
2024-04-08 22:00:00,1012.1172,22.694092,19.98529,2.7956965,61.11734,123.04471,260.3603,31.26888,0.57821465,,,0.08570257,89.1118,caixa
2024-04-08 23:00:00,1012.3601,22.292664,19.948334,3.015722,61.332275,107.157234,266.47156,31.064596,0.53593016,,,0.07460378,91.74978,caixa
2024-04-09 00:00:00,1012.83795,21.979706,19.889252,3.1335003,59.412415,100.11934,280.09406,30.910086,0.5394373,,,0.06762127,98.92521,caixa
2024-04-09 01:00:00,1013.03314,21.724548,19.798279,3.1746569,56.388733,100.742294,295.57205,30.80283,0.48760596,,,0.06201294,107.2963,caixa
2024-04-09 02:00:00,1013.0031,21.517303,19.723724,3.1709473,52.272186,104.1968,317.69345,30.748224,0.46244702,,,0.054650936,116.84983,caixa
2024-04-09 03:00:00,1013.1181,21.179016,19.563812,3.1034677,48.35089,108.725,339.61258,30.756218,0.4373118,,,0.04629279,124.893295,caixa
2024-04-09 04:00:00,1013.08655,21.03891,19.52591,2.98801,43.94684,118.43999,360.67465,30.810915,0.4909553,,,0.04424761,131.6727,caixa
2024-04-09 05:00:00,1013.13727,20.857513,19.431213,2.7824259,39.057373,126.091194,365.10443,30.90627,0.4956112,,,0.044813156,134.6205,caixa
2024-04-09 06:00:00,1012.82935,20.620056,19.289062,2.516664,33.97693,136.8522,339.2296,30.995214,0.5380755,,,0.044737943,133.94812,caixa
2024-04-09 07:00:00,1012.67017,20.4776,19.210632,2.2312188,26.691528,147.20053,261.62625,31.094631,0.5398763,,,0.040608533,132.9865,caixa
2024-04-09 08:00:00,1012.60913,20.353088,19.170929,1.9394519,19.658142,158.88322,221.56404,31.212925,0.5846786,,,0.03832763,130.69522,caixa
2024-04-09 09:00:00,1013.19055,20.340088,19.18863,1.6362072,11.891632,166.49937,179.92578,31.350662,0.6017809,,,0.045859136,127.451996,caixa
2024-04-09 10:00:00,1013.79913,20.702576,19.481415,1.1673214,16.464111,126.304825,151.51987,31.221329,0.6006226,,,0.045958467,108.67766,caixa
2024-04-09 11:00:00,1014.4762,21.071045,19.789642,0.95361525,7.954895,129.66624,127.10899,31.301634,0.58213806,,,0.046483885,104.69411,caixa
2024-04-09 12:00:00,1015.10333,21.868134,20.204956,0.83310455,358.50653,150.83873,132.08817,31.41767,0.5437542,,,0.04566265,100.425186,caixa
2024-04-09 13:00:00,1015.30695,22.891968,20.501007,0.7324693,340.48,197.14648,120.65475,31.563921,0.5324212,,,0.057906024,98.55989,caixa
2024-04-09 14:00:00,1015.0338,24.020172,20.5141,0.68845505,315.2088,231.55319,136.86911,31.728977,0.48050487,,,0.074586324,99.649864,caixa
2024-04-09 15:00:00,1014.66125,24.996796,20.4552,0.66892254,288.96024,253.40714,137.47653,31.910711,0.4872403,,,0.081344455,99.242645,caixa
2024-04-09 16:00:00,1013.99023,25.38861,20.21582,0.8080619,266.00854,284.30142,148.50935,32.08419,0.48673558,,,0.09654675,103.10904,caixa
2024-04-09 17:00:00,1013.42413,25.706573,20.05838,0.91478384,243.32721,308.63992,160.20633,32.251015,0.4828084,,,0.12581411,103.37931,caixa
2024-04-09 18:00:00,1012.8141,25.743622,19.970398,1.0993036,224.51022,310.1426,162.5633,32.36559,0.4959365,,,0.12822853,102.87869,caixa
2024-04-09 19:00:00,1012.6676,25.732513,19.890625,1.2672337,205.48212,294.17343,199.49084,32.435287,0.49789393,,,0.092244774,97.52703,caixa
2024-04-09 20:00:00,1012.4802,25.405762,19.94867,1.4730023,190.27545,262.14252,226.78448,32.386395,0.45820785,,,0.08538948,92.58523,caixa
2024-04-09 21:00:00,1012.4171,24.496704,20.06012,1.5223342,178.90068,285.67905,243.73013,32.31279,0.4182791,,,0.039844513,83.20021,caixa
2024-04-09 22:00:00,1012.71533,23.165192,20.028503,1.8629224,169.88162,181.12741,217.098,31.26505,0.40882602,,,0.021038415,78.42925,caixa
2024-04-09 23:00:00,1012.9025,22.534637,19.898834,2.0459738,161.79709,146.41956,203.68776,31.070637,0.33702463,,,0.020190904,67.25199,caixa
2024-04-10 00:00:00,1013.37585,22.165405,19.748474,2.0881965,155.01672,128.3619,181.8661,30.959034,0.34917217,,,0.01797802,52.723774,caixa
2024-04-10 01:00:00,1013.6038,21.841461,19.618286,2.08967,150.02686,120.5935,158.41199,30.933065,0.35070798,,,0.017016068,37.612778,caixa
2024-04-10 02:00:00,1013.5717,21.48648,19.401886,2.039766,147.9154,117.76536,145.74593,30.986708,0.3561839,,,0.02131696,23.976751,caixa
2024-04-10 03:00:00,1013.72217,21.03128,19.158447,1.9689498,147.74777,116.77972,155.11551,31.122978,0.38023707,,,0.026123658,17.640242,caixa
2024-04-10 04:00:00,1013.76263,20.833954,18.99057,1.8915826,150.04733,120.79628,157.88098,31.311163,0.42947146,,,0.036134537,26.295973,caixa
2024-04-10 05:00:00,1013.8628,20.650574,18.829681,1.8483803,153.80676,125.495384,161.09564,31.54604,0.46186924,,,0.045576993,40.472202,caixa
2024-04-10 06:00:00,1013.59814,20.379974,18.631561,1.8318688,160.13785,131.34622,161.91171,31.788647,0.526582,,,0.06539866,57.806725,caixa
2024-04-10 07:00:00,1013.46844,20.261627,18.550385,1.8953624,166.62079,138.32405,151.23137,32.03753,0.55244297,,,0.06924539,75.2193,caixa
2024-04-10 08:00:00,1013.4118,20.086212,18.412872,2.092683,170.41397,142.62003,130.15883,32.27758,0.5721307,,,0.07586245,87.56678,caixa
2024-04-10 09:00:00,1013.66583,19.97873,18.292542,2.3504725,171.85431,144.54482,123.238434,32.5072,0.59912664,,,0.10087589,95.88199,caixa
2024-04-10 10:00:00,1014.1256,20.140167,18.293274,2.765112,161.1906,100.44261,120.27151,33.002766,0.62013316,,,0.12889214,82.83474,caixa
2024-04-10 11:00:00,1014.6438,20.426636,18.359863,2.9362895,161.26465,95.14937,120.601585,33.103146,0.63607436,,,0.1600854,86.2053,caixa
2024-04-10 12:00:00,1015.38556,20.90747,18.43277,3.1473968,160.4604,104.265724,134.78564,33.27908,0.61805844,,,0.17120361,88.22565,caixa
2024-04-10 13:00:00,1015.6541,21.589691,18.475464,3.2928138,158.83698,123.668816,131.33595,33.52207,0.6515695,,,0.184509,89.85152,caixa
2024-04-10 14:00:00,1015.5044,22.351044,18.422424,3.4213786,158.64598,158.37332,138.79823,33.819004,0.6521486,,,0.2077459,92.93692,caixa
2024-04-10 15:00:00,1015.0605,22.873535,18.281555,3.5219371,159.67104,184.1597,115.18741,34.15364,0.71150726,,,0.23090902,98.73803,caixa
2024-04-10 16:00:00,1014.70807,23.039215,18.065582,3.670845,161.5114,217.25745,94.57462,34.517002,0.7144008,,,0.2432456,106.66754,caixa
2024-04-10 17:00:00,1014.14545,23.079468,17.94397,3.8821344,162.71106,224.748,89.00661,34.76299,0.73880094,,,0.29728764,112.21075,caixa
2024-04-10 18:00:00,1013.99274,22.832306,17.797821,4.1573553,163.5659,226.40587,99.45742,34.998455,0.78229666,,,0.4005961,117.33394,caixa
2024-04-10 19:00:00,1013.9465,22.487793,17.613037,4.4458857,163.22311,235.02773,156.03438,35.17105,0.82136035,,,0.30492818,119.52684,caixa
2024-04-10 20:00:00,1014.233,21.9599,17.490753,4.676609,163.11502,268.59805,166.48564,35.274815,0.84717244,,,0.29205108,122.08741,caixa
2024-04-10 21:00:00,1014.68585,21.257233,17.233246,4.8687673,162.02196,265.8229,178.336,35.299076,0.89123213,,,0.30432504,120.82415,caixa
2024-04-10 22:00:00,1015.35046,20.55304,16.907166,5.194937,161.27008,141.25624,175.85208,34.569427,0.8929747,,,0.31945318,123.98594,caixa
2024-04-10 23:00:00,1016.0047,20.217316,16.703033,5.278347,159.1455,115.16064,152.51328,34.536106,0.8884725,,,0.33938715,119.44256,caixa
2024-04-11 00:00:00,1016.76556,19.91986,16.44574,5.322879,157.08417,93.69214,151.10844,34.460125,0.8792289,,,0.33298814,112.29888,caixa
2024-04-11 01:00:00,1017.2912,19.658752,16.241089,5.3020663,155.76111,77.71358,148.0012,34.342636,0.8788052,,,0.2966298,105.738785,caixa
2024-04-11 02:00:00,1017.7028,19.37616,15.984802,5.2694283,154.72021,61.011898,144.25197,34.1625,0.8890757,,,0.2969936,99.96854,caixa
2024-04-11 03:00:00,1017.9345,18.98581,15.603638,5.1940017,153.37216,49.565777,150.85376,33.974754,0.86935794,,,0.3175991,93.104225,caixa
2024-04-11 04:00:00,1017.97424,18.73346,15.405365,5.142441,152.24432,42.34355,143.42146,33.804512,0.84533006,,,0.34945002,86.22148,caixa
2024-04-11 05:00:00,1017.9817,18.44928,15.137482,5.083403,151.3151,38.51913,131.54839,33.658234,0.7985769,,,0.35998687,80.17407,caixa
2024-04-11 06:00:00,1017.8298,18.166016,14.94104,5.0098968,151.42963,35.625683,133.22972,33.510612,0.77205724,,,0.39011145,77.29988,caixa
2024-04-11 07:00:00,1017.7431,17.959503,14.780334,5.0068603,151.15974,33.81955,74.32683,33.367077,0.7510253,,,0.26116353,74.07695,caixa
2024-04-11 08:00:00,1017.79407,17.756805,14.613739,5.030508,150.23813,32.893658,75.49726,33.238396,0.76151913,,,0.25469548,69.15687,caixa
2024-04-11 09:00:00,1018.28827,17.64325,14.51886,5.1289673,148.54027,31.4087,85.53527,33.142822,0.76757854,,,0.2610642,63.614758,caixa
2024-04-11 10:00:00,1018.93604,17.761688,14.583435,5.114836,146.3115,18.375315,94.669945,33.080086,0.7851606,,,0.2495136,55.891045,caixa
2024-04-11 11:00:00,1019.5887,17.953735,14.633942,5.180773,143.7757,20.423689,112.6165,32.99799,0.77016735,,,0.24097262,46.637276,caixa
2024-04-11 12:00:00,1020.4132,18.496033,14.710968,5.331555,139.72685,21.060482,120.09668,32.949818,0.76758665,,,0.23596278,36.54595,caixa
2024-04-11 13:00:00,1020.73193,19.059296,14.76001,5.453875,135.11276,23.809172,155.09456,32.934547,0.7562822,,,0.23140205,27.991722,caixa
2024-04-11 14:00:00,1020.79865,19.706085,14.811249,5.468361,130.63028,29.962893,188.46828,32.96452,0.7879974,,,0.23252848,19.080717,caixa
2024-04-11 15:00:00,1020.6382,20.22464,14.922607,5.341238,127.50459,36.887737,206.29448,33.03664,0.8110158,,,0.23015472,10.484753,caixa
2024-04-11 16:00:00,1020.2568,20.559479,15.008606,5.1865473,126.65723,46.532337,193.77924,33.135693,0.8283045,,,0.22025917,6.1800966,caixa
2024-04-11 17:00:00,1019.8555,20.822327,15.127716,5.1227384,126.72511,57.619392,155.94046,33.218323,0.8528467,,,0.19756533,7.0461736,caixa
2024-04-11 18:00:00,1019.5627,20.88089,15.159058,5.110056,127.58592,61.626938,146.63786,33.27157,0.8695671,,,0.1868903,11.298544,caixa
2024-04-11 19:00:00,1019.4204,20.810547,15.137695,5.1118064,128.45145,63.081394,149.84785,33.268284,0.85469043,,,0.15105265,15.9857235,caixa
2024-04-11 20:00:00,1019.6463,20.540771,15.088776,5.168035,128.97203,68.376,166.78464,33.23492,0.8530536,,,0.12090071,24.813883,caixa
2024-04-11 21:00:00,1019.58575,20.081635,15.085846,5.13459,129.20245,63.000103,182.96176,33.14171,0.8408317,,,0.109870836,33.76978,caixa
2024-04-11 22:00:00,1020.13416,19.471375,14.878784,5.215349,128.51057,24.522064,197.11397,32.323418,0.7945599,,,0.08172089,34.10207,caixa
2024-04-11 23:00:00,1020.5449,19.26709,14.774048,5.333302,125.80957,19.060535,209.25534,32.24512,0.78506964,,,0.06628756,40.658215,caixa
2024-04-12 00:00:00,1021.0181,19.064606,14.69635,5.40099,122.54137,17.216248,191.73445,32.2022,0.79159266,,,0.058773153,47.56847,caixa
2024-04-12 01:00:00,1021.3424,18.925201,14.644287,5.3493996,119.089554,17.612892,199.83344,32.206383,0.79960066,,,0.05306208,49.83224,caixa
2024-04-12 02:00:00,1021.51514,18.78833,14.581726,5.2388124,115.79439,17.82348,215.09387,32.248505,0.8116779,,,0.048632894,51.16586,caixa
2024-04-12 03:00:00,1021.4969,18.568665,14.436737,5.1229677,113.236786,18.187107,237.13423,32.32678,0.8088587,,,0.05291075,52.75911,caixa
2024-04-12 04:00:00,1021.2212,18.492828,14.4339905,5.0094337,110.85974,19.514936,236.90729,32.448635,0.81853235,,,0.05274971,54.680264,caixa
2024-04-12 05:00:00,1021.07056,18.415924,14.404175,4.923367,109.17981,22.322222,230.16158,32.64164,0.8217619,,,0.05226999,56.707386,caixa
2024-04-12 06:00:00,1020.8102,18.256989,14.358612,4.783369,107.355255,25.728146,213.3215,32.88818,0.8304025,,,0.064943425,59.38091,caixa
2024-04-12 07:00:00,1020.51154,18.20398,14.388855,4.68837,106.1378,26.12914,108.59011,33.16892,0.82959795,,,0.101003826,61.9281,caixa
2024-04-12 08:00:00,1020.31256,18.153412,14.406921,4.619755,105.02641,25.593554,77.87501,33.47612,0.8337385,,,0.117133155,65.72662,caixa
2024-04-12 09:00:00,1020.64813,18.180328,14.437897,4.661145,104.44084,25.645807,63.256317,33.81709,0.81484115,,,0.12083269,68.995964,caixa
2024-04-12 10:00:00,1021.0159,18.411682,14.516632,4.6569595,100.94046,22.037945,63.336964,34.82161,0.78569794,,,0.13392177,82.800545,caixa
2024-04-12 11:00:00,1021.25665,18.625763,14.686798,4.838513,99.347824,20.0152,52.297718,35.078503,0.7527963,,,0.15765065,92.51101,caixa
2024-04-12 12:00:00,1021.505,19.249664,14.96286,5.097853,97.01779,20.72369,93.439644,35.4026,0.75960714,,,0.14626592,103.20746,caixa
2024-04-12 13:00:00,1021.5271,19.897278,15.214844,5.4705315,92.83577,24.633804,112.05167,35.81714,0.79637533,,,0.15135099,113.47146,caixa
2024-04-12 14:00:00,1021.3114,20.725952,15.58728,5.638327,88.57349,35.206657,158.65923,36.292572,0.8047563,,,0.15781853,127.333855,caixa
2024-04-12 15:00:00,1020.9476,21.608826,15.996002,5.6148095,85.96158,61.027832,203.85577,36.805588,0.8203856,,,0.1761181,136.5463,caixa
2024-04-12 16:00:00,1020.3519,21.987091,16.17035,5.5302896,84.1073,87.87631,251.89671,37.332195,0.8184044,,,0.16655292,145.2806,caixa
2024-04-12 17:00:00,1019.7046,22.383087,16.34842,5.410782,84.54556,115.4348,212.50233,37.833813,0.8644369,,,0.18807788,148.10066,caixa
2024-04-12 18:00:00,1019.1853,22.411224,16.454163,5.2818847,86.326904,131.98119,161.97946,38.32309,0.86415005,,,0.1714568,150.99686,caixa
2024-04-12 19:00:00,1018.78625,22.24582,16.603302,5.248675,88.53845,130.46666,125.80423,38.75121,0.8458967,,,0.21042445,153.36407,caixa
2024-04-12 20:00:00,1018.3784,21.878204,16.780243,5.174755,91.47786,133.91211,177.78125,39.103455,0.84341866,,,0.24266262,153.56337,caixa
2024-04-12 21:00:00,1018.20483,21.390045,16.84555,5.2266,93.45235,137.51688,204.58917,39.470196,0.8613839,,,0.25581324,155.92699,caixa
2024-04-12 22:00:00,1018.3304,20.882568,16.980347,5.4346395,94.83406,78.50786,177.69995,39.90939,0.8795964,,,0.2717745,158.07811,caixa
2024-04-12 23:00:00,1018.6216,20.730133,16.963165,5.604017,92.88481,61.50147,175.39915,40.305458,0.89182717,,,0.29697776,172.79445,caixa
2024-04-13 00:00:00,1018.9271,20.612549,16.994812,5.776306,91.00694,48.95907,163.06865,40.63036,0.89833903,,,0.33095738,186.31422,caixa
2024-04-13 01:00:00,1018.9542,20.538208,17.031036,5.832551,88.44409,43.23066,125.97755,40.948452,0.8971025,,,0.3527573,201.48769,caixa
2024-04-13 02:00:00,1019.0401,20.3844,17.04419,5.7843547,85.83502,42.53433,110.82567,41.290905,0.90621305,,,0.39913967,215.11667,caixa
2024-04-13 03:00:00,1018.8463,20.244171,17.072662,5.70149,83.67041,40.415462,114.02015,41.623295,0.92434156,,,0.45699713,226.71094,caixa
2024-04-13 04:00:00,1018.61084,20.118347,17.141144,5.592755,82.158875,38.573112,97.13521,41.941475,0.9501749,,,0.503219,234.78162,caixa
2024-04-13 05:00:00,1018.4411,19.992035,17.16803,5.446119,81.52847,40.620598,76.28345,42.257607,0.95647544,,,0.5636532,238.33215,caixa
2024-04-13 06:00:00,1018.1213,19.92102,17.200226,5.330917,81.15744,40.919914,65.70522,42.531784,0.9667805,,,0.6170989,238.55266,caixa
2024-04-13 07:00:00,1017.7614,19.894928,17.27414,5.293168,80.97711,41.92264,49.975548,42.79647,0.97371155,,,0.65808064,236.95541,caixa
2024-04-13 08:00:00,1017.50006,19.90036,17.364471,5.3220196,80.962585,44.570545,39.452816,43.061634,0.9786963,,,0.70835257,233.57321,caixa
2024-04-13 09:00:00,1017.6439,19.909607,17.41684,5.4114714,80.982605,46.208908,33.134804,43.312645,0.9742331,,,0.75793177,228.45792,caixa
2024-04-13 10:00:00,1018.0631,20.045746,17.525726,5.390193,82.16101,27.022537,35.537933,44.153156,0.9761309,,,0.7414438,229.93228,caixa
2024-04-13 11:00:00,1018.3931,20.20465,17.653625,5.760621,80.41522,27.64937,37.958275,44.51549,0.9560119,,,0.7487574,233.26453,caixa
2024-04-13 12:00:00,1018.5318,20.472656,17.81073,5.9475,78.054504,33.775787,43.293667,44.841713,0.9519334,,,0.75529563,240.88783,caixa
2024-04-13 13:00:00,1018.27234,20.753265,17.98706,6.0760326,75.46872,52.977253,52.31827,45.17415,0.95904684,,,0.72320795,250.25064,caixa
2024-04-13 14:00:00,1017.82983,21.130829,18.234497,6.138724,72.29364,79.027985,66.67828,45.489098,0.959673,,,0.71311593,264.67032,caixa
2024-04-13 15:00:00,1017.3399,21.534637,18.462646,6.123735,70.276184,90.7989,83.32068,45.740463,0.9609438,,,0.72363687,273.47565,caixa
2024-04-13 16:00:00,1016.6848,21.729187,18.58731,6.01444,69.644104,120.93852,105.492546,45.95462,0.95694524,,,0.7201512,274.2797,caixa
2024-04-13 17:00:00,1015.79126,21.912628,18.687195,5.8990717,69.724915,132.15472,109.92801,46.03459,0.9603168,,,0.7441438,269.01276,caixa
2024-04-13 18:00:00,1015.26764,22.024445,18.746643,5.8404093,71.249146,160.4881,118.68637,46.1377,0.95816237,,,0.7371908,258.17572,caixa
2024-04-13 19:00:00,1014.7798,21.979828,18.794556,5.8435464,72.3855,184.91148,192.17844,46.222733,0.97769463,,,0.731587,250.79765,caixa
2024-04-13 20:00:00,1014.5285,21.792969,18.858368,5.873918,74.12787,187.69476,231.72533,46.277657,0.9764432,,,0.6570229,244.5329,caixa
2024-04-13 21:00:00,1014.4286,21.5224,18.858826,5.869456,75.51462,184.50204,252.02696,46.361538,0.9845482,,,0.6173026,241.48508,caixa
2024-04-13 22:00:00,1014.79016,21.388641,18.93576,5.7924185,77.95361,118.3706,255.5143,45.56037,0.9877727,,,0.5940524,229.0741,caixa
2024-04-13 23:00:00,1014.97815,21.290558,18.948578,5.9252777,77.359436,115.10493,249.58809,45.64702,0.98625565,,,0.6114278,232.3856,caixa
2024-04-14 00:00:00,1015.43384,21.266663,18.973175,6.063866,76.49002,111.212265,238.99889,45.70194,0.9801831,,,0.6085016,240.17543,caixa
2024-04-14 01:00:00,1015.50977,21.241608,18.983673,6.078875,75.073364,111.18449,217.6554,45.795258,0.974344,,,0.58337766,249.39253,caixa
2024-04-14 02:00:00,1015.50366,21.17862,18.957458,6.086782,73.682556,114.41258,187.41241,45.90625,0.9771726,,,0.5954762,259.43143,caixa
2024-04-14 03:00:00,1015.41437,21.101532,18.926147,6.058029,72.44684,115.59958,153.69928,46.02878,0.97689396,,,0.61605775,267.59592,caixa
2024-04-14 04:00:00,1015.1177,21.07663,18.974152,6.008663,70.924866,119.01211,142.18105,46.138226,0.97378945,,,0.671429,275.1915,caixa
2024-04-14 05:00:00,1015.05475,21.074554,19.028473,5.945067,69.973206,119.34329,140.55563,46.240856,0.96707267,,,0.7164385,276.71606,caixa
2024-04-14 06:00:00,1014.6337,20.981415,19.02182,5.856574,68.91058,124.2065,142.92531,46.31605,0.9695724,,,0.7615676,276.9985,caixa
2024-04-14 07:00:00,1014.3658,20.984222,19.057617,5.757824,68.33325,129.76122,235.66245,46.38066,0.96064824,,,0.56763095,272.4527,caixa
2024-04-14 08:00:00,1014.0519,20.96585,19.084534,5.711778,67.946655,132.57999,238.06369,46.44721,0.94250894,,,0.55538213,267.26028,caixa
2024-04-14 09:00:00,1014.2381,20.956177,19.097137,5.6961503,68.1868,133.95435,246.1696,46.544968,0.94573426,,,0.57322305,258.82886,caixa
2024-04-14 10:00:00,1014.3963,21.108734,19.200317,5.824911,71.67407,217.09036,244.6718,46.9536,0.9516787,,,0.5867742,233.24982,caixa
2024-04-14 11:00:00,1014.8261,21.230865,19.292145,6.107084,69.96283,228.40466,243.76727,47.059696,0.95536137,,,0.6369742,242.33885,caixa
2024-04-14 12:00:00,1015.23346,21.468048,19.43811,6.387386,67.14554,235.91248,236.57233,47.251545,0.9585405,,,0.65378404,256.69553,caixa
2024-04-14 13:00:00,1015.2897,21.764252,19.637482,6.4959555,63.679626,255.70032,224.36226,47.496834,0.9694924,,,0.63032293,269.38303,caixa
2024-04-14 14:00:00,1015.0796,22.202576,19.819702,6.506322,60.579224,288.13925,204.26822,47.760937,0.96987826,,,0.60166085,281.6285,caixa
2024-04-14 15:00:00,1014.8553,22.58844,19.997498,6.3933635,58.303497,329.93256,192.15866,48.095192,0.97250473,,,0.57834446,291.52594,caixa
2024-04-14 16:00:00,1014.36523,22.813751,20.10202,6.245666,56.579468,352.22705,173.71568,48.388554,0.9875251,,,0.56219625,297.2538,caixa
2024-04-14 17:00:00,1013.6914,22.995605,20.26706,6.005725,56.40985,362.50378,164.89671,48.612057,0.98978007,,,0.5780195,298.52118,caixa
2024-04-14 18:00:00,1013.2508,23.019989,20.35736,5.891202,57.359436,352.01907,166.61313,48.75687,0.9811458,,,0.5901844,301.04385,caixa
2024-04-14 19:00:00,1012.9141,22.966095,20.42038,5.850111,59.30188,331.49686,148.58633,48.83357,0.9833014,,,0.55770373,304.87585,caixa
2024-04-14 20:00:00,1012.6208,22.774597,20.422638,5.850097,61.59619,312.42935,151.5665,48.90123,0.98360723,,,0.48580855,312.02365,caixa
2024-04-14 21:00:00,1012.5668,22.494843,20.329468,5.8533792,63.49054,297.9099,147.25424,49.06388,0.9811685,,,0.44796532,327.97226,caixa
2024-04-14 22:00:00,1012.98193,22.335632,20.365479,5.450104,64.56549,231.08098,145.43536,48.93978,0.9862084,,,0.3896152,311.47366,caixa
2024-04-14 23:00:00,1013.2285,22.285156,20.358643,5.726532,64.916565,228.6563,155.52342,49.29271,0.98543775,,,0.41412172,339.61313,caixa
2024-04-15 00:00:00,1013.7968,22.273193,20.366974,6.0115137,64.29248,219.2088,171.0186,49.56759,0.9951022,,,0.43529728,373.85754,caixa
2024-04-15 01:00:00,1013.90826,22.243622,20.354279,6.236853,62.721558,216.22343,186.34402,49.719967,0.99601114,,,0.42848408,411.64474,caixa
2024-04-15 02:00:00,1013.4772,22.253204,20.369934,6.361556,60.38678,213.50607,202.03938,49.815113,0.99937826,,,0.4483932,446.77643,caixa
2024-04-15 03:00:00,1013.4046,22.224915,20.384308,6.4144473,58.175232,209.83322,199.49977,49.93408,0.9989047,,,0.47868332,477.64383,caixa
2024-04-15 04:00:00,1012.98517,22.144226,20.34964,6.439592,56.217834,214.37285,173.31578,50.010765,0.9995067,,,0.5074082,506.7173,caixa
2024-04-15 05:00:00,1012.91595,22.10315,20.33197,6.4195004,55.026978,207.94858,155.63474,50.05732,0.9997358,,,0.5723088,526.131,caixa
2024-04-15 06:00:00,1012.29407,22.016266,20.301819,6.3649526,54.00409,204.64377,146.66884,50.085484,0.9995499,,,0.68995583,541.6614,caixa
2024-04-15 07:00:00,1011.6982,21.946167,20.286499,6.3557906,53.164917,202.05011,225.73167,50.149796,0.99983317,,,0.6503242,550.856,caixa
2024-04-15 08:00:00,1011.44415,21.891815,20.241638,6.4527526,52.63745,199.84308,225.48903,50.2639,0.9976849,,,0.6896404,561.12616,caixa
2024-04-15 09:00:00,1011.4428,21.846588,20.243927,6.549631,52.18857,192.17128,218.54198,50.409,0.9964373,,,0.66620934,569.93506,caixa
2024-04-15 10:00:00,1011.207,21.958405,20.449677,6.6285853,52.539307,130.44722,211.87419,50.188763,0.99309117,,,0.62779117,540.1091,caixa
2024-04-15 11:00:00,1011.6562,22.021454,20.492249,6.7829075,51.006104,126.777885,204.41136,50.55788,0.9941833,,,0.6139217,562.3667,caixa
2024-04-15 12:00:00,1012.07135,22.216461,20.56427,6.9105015,48.80768,119.683754,196.97002,50.885273,0.99437624,,,0.6277741,586.93176,caixa
2024-04-15 13:00:00,1012.09937,22.436707,20.63443,7.0259757,46.30182,122.70456,156.19653,51.120773,0.9949718,,,0.6459051,608.761,caixa
2024-04-15 14:00:00,1011.96014,22.64685,20.677643,7.12157,43.716064,135.49077,135.58882,51.37108,0.99589074,,,0.6475045,628.81714,caixa
2024-04-15 15:00:00,1011.61804,22.88501,20.77713,7.137619,41.846252,164.80388,134.55695,51.612984,0.9914024,,,0.6983811,643.496,caixa
2024-04-15 16:00:00,1011.1127,22.995514,20.818665,7.0255623,39.824097,176.36101,130.12613,51.81702,0.9865175,,,0.7497784,655.38257,caixa
2024-04-15 17:00:00,1010.55304,23.031647,20.855133,6.8097014,38.40216,200.59198,123.428375,51.95976,0.98857975,,,0.784522,657.70557,caixa
2024-04-15 18:00:00,1010.38776,22.906189,20.798004,6.7058954,37.724365,196.75928,125.8783,52.051014,0.98961127,,,0.83183736,656.68024,caixa
2024-04-15 19:00:00,1010.116,22.842133,20.863312,6.5233083,37.183685,192.22285,111.33315,52.034126,0.9941429,,,0.83932084,650.3175,caixa
2024-04-15 20:00:00,1010.05945,22.606232,20.846832,6.4106503,37.417053,170.08804,126.2922,51.872868,0.98826057,,,0.7673404,637.3812,caixa
2024-04-15 21:00:00,1010.18945,22.34491,20.777985,6.274152,37.49286,145.17892,117.37983,51.632,0.9891016,,,0.70196116,623.11884,caixa
2024-04-15 22:00:00,1010.5546,22.209595,20.669922,6.0449557,40.05426,65.47222,109.75515,50.68378,0.98005265,,,0.67959625,593.8301,caixa
2024-04-15 23:00:00,1010.8731,22.124939,20.622223,6.141973,40.069336,62.33522,110.435,50.549522,0.9701839,,,0.64791083,587.4619,caixa
2024-04-27 00:00:00,1008.8844,22.501404,20.429657,3.809445,9.5841675,533.0142,315.79318,39.543335,0.62182194,,,0.5692302,442.93347,caixa
2024-04-27 01:00:00,1008.8961,22.300812,20.374207,3.8161683,6.6569214,494.04456,317.80865,39.044765,0.6451226,,,0.5322435,441.0397,caixa
2024-04-27 02:00:00,1009.06775,22.083984,20.297485,3.760197,1.923584,469.11267,315.32245,38.609715,0.6626156,,,0.44422075,444.95782,caixa
2024-04-27 03:00:00,1009.1268,21.779236,20.125305,3.622365,356.91943,440.83475,310.39474,38.173077,0.6725262,,,0.28163728,447.39008,caixa
2024-04-27 04:00:00,1008.7774,21.628143,20.005249,3.5075157,350.24225,416.9894,306.66055,37.744793,0.6830431,,,0.2112072,452.69742,caixa
2024-04-27 05:00:00,1008.796,21.45044,19.856201,3.240891,344.5768,398.0022,299.58124,37.39223,0.67630553,,,0.19074278,453.4768,caixa
2024-04-27 06:00:00,1008.42975,21.262177,19.636719,2.9647887,338.11978,385.20886,289.30817,37.010273,0.6545604,,,0.19427642,453.80365,caixa
2024-04-27 07:00:00,1008.16296,21.071014,19.436707,2.6648905,331.8067,377.5301,272.06372,36.63174,0.6557297,,,0.38788292,450.99518,caixa
2024-04-27 08:00:00,1007.95526,20.833862,19.183441,2.3864658,324.32544,374.50723,260.2524,36.29485,0.65885204,,,0.41634127,449.36237,caixa
2024-04-27 09:00:00,1008.2001,20.664307,18.947845,2.0993829,316.3895,355.7432,249.19917,35.979427,0.6355231,,,0.4404154,447.18085,caixa
2024-04-27 10:00:00,1008.6772,20.879517,18.891846,1.9222238,319.0025,281.56918,225.72615,36.165443,0.63632524,,,0.44385728,436.48474,caixa
2024-04-27 11:00:00,1009.3909,20.959595,18.789795,1.6961598,309.40326,296.1,221.57655,36.047775,0.6250101,,,0.4624374,437.86722,caixa
2024-04-27 12:00:00,1009.97144,21.371979,18.706146,1.449211,296.61887,307.6041,201.31294,35.984623,0.61643785,,,0.4394344,441.33832,caixa
2024-04-27 13:00:00,1009.95154,21.827301,18.491638,1.339909,284.87173,378.40933,240.74849,35.95747,0.6204676,,,0.45294237,447.70975,caixa
2024-04-27 14:00:00,1009.7286,22.425201,18.26297,1.4901936,276.82703,485.6084,320.5742,35.961735,0.6180655,,,0.5084855,460.06497,caixa
2024-04-27 15:00:00,1009.4364,23.011993,17.91986,1.6958512,269.26382,566.78143,306.57043,35.90348,0.64233136,,,0.5757364,468.87158,caixa
2024-04-27 16:00:00,1008.6994,23.345001,17.724823,1.9644724,262.14853,600.1455,264.76514,35.752422,0.6596938,,,0.5959576,476.30344,caixa
2024-04-27 17:00:00,1008.0952,23.487915,17.522766,2.201373,253.53462,616.95416,239.87766,35.526173,0.6469604,,,0.60004544,479.28186,caixa
2024-04-27 18:00:00,1007.93994,23.408752,17.215942,2.3318977,242.20262,628.07306,250.64116,35.188873,0.63542295,,,0.60264677,473.65457,caixa
2024-04-27 19:00:00,1008.10315,23.097595,16.953094,2.3813646,230.55519,662.9806,312.3491,34.680763,0.61673945,,,0.6678304,460.8424,caixa
2024-04-27 20:00:00,1008.539,22.595917,16.59488,2.3889449,222.42946,674.7661,321.80118,33.996292,0.589631,,,0.7113597,443.89484,caixa
2024-04-27 21:00:00,1009.01337,21.670563,16.362152,2.4534225,216.64127,594.1008,302.08072,33.093933,0.55865335,,,0.7182697,423.1082,caixa
2024-04-27 22:00:00,1009.4844,20.35553,15.923553,2.4027152,217.05246,356.8869,270.894,32.45928,0.5281826,,,0.69713306,394.02585,caixa
2024-04-27 23:00:00,1010.13,19.761017,15.5737,2.6456811,212.52226,324.23727,263.3587,31.748205,0.5046301,,,0.57329106,374.28992,caixa
2024-04-28 00:00:00,1010.78705,19.24704,15.18219,2.84088,208.83775,307.55508,256.4481,31.050358,0.4877012,,,0.46654826,354.92966,caixa
2024-04-28 01:00:00,1011.209,18.846283,14.948456,3.0108886,206.08493,289.79236,247.08844,30.25442,0.4859939,,,0.36527058,334.70895,caixa
2024-04-28 02:00:00,1011.5034,18.357819,14.580017,3.0846574,204.65472,273.33795,253.61082,29.389437,0.48847023,,,0.29449102,313.61496,caixa
2024-04-28 03:00:00,1011.9769,17.729156,14.135071,3.1810093,204.21683,258.08694,275.44846,28.528574,0.50233096,,,0.23896596,295.36346,caixa
2024-04-28 04:00:00,1011.98584,17.438171,13.860413,3.2215595,204.15805,241.83212,279.6819,27.68167,0.47476512,,,0.17196546,278.66983,caixa
2024-04-28 05:00:00,1012.3564,17.109924,13.565369,3.249587,202.99907,218.13925,293.47232,26.866764,0.4388845,,,0.12352277,260.85925,caixa
2024-04-28 06:00:00,1012.12054,16.766632,13.353912,3.1770518,201.99028,196.57784,279.6461,26.123213,0.43011785,,,0.08690636,242.21233,caixa
2024-04-28 07:00:00,1012.11896,16.532654,13.125427,3.0407555,202.01653,174.3617,252.09908,25.519571,0.41546625,,,0.10353592,226.89517,caixa
2024-04-28 08:00:00,1012.00073,16.229736,12.856049,2.8746336,201.77795,154.98502,221.7712,25.027224,0.4023955,,,0.11673297,213.48877,caixa
2024-04-28 09:00:00,1012.4416,16.009186,12.668152,2.6642861,200.10718,137.08658,220.20578,24.69056,0.4152446,,,0.1456876,201.62653,caixa
2024-04-28 10:00:00,1012.82446,16.002472,12.47821,2.2502587,202.97153,196.5108,216.92668,24.994453,0.43490264,,,0.14671254,205.56558,caixa
2024-04-28 11:00:00,1013.4482,16.216675,12.52887,2.1152442,199.93498,197.048,221.48161,24.906094,0.42559728,,,0.13298701,198.36305,caixa
2024-04-28 12:00:00,1013.8152,17.229858,12.846161,1.9397264,198.32404,217.58365,248.9129,24.933176,0.42395604,,,0.12523238,195.61931,caixa
2024-04-28 13:00:00,1014.09875,18.187378,12.903107,1.6935371,199.00977,258.81708,256.3269,25.09689,0.44206035,,,0.115084015,197.02585,caixa
2024-04-28 14:00:00,1013.68896,19.126465,12.775696,1.4471556,203.60701,310.42862,232.0553,25.34625,0.44235262,,,0.11241302,201.76595,caixa
2024-04-28 15:00:00,1013.46265,19.948822,12.807098,1.2369754,212.63878,348.6217,205.63405,25.638119,0.45669487,,,0.10576608,208.60359,caixa
2024-04-28 16:00:00,1012.71313,20.336334,12.84964,1.2436225,221.34969,351.34485,198.87633,25.87546,0.46927658,,,0.12617543,216.2364,caixa
2024-04-28 17:00:00,1012.1671,20.71521,13.017517,1.30218,221.27615,375.12033,198.6619,26.18419,0.45560265,,,0.18347865,221.79803,caixa
2024-04-28 18:00:00,1011.7355,20.839752,13.019653,1.2963946,214.226,388.6464,204.49307,26.463018,0.45225573,,,0.19002879,222.84653,caixa
2024-04-28 19:00:00,1011.6893,20.754059,13.090698,1.2171967,202.14886,390.0828,167.8551,26.71678,0.4696741,,,0.28024817,221.15945,caixa
2024-04-28 20:00:00,1011.6408,20.345093,13.256012,1.117045,187.62675,399.01938,175.50467,26.929337,0.4802283,,,0.21192479,216.21295,caixa
2024-04-28 21:00:00,1011.901,19.596893,13.436768,0.9727624,170.11249,371.01834,199.97533,27.087605,0.47310257,,,0.20724891,208.95438,caixa
2024-04-28 22:00:00,1012.00885,18.596436,13.414276,0.9580899,139.37938,191.87375,223.65167,26.527548,0.43878528,,,0.22503367,207.5731,caixa
2024-04-28 23:00:00,1012.42126,18.255676,13.335632,1.1464685,114.8253,184.15561,239.77194,26.808176,0.4184292,,,0.20796362,202.49316,caixa
2024-04-29 00:00:00,1012.6474,18.088867,13.351105,1.3371352,96.39531,174.01515,254.20355,27.051968,0.40376413,,,0.15442686,203.58955,caixa
2024-04-29 01:00:00,1012.73944,17.945557,13.339935,1.5522301,83.20398,170.01819,262.73938,27.317108,0.38983274,,,0.11915135,208.30495,caixa
2024-04-29 02:00:00,1012.80695,17.797699,13.33847,1.779129,73.230804,171.56908,252.36642,27.658487,0.3894231,,,0.09103955,217.26904,caixa
2024-04-29 03:00:00,1012.97455,17.755157,13.394989,1.9376521,65.14978,182.49811,228.30215,28.133652,0.38154277,,,0.076522104,231.44487,caixa
2024-04-29 04:00:00,1012.8357,17.74582,13.466339,2.1022515,58.707855,195.72353,212.65414,28.717407,0.36046374,,,0.07427432,250.56142,caixa
2024-04-29 05:00:00,1012.7375,17.726898,13.583618,2.280936,55.551605,210.96976,209.80017,29.381289,0.3815162,,,0.07419946,268.34442,caixa
2024-04-29 06:00:00,1012.4595,17.700195,13.786591,2.4522069,53.40619,229.2892,204.82191,30.087265,0.39883482,,,0.08137001,285.2216,caixa
2024-04-29 07:00:00,1011.91693,17.789642,14.012634,2.6047754,50.838196,242.09445,299.05078,30.797112,0.40525126,,,0.06376663,302.21274,caixa
2024-04-29 08:00:00,1011.77014,17.868286,14.25235,2.8476932,50.162354,248.28459,289.7398,31.496613,0.4242149,,,0.090067886,316.13678,caixa
2024-04-29 09:00:00,1011.74646,17.96878,14.453461,3.1072423,49.779175,250.35455,291.15585,32.161427,0.4510393,,,0.12666558,328.21143,caixa
2024-04-29 10:00:00,1011.9794,18.37796,15.01181,3.338097,50.28784,387.859,291.9218,35.13639,0.5311428,,,0.12239132,352.0903,caixa
2024-04-29 11:00:00,1012.21063,18.724335,15.407654,3.7573667,51.853027,400.98804,284.26016,35.816326,0.55203736,,,0.14279275,370.7567,caixa
2024-04-29 12:00:00,1012.45544,19.337585,15.906372,4.0873494,50.409668,471.12463,290.7508,36.67035,0.54024243,,,0.18418401,397.1308,caixa
2024-04-29 13:00:00,1012.41284,20.069702,16.429993,4.465567,44.69818,585.6532,290.119,37.620403,0.59696674,,,0.21497259,428.43472,caixa
2024-04-29 14:00:00,1012.37415,20.94339,16.99179,4.744836,38.432434,694.8048,260.99088,38.583046,0.6494248,,,0.29034343,458.66443,caixa
2024-04-29 15:00:00,1011.6728,21.810211,17.538666,4.848629,33.552887,777.9186,227.39153,39.470966,0.69328475,,,0.40113845,485.1418,caixa
2024-04-29 16:00:00,1010.7568,22.277496,17.977905,4.8141074,30.674927,833.01776,213.2846,40.240376,0.7261866,,,0.53074104,504.00598,caixa
2024-04-29 17:00:00,1009.66034,22.818817,18.342316,4.75717,30.878906,857.00555,208.12595,40.82498,0.73838544,,,0.65438825,514.5933,caixa
2024-04-29 18:00:00,1008.96643,23.0849,18.680145,4.7482347,32.875854,891.63074,212.2909,41.394882,0.73164856,,,0.71004474,518.2109,caixa
2024-04-29 19:00:00,1008.5022,23.176056,18.93518,4.70792,35.70294,955.88586,245.67398,41.870094,0.7187342,,,0.88125163,517.7447,caixa
2024-04-29 20:00:00,1008.3572,22.925964,19.112488,4.684643,39.54474,1013.26404,268.42102,42.26135,0.70942694,,,0.86278594,514.8247,caixa
2024-04-29 21:00:00,1008.49756,22.474426,19.23581,4.680659,42.375427,955.53656,284.13077,42.525578,0.6839261,,,0.8114617,508.17923,caixa
2024-04-29 22:00:00,1008.55756,21.928314,19.373505,4.785548,49.68152,819.0063,290.1941,42.402496,0.7097285,,,0.8166993,476.79904,caixa
2024-04-29 23:00:00,1009.05804,21.736206,19.45404,5.082093,48.488434,719.99475,301.39548,42.42476,0.71338594,,,0.820816,472.74548,caixa
2024-04-30 00:00:00,1009.12384,21.652252,19.552917,5.3557386,46.35736,631.6824,308.01187,42.16513,0.71282053,,,0.8758714,466.03888,caixa
2024-04-30 01:00:00,1009.08276,21.59262,19.604736,5.4960904,42.713745,572.98584,321.3089,41.81863,0.72242755,,,0.86118406,466.81058,caixa
2024-04-30 02:00:00,1008.9004,21.508453,19.594574,5.5575,38.050415,526.8351,325.08487,41.590897,0.74514866,,,0.83326375,473.60608,caixa
2024-04-30 03:00:00,1008.68695,21.389282,19.614197,5.466119,33.473633,485.8154,317.11768,41.380646,0.7553499,,,0.74420893,483.085,caixa
2024-04-30 04:00:00,1008.30225,21.39627,19.649414,5.355757,29.341553,457.4211,302.82657,41.113388,0.7669574,,,0.6933336,489.89954,caixa
2024-04-30 05:00:00,1008.14874,21.374146,19.659637,5.1057706,26.283081,448.84372,294.4094,40.889988,0.7580193,,,0.63780224,489.6267,caixa
2024-04-30 06:00:00,1007.97424,21.35791,19.698822,4.9349375,22.365692,459.3319,279.9143,40.705467,0.7589413,,,0.54802483,494.20087,caixa
2024-04-30 07:00:00,1007.5416,21.288483,19.684967,4.735553,19.522766,492.3237,292.675,40.579746,0.7635391,,,0.48088902,491.93784,caixa
2024-04-30 08:00:00,1007.5135,21.171082,19.64325,4.620714,16.795868,524.96625,280.39505,40.48288,0.73253936,,,0.39251688,486.81763,caixa
2024-04-30 09:00:00,1007.7695,21.141724,19.639313,4.4969077,14.668518,550.41754,278.76837,40.33345,0.70575583,,,0.36324844,473.8274,caixa
2024-04-30 10:00:00,1008.2997,21.432129,19.85196,3.935317,16.33142,477.80707,283.3501,40.30718,0.7520453,,,0.3034498,423.59314,caixa
2024-04-30 11:00:00,1008.7335,21.635803,19.981934,4.034845,15.718842,484.24234,310.20032,40.13148,0.69061303,,,0.27275372,407.46356,caixa
2024-04-30 12:00:00,1009.11194,22.223022,20.31189,4.046565,14.123322,508.13538,332.09845,40.116142,0.6660058,,,0.250301,401.08868,caixa
2024-04-30 13:00:00,1009.37213,22.98349,20.669983,4.1321535,10.540588,605.09625,359.9009,40.25464,0.6453333,,,0.21822695,405.91705,caixa
2024-04-30 14:00:00,1009.2179,23.980286,21.030914,4.3420544,5.114807,709.923,399.28635,40.41391,0.63431466,,,0.173143,419.89038,caixa
2024-04-30 15:00:00,1008.72955,24.76941,21.250122,4.3822365,359.78723,829.4027,427.07187,40.55723,0.65609556,,,0.15466258,433.09027,caixa
2024-04-30 16:00:00,1007.9489,25.151764,21.355164,4.2899323,354.12265,933.9668,416.42917,40.75255,0.6930017,,,0.1813266,445.32736,caixa
2024-04-30 17:00:00,1007.5921,25.41803,21.374084,4.0332904,350.52942,1006.60986,405.86932,40.981956,0.6960646,,,0.20215808,450.6604,caixa
2024-04-30 18:00:00,1007.36633,25.472656,21.356781,3.6591275,349.11865,1040.3885,405.7233,41.107113,0.7137185,,,0.20639528,447.24292,caixa
2024-04-30 19:00:00,1007.1446,25.252625,21.290314,3.1177454,349.73752,1069.5837,397.63608,41.114937,0.7330831,,,0.500571,440.6467,caixa
2024-04-30 20:00:00,1007.2999,24.655884,21.074493,2.7200036,351.74493,1077.6348,384.4508,41.111164,0.7077166,,,0.5004832,432.90863,caixa
2024-04-30 21:00:00,1007.52155,23.850098,20.920288,2.3901517,354.63507,1014.8713,379.4642,41.117176,0.70434576,,,0.392532,426.4547,caixa
2024-04-30 22:00:00,1007.9352,22.856293,20.59906,1.8995343,353.88266,364.34204,374.54095,39.55587,0.71384275,,,0.31136674,405.8695,caixa
2024-04-30 23:00:00,1008.48126,22.485382,20.44461,1.92976,358.44034,387.76364,388.13596,39.914806,0.6915832,,,0.31538802,400.53326,caixa
2024-05-01 00:00:00,1009.12994,22.302063,20.372528,1.9093612,0.15429688,413.80106,380.04507,40.155216,0.68540686,,,0.32830903,401.08905,caixa
2024-05-01 01:00:00,1009.3469,22.135529,20.254608,1.8447024,0.37020874,443.6971,372.0865,40.24542,0.6907313,,,0.3366751,403.73453,caixa
2024-05-01 02:00:00,1009.34845,22.023956,20.154999,1.7550712,356.86154,483.54996,366.81845,40.3893,0.6839522,,,0.37368917,412.64932,caixa
2024-05-01 03:00:00,1009.49023,21.762146,19.89151,1.6104449,353.72623,495.64917,349.4651,40.47219,0.6738161,,,0.40036184,422.06458,caixa
2024-05-01 04:00:00,1009.2084,21.650055,19.815186,1.4623772,354.67102,474.62082,308.3702,40.465706,0.67314345,,,0.40085667,427.8877,caixa
2024-05-01 05:00:00,1009.2573,21.46286,19.704773,1.2732037,358.58386,448.81927,258.41055,40.44149,0.6817643,,,0.42312372,427.19254,caixa
2024-05-01 06:00:00,1008.961,21.182495,19.551514,1.167393,359.9162,431.02957,217.08351,40.40596,0.6720652,,,0.47525945,426.09833,caixa
2024-05-01 07:00:00,1008.6727,21.04654,19.45404,1.0414227,0.2324524,413.6675,186.00348,40.347027,0.6868321,,,0.43830225,423.3998,caixa
2024-05-01 08:00:00,1008.53125,20.878052,19.30017,0.9180398,5.395111,400.57242,175.83421,40.265854,0.69154835,,,0.41796702,417.14014,caixa
2024-05-01 09:00:00,1008.79694,20.78183,19.126099,0.8297948,14.259766,389.0782,170.81393,40.18794,0.6801289,,,0.44242713,408.7038,caixa
2024-05-01 10:00:00,1009.2263,20.840515,18.806763,0.63595974,22.464325,241.54906,168.88843,40.269417,0.7116961,,,0.42108318,398.32495,caixa
2024-05-01 11:00:00,1009.5359,20.97171,18.806519,0.6937059,38.008667,229.72421,176.7094,40.12376,0.69993615,,,0.3887846,386.0584,caixa
2024-05-01 12:00:00,1009.95233,21.47998,18.932526,0.80842507,52.95343,238.30142,204.1114,39.944267,0.6786917,,,0.40642035,373.94202,caixa
2024-05-01 13:00:00,1009.96344,22.053955,18.9953,0.9124701,49.956177,305.8628,239.80042,39.880314,0.68325543,,,0.39511877,372.70294,caixa
2024-05-01 14:00:00,1009.89044,22.677216,19.003296,1.0084614,44.074127,387.65472,260.9099,39.849857,0.6880853,,,0.3883164,374.0758,caixa
2024-05-01 15:00:00,1009.40985,23.131042,19.012482,1.0208119,37.253906,466.71982,246.45871,39.85731,0.6821716,,,0.39409316,376.00748,caixa
2024-05-01 16:00:00,1008.69006,23.347168,18.9953,0.8138181,23.044159,526.9206,221.23405,40.01665,0.69573957,,,0.41118404,381.23206,caixa
2024-05-01 17:00:00,1008.1275,23.360168,18.901642,0.5474744,14.99118,572.69415,200.80756,40.246563,0.7284329,,,0.44494343,383.0791,caixa
2024-05-01 18:00:00,1007.6691,23.275848,18.82547,0.3513058,45.505524,609.458,184.9508,40.46314,0.72387034,,,0.46343568,375.24054,caixa
2024-05-01 19:00:00,1007.3374,22.972015,18.669617,0.4363825,105.71919,641.50104,219.19287,40.665245,0.7451587,,,0.6488901,371.09454,caixa
2024-05-01 20:00:00,1007.49164,22.530823,18.552246,0.8109267,125.38173,667.17487,207.75998,40.863926,0.7799766,,,0.57352173,366.44006,caixa
2024-05-01 21:00:00,1007.47,21.877258,18.267517,1.1264055,131.04811,619.803,195.38205,41.00927,0.8021115,,,0.6073984,366.9174,caixa
2024-05-01 22:00:00,1007.7215,21.320862,18.270538,1.7042266,146.12683,463.89508,187.83578,40.713024,0.84756225,,,0.6772527,345.37445,caixa
2024-05-01 23:00:00,1007.8033,21.095886,18.109222,1.9597652,138.59207,380.65094,188.48177,40.699623,0.8208949,,,0.70105135,349.47626,caixa
2024-05-02 00:00:00,1008.077,20.96878,18.02008,2.1640284,134.619,331.96814,197.03903,40.72636,0.8401901,,,0.7122105,354.54794,caixa
2024-05-02 01:00:00,1007.91626,20.86621,17.978882,2.1763632,133.82552,297.802,207.68831,40.79507,0.85104805,,,0.70006603,370.36984,caixa
2024-05-02 02:00:00,1007.7179,20.667755,17.926147,2.0846581,133.87047,280.20917,208.97784,40.91888,0.87299365,,,0.73644173,390.83752,caixa
2024-05-02 03:00:00,1007.4185,20.374176,17.777039,2.014537,135.06468,267.99823,206.94096,40.993526,0.88971704,,,0.7951319,407.8088,caixa
2024-05-02 04:00:00,1007.1371,20.222504,17.750732,1.9110163,135.15349,244.00487,204.95235,41.015198,0.8947798,,,0.88701856,422.6247,caixa
2024-05-02 05:00:00,1007.12396,19.934814,17.60675,1.9057472,136.61382,214.20912,205.34503,40.917004,0.8985274,,,1.0357392,430.90836,caixa
2024-05-02 06:00:00,1006.6345,19.673798,17.480621,1.8843689,138.20679,199.07127,169.98045,40.734478,0.90523493,,,1.1558324,436.32132,caixa
2024-05-02 07:00:00,1006.2647,19.5094,17.329895,1.8458852,140.59047,187.52129,145.68343,40.518604,0.9010519,,,1.0780693,441.28568,caixa
2024-05-02 08:00:00,1006.2723,19.242249,17.080627,1.8621088,146.24895,178.55661,143.62488,40.29485,0.9026928,,,0.9838216,441.78162,caixa
2024-05-02 09:00:00,1006.5968,18.947021,16.761475,1.8568001,152.41174,167.15703,151.84259,40.102783,0.91426265,,,0.9041952,440.65646,caixa
2024-05-02 10:00:00,1007.0771,18.82077,16.458282,2.1373098,167.18951,183.56593,159.94713,40.87961,0.9225408,,,0.8635953,467.24042,caixa
2024-05-02 11:00:00,1007.94556,18.85907,16.413727,2.1433501,171.36491,168.8045,142.63713,40.533623,0.91528106,,,0.87138665,451.91287,caixa
2024-05-02 12:00:00,1008.7442,18.961334,16.38742,2.2220032,173.88574,156.84056,121.76322,40.006363,0.9222513,,,0.8088497,430.69867,caixa
2024-05-02 13:00:00,1009.1674,19.115143,16.188538,2.27319,178.29358,159.68867,128.98097,39.389942,0.91269624,,,0.74057597,415.32697,caixa
2024-05-02 14:00:00,1009.2907,19.48767,16.016327,2.3166072,186.1066,169.04994,118.747856,38.707993,0.88854414,,,0.66811687,408.98898,caixa
2024-05-02 15:00:00,1009.1957,19.622162,15.814789,2.5444093,191.64532,188.44711,123.276276,37.9394,0.86682165,,,0.6280204,403.1583,caixa
2024-05-02 16:00:00,1008.81885,19.69107,15.595337,2.8394146,195.87457,198.0857,124.32515,37.079304,0.8498406,,,0.6312187,394.64093,caixa
2024-05-02 17:00:00,1008.6594,19.63681,15.271698,3.233997,198.1889,196.44041,131.81822,36.232357,0.8239293,,,0.68139994,386.0576,caixa
2024-05-02 18:00:00,1008.9789,19.642914,15.047241,3.6013713,197.34079,204.36703,165.98077,35.420567,0.7962672,,,0.6959703,371.18817,caixa
2024-05-02 19:00:00,1009.33716,19.387177,14.881378,3.8778644,194.38239,197.55498,131.4509,34.57016,0.7680467,,,0.7939994,348.53006,caixa
2024-05-02 20:00:00,1009.87225,18.903229,14.536224,4.0504513,191.48114,184.4641,122.41534,33.71656,0.73969847,,,0.64474434,325.0116,caixa
2024-05-02 21:00:00,1010.3694,18.223785,14.261444,3.993149,189.35744,158.30168,133.66364,32.754044,0.7141057,,,0.5219927,296.28558,caixa
2024-05-02 22:00:00,1011.5168,17.38858,14.086243,3.8985927,189.57635,35.72673,145.05734,30.8036,0.7001917,,,0.4612113,277.25653,caixa
2024-05-02 23:00:00,1012.1184,17.041595,13.941711,3.897052,189.4808,31.731865,167.71643,29.968285,0.6679692,,,0.4562029,254.91115,caixa
2024-05-03 00:00:00,1012.7928,16.777222,13.766815,3.8981209,188.94962,31.809853,154.52872,29.187645,0.66437197,,,0.42358616,233.78267,caixa
2024-05-03 01:00:00,1013.21985,16.531036,13.585815,3.8731983,189.36047,30.690462,143.82646,28.436186,0.62890023,,,0.4063268,218.13853,caixa
2024-05-03 02:00:00,1013.11664,16.309296,13.3909,3.804199,189.70795,26.505032,155.51367,27.746393,0.62610257,,,0.40507588,204.87387,caixa
2024-05-03 03:00:00,1013.0648,15.86087,13.109192,3.7610555,190.41373,23.796331,141.61873,27.170534,0.6059771,,,0.38204375,194.55646,caixa
2024-05-03 04:00:00,1012.9599,15.622681,12.933075,3.711126,190.66034,22.877777,149.20126,26.701603,0.5919585,,,0.35413867,187.00319,caixa
2024-05-03 05:00:00,1013.022,15.401428,12.687073,3.739215,189.53381,23.966352,142.32027,26.36476,0.58148026,,,0.35060954,181.39357,caixa
2024-05-03 06:00:00,1012.9417,15.158997,12.443359,3.699356,187.9422,26.262579,124.93402,26.172422,0.5916356,,,0.34461668,177.77245,caixa
2024-05-03 07:00:00,1012.7512,15.001648,12.253662,3.6476078,186.39406,27.339622,214.80019,26.090244,0.60448074,,,0.33238104,177.83328,caixa
2024-05-03 08:00:00,1012.993,14.906555,12.101593,3.5819829,183.49106,28.15608,144.44572,26.103964,0.6366177,,,0.31614232,175.79831,caixa
2024-05-03 09:00:00,1013.3265,14.783478,11.954254,3.3991542,179.97958,27.916143,134.27478,26.181063,0.6420009,,,0.3016864,173.71115,caixa
2024-05-03 10:00:00,1013.98474,14.850067,11.960205,3.157379,177.69298,19.681185,142.72144,26.496561,0.648238,,,0.29612523,174.49326,caixa
2024-05-03 11:00:00,1014.59564,14.934662,11.945557,3.0207677,171.33679,17.43197,175.41158,26.600153,0.6449542,,,0.2756306,168.75908,caixa
2024-05-03 12:00:00,1015.0521,15.602081,12.217468,2.9126086,163.57294,15.968921,170.46863,26.80206,0.6665884,,,0.2770791,164.8332,caixa
2024-05-03 13:00:00,1015.1802,16.399963,12.430817,2.8184307,155.36838,17.42673,155.05585,27.133228,0.68022233,,,0.26158997,167.88408,caixa
2024-05-03 14:00:00,1015.0694,17.217499,12.334015,2.6224096,146.74913,23.960377,165.69083,27.612867,0.71166617,,,0.25673634,178.28159,caixa
2024-05-03 15:00:00,1014.5628,17.75824,12.375763,2.4028726,139.5216,34.18433,156.0513,28.190304,0.74109507,,,0.26964366,192.8571,caixa
2024-05-03 16:00:00,1013.8178,18.08081,12.447479,2.2045236,135.5616,45.03569,151.0155,28.81455,0.74548036,,,0.29661825,209.74811,caixa
2024-05-03 17:00:00,1013.24976,18.268494,12.582123,2.1672204,130.20648,53.242455,138.04971,29.452309,0.7506857,,,0.3140536,223.06218,caixa
2024-05-03 18:00:00,1012.973,18.31485,12.71637,2.220906,125.66716,60.444027,145.00514,30.072523,0.76444566,,,0.3608189,232.87933,caixa
2024-05-03 19:00:00,1012.7456,18.190338,12.760803,2.2826214,122.210144,70.19397,152.17456,30.673618,0.7715771,,,0.41243282,241.82013,caixa
2024-05-03 20:00:00,1012.72406,17.957306,12.856995,2.305765,121.236725,78.15776,164.00056,31.237013,0.802226,,,0.42022562,249.23463,caixa
2024-05-03 21:00:00,1013.04877,17.581482,12.964203,2.35541,117.30699,78.2456,176.67299,31.787477,0.81495994,,,0.49870366,258.21564,caixa
2024-05-03 22:00:00,1013.4151,17.343231,13.213013,2.4274933,112.230484,26.372904,186.74591,31.119104,0.83416414,,,0.52097,273.79236,caixa
2024-05-03 23:00:00,1013.71564,17.217834,13.322174,2.558339,105.51604,29.453144,185.09048,31.649345,0.8064177,,,0.5469322,283.18958,caixa
2024-05-04 00:00:00,1014.2098,17.131805,13.419708,2.6293495,95.91383,29.130293,203.33363,32.163483,0.78539044,,,0.56832117,296.53207,caixa
2024-05-04 01:00:00,1014.59564,17.023071,13.516663,2.637713,88.412476,25.904297,217.44914,32.63621,0.78255385,,,0.58950424,310.12595,caixa
2024-05-04 02:00:00,1014.687,16.911865,13.638306,2.6338634,79.88092,23.89219,213.77959,33.01409,0.8010753,,,0.6117529,324.91815,caixa
2024-05-04 03:00:00,1014.72015,16.794403,13.723694,2.6028318,74.3714,24.58391,210.9436,33.286327,0.7627803,,,0.63791704,334.67538,caixa
2024-05-04 04:00:00,1014.5073,16.68454,13.845978,2.5491736,70.26837,26.790514,199.99045,33.437626,0.7413206,,,0.6294441,340.5783,caixa
2024-05-04 05:00:00,1014.26666,16.66681,13.968628,2.5415764,68.29291,29.864256,197.99435,33.4988,0.7255912,,,0.6590026,339.40878,caixa
2024-05-04 06:00:00,1013.87854,16.626892,14.070618,2.5901172,66.53934,34.295387,196.80345,33.52839,0.70495266,,,0.6451862,334.2099,caixa
2024-05-04 07:00:00,1013.77435,16.640991,14.148804,2.590832,64.03674,37.71672,146.48108,33.528107,0.71325976,,,0.41294459,328.7976,caixa
2024-05-04 08:00:00,1013.6777,16.632141,14.203003,2.603213,62.391663,41.404663,131.05356,33.524662,0.71554005,,,0.41925502,319.99686,caixa
2024-05-04 09:00:00,1013.9796,16.759674,14.358704,2.6329694,61.793304,44.138733,112.09366,33.480892,0.7156745,,,0.43091395,310.48294,caixa
2024-05-04 10:00:00,1014.4034,17.070496,14.818848,2.8264182,63.78253,53.136845,104.47678,34.11472,0.7283029,,,0.44015363,306.5524,caixa
2024-05-04 11:00:00,1014.84344,17.338593,15.104675,3.0378835,62.49933,54.162315,107.03726,34.00649,0.71532935,,,0.42819205,299.96326,caixa
2024-05-04 12:00:00,1015.3808,17.914948,15.577911,3.1769404,59.91385,60.359432,108.62614,33.973278,0.713534,,,0.39536944,295.02112,caixa
2024-05-04 13:00:00,1015.5968,18.59964,16.003418,3.314543,56.251007,80.14224,135.78937,33.97915,0.72891206,,,0.34868744,292.84662,caixa
2024-05-04 14:00:00,1015.40356,19.361786,16.426422,3.4040978,51.58673,107.34853,177.361,34.03511,0.75937206,,,0.31020182,293.62448,caixa
2024-05-04 15:00:00,1014.7393,20.058594,16.8078,3.3671353,47.522034,137.25932,206.83963,34.159874,0.7952231,,,0.28795207,297.2595,caixa
2024-05-04 16:00:00,1014.14575,20.365631,16.994293,3.2147863,46.22818,160.83905,227.68054,34.32048,0.8331977,,,0.25611013,296.98297,caixa
2024-05-04 17:00:00,1013.539,20.66211,17.203308,3.0650814,47.927124,183.81389,234.84647,34.45905,0.85276467,,,0.23474136,292.70557,caixa
2024-05-04 18:00:00,1013.512,20.783447,17.35083,2.9883075,51.461884,208.47835,243.94943,34.618305,0.86151195,,,0.20991272,285.28256,caixa
2024-05-04 19:00:00,1013.47375,20.826813,17.50824,2.9898624,55.398865,230.84665,243.41553,34.72733,0.87060857,,,0.3161335,276.08615,caixa
2024-05-04 20:00:00,1013.7901,20.707397,17.68631,3.0444708,59.546387,256.8126,252.35315,34.809464,0.88059443,,,0.30742645,266.30487,caixa
2024-05-04 21:00:00,1013.9528,20.382507,17.829742,3.1234293,61.10211,252.91278,251.53542,34.790855,0.88118017,,,0.29160732,258.32797,caixa
2024-05-04 22:00:00,1014.4322,20.072327,18.05243,3.369038,65.78067,121.30985,248.87709,34.10452,0.8534459,,,0.2672327,260.58344,caixa
2024-05-04 23:00:00,1014.7766,19.988953,18.15509,3.5683231,63.625366,115.57379,256.39896,33.990833,0.8388429,,,0.2326584,257.87573,caixa
2024-05-05 00:00:00,1015.0508,19.972168,18.276703,3.7682152,60.177246,112.49094,276.51514,33.89905,0.83845115,,,0.21976255,261.40973,caixa
2024-05-05 01:00:00,1015.1613,19.960754,18.352356,3.8472333,55.269257,112.00697,303.44724,33.845047,0.82695305,,,0.23489574,272.99475,caixa
2024-05-05 02:00:00,1015.0271,19.946594,18.411682,3.9037368,50.934692,109.63323,321.48004,33.76283,0.8148072,,,0.25167698,285.07138,caixa
2024-05-05 03:00:00,1014.9599,19.94226,18.50476,3.8722475,46.450165,110.6739,340.18942,33.68718,0.78308576,,,0.23904079,299.33838,caixa
2024-05-05 04:00:00,1014.5128,19.902618,18.563385,3.8315983,42.31836,119.94822,342.49097,33.628098,0.77700627,,,0.22827652,311.23764,caixa
2024-05-05 05:00:00,1014.3695,19.847534,18.613586,3.7105122,38.165894,133.09863,332.60596,33.619747,0.7559254,,,0.22783802,320.63727,caixa
2024-05-05 06:00:00,1013.9178,19.747223,18.622498,3.5488553,34.262604,146.12532,331.6945,33.589962,0.75473404,,,0.267854,326.2368,caixa
2024-05-05 07:00:00,1013.7768,19.702301,18.641785,3.4146214,30.63147,155.3022,332.952,33.522964,0.74653524,,,0.2321794,330.38852,caixa
2024-05-05 08:00:00,1013.5455,19.6445,18.643768,3.3042855,27.966492,167.00304,335.23145,33.404213,0.7496343,,,0.24198928,330.09265,caixa
2024-05-05 09:00:00,1013.7299,19.631805,18.640625,3.2604296,25.462585,182.86635,349.54935,33.27652,0.7760841,,,0.23078308,330.75342,caixa
2024-05-05 10:00:00,1014.1982,19.817993,18.667816,3.0655346,29.44104,173.5846,364.48083,33.468243,0.7758037,,,0.22003388,319.731,caixa
2024-05-05 11:00:00,1014.7404,20.0513,18.834503,3.328962,26.482788,199.0716,369.4275,33.490448,0.7759784,,,0.2000402,327.97995,caixa
2024-05-05 12:00:00,1015.1964,20.573944,19.172607,3.4468982,21.276093,239.31017,390.24045,33.492165,0.74576795,,,0.18737254,335.98627,caixa
2024-05-05 13:00:00,1015.32,21.281708,19.417053,3.6432996,15.948822,305.5992,410.70053,33.479527,0.71088034,,,0.14567357,343.781,caixa
2024-05-05 14:00:00,1015.0413,22.37088,19.72171,3.8044634,11.174988,380.96368,423.65152,33.450283,0.65126896,,,0.11317775,350.79254,caixa
2024-05-05 15:00:00,1014.3465,23.338898,19.953308,3.8907514,7.037506,464.69507,435.78143,33.434105,0.61868256,,,0.0877366,353.87964,caixa
2024-05-05 16:00:00,1013.6093,23.82788,19.964447,3.8847687,2.0535889,544.0285,430.84515,33.487698,0.58604527,,,0.067877136,355.25208,caixa
2024-05-05 17:00:00,1012.8161,24.325378,20.062988,3.7841177,358.82147,603.1343,417.7611,33.555065,0.602802,,,0.05148726,350.3317,caixa
2024-05-05 18:00:00,1012.21515,24.515778,20.088257,3.5736551,358.56445,651.82623,411.178,33.5882,0.5944496,,,0.04195519,339.1158,caixa
2024-05-05 19:00:00,1011.9163,24.477936,20.096863,3.1539588,2.6500244,729.1337,450.90195,33.588173,0.57147497,,,0.029668987,323.26315,caixa
2024-05-05 20:00:00,1012.0109,24.116974,20.260956,2.5849137,11.769165,817.3871,459.9413,33.566597,0.5369989,,,0.01850632,306.27835,caixa
2024-05-05 21:00:00,1012.1317,23.270905,20.308136,2.422617,21.81543,795.2955,462.21765,33.517414,0.5159443,,,0.021236347,293.19617,caixa
2024-05-05 22:00:00,1012.1978,22.392944,20.272766,2.5034556,37.815887,892.3656,452.40717,33.206577,0.5729908,,,0.024136238,269.86407,caixa
2024-05-05 23:00:00,1012.41724,22.111023,20.209229,2.829322,40.06955,860.4151,454.42975,33.35448,0.5625042,,,0.028759938,271.09467,caixa
2024-05-06 00:00:00,1012.7403,21.967926,20.191528,3.1174142,38.871674,815.14905,445.256,33.471806,0.5857269,,,0.029036324,282.49692,caixa
2024-05-06 01:00:00,1012.74335,21.89801,20.20877,3.315573,35.157074,762.985,435.92685,33.56378,0.61653954,,,0.039161105,303.90256,caixa
2024-05-06 02:00:00,1012.68134,21.797699,20.160522,3.4466574,30.949219,710.78876,415.65048,33.668964,0.63052857,,,0.061831206,328.39737,caixa
2024-05-06 03:00:00,1012.4077,21.665741,20.089264,3.5729227,26.8125,670.29956,429.38516,33.795467,0.65447134,,,0.10653622,353.7076,caixa
2024-05-06 04:00:00,1012.20544,21.628723,20.066895,3.6605623,23.30017,653.63257,399.1004,33.987236,0.6911703,,,0.17284052,378.9504,caixa
2024-05-06 05:00:00,1011.5994,21.551697,19.97821,3.6591818,20.413574,643.4,379.58322,34.140953,0.7102831,,,0.24169579,402.63986,caixa
2024-05-06 06:00:00,1011.202,21.411682,19.884338,3.6194577,19.68219,620.3234,359.49112,34.2837,0.7086357,,,0.3372777,420.20917,caixa
2024-05-06 07:00:00,1010.55054,21.315582,19.775116,3.6761644,18.319458,569.9695,352.63516,34.317696,0.697415,,,0.4197189,434.68112,caixa
2024-05-06 08:00:00,1010.1315,21.359375,19.642761,3.7574613,16.667969,514.57117,324.33655,34.251633,0.67165434,,,0.5400409,444.84512,caixa
2024-05-06 09:00:00,1009.8781,21.329773,19.518982,3.85597,15.693481,466.67255,305.92514,34.12134,0.6473801,,,0.57903033,451.69925,caixa
2024-05-06 10:00:00,1009.7566,21.676483,19.446747,4.283289,19.285583,361.97946,276.93045,35.351944,0.6652573,,,0.58720106,474.85086,caixa
2024-05-06 11:00:00,1009.9879,21.888123,19.476257,4.456501,16.41858,351.41934,256.32214,35.264683,0.6400496,,,0.68350846,487.9952,caixa
2024-05-06 12:00:00,1010.3664,22.3219,19.513428,4.6292086,12.602631,328.50885,248.21687,35.13576,0.6127754,,,0.710889,502.12933,caixa
2024-05-06 13:00:00,1010.2926,22.985962,19.545837,4.651946,9.034393,327.0073,257.65396,34.90512,0.59824187,,,0.6723487,513.8179,caixa
2024-05-06 14:00:00,1010.01685,23.87967,19.588654,4.7968483,3.4558105,342.6768,283.59644,34.625813,0.58288884,,,0.5909247,526.0865,caixa
2024-05-06 15:00:00,1009.43744,24.642761,19.543976,4.7924557,357.78128,374.9742,299.42654,34.325203,0.58111006,,,0.51218396,528.9002,caixa
2024-05-06 16:00:00,1008.6744,24.835663,19.392578,4.6163692,353.58395,410.13434,317.46475,34.005413,0.56569296,,,0.41717494,520.3869,caixa
2024-05-06 17:00:00,1007.8053,25.039001,19.402191,4.298304,351.1671,442.45776,320.79276,33.696907,0.55350643,,,0.32608932,502.74774,caixa
2024-05-06 18:00:00,1007.1976,25.06726,19.436615,3.8584967,350.07025,476.7237,323.4746,33.449383,0.55163354,,,0.27022776,481.02133,caixa
2024-05-06 19:00:00,1007.1039,24.936707,19.490112,3.2791224,350.61377,504.77893,324.53635,33.256763,0.54994893,,,0.37850362,455.47998,caixa
2024-05-06 20:00:00,1007.204,24.433502,19.734741,2.7224221,353.30414,516.3076,331.01526,33.113503,0.5418585,,,0.30567276,428.45795,caixa
2024-05-06 21:00:00,1007.5895,23.552368,19.716095,2.3357573,359.11426,482.4209,326.0826,32.987656,0.53942937,,,0.23615748,403.36447,caixa
2024-05-06 22:00:00,1008.1092,22.697845,19.727997,1.8328425,18.198029,396.0989,346.00482,32.615368,0.5744301,,,0.18232849,369.20798,caixa
2024-05-06 23:00:00,1008.5295,22.424896,19.6604,1.945124,24.94046,374.02002,363.208,32.49633,0.5781641,,,0.1573703,350.2895,caixa
2024-05-07 00:00:00,1008.783,22.253448,19.579224,2.2236154,27.60968,362.88794,374.78128,32.378643,0.57720554,,,0.11160221,339.36618,caixa
2024-05-07 01:00:00,1009.05493,22.115204,19.500183,2.455665,24.970184,364.18082,367.57248,32.39151,0.5891555,,,0.08956261,342.57275,caixa
2024-05-07 02:00:00,1009.10693,21.915741,19.3638,2.6054351,20.845886,373.65347,383.65973,32.4717,0.5901003,,,0.10650815,353.24164,caixa
2024-05-07 03:00:00,1009.1396,21.603241,19.204712,2.6876845,18.313477,385.67358,377.655,32.572136,0.6112153,,,0.11035847,363.2891,caixa
2024-05-07 04:00:00,1009.0739,21.457977,19.149414,2.769037,16.51831,402.35666,361.81378,32.687096,0.6152092,,,0.10722106,375.0122,caixa
2024-05-07 05:00:00,1008.9721,21.3172,19.082184,2.774105,15.984131,427.2239,340.9113,32.842976,0.6016866,,,0.10077531,383.94778,caixa
2024-05-07 06:00:00,1008.68085,21.210327,19.012756,2.7767167,16.352661,451.88312,319.39792,33.000668,0.58217365,,,0.108338304,389.08228,caixa
2024-05-07 07:00:00,1008.1014,21.139984,18.940948,2.8162425,16.75705,480.30807,277.3547,33.174854,0.5808837,,,0.1576107,392.8776,caixa
2024-05-07 08:00:00,1007.96606,21.024689,18.842499,2.8543196,18.735168,495.51562,291.1145,33.33522,0.57768637,,,0.16992389,393.13455,caixa
2024-05-07 09:00:00,1008.01697,20.983124,18.785767,2.935065,21.10025,506.20828,307.31866,33.476738,0.5793465,,,0.19880043,392.24448,caixa
2024-05-07 10:00:00,1008.3762,21.358215,18.95404,3.2220864,24.583588,589.79297,317.50168,35.14202,0.60662824,,,0.235315,423.7645,caixa
2024-05-07 11:00:00,1008.4551,21.665192,19.140778,3.485754,24.809082,554.985,327.69748,35.149433,0.59852105,,,0.29122657,426.498,caixa
2024-05-07 12:00:00,1008.7879,22.295868,19.399963,3.8247063,24.160217,547.587,337.3745,35.31691,0.6170737,,,0.32844365,432.04343,caixa
2024-05-07 13:00:00,1008.8613,23.020569,19.590973,4.0536,21.09552,558.7385,327.24576,35.666386,0.6174224,,,0.34446716,445.56537,caixa
2024-05-07 14:00:00,1008.6475,23.979034,19.810974,4.3089247,17.677765,567.67615,294.47107,36.0344,0.61580914,,,0.37253597,458.98862,caixa
2024-05-07 15:00:00,1007.9534,24.867981,19.981995,4.4764953,13.801758,587.664,271.38773,36.361584,0.6271032,,,0.33992985,469.39548,caixa
2024-05-07 16:00:00,1007.1594,25.218872,20.020386,4.5547686,11.015747,625.7615,265.43094,36.642143,0.65494543,,,0.3907787,476.16614,caixa
2024-05-07 17:00:00,1006.29205,25.508514,20.07727,4.5348916,9.559143,669.68274,279.397,36.821476,0.6867921,,,0.42935103,476.70053,caixa
2024-05-07 18:00:00,1005.6601,25.53653,20.174774,4.3654785,10.377655,711.9906,292.9761,36.839077,0.72177714,,,0.39724314,471.794,caixa
2024-05-07 19:00:00,1005.2695,25.373016,20.34906,4.1291122,12.003418,768.0539,272.40253,36.750065,0.74413943,,,0.60225004,465.02298,caixa
2024-05-07 20:00:00,1005.27167,24.964813,20.54776,3.841594,15.225739,786.04663,289.0492,36.615158,0.78057003,,,0.533101,453.6945,caixa
2024-05-07 21:00:00,1005.5148,24.139404,20.513855,3.7350235,18.817596,754.71484,287.86334,36.525616,0.80731344,,,0.44558078,447.5537,caixa
2024-05-07 22:00:00,1005.65344,23.373627,20.382172,4.1633945,24.773468,847.3617,295.26337,37.015625,0.83967733,,,0.37786773,477.5771,caixa
2024-05-07 23:00:00,1005.57874,23.16687,20.302643,4.3123503,25.578491,804.63873,301.48352,36.956116,0.86582357,,,0.33926874,476.12604,caixa
2024-05-08 00:00:00,1005.71655,23.037964,20.196411,4.4678454,23.61853,805.95764,291.1394,37.090855,0.8842318,,,0.3371606,487.96613,caixa
2024-05-08 01:00:00,1005.83594,22.925293,20.107819,4.549278,19.99057,808.8728,295.7754,37.27886,0.8975711,,,0.32953694,507.05032,caixa
2024-05-08 02:00:00,1005.75214,22.802795,20.031158,4.5749083,15.75885,796.9302,274.95,37.391285,0.89154094,,,0.32845154,528.23444,caixa
2024-05-08 03:00:00,1005.61255,22.548798,19.76706,4.5698037,11.665924,758.5946,258.44354,37.427086,0.89071244,,,0.42624384,549.05273,caixa
2024-05-08 04:00:00,1005.2238,22.46286,19.657959,4.5863237,8.131073,733.6957,251.9662,37.458427,0.89247096,,,0.5270735,569.692,caixa
2024-05-08 05:00:00,1005.0662,22.324127,19.503052,4.6175413,4.501648,699.9932,240.99673,37.448177,0.8846949,,,0.6317639,587.3834,caixa
2024-05-08 06:00:00,1004.43756,22.2305,19.299683,4.5070467,0.4935913,655.9939,238.49184,37.225006,0.8651222,,,0.7709363,597.45233,caixa
2024-05-08 07:00:00,1003.9943,22.224274,19.121552,4.4028177,357.10898,606.6813,204.59904,36.85427,0.85359037,,,1.1216654,600.97284,caixa
2024-05-08 08:00:00,1003.79584,22.19104,19.04834,4.3332667,352.2625,548.91876,186.75453,36.434097,0.8536398,,,1.0218253,600.4561,caixa
2024-05-08 09:00:00,1004.27795,22.110077,19.010712,4.234457,346.33752,514.02325,167.58694,36.081406,0.84236294,,,0.90906066,596.84973,caixa
2024-05-08 10:00:00,1004.9528,22.194672,18.934814,3.653214,351.68665,378.44727,169.12103,36.23675,0.84600425,,,0.8745377,569.1347,caixa
2024-05-08 11:00:00,1005.9932,22.196533,19.003387,3.6668105,342.8163,327.99655,199.0091,36.240612,0.8258237,,,0.8212118,568.0183,caixa
2024-05-08 12:00:00,1007.06635,22.48523,19.016083,3.5497613,333.6633,300.3219,208.24399,36.05609,0.78100735,,,0.74634737,557.7798,caixa
2024-05-08 13:00:00,1007.70483,22.780914,18.940674,3.5510333,323.13553,297.05362,223.32452,35.719933,0.74973935,,,0.620713,549.4633,caixa
2024-05-08 14:00:00,1007.93896,23.060425,18.75064,3.7876475,312.05267,307.74854,217.56444,35.381264,0.72685224,,,0.48391828,545.9692,caixa
2024-05-08 15:00:00,1007.9207,23.297913,18.524841,4.1204576,301.3901,308.33984,207.77713,34.926907,0.7019693,,,0.36419564,541.58826,caixa
2024-05-08 16:00:00,1007.79156,23.22464,18.181519,4.4362783,291.88797,294.2001,241.00345,34.2545,0.7062396,,,0.26622558,532.6863,caixa
2024-05-08 17:00:00,1007.7656,23.059662,17.801727,4.6344676,283.27298,276.50174,246.6508,33.319935,0.6809201,,,0.1924054,513.7321,caixa
2024-05-08 18:00:00,1007.95386,22.773895,17.471985,4.794098,275.22852,280.1798,247.46573,32.238865,0.65972316,,,0.17005885,490.2966,caixa
2024-05-08 19:00:00,1008.66064,22.612335,17.121948,4.94693,267.96924,288.3413,341.30542,31.095892,0.65440243,,,0.22833735,465.60593,caixa
2024-05-08 20:00:00,1009.511,21.875854,16.650208,5.0437555,261.65945,270.64865,343.23273,29.780579,0.632467,,,0.23416196,437.33914,caixa
2024-05-08 21:00:00,1010.70776,20.842957,16.149445,5.0855527,256.1365,238.5031,340.7708,28.358042,0.62003005,,,0.22813113,404.31274,caixa
2024-05-08 22:00:00,1011.8169,19.81076,15.837311,5.0826163,253.49565,142.30168,314.45123,26.403748,0.6019333,,,0.19895661,358.26572,caixa
2024-05-08 23:00:00,1012.8928,19.209076,15.357452,5.3713617,247.03546,144.37411,266.92426,25.110285,0.57777256,,,0.17853935,327.6219,caixa
2024-05-09 00:00:00,1014.0655,18.603302,14.859955,5.5651503,240.92601,143.66022,255.01079,23.87424,0.5695872,,,0.1603436,297.14618,caixa
2024-05-09 01:00:00,1015.1301,18.043793,14.320251,5.6152716,236.39056,130.7914,238.68802,22.651352,0.5465535,,,0.11965194,264.45624,caixa
2024-05-09 02:00:00,1015.81415,17.448212,13.86908,5.6510906,233.73228,112.372116,272.25113,21.52387,0.52126366,,,0.097967185,237.51025,caixa
2024-05-09 03:00:00,1016.71045,16.634033,13.151886,5.6195917,232.09657,93.092766,256.3877,20.529823,0.50405896,,,0.08790106,215.65254,caixa
2024-05-09 04:00:00,1017.02844,16.089478,12.661438,5.570936,231.14781,81.04838,281.31265,19.691353,0.4995787,,,0.06655099,198.47087,caixa
2024-05-09 05:00:00,1017.4702,15.495544,12.139618,5.5027437,230.474,68.24832,310.3879,19.025917,0.49754056,,,0.06312766,186.24525,caixa
2024-05-09 06:00:00,1017.3911,14.795502,11.585999,5.437043,229.34627,58.601833,329.17316,18.445866,0.4732946,,,0.056379426,176.82132,caixa
2024-05-09 07:00:00,1017.3789,14.443207,11.229736,5.3286624,228.18456,50.983017,304.36804,17.932446,0.45246464,,,0.075284496,167.60869,caixa
2024-05-09 08:00:00,1017.53357,14.086731,10.885498,5.1400046,227.16724,44.1848,318.3247,17.546368,0.46679354,,,0.070287235,159.21735,caixa
2024-05-09 09:00:00,1017.7659,13.807251,10.6267395,4.9277043,226.25449,37.591404,318.89142,17.284815,0.45717907,,,0.07039268,152.58334,caixa
2024-05-09 10:00:00,1018.6219,13.704132,10.41745,4.648888,226.05026,37.076572,310.71664,17.26591,0.48229137,,,0.061668184,145.57582,caixa
2024-05-09 11:00:00,1019.17737,13.772217,10.373993,4.5290184,224.43356,30.525158,280.0944,17.174938,0.49671382,,,0.056073893,141.94888,caixa
2024-05-09 12:00:00,1019.88525,14.545197,10.5407715,4.2642436,220.81691,24.703144,256.74448,17.188396,0.5197119,,,0.05147466,136.53342,caixa
2024-05-09 13:00:00,1020.21783,15.407562,10.549225,3.9685287,218.37164,21.237736,210.56712,17.329966,0.5458671,,,0.052864686,133.62697,caixa
2024-05-09 14:00:00,1020.25555,16.363953,10.488647,3.6471806,217.69434,20.75,144.07065,17.596413,0.54081815,,,0.05618725,133.45924,caixa
2024-05-09 15:00:00,1019.7396,17.160004,10.373962,3.3800983,218.6221,23.028355,152.66078,17.937645,0.55131274,,,0.06168653,135.61378,caixa
2024-05-09 16:00:00,1019.1443,17.61621,10.300537,3.2205637,219.25558,25.996384,145.62819,18.325743,0.5665455,,,0.067042224,138.42581,caixa
2024-05-09 17:00:00,1018.4641,17.964264,10.297272,3.1124372,218.33556,28.884905,110.650604,18.71865,0.5732764,,,0.072578214,140.28033,caixa
2024-05-09 18:00:00,1018.0096,18.24179,10.420288,2.9677002,214.8234,30.627777,117.005264,19.081367,0.6077119,,,0.085369684,139.91393,caixa
2024-05-09 19:00:00,1017.6063,18.142517,10.455139,2.8250558,208.05182,36.703407,210.30736,19.42294,0.5963007,,,0.07854354,136.71362,caixa
2024-05-09 20:00:00,1017.7023,17.660461,10.641815,2.7168746,200.72104,38.324215,209.62924,19.72818,0.56948173,,,0.06497149,132.18431,caixa
2024-05-09 21:00:00,1017.7297,16.69284,11.00354,2.613542,197.04788,34.74324,216.25569,19.98108,0.5704966,,,0.05311426,126.09036,caixa
2024-05-09 22:00:00,1018.00616,15.862793,11.168091,2.5606375,185.59329,19.37804,266.8914,19.74302,0.60772866,,,0.057132106,118.80104,caixa
2024-05-09 23:00:00,1018.1473,15.571869,11.177521,2.4037464,176.88135,16.65262,328.92435,20.074894,0.64766216,,,0.046164494,115.94551,caixa
2024-05-10 00:00:00,1018.43713,15.373627,11.165741,2.260513,166.17151,14.379822,337.8625,20.444899,0.6798699,,,0.033802535,114.7749,caixa
2024-05-10 01:00:00,1018.4481,15.229034,11.148041,2.021041,155.54453,13.867453,350.01334,20.85908,0.7550235,,,0.029118914,119.92592,caixa
2024-05-10 02:00:00,1018.3518,15.066132,11.111755,1.8263104,145.39209,15.134591,374.2192,21.32821,0.78776073,,,0.031031841,128.87215,caixa
2024-05-10 03:00:00,1018.09686,14.993042,11.063599,1.5967234,134.62877,18.18024,342.12643,21.853418,0.83501506,,,0.030636698,142.44485,caixa
2024-05-10 04:00:00,1017.66595,14.929291,11.052704,1.4453385,122.76111,23.80372,316.04114,22.413181,0.8120655,,,0.04129194,156.59161,caixa
2024-05-10 05:00:00,1017.4238,14.815582,11.105286,1.3869183,109.202286,33.97783,279.41864,23.015825,0.7994568,,,0.060572177,171.22035,caixa
2024-05-10 06:00:00,1016.85345,14.731293,11.210236,1.3592954,97.78438,47.441772,261.70074,23.655346,0.78684294,,,0.08143209,184.98642,caixa
2024-05-10 07:00:00,1016.432,14.7812805,11.323181,1.3732184,89.17688,64.03574,236.53967,24.326708,0.80888414,,,0.044195246,199.32707,caixa
2024-05-10 08:00:00,1016.0324,14.851166,11.456482,1.419917,82.57742,81.43936,211.70525,24.997684,0.80084264,,,0.07177245,211.75134,caixa
2024-05-10 09:00:00,1015.87274,14.817444,11.505554,1.4641799,80.31793,97.681915,187.86214,25.68449,0.81499654,,,0.11242021,224.16634,caixa
2024-05-10 10:00:00,1016.277,14.994629,11.821075,1.691896,82.29907,130.39062,172.98653,27.145023,0.82628495,,,0.15581706,238.3788,caixa
2024-05-10 11:00:00,1016.58984,15.19339,12.027588,1.7855488,80.19998,111.3674,179.12173,27.738306,0.83579606,,,0.20961978,251.81232,caixa
2024-05-10 12:00:00,1016.92236,15.710144,12.450317,1.8732028,76.11853,104.47631,182.63373,28.367,0.86668056,,,0.26032144,267.86673,caixa
2024-05-10 13:00:00,1016.9094,16.467438,12.867462,1.9834023,69.98251,104.797905,182.7152,28.952541,0.88206637,,,0.31332952,281.90964,caixa
2024-05-10 14:00:00,1016.65796,17.302246,13.281372,2.0701241,60.46997,103.66876,171.39249,29.49586,0.88753295,,,0.34663147,296.77042,caixa
2024-05-10 15:00:00,1016.24915,18.117462,13.691254,1.9998882,49.445374,96.34151,166.53545,29.98541,0.87978894,,,0.38321152,310.2544,caixa
2024-05-10 16:00:00,1015.4688,18.527832,13.850403,1.8368481,41.605896,90.43595,148.03761,30.392925,0.86986905,,,0.40131804,320.88538,caixa
2024-05-10 17:00:00,1014.72015,18.872345,14.082794,1.6499858,43.9339,83.26132,129.7821,30.693285,0.86771834,,,0.42196524,323.52335,caixa
2024-05-10 18:00:00,1014.2782,19.042053,14.254852,1.5368572,49.4104,69.136795,112.13865,30.870667,0.8561999,,,0.42099681,320.84952,caixa
2024-05-10 19:00:00,1013.8365,18.984375,14.362976,1.4653927,62.525574,55.235535,94.83558,30.920593,0.8526501,,,0.42409357,311.95016,caixa
2024-05-10 20:00:00,1014.0386,18.661896,14.44696,1.4745923,77.75195,51.179455,78.94171,30.891808,0.8428747,,,0.37426677,298.27,caixa
2024-05-10 21:00:00,1014.1652,18.224457,14.510712,1.5305741,86.780945,39.766983,82.32511,30.742905,0.83460826,,,0.32611775,280.98032,caixa
2024-05-10 22:00:00,1014.4119,17.67575,14.454498,2.0385685,101.02069,34.913628,85.84045,30.807852,0.83811635,,,0.28022873,264.86884,caixa
2024-05-10 23:00:00,1014.6989,17.53003,14.465637,2.147084,100.62593,28.846436,91.92272,30.62095,0.8518876,,,0.24849765,248.73413,caixa
2024-05-11 00:00:00,1015.141,17.448486,14.498688,2.1659057,98.423325,26.469183,82.12622,30.452358,0.8861644,,,0.22024551,236.59512,caixa
2024-05-11 01:00:00,1015.27374,17.384247,14.489777,2.1258032,98.091385,24.439833,85.67102,30.30759,0.9074009,,,0.20687139,228.07877,caixa
2024-05-11 02:00:00,1015.3106,17.317505,14.486023,2.014712,97.02142,23.472746,106.84666,30.223427,0.9400668,,,0.15870723,225.78503,caixa
2024-05-11 03:00:00,1015.1648,17.170715,14.43811,1.8914964,95.69507,23.366037,116.59818,30.159021,0.9509126,,,0.12614629,225.21747,caixa
2024-05-11 04:00:00,1015.0263,17.089874,14.439697,1.7101797,94.971664,24.568815,105.8215,30.103489,0.94965595,,,0.105229326,226.29506,caixa
2024-05-11 05:00:00,1014.7009,16.958038,14.373749,1.5530813,95.72659,26.450523,118.61823,30.041132,0.9452971,,,0.08652237,226.84937,caixa
2024-05-11 06:00:00,1014.4563,16.834503,14.338013,1.3659558,102.85547,29.457705,154.43173,30.007,0.923223,,,0.07879617,227.8199,caixa
2024-05-11 07:00:00,1013.88275,16.755005,14.341034,1.2052559,114.814926,32.764362,199.33038,29.94943,0.8902112,,,0.08352568,229.12883,caixa
2024-05-11 08:00:00,1013.5036,16.683228,14.336334,1.2312775,129.34966,34.462,236.80237,29.873415,0.8651747,,,0.094283484,226.64607,caixa
2024-05-11 09:00:00,1013.4636,16.631622,14.32605,1.3872759,140.5505,37.244915,231.79472,29.79696,0.8418925,,,0.10806137,221.79385,caixa
2024-05-11 10:00:00,1013.80865,17.005768,14.545074,1.783261,139.04149,62.781864,223.48476,30.492676,0.8190806,,,0.118729934,204.56573,caixa
2024-05-11 11:00:00,1014.2413,17.065521,14.641541,1.825836,141.9029,64.14067,229.29216,30.553062,0.78006494,,,0.12087624,201.57266,caixa
2024-05-11 12:00:00,1014.633,17.510742,14.927032,2.0290165,143.19365,71.83281,256.89835,30.64967,0.7602932,,,0.1185939,198.29796,caixa
2024-05-11 13:00:00,1014.8212,18.132416,15.211914,2.1360397,142.669,91.34287,235.80609,30.784237,0.743164,,,0.12080175,199.6611,caixa
2024-05-11 14:00:00,1014.6485,18.828125,15.336761,2.2190757,142.01904,116.2521,248.18951,30.972466,0.7448759,,,0.13985364,205.75562,caixa
2024-05-11 15:00:00,1014.1789,19.423035,15.366852,2.2696838,142.53049,143.65472,236.16394,31.172249,0.76619077,,,0.15882851,214.68228,caixa
2024-05-11 16:00:00,1013.53827,19.654083,15.288025,2.308579,145.50954,164.25021,246.77342,31.377274,0.7966688,,,0.20740078,224.99336,caixa
2024-05-11 17:00:00,1012.97876,19.860474,15.242889,2.4400759,148.13748,162.62201,263.3201,31.556862,0.81951505,,,0.28538182,232.43843,caixa
2024-05-11 18:00:00,1012.4973,19.853882,15.187378,2.6316917,148.99478,154.90356,249.58006,31.688898,0.83611625,,,0.30488247,235.20963,caixa
2024-05-11 19:00:00,1012.40094,19.729248,15.177673,2.8897634,149.37968,147.8629,281.98773,31.741726,0.8463593,,,0.36648265,231.74576,caixa
2024-05-11 20:00:00,1012.5161,19.31668,15.152344,3.1043315,148.48044,141.42642,284.10114,31.717344,0.8454856,,,0.35891497,222.91313,caixa
2024-05-11 21:00:00,1012.674,18.782715,15.10791,3.2105424,147.81729,125.71866,264.42764,31.62785,0.8272405,,,0.37366974,214.77544,caixa
2024-05-11 22:00:00,1012.9285,18.347565,15.220917,3.7374713,152.53113,107.22107,252.53221,31.537432,0.8190981,,,0.40237248,215.87503,caixa
2024-05-11 23:00:00,1013.2927,18.11438,15.155182,3.9204843,147.73453,96.26237,228.11385,31.364544,0.8028947,,,0.37696803,202.14348,caixa
2024-05-12 00:00:00,1013.54913,17.98648,15.095428,3.9959314,142.95279,84.62505,226.33948,31.205866,0.7958166,,,0.3339404,190.58789,caixa
2024-05-12 01:00:00,1013.86163,17.874786,14.980988,3.9741292,139.37068,76.56661,215.32216,31.12373,0.77772796,,,0.29730418,183.72047,caixa
2024-05-12 02:00:00,1013.5443,17.717834,14.896545,3.8910558,136.76923,68.78737,219.4114,31.053263,0.7834922,,,0.28778094,182.47246,caixa
2024-05-12 03:00:00,1013.40045,17.468414,14.740692,3.7915368,134.55037,62.72233,208.90445,31.00701,0.7792787,,,0.29806513,185.04547,caixa
2024-05-12 04:00:00,1013.09454,17.345734,14.670197,3.6872067,132.70569,59.60089,193.51434,30.979567,0.777464,,,0.30635598,191.19258,caixa
2024-05-12 05:00:00,1012.8539,17.170563,14.536072,3.594106,131.21252,55.66499,164.87857,30.973814,0.8186757,,,0.35288125,198.85289,caixa
2024-05-12 06:00:00,1012.32837,17.02768,14.458771,3.487429,130.19086,53.91892,164.20955,30.978512,0.8171141,,,0.37929463,206.99084,caixa
2024-05-12 07:00:00,1011.71075,16.953705,14.410248,3.3866339,129.42467,54.980816,113.886185,30.993917,0.84127384,,,0.37600067,215.45438,caixa
2024-05-12 08:00:00,1011.3911,16.92096,14.394653,3.2972126,127.83261,55.18171,110.88154,31.026794,0.882489,,,0.40048707,221.30307,caixa
2024-05-12 09:00:00,1011.4665,16.88733,14.358337,3.226533,125.87537,52.652515,104.39273,31.065485,0.8705397,,,0.418473,224.2735,caixa
2024-05-12 10:00:00,1011.8719,16.952393,14.295074,3.5469573,120.54164,57.769184,139.642,32.220432,0.88336915,,,0.4389302,231.16063,caixa
2024-05-12 11:00:00,1012.2902,17.11734,14.391235,3.4833782,117.7948,61.332287,158.63979,32.375217,0.877292,,,0.4752526,234.97466,caixa
2024-05-12 12:00:00,1012.5497,17.469727,14.600708,3.3735476,114.78458,61.094757,176.02913,32.497437,0.86670464,,,0.49194804,241.71231,caixa
2024-05-12 13:00:00,1012.76263,17.819763,14.72757,3.159885,111.55174,59.50435,180.69154,32.6208,0.8492697,,,0.47994143,249.88402,caixa
2024-05-12 14:00:00,1012.3964,18.261322,14.912842,2.9159994,108.26262,53.952778,223.30803,32.687172,0.8519032,,,0.47030213,259.20535,caixa
2024-05-12 15:00:00,1011.9166,18.633392,15.054504,2.6504683,105.33412,52.732704,238.71669,32.765747,0.8405551,,,0.43528682,268.6464,caixa
2024-05-12 16:00:00,1011.0796,18.799591,15.118713,2.3339646,105.805984,52.56693,254.9851,32.81287,0.8502211,,,0.41982147,276.9715,caixa
2024-05-12 17:00:00,1010.52795,18.863739,15.172424,2.1091988,109.596146,52.617245,327.53687,32.797913,0.866863,,,0.4097467,280.7676,caixa
2024-05-12 18:00:00,1010.2587,18.831604,15.225128,2.0566568,115.643936,52.83543,342.2009,32.70359,0.8755743,,,0.41497716,279.37448,caixa
2024-05-12 19:00:00,1010.2342,18.70996,15.237732,2.076285,120.64064,57.968815,296.95032,32.557896,0.88820326,,,0.53793603,276.8997,caixa
2024-05-12 20:00:00,1010.57544,18.429474,15.178375,2.1055622,126.48889,58.7174,268.0418,32.395832,0.89985,,,0.5400816,274.48083,caixa
2024-05-12 21:00:00,1010.75287,18.006134,15.13031,2.082069,132.14444,54.609905,258.08777,32.173973,0.91271806,,,0.55422693,272.0497,caixa
2024-05-12 22:00:00,1010.9436,17.63092,15.180328,2.0586836,149.4057,67.86861,246.06197,32.262665,0.90993726,,,0.54750764,291.71994,caixa
2024-05-12 23:00:00,1011.28284,17.421509,15.096466,2.22576,158.05951,62.106026,238.72324,31.785696,0.90402794,,,0.5329602,285.98566,caixa
2024-05-13 00:00:00,1012.04724,17.25116,14.989807,2.4524534,165.83328,59.617664,251.91032,31.276154,0.9028953,,,0.530158,279.15134,caixa
2024-05-13 01:00:00,1012.3649,17.062897,14.87442,2.6737206,172.91745,57.70126,237.64728,30.705336,0.8931745,,,0.5154552,275.52756,caixa
2024-05-13 02:00:00,1012.46,16.820648,14.673492,2.9556003,179.39377,58.696697,220.4675,30.116995,0.8892918,,,0.4882809,274.91074,caixa
2024-05-13 03:00:00,1012.6917,16.379639,14.293976,3.2717543,184.27252,57.131813,238.52473,29.520735,0.90210444,,,0.45144156,275.95184,caixa
2024-05-13 04:00:00,1012.6107,16.104034,14.110413,3.5723343,188.05518,51.80545,255.29115,28.86839,0.9026834,,,0.44193557,276.86752,caixa
2024-05-13 05:00:00,1012.9384,15.856873,13.906525,3.9446247,191.57704,42.281864,228.73749,28.212704,0.89541507,,,0.39318264,279.37366,caixa
2024-05-13 06:00:00,1012.95276,15.471558,13.5159,4.3323026,194.52872,34.169445,249.0674,27.511944,0.8832545,,,0.36615103,280.88647,caixa
2024-05-13 07:00:00,1013.0184,15.232513,13.252106,4.739981,196.70772,27.74109,276.47922,26.79068,0.8639336,,,0.30690894,282.29706,caixa
2024-05-13 08:00:00,1013.2991,15.022125,12.987152,5.126873,197.57095,23.442244,280.62103,26.072779,0.8475521,,,0.25683385,279.65952,caixa
2024-05-13 09:00:00,1013.85565,14.824158,12.709869,5.4704857,198.19714,21.675577,274.86475,25.381,0.8251156,,,0.21779546,275.65222,caixa
2024-05-13 10:00:00,1014.65094,14.561584,12.344299,5.640457,195.51285,34.201675,267.12802,25.38051,0.8326441,,,0.19555794,265.8901,caixa
2024-05-13 11:00:00,1015.45,14.457977,12.174896,5.8963203,195.46799,32.3326,279.87796,24.753942,0.81639403,,,0.15818398,257.22995,caixa
2024-05-13 12:00:00,1016.3157,14.643158,12.085388,6.22683,194.18451,31.03763,360.27264,24.155962,0.7899889,,,0.13488445,246.91127,caixa
2024-05-13 13:00:00,1017.06134,15.013092,12.038788,6.47761,192.09326,28.598114,352.33823,23.647373,0.78806454,,,0.13047813,236.14026,caixa
2024-05-13 14:00:00,1017.3338,15.336243,11.920654,6.54394,192.06012,25.472641,115.307304,23.190592,0.7572219,,,0.12441418,229.97316,caixa
2024-05-13 15:00:00,1017.05725,15.5971985,11.799072,6.519634,193.17343,22.772484,118.67378,22.787107,0.74672985,,,0.12309489,225.28532,caixa
2024-05-13 16:00:00,1017.0047,15.704315,11.637207,6.6404114,194.17216,21.159958,91.9045,22.456348,0.76037806,,,0.119578525,223.91695,caixa
2024-05-13 17:00:00,1016.44696,15.714844,11.384125,6.6745596,195.57802,22.000996,76.149635,22.131489,0.75494486,,,0.12148732,223.04173,caixa
2024-05-13 18:00:00,1016.89966,15.67334,11.136658,6.768423,195.8081,21.754927,87.13814,21.833427,0.75117236,,,0.12622689,220.26402,caixa
2024-05-13 19:00:00,1017.1771,15.582672,10.916779,6.7686715,195.93341,21.326416,235.93141,21.487345,0.7480417,,,0.16185562,215.48668,caixa
2024-05-13 20:00:00,1017.5765,15.239624,10.621216,6.6046534,196.44019,20.79476,200.88002,21.082685,0.71006596,,,0.18149215,208.55367,caixa
2024-05-13 21:00:00,1018.1662,14.614319,10.335999,6.3410954,197.14102,19.795282,186.07693,20.63549,0.69911903,,,0.18756165,200.02115,caixa
2024-05-13 22:00:00,1018.69525,13.942078,10.165314,6.277123,197.6449,19.113207,155.51813,20.268486,0.64299834,,,0.2064048,196.825,caixa
2024-05-13 23:00:00,1019.3323,13.541473,10.035522,6.127434,197.99266,18.095284,140.33615,19.756195,0.62810206,,,0.21623972,186.59485,caixa
2024-05-14 00:00:00,1019.96936,13.118652,9.85968,5.9603252,199.00171,17.68171,119.70493,19.264654,0.6366762,,,0.20453992,177.39456,caixa
2024-05-14 01:00:00,1020.6004,12.801453,9.633575,5.8067155,200.07199,16.852568,52.25511,18.809832,0.5737696,,,0.18092066,169.68658,caixa
2024-05-14 02:00:00,1020.76117,12.5095825,9.3685,5.654337,201.96848,15.828721,46.847908,18.346638,0.58380204,,,0.17042376,163.88681,caixa
2024-05-14 03:00:00,1020.91724,12.175507,9.061737,5.509134,204.22116,14.587107,36.851223,17.890574,0.59166557,,,0.14963005,159.3478,caixa
2024-05-14 04:00:00,1020.9107,11.896027,8.867798,5.420856,206.38092,13.871331,44.11044,17.439056,0.5736816,,,0.14296514,156.14455,caixa
2024-05-14 05:00:00,1020.9151,11.572388,8.668549,5.3763022,208.40334,12.197694,30.308865,16.99301,0.5555675,,,0.14151196,153.96384,caixa
2024-05-14 06:00:00,1021.0053,11.25,8.440979,5.356386,210.2485,12.02348,38.58934,16.560799,0.5465061,,,0.1360026,152.03915,caixa
2024-05-14 07:00:00,1020.8415,10.999847,8.326569,5.3519626,212.125,12.78522,27.770937,16.13006,0.5377907,,,0.11975306,150.70717,caixa
2024-05-14 08:00:00,1021.06177,10.781036,8.152527,5.3734255,213.61176,13.552621,31.69072,15.721558,0.5340068,,,0.11743401,149.3785,caixa
2024-05-14 09:00:00,1021.3027,10.597595,8.016083,5.350749,214.68164,13.350262,45.62502,15.319897,0.5226937,,,0.12090467,146.99316,caixa
2024-05-14 10:00:00,1021.80975,10.548859,7.94989,5.3491015,215.57936,9.309749,42.102776,15.44781,0.51987344,,,0.118561506,152.88538,caixa
2024-05-14 11:00:00,1022.49115,10.566132,7.935974,5.3637547,216.457,10.796279,40.985153,15.067096,0.50116044,,,0.10683815,149.60454,caixa
2024-05-14 12:00:00,1023.10547,11.284637,8.248047,5.4668627,215.98273,10.74219,34.81914,14.715158,0.53171074,,,0.09750726,146.16182,caixa
2024-05-14 13:00:00,1023.451,12.186768,8.459991,5.6036854,216.09282,9.47196,36.459496,14.408275,0.5555245,,,0.083701655,144.17712,caixa
2024-05-14 14:00:00,1023.2402,13.109192,8.453522,5.665933,217.71524,8.590042,34.337597,14.148139,0.5755506,,,0.07162562,142.974,caixa
2024-05-14 15:00:00,1022.7869,13.8479,8.2854,5.7945313,219.35744,7.547065,38.713123,13.936057,0.5819994,,,0.06600002,143.22383,caixa
2024-05-14 16:00:00,1021.99146,14.197845,8.106506,5.908706,221.6078,6.689675,37.77292,13.761057,0.617463,,,0.060820308,143.90306,caixa
2024-05-14 17:00:00,1021.2397,14.47583,7.9335938,5.96901,223.06273,5.2964883,42.497787,13.601508,0.63851243,,,0.058248267,144.11124,caixa
2024-05-14 18:00:00,1020.6755,14.591858,7.8088684,5.899213,224.80237,4.7731657,34.526943,13.44076,0.6568519,,,0.052709397,142.98697,caixa
2024-05-14 19:00:00,1020.6046,14.548553,7.655365,5.767107,225.64125,4.3575997,52.52655,13.263182,0.6431179,,,0.040727653,140.76163,caixa
2024-05-14 20:00:00,1020.45935,14.08313,7.581665,5.3966126,227.3388,3.9357443,33.194336,13.040731,0.59159386,,,0.038203474,137.76825,caixa
2024-05-14 21:00:00,1020.53284,13.146515,7.7484436,4.9919972,231.64946,4.0097485,51.195877,12.780346,0.5869172,,,0.036492977,135.46365,caixa
2024-05-14 22:00:00,1020.63025,12.117279,7.8035583,5.135082,230.43661,4.990723,56.136135,12.379294,0.58850884,,,0.03384428,139.88748,caixa
2024-05-14 23:00:00,1020.8206,11.705719,7.6518555,5.042034,232.93204,3.8180819,57.137707,12.10505,0.60106754,,,0.028637221,137.3912,caixa
2024-05-15 00:00:00,1021.08453,11.425476,7.60318,4.986131,234.72198,2.7161427,53.777374,11.870991,0.6192629,,,0.024401106,135.26263,caixa
2024-05-15 01:00:00,1021.2517,11.218079,7.5017395,4.9909496,237.24004,2.285325,71.2852,11.675215,0.6329015,,,0.02255026,134.56473,caixa
2024-05-15 02:00:00,1021.1942,11.005157,7.4229126,5.0436153,239.72841,2.3721175,,11.505733,0.62151337,,,0.022708245,134.94661,caixa
2024-05-15 03:00:00,1021.20416,10.562073,7.146332,5.068663,241.52684,2.3807652,,11.371375,0.6308773,,,0.020619517,135.51343,caixa
2024-05-15 04:00:00,1020.90356,10.342133,7.017975,5.1119776,242.8672,2.2063942,,11.261595,0.6468164,,,0.01745422,136.8956,caixa
2024-05-15 05:00:00,1020.627,10.054108,6.860962,5.1277676,243.19804,2.2801886,91.78125,11.155048,0.6404463,,,0.013920226,137.6757,caixa
2024-05-15 06:00:00,1020.2942,9.758759,6.6569824,5.0891213,243.10297,2.3048742,,11.051638,0.63154876,,,0.011552595,137.20248,caixa
2024-05-15 07:00:00,1019.9109,9.585449,6.50885,5.0291543,243.31348,2.3156185,,10.965748,0.6290915,,,0.008355986,136.42218,caixa
2024-05-15 08:00:00,1019.62885,9.443634,6.407776,4.943855,243.87903,2.1147275,,10.904216,0.60342586,,,0.006938791,135.62828,caixa
2024-05-15 09:00:00,1019.63055,9.324371,6.31958,4.790199,244.32819,2.0915093,,10.8693905,0.5800003,,,0.006125828,133.94637,caixa
2024-05-15 10:00:00,1020.0715,9.450134,6.263733,4.659036,241.34004,1.38826,,11.008959,0.56787324,,,0.0058260504,131.57199,caixa
2024-05-15 11:00:00,1020.37195,9.628418,6.4204407,4.418891,242.22842,1.8598533,,11.071048,0.5394492,,,0.006386019,129.58607,caixa
2024-05-15 12:00:00,1020.59106,10.765045,7.146637,4.227833,243.60944,2.0607443,,11.207979,0.514311,,,0.0070517915,127.56429,caixa
2024-05-15 13:00:00,1020.592,12.091095,7.546112,4.1582556,244.01453,2.1399896,,11.452127,0.5165209,,,0.008319279,127.24849,caixa
2024-05-15 14:00:00,1020.2848,13.456238,7.55661,4.1246915,245.6867,2.2126834,,11.791749,0.5260163,,,0.008782441,127.87656,caixa
2024-05-15 15:00:00,1019.7349,14.542572,7.4285583,4.1190834,247.16545,2.3889413,,12.212291,0.56031233,,,0.00928159,130.28348,caixa
2024-05-15 16:00:00,1018.95123,15.080811,7.302887,4.114587,249.33191,2.5319707,,12.689897,0.5821866,,,0.009773542,134.62036,caixa
2024-05-15 17:00:00,1018.081,15.512207,7.2854004,4.0702057,251.43346,2.5207548,,13.1900625,0.6014063,,,0.010870808,138.83385,caixa
2024-05-15 18:00:00,1017.4586,15.768036,7.360504,3.9553683,253.17682,2.6083333,,13.686383,0.60426235,,,0.012424038,142.4567,caixa
2024-05-15 19:00:00,1017.2026,15.660034,7.419342,3.742105,254.166,2.575996,,14.151654,0.60243535,,,0.012155568,144.62218,caixa
2024-05-15 20:00:00,1016.9805,15.26593,7.715149,3.4339547,253.10062,2.5558176,,14.56997,0.61755073,,,0.010148535,145.85587,caixa
2024-05-15 21:00:00,1016.8803,14.196808,8.03595,3.2665384,253.80167,2.5219603,,14.943652,0.6464964,,,0.008938987,146.31178,caixa
2024-05-15 22:00:00,1016.8211,13.030731,8.262817,3.0818908,250.99898,2.1811845,,15.025906,0.67512,,,0.008179646,154.92702,caixa
2024-05-15 23:00:00,1016.77954,12.640991,8.200439,2.824203,251.49475,3.0668764,,15.512266,0.71217704,,,0.008702548,159.02652,caixa
2024-05-27 00:00:00,1025.8972,12.324097,8.008759,3.2702093,118.51993,10.310797,48.772057,16.518877,0.77444226,,,0.059223894,45.223488,caixa
2024-05-27 01:00:00,1026.1084,12.295807,8.117035,3.2257779,114.43022,11.596855,49.03339,16.978598,0.8080114,,,0.07259117,55.23892,caixa
2024-05-27 02:00:00,1025.9951,12.141449,8.199432,3.160406,110.45393,13.133648,43.145893,17.446272,0.839068,,,0.09006932,65.3194,caixa
2024-05-27 03:00:00,1025.866,11.999573,8.200256,3.0191617,106.80452,14.559696,31.938921,17.91467,0.84293973,,,0.10122047,75.25652,caixa
2024-05-27 04:00:00,1025.6459,11.9791565,8.291046,2.9273994,103.96767,15.395335,17.083555,18.353823,0.8863275,,,0.12000065,83.51681,caixa
2024-05-27 05:00:00,1025.4055,11.975189,8.382294,2.8799148,103.46739,15.619654,20.487986,18.770405,0.90707487,,,0.13446197,88.25686,caixa
2024-05-27 06:00:00,1024.8892,11.93335,8.549805,2.7962804,102.387405,16.391981,8.408674,19.169516,0.9133759,,,0.16417845,91.96477,caixa
2024-05-27 07:00:00,1024.2957,11.958893,8.669067,2.743899,102.97627,18.968134,29.63296,19.529438,0.92682356,,,0.23694669,93.83779,caixa
2024-05-27 08:00:00,1024.1648,11.980347,8.81488,2.746734,103.75307,20.755817,34.748478,19.866976,0.9298684,,,0.28067964,93.6593,caixa
2024-05-27 09:00:00,1024.0647,12.022095,8.981415,2.76868,104.624954,20.89088,35.3056,20.168331,0.93066365,,,0.31511882,93.21876,caixa
2024-05-27 10:00:00,1024.4794,12.160034,9.273895,2.9350257,107.19377,30.514885,59.40031,21.219334,0.93103504,,,0.37003246,94.16808,caixa
2024-05-27 11:00:00,1024.7009,12.263031,9.477203,3.001902,107.14508,38.088783,84.94101,21.514122,0.9119538,,,0.39719924,94.37731,caixa
2024-05-27 12:00:00,1024.9639,12.475555,9.755615,3.0912907,106.94975,41.594864,90.26949,21.791838,0.9073568,,,0.45546874,97.51429,caixa
2024-05-27 13:00:00,1025.1403,12.92392,10.029572,3.0872324,104.567535,40.97264,102.43933,22.0446,0.9008391,,,0.49138623,104.353806,caixa
2024-05-27 14:00:00,1024.9636,13.561707,10.323425,3.021014,101.50763,43.002514,74.76632,22.258535,0.8892609,,,0.50164384,112.07607,caixa
2024-05-27 15:00:00,1024.2445,13.977112,10.395874,2.928623,100.484024,43.881866,63.35355,22.398226,0.9042187,,,0.53647166,117.01416,caixa
2024-05-27 16:00:00,1023.34436,14.118286,10.342773,2.788427,99.35501,45.2978,64.781815,22.476143,0.95170456,,,0.5649113,119.94856,caixa
2024-05-27 17:00:00,1022.3491,14.171509,10.188507,2.6162953,99.010315,45.07741,49.700985,22.472406,0.97108185,,,0.61447215,118.89033,caixa
2024-05-27 18:00:00,1021.86743,14.0963745,10.078766,2.4601376,98.03963,43.51347,42.317482,22.367233,0.9819034,,,0.6488372,117.1519,caixa
2024-05-27 19:00:00,1021.4737,14.009369,10.001831,2.3445005,97.82669,37.68265,15.794223,22.130032,0.9826669,,,0.85344887,111.56471,caixa
2024-05-27 20:00:00,1021.6551,13.745483,9.994019,2.2560549,94.68317,33.71127,12.008357,21.82409,0.9760748,,,0.8932286,105.36351,caixa
2024-05-27 21:00:00,1021.572,13.362061,9.950989,2.0976443,91.58685,31.498375,12.907218,21.402233,0.9648458,,,0.95263606,96.618515,caixa
2024-05-27 22:00:00,1021.6507,12.859131,10.004761,2.0193172,105.640076,26.58176,17.46931,21.037601,0.9543032,,,0.97546345,78.61947,caixa
2024-05-27 23:00:00,1021.7389,12.652466,9.956512,1.9350166,105.82291,22.278301,48.944027,20.501108,0.94441515,,,0.94821244,66.65618,caixa
2024-05-28 00:00:00,1021.75775,12.461761,9.878693,1.7216302,106.02675,23.271122,71.745155,19.94262,0.9168274,,,0.92756957,56.358654,caixa
2024-05-28 01:00:00,1021.6727,12.270538,9.781738,1.4590206,110.45273,24.501991,63.98595,19.3553,0.9085195,,,0.93405205,45.630894,caixa
2024-05-28 02:00:00,1021.4146,11.978241,9.605713,1.1645976,120.64418,25.627462,37.597576,18.734217,0.8918404,,,0.95489544,33.8028,caixa
2024-05-28 03:00:00,1021.3566,11.567078,9.231537,0.97691804,137.32704,25.403564,44.189636,18.116367,0.8687,,,0.9346195,21.337267,caixa
2024-05-28 04:00:00,1021.1315,11.364685,9.094299,1.0059552,161.34116,26.900314,48.437344,17.499907,0.8298553,,,0.8609638,11.83603,caixa
2024-05-28 05:00:00,1021.10834,11.08255,8.895508,1.2652379,178.71237,26.871174,48.388294,16.94674,0.79195553,,,0.77377033,21.184816,caixa
2024-05-28 06:00:00,1020.7675,10.779785,8.7022705,1.5930468,188.2284,24.94848,51.651928,16.467545,0.7570009,,,0.67282695,34.84546,caixa
2024-05-28 07:00:00,1020.59033,10.667938,8.588013,1.8877068,193.06638,23.29979,45.699768,16.071709,0.74415576,,,0.56271106,47.00897,caixa
2024-05-28 08:00:00,1020.77985,10.502411,8.382935,2.098389,194.51503,21.340042,42.562637,15.78162,0.721495,,,0.50946075,57.998234,caixa
2024-05-28 09:00:00,1020.9529,10.371368,8.191681,2.2370229,195.02057,19.016247,30.80972,15.58534,0.69852525,,,0.45881343,67.55661,caixa
2024-05-28 10:00:00,1021.5318,10.477264,8.129395,2.462379,194.04736,14.847798,35.802998,15.807564,0.71095514,,,0.41557205,89.12845,caixa
2024-05-28 11:00:00,1021.9853,10.474365,8.021454,2.600173,194.86366,13.857233,30.505453,15.74907,0.70776606,,,0.36972982,95.52963,caixa
2024-05-28 12:00:00,1022.41565,10.856079,8.17807,2.776476,193.42535,15.222222,31.754688,15.771431,0.72057146,,,0.34147334,99.34407,caixa
2024-05-28 13:00:00,1022.9893,11.515625,8.436584,2.9753819,188.52664,14.703826,38.807888,15.878096,0.7441577,,,0.33285537,100.60833,caixa
2024-05-28 14:00:00,1023.053,12.535278,8.87439,2.9973416,183.59735,14.534801,39.463722,16.04305,0.7289076,,,0.33477387,99.24512,caixa
2024-05-28 15:00:00,1022.78906,13.36496,9.167511,3.0265806,179.47235,13.958595,48.218235,16.242193,0.70537406,,,0.33004293,99.504585,caixa
2024-05-28 16:00:00,1022.3342,13.923828,9.395294,3.0054512,178.2897,14.322641,51.0061,16.4528,0.69479537,,,0.3020452,99.771645,caixa
2024-05-28 17:00:00,1021.85236,14.428375,9.569305,3.0995746,178.3071,14.733491,54.767952,16.656555,0.71337736,,,0.26766723,103.43481,caixa
2024-05-28 18:00:00,1021.64294,14.635803,9.595703,3.1659176,177.66922,13.519287,56.07522,16.850056,0.7158984,,,0.23880653,107.96881,caixa
2024-05-28 19:00:00,1021.4855,14.67746,9.709381,3.209313,177.45383,12.224948,29.149944,17.009396,0.70995164,,,0.19020656,113.25187,caixa
2024-05-28 20:00:00,1022.01166,14.3992,9.847137,3.2418456,177.16435,11.368501,36.96935,17.119703,0.7056636,,,0.14742114,119.919266,caixa
2024-05-28 21:00:00,1022.3817,13.845032,9.883087,3.1961293,177.85913,10.687578,45.61181,17.135635,0.6801966,,,0.10478433,125.36046,caixa
2024-05-28 22:00:00,1022.7617,13.122711,10.078033,3.632166,178.51645,7.593396,46.563057,16.79798,0.6209986,,,0.08065062,135.96867,caixa
2024-05-28 23:00:00,1023.1132,12.813721,10.003418,3.5853548,176.92291,8.120231,41.049065,16.710083,0.5989633,,,0.07730736,135.32327,caixa
2024-05-29 00:00:00,1023.43274,12.543854,9.89502,3.5055168,175.04442,8.474633,50.81327,16.579288,0.5455091,,,0.067393824,131.38153,caixa
2024-05-29 01:00:00,1023.5637,12.447937,9.932953,3.4157138,172.89963,8.998847,56.948364,16.408474,0.54793286,,,0.054603793,126.050316,caixa
2024-05-29 02:00:00,1023.4997,12.258026,9.909637,3.2628174,172.76544,9.351677,52.38723,16.219133,0.5341149,,,0.045106277,118.365524,caixa
2024-05-29 03:00:00,1023.65643,12.011108,9.775269,3.0841088,173.03476,10.175471,42.909863,16.033642,0.50128186,,,0.03753626,109.49494,caixa
2024-05-29 04:00:00,1023.72766,11.858124,9.68811,2.940955,174.31296,9.06153,72.16833,15.843481,0.5174053,,,0.032436624,101.226524,caixa
2024-05-29 05:00:00,1023.72,11.64801,9.550018,2.8234499,176.30872,8.833858,70.01439,15.664309,0.5035102,,,0.030058555,93.538345,caixa
2024-05-29 06:00:00,1023.3498,11.542969,9.471588,2.7702837,179.00768,8.916457,217.95319,15.490414,0.52999574,,,0.026485335,87.353485,caixa
2024-05-29 07:00:00,1023.1922,11.453339,9.400421,2.7463837,180.99127,9.590671,57.25804,15.333559,0.5299966,,,0.022598842,82.61682,caixa
2024-05-29 08:00:00,1023.1774,11.373566,9.360107,2.7180135,182.8551,10.092558,66.25006,15.177929,0.5418336,,,0.017660249,78.86495,caixa
2024-05-29 09:00:00,1023.44696,11.347473,9.331146,2.7142982,183.4281,10.571069,104.937515,15.0175085,0.56083864,,,0.017820755,75.90476,caixa
2024-05-29 10:00:00,1023.96735,11.571808,9.532196,2.6870878,179.57645,5.900629,56.294716,14.837551,0.6097124,,,0.015777372,75.04016,caixa
2024-05-29 11:00:00,1024.4089,11.700165,9.621613,2.6445782,177.82578,7.293396,64.21152,14.70415,0.6402564,,,0.014717894,71.045364,caixa
2024-05-29 12:00:00,1024.8927,12.310699,9.983948,2.6117208,175.47826,8.640356,66.51292,14.609907,0.6455725,,,0.014544432,67.00311,caixa
2024-05-29 13:00:00,1025.3208,13.217407,10.451691,2.5597444,172.37753,8.353878,65.696205,14.568062,0.6385072,,,0.016045481,62.02007,caixa
2024-05-29 14:00:00,1025.2284,14.396301,10.761383,2.3276987,169.2446,7.7813416,67.682625,14.574666,0.65162516,,,0.015522579,57.16384,caixa
2024-05-29 15:00:00,1025.0161,15.514801,10.927795,2.0489304,169.53038,7.976415,69.76182,14.6240225,0.66355604,,,0.014776554,53.610504,caixa
2024-05-29 16:00:00,1024.354,16.046326,10.810791,1.844312,173.19739,7.654927,60.062637,14.676108,0.67167467,,,0.013662014,52.226746,caixa
2024-05-29 17:00:00,1023.62274,16.503113,10.806122,1.7399724,177.05133,6.8750525,55.453156,14.713453,0.69247484,,,0.010306161,51.79698,caixa
2024-05-29 18:00:00,1023.1657,16.691162,10.719818,1.6911536,177.49944,6.2461214,51.930836,14.734033,0.6903531,,,0.009643626,51.17723,caixa
2024-05-29 19:00:00,1022.81616,16.554474,10.70752,1.6526594,175.89722,6.0485325,34.922043,14.710166,0.6873764,,,0.0103385495,50.395805,caixa
2024-05-29 20:00:00,1023.09595,16.038269,10.826111,1.6661112,174.32104,6.749895,,14.633386,0.6577612,,,0.009276912,49.206924,caixa
2024-05-29 21:00:00,1023.16406,14.923737,10.692078,1.7369281,177.47496,7.366352,,14.495069,0.62607586,,,0.009558336,47.466125,caixa
2024-05-29 22:00:00,1023.5193,13.926697,10.519684,1.949559,170.4295,3.568239,,14.143269,0.55636185,,,0.010293204,44.703766,caixa
2024-05-29 23:00:00,1023.5821,13.53717,10.372314,1.8170452,166.66075,3.6953878,,13.987857,0.51731414,,,0.011873425,41.28561,caixa
2024-05-30 00:00:00,1023.6703,13.175751,10.19223,1.6795455,163.23274,3.498742,,13.842769,0.5043058,,,0.012718237,37.77141,caixa
2024-05-30 01:00:00,1023.77576,12.895111,10.021851,1.518171,163.20142,3.1310272,,13.721423,0.5219429,,,0.013006498,35.59089,caixa
2024-05-30 02:00:00,1023.7251,12.608612,9.817566,1.3055941,167.39124,2.9256814,,13.61149,0.53611207,,,0.012598758,35.148216,caixa
2024-05-30 03:00:00,1023.72925,12.152069,9.560028,1.163763,174.76862,2.8991091,,13.508788,0.5451823,,,0.010931087,37.181362,caixa
2024-05-30 04:00:00,1023.4455,11.942657,9.404755,1.0520428,182.84158,3.1243186,,13.411336,0.5248748,,,0.010595862,40.30806,caixa
2024-05-30 05:00:00,1023.5986,11.626068,9.218048,1.0602083,190.68654,3.250524,,13.335388,0.48604503,,,0.009920372,44.883663,caixa
2024-05-30 06:00:00,1023.08826,11.269623,8.96582,1.0772766,199.65164,3.7257862,55.500076,13.270948,0.48836446,,,0.00963517,49.39547,caixa
2024-05-30 07:00:00,1022.99225,11.085022,8.833801,1.1622227,206.9664,4.2049265,,13.2316675,0.4850111,,,0.0100726,54.38991,caixa
2024-05-30 08:00:00,1022.7986,10.862366,8.654266,1.2210255,211.91315,4.7595387,,13.213606,0.4991804,,,0.0076563857,58.42497,caixa
2024-05-30 09:00:00,1023.00073,10.735992,8.537018,1.2742159,214.46918,5.4397273,,13.214415,0.49730918,,,0.008039295,61.223225,caixa
2024-05-30 10:00:00,1023.7754,10.943512,8.706879,1.1775177,205.54137,2.2223794,,13.065224,0.5058581,,,0.008525488,58.87587,caixa
2024-05-30 11:00:00,1024.2253,11.080505,8.818695,1.1096362,207.97504,2.8513627,,13.091201,0.5063273,,,0.006982695,59.87076,caixa
2024-05-30 12:00:00,1024.6215,12.051971,9.560699,0.9696137,214.69662,3.1309223,,13.143024,0.46570125,,,0.0061949245,60.454292,caixa
2024-05-30 13:00:00,1024.7782,13.320038,10.215881,0.93180585,226.25827,4.1772013,,13.2370615,0.4378337,,,0.005378003,61.13081,caixa
2024-05-30 14:00:00,1024.5579,15.003204,10.807709,0.9617294,247.38799,5.1796646,,13.373788,0.38609847,,,0.0045074606,62.898167,caixa
2024-05-30 15:00:00,1024.1458,16.245544,10.932068,1.1541902,257.20447,4.789937,,13.547139,0.37211382,,,0.0044221696,65.53776,caixa
2024-05-30 16:00:00,1023.4864,16.853302,10.938202,1.345739,257.5256,4.180136,,13.725124,0.38020673,,,0.003938495,68.888176,caixa
2024-05-30 17:00:00,1022.762,17.55252,10.801697,1.461766,254.04802,3.469759,,13.881758,0.3711695,,,0.004701794,72.2256,caixa
2024-05-30 18:00:00,1022.36,17.805023,10.755524,1.4569416,246.36377,2.9937632,,14.002611,0.3818794,,,0.0041562207,73.80206,caixa
2024-05-30 19:00:00,1022.2904,17.757812,10.797852,1.4027643,234.19174,2.926782,,14.069469,0.3691514,,,0.0029639478,74.26773,caixa
2024-05-30 20:00:00,1022.58344,17.229675,11.056946,1.469131,219.58481,3.2575471,,14.074838,0.35919878,,,0.0031777148,72.98859,caixa
2024-05-30 21:00:00,1023.0925,15.879944,11.082489,1.5338306,196.66806,3.4841194,,14.039295,0.3444115,,,0.003031245,70.38786,caixa
2024-05-30 22:00:00,1023.2955,14.475647,10.957001,1.5929855,185.17047,3.6892033,,13.807688,0.32699755,,,0.0033954405,67.78584,caixa
2024-05-30 23:00:00,1023.6043,13.993744,10.793915,1.4613365,178.19794,3.5128407,,13.761317,0.31428096,,,0.0037707924,63.54637,caixa
