traj,pulso,nivel,t,lat,lon,AOD
1o_pulso_02-06mai_2024-05-03_-29.5_-52.0_850,1o_pulso_02-06mai,850,2024-05-03 12:00:00,-29.5,-52.0,0.11419638825787437
1o_pulso_02-06mai_2024-05-03_-29.5_-52.0_850,1o_pulso_02-06mai,850,2024-05-03 06:00:00,-28.65759966754886,-52.11126840958792,0.0592726378867663
1o_pulso_02-06mai_2024-05-03_-29.5_-52.0_850,1o_pulso_02-06mai,850,2024-05-03 00:00:00,-27.658027587631942,-52.97262578467406,0.04518212356352163
1o_pulso_02-06mai_2024-05-03_-29.5_-52.0_850,1o_pulso_02-06mai,850,2024-05-02 18:00:00,-27.60599243742629,-53.55496949985162,0.14764763137632303
1o_pulso_02-06mai_2024-05-03_-29.5_-52.0_850,1o_pulso_02-06mai,850,2024-05-02 12:00:00,-27.303773999229385,-54.717787311181404,0.1649246991980241
1o_pulso_02-06mai_2024-05-03_-29.5_-52.0_850,1o_pulso_02-06mai,850,2024-05-02 06:00:00,-26.05560827813095,-56.20124086233029,0.05072925813123104
1o_pulso_02-06mai_2024-05-03_-29.5_-52.0_850,1o_pulso_02-06mai,850,2024-05-02 00:00:00,-22.917357363013465,-58.37660053916803,0.03718326341673305
1o_pulso_02-06mai_2024-05-03_-29.5_-52.0_850,1o_pulso_02-06mai,850,2024-05-01 18:00:00,-19.718631335217943,-59.128649257980385,0.021826416292675583
1o_pulso_02-06mai_2024-05-03_-29.5_-52.0_850,1o_pulso_02-06mai,850,2024-05-01 12:00:00,-16.903934003645357,-60.18624630217455,0.020098429684553228
1o_pulso_02-06mai_2024-05-03_-29.5_-52.0_850,1o_pulso_02-06mai,850,2024-05-01 06:00:00,-14.708807463907558,-60.93228614092004,0.037168004874123604
1o_pulso_02-06mai_2024-05-03_-29.5_-52.0_850,1o_pulso_02-06mai,850,2024-05-01 00:00:00,-13.061811017233818,-60.91374874417435,0.032125915847642954
1o_pulso_02-06mai_2024-05-03_-29.5_-52.0_850,1o_pulso_02-06mai,850,2024-04-30 18:00:00,-12.024748365235176,-60.78860444605029,0.03203484172993326
1o_pulso_02-06mai_2024-05-03_-29.5_-52.0_850,1o_pulso_02-06mai,850,2024-04-30 12:00:00,-10.95846710304319,-60.38967754056672,0.03257912954467644
1o_pulso_02-06mai_2024-05-03_-29.5_-52.0_850,1o_pulso_02-06mai,850,2024-04-30 06:00:00,-10.005729521539026,-59.54341149945179,0.033998577546258964
1o_pulso_02-06mai_2024-05-03_-29.5_-52.0_850,1o_pulso_02-06mai,850,2024-04-30 00:00:00,-9.360103782543417,-58.58087582600403,0.03276897935716606
1o_pulso_02-06mai_2024-05-03_-29.5_-52.0_850,1o_pulso_02-06mai,850,2024-04-29 18:00:00,-8.982663501371082,-57.67188459092669,0.03551872925363609
1o_pulso_02-06mai_2024-05-03_-29.5_-52.0_850,1o_pulso_02-06mai,850,2024-04-29 12:00:00,-8.452839201474326,-56.73671897838982,0.03117440943531998
1o_pulso_02-06mai_2024-05-03_-29.5_-52.0_850,1o_pulso_02-06mai,850,2024-04-29 06:00:00,-7.7408036179893465,-55.222786085474155,0.08533964791275044
1o_pulso_02-06mai_2024-05-03_-29.5_-52.0_850,1o_pulso_02-06mai,850,2024-04-29 00:00:00,-7.419692978234129,-53.65064928491792,0.07373299454217863
1o_pulso_02-06mai_2024-05-03_-29.5_-52.0_850,1o_pulso_02-06mai,850,2024-04-28 18:00:00,-7.33170585047786,-52.144223713710176,0.07539872246355
1o_pulso_02-06mai_2024-05-03_-29.5_-52.0_850,1o_pulso_02-06mai,850,2024-04-28 12:00:00,-7.065561219180644,-50.82682717914522,0.09869670670895389
1o_pulso_02-06mai_2024-05-03_-29.5_-52.0_850,1o_pulso_02-06mai,850,2024-04-28 06:00:00,-6.951032080035392,-49.33851074246805,0.23959376007601965
1o_pulso_02-06mai_2024-05-03_-29.5_-52.0_850,1o_pulso_02-06mai,850,2024-04-28 00:00:00,-7.103378693396319,-47.80051619283184,0.18936109374677548
1o_pulso_02-06mai_2024-05-03_-29.5_-52.0_850,1o_pulso_02-06mai,850,2024-04-27 18:00:00,-7.303176407997382,-46.412953406201304,0.135318348784296
1o_pulso_02-06mai_2024-05-03_-29.5_-52.0_850,1o_pulso_02-06mai,850,2024-04-27 12:00:00,-7.531741667861011,-44.678573898439915,0.10855430664950759
1o_pulso_02-06mai_2024-05-03_-29.5_-52.0_850,1o_pulso_02-06mai,850,2024-04-27 06:00:00,-7.838518368151262,-42.92388661706936,0.05481241147177571
1o_pulso_02-06mai_2024-05-03_-29.5_-52.0_850,1o_pulso_02-06mai,850,2024-04-27 00:00:00,-8.236829344691142,-41.255654812765016,0.03953305357768093
1o_pulso_02-06mai_2024-05-03_-29.5_-52.0_850,1o_pulso_02-06mai,850,2024-04-26 18:00:00,-8.83656848534755,-39.89319455987223,0.03903376064133064
1o_pulso_02-06mai_2024-05-03_-29.5_-52.0_850,1o_pulso_02-06mai,850,2024-04-26 12:00:00,-9.536668209705317,-38.719558369150946,0.043719317971329094
1o_pulso_02-06mai_2024-05-03_-29.5_-52.0_850,1o_pulso_02-06mai,850,2024-04-26 06:00:00,-10.139085609704825,-37.5289666993479,0.03655652124224554
1o_pulso_02-06mai_2024-05-03_-29.5_-52.0_850,1o_pulso_02-06mai,850,2024-04-26 00:00:00,-10.405015338366681,-36.5639542870915,0.028054652214438845
1o_pulso_02-06mai_2024-05-03_-29.5_-52.0_850,1o_pulso_02-06mai,850,2024-04-25 18:00:00,-10.440195216311395,-35.67937458027117,0.02874667672688722
1o_pulso_02-06mai_2024-05-03_-29.5_-52.0_850,1o_pulso_02-06mai,850,2024-04-25 12:00:00,-10.342278874276301,-34.72899436032471,0.030298598759234782
1o_pulso_02-06mai_2024-05-03_-29.5_-52.0_700,1o_pulso_02-06mai,700,2024-05-03 12:00:00,-29.5,-52.0,0.11419638825787437
1o_pulso_02-06mai_2024-05-03_-29.5_-52.0_700,1o_pulso_02-06mai,700,2024-05-03 06:00:00,-29.00507943963353,-52.92100882747401,0.06594391928422298
1o_pulso_02-06mai_2024-05-03_-29.5_-52.0_700,1o_pulso_02-06mai,700,2024-05-03 00:00:00,-29.272413170871154,-54.188190926919596,0.061490825257466505
1o_pulso_02-06mai_2024-05-03_-29.5_-52.0_700,1o_pulso_02-06mai,700,2024-05-02 18:00:00,-29.873682062897238,-56.062791447033156,0.05944259895086302
1o_pulso_02-06mai_2024-05-03_-29.5_-52.0_700,1o_pulso_02-06mai,700,2024-05-02 12:00:00,-30.0692733604211,-59.15444336588857,0.0677644277149517
1o_pulso_02-06mai_2024-05-03_-29.5_-52.0_700,1o_pulso_02-06mai,700,2024-05-02 06:00:00,-29.955828743055825,-61.97256846981506,0.11202999137661088
1o_pulso_02-06mai_2024-05-03_-29.5_-52.0_700,1o_pulso_02-06mai,700,2024-05-02 00:00:00,-29.726869516557485,-63.799040522434424,0.11267260418776716
1o_pulso_02-06mai_2024-05-03_-29.5_-52.0_700,1o_pulso_02-06mai,700,2024-05-01 18:00:00,-29.187943089026064,-64.77172520852689,0.12803426319360262
1o_pulso_02-06mai_2024-05-03_-29.5_-52.0_700,1o_pulso_02-06mai,700,2024-05-01 12:00:00,-28.872234293728255,-65.22938340144117,0.09581086915613347
1o_pulso_02-06mai_2024-05-03_-29.5_-52.0_700,1o_pulso_02-06mai,700,2024-05-01 06:00:00,-28.048361985537266,-65.94780266008979,0.021613006988874136
1o_pulso_02-06mai_2024-05-03_-29.5_-52.0_700,1o_pulso_02-06mai,700,2024-05-01 00:00:00,-27.550200477463257,-66.9088253898962,0.007250255877405836
1o_pulso_02-06mai_2024-05-03_-29.5_-52.0_700,1o_pulso_02-06mai,700,2024-04-30 18:00:00,-27.303610014769124,-67.90450402932558,0.008938946374848456
1o_pulso_02-06mai_2024-05-03_-29.5_-52.0_700,1o_pulso_02-06mai,700,2024-04-30 12:00:00,-26.836277162831845,-68.54190242614969,0.015621109424212309
1o_pulso_02-06mai_2024-05-03_-29.5_-52.0_700,1o_pulso_02-06mai,700,2024-04-30 06:00:00,-26.444460417522865,-68.7653575308522,0.040748033504346595
1o_pulso_02-06mai_2024-05-03_-29.5_-52.0_700,1o_pulso_02-06mai,700,2024-04-30 00:00:00,-26.1642128150116,-68.88468030599678,0.02866100283192377
1o_pulso_02-06mai_2024-05-03_-29.5_-52.0_700,1o_pulso_02-06mai,700,2024-04-29 18:00:00,-25.84916203428959,-69.53823477139996,0.0262583811064359
1o_pulso_02-06mai_2024-05-03_-29.5_-52.0_700,1o_pulso_02-06mai,700,2024-04-29 12:00:00,-25.10210733668263,-70.4658482880513,0.03464793464602129
1o_pulso_02-06mai_2024-05-03_-29.5_-52.0_700,1o_pulso_02-06mai,700,2024-04-29 06:00:00,-24.982092322458733,-71.54975857817011,0.06848067795179287
1o_pulso_02-06mai_2024-05-03_-29.5_-52.0_700,1o_pulso_02-06mai,700,2024-04-29 00:00:00,-24.96111171002044,-72.72576263931174,0.08087819712357101
1o_pulso_02-06mai_2024-05-03_-29.5_-52.0_700,1o_pulso_02-06mai,700,2024-04-28 18:00:00,-25.14524413782025,-73.93335526687402,
1o_pulso_02-06mai_2024-05-03_-29.5_-52.0_700,1o_pulso_02-06mai,700,2024-04-28 12:00:00,-25.515576585779236,-75.48182771085551,
1o_pulso_02-06mai_2024-05-03_-29.5_-52.0_700,1o_pulso_02-06mai,700,2024-04-28 06:00:00,-25.67413518249248,-77.36442653995432,
1o_pulso_02-06mai_2024-05-03_-29.5_-52.0_700,1o_pulso_02-06mai,700,2024-04-28 00:00:00,-25.97868899549899,-78.9728980066943,
1o_pulso_02-06mai_2024-05-03_-30.5_-53.5_850,1o_pulso_02-06mai,850,2024-05-03 12:00:00,-30.5,-53.5,0.048537031643920474
1o_pulso_02-06mai_2024-05-03_-30.5_-53.5_850,1o_pulso_02-06mai,850,2024-05-03 06:00:00,-29.878717862688557,-53.058636379384986,0.05226779183168435
1o_pulso_02-06mai_2024-05-03_-30.5_-53.5_850,1o_pulso_02-06mai,850,2024-05-03 00:00:00,-28.834952718707413,-52.589167709850145,0.050816800525602154
1o_pulso_02-06mai_2024-05-03_-30.5_-53.5_850,1o_pulso_02-06mai,850,2024-05-02 18:00:00,-28.843837919188726,-53.82359655156665,0.06305568161838754
1o_pulso_02-06mai_2024-05-03_-30.5_-53.5_850,1o_pulso_02-06mai,850,2024-05-02 12:00:00,-28.633283620113712,-54.817129168765234,0.08894668221499184
1o_pulso_02-06mai_2024-05-03_-30.5_-53.5_850,1o_pulso_02-06mai,850,2024-05-02 06:00:00,-28.492181019042313,-56.06863913683588,0.11969873194581383
1o_pulso_02-06mai_2024-05-03_-30.5_-53.5_850,1o_pulso_02-06mai,850,2024-05-02 00:00:00,-28.97653919179262,-56.83375792164201,0.09442963726152918
1o_pulso_02-06mai_2024-05-03_-30.5_-53.5_850,1o_pulso_02-06mai,850,2024-05-01 18:00:00,-28.44342753160249,-58.30717541838258,0.16502464012092136
1o_pulso_02-06mai_2024-05-03_-30.5_-53.5_850,1o_pulso_02-06mai,850,2024-05-01 12:00:00,-27.107359234223804,-59.30440503119309,0.1172408661146995
1o_pulso_02-06mai_2024-05-03_-30.5_-53.5_850,1o_pulso_02-06mai,850,2024-05-01 06:00:00,-24.934933796644252,-60.3972569439212,0.09070839070644757
1o_pulso_02-06mai_2024-05-03_-30.5_-53.5_850,1o_pulso_02-06mai,850,2024-05-01 00:00:00,-22.110454791832254,-60.88160643542303,0.07979104480224335
1o_pulso_02-06mai_2024-05-03_-30.5_-53.5_850,1o_pulso_02-06mai,850,2024-04-30 18:00:00,-18.5108072393399,-61.60490551017487,0.07175838659023749
1o_pulso_02-06mai_2024-05-03_-30.5_-53.5_850,1o_pulso_02-06mai,850,2024-04-30 12:00:00,-15.974288660928634,-63.641698240664276,0.07820791339193686
1o_pulso_02-06mai_2024-05-03_-30.5_-53.5_850,1o_pulso_02-06mai,850,2024-04-30 06:00:00,-14.41371642926051,-65.06778455981149,0.05262344320130846
1o_pulso_02-06mai_2024-05-03_-30.5_-53.5_850,1o_pulso_02-06mai,850,2024-04-30 00:00:00,-13.29955465350702,-65.92822382477301,0.050233395641750715
1o_pulso_02-06mai_2024-05-03_-30.5_-53.5_850,1o_pulso_02-06mai,850,2024-04-29 18:00:00,-12.443392303146634,-66.3946340416306,0.059996147626949145
1o_pulso_02-06mai_2024-05-03_-30.5_-53.5_850,1o_pulso_02-06mai,850,2024-04-29 12:00:00,-11.533227117771673,-66.69640483272276,0.05965644367248862
1o_pulso_02-06mai_2024-05-03_-30.5_-53.5_850,1o_pulso_02-06mai,850,2024-04-29 06:00:00,-10.779870899184115,-66.80140273041151,0.0751810673934444
1o_pulso_02-06mai_2024-05-03_-30.5_-53.5_850,1o_pulso_02-06mai,850,2024-04-29 00:00:00,-10.263372207927299,-66.55844125685823,0.06415914179790964
1o_pulso_02-06mai_2024-05-03_-30.5_-53.5_850,1o_pulso_02-06mai,850,2024-04-28 18:00:00,-9.838739665585111,-66.09120901895574,0.06961282309737453
1o_pulso_02-06mai_2024-05-03_-30.5_-53.5_850,1o_pulso_02-06mai,850,2024-04-28 12:00:00,-9.271105956132509,-65.64484542525314,0.07018479490347009
1o_pulso_02-06mai_2024-05-03_-30.5_-53.5_850,1o_pulso_02-06mai,850,2024-04-28 06:00:00,-8.546688053095805,-65.1188624118253,0.055416104536209945
1o_pulso_02-06mai_2024-05-03_-30.5_-53.5_850,1o_pulso_02-06mai,850,2024-04-28 00:00:00,-8.057871628852228,-64.63258052669309,0.05508162387211781
1o_pulso_02-06mai_2024-05-03_-30.5_-53.5_850,1o_pulso_02-06mai,850,2024-04-27 18:00:00,-7.7069387557257185,-64.26935845478656,0.052577649299702496
1o_pulso_02-06mai_2024-05-03_-30.5_-53.5_850,1o_pulso_02-06mai,850,2024-04-27 12:00:00,-7.145837114095894,-63.718459891779965,0.051159440780697354
1o_pulso_02-06mai_2024-05-03_-30.5_-53.5_850,1o_pulso_02-06mai,850,2024-04-27 06:00:00,-6.487354063928329,-62.83726253037371,0.13514310544835512
1o_pulso_02-06mai_2024-05-03_-30.5_-53.5_850,1o_pulso_02-06mai,850,2024-04-27 00:00:00,-6.099700114846995,-61.69683947674334,0.11372343444838601
1o_pulso_02-06mai_2024-05-03_-30.5_-53.5_850,1o_pulso_02-06mai,850,2024-04-26 18:00:00,-5.715177700349119,-60.53523802255048,0.13555076825190485
1o_pulso_02-06mai_2024-05-03_-30.5_-53.5_850,1o_pulso_02-06mai,850,2024-04-26 12:00:00,-5.362395571943738,-59.32068621871429,0.1394522051283227
1o_pulso_02-06mai_2024-05-03_-30.5_-53.5_850,1o_pulso_02-06mai,850,2024-04-26 06:00:00,-5.269121219271369,-57.91608501612323,0.06584683382883177
1o_pulso_02-06mai_2024-05-03_-30.5_-53.5_850,1o_pulso_02-06mai,850,2024-04-26 00:00:00,-5.110699430868719,-56.74055610018289,0.0672892571065016
1o_pulso_02-06mai_2024-05-03_-30.5_-53.5_850,1o_pulso_02-06mai,850,2024-04-25 18:00:00,-5.175140919960404,-55.80161862199297,0.08070753693421324
1o_pulso_02-06mai_2024-05-03_-30.5_-53.5_850,1o_pulso_02-06mai,850,2024-04-25 12:00:00,-5.482032262291627,-54.56004675411802,0.10034903048237541
1o_pulso_02-06mai_2024-05-03_-30.5_-53.5_850,1o_pulso_02-06mai,850,2024-04-25 06:00:00,-5.877064684520606,-52.93014487229422,0.06631099389789308
1o_pulso_02-06mai_2024-05-03_-30.5_-53.5_850,1o_pulso_02-06mai,850,2024-04-25 00:00:00,-6.292801876216984,-51.69112368814685,0.06583996140393428
1o_pulso_02-06mai_2024-05-03_-30.5_-53.5_850,1o_pulso_02-06mai,850,2024-04-24 18:00:00,-6.67619824196317,-50.36008700330864,0.06079934950548386
1o_pulso_02-06mai_2024-05-03_-30.5_-53.5_850,1o_pulso_02-06mai,850,2024-04-24 12:00:00,-6.6648515897273795,-48.853379719412104,0.067654111187176
1o_pulso_02-06mai_2024-05-03_-30.5_-53.5_850,1o_pulso_02-06mai,850,2024-04-24 06:00:00,-6.601052441829824,-47.13131578692834,0.029884387336674135
1o_pulso_02-06mai_2024-05-03_-30.5_-53.5_850,1o_pulso_02-06mai,850,2024-04-24 00:00:00,-6.520576530863115,-45.39045068783451,0.02554782220852505
1o_pulso_02-06mai_2024-05-03_-30.5_-53.5_850,1o_pulso_02-06mai,850,2024-04-23 18:00:00,-6.636960492878757,-43.83869187594902,0.028638883359779974
1o_pulso_02-06mai_2024-05-03_-30.5_-53.5_850,1o_pulso_02-06mai,850,2024-04-23 12:00:00,-6.715949269865195,-42.605284537735976,0.03527725252051529
1o_pulso_02-06mai_2024-05-03_-30.5_-53.5_850,1o_pulso_02-06mai,850,2024-04-23 06:00:00,-6.644424184565615,-41.36835856834996,0.04614721542019083
1o_pulso_02-06mai_2024-05-03_-30.5_-53.5_850,1o_pulso_02-06mai,850,2024-04-23 00:00:00,-6.763145074137848,-39.88183141779412,0.0482557656955224
1o_pulso_02-06mai_2024-05-03_-30.5_-53.5_850,1o_pulso_02-06mai,850,2024-04-22 18:00:00,-7.174545289557619,-38.48278928261068,0.04444111904631645
1o_pulso_02-06mai_2024-05-03_-30.5_-53.5_850,1o_pulso_02-06mai,850,2024-04-22 12:00:00,-7.555019612670964,-37.44214099191632,0.03704745726100197
1o_pulso_02-06mai_2024-05-03_-30.5_-53.5_850,1o_pulso_02-06mai,850,2024-04-22 06:00:00,-7.956464450732973,-35.90701790398923,0.07000107807036288
1o_pulso_02-06mai_2024-05-03_-30.5_-53.5_850,1o_pulso_02-06mai,850,2024-04-22 00:00:00,-8.487841277816694,-34.36065957806861,
1o_pulso_02-06mai_2024-05-03_-30.5_-53.5_700,1o_pulso_02-06mai,700,2024-05-03 12:00:00,-30.5,-53.5,0.048537031643920474
1o_pulso_02-06mai_2024-05-03_-30.5_-53.5_700,1o_pulso_02-06mai,700,2024-05-03 06:00:00,-30.381614031274882,-55.186640221383925,0.03460101807133381
1o_pulso_02-06mai_2024-05-03_-30.5_-53.5_700,1o_pulso_02-06mai,700,2024-05-03 00:00:00,-31.298460186199918,-57.399341444957244,0.016659926139194807
1o_pulso_02-06mai_2024-05-03_-30.5_-53.5_700,1o_pulso_02-06mai,700,2024-05-02 18:00:00,-31.62891841682895,-60.726775773819746,0.011554950474280517
1o_pulso_02-06mai_2024-05-03_-30.5_-53.5_700,1o_pulso_02-06mai,700,2024-05-02 12:00:00,-32.10626229363102,-63.82907162032522,0.006732464566316203
1o_pulso_02-06mai_2024-05-03_-30.5_-53.5_700,1o_pulso_02-06mai,700,2024-05-02 06:00:00,-32.53163475396671,-66.46595260969558,0.042695873621589525
1o_pulso_02-06mai_2024-05-03_-30.5_-53.5_700,1o_pulso_02-06mai,700,2024-05-02 00:00:00,-32.24643615184927,-68.5860765665519,0.05129408227571953
1o_pulso_02-06mai_2024-05-03_-30.5_-53.5_700,1o_pulso_02-06mai,700,2024-05-01 18:00:00,-32.16094428344549,-69.0692924425895,0.04344138304960084
1o_pulso_02-06mai_2024-05-03_-30.5_-53.5_700,1o_pulso_02-06mai,700,2024-05-01 12:00:00,-31.89275053895504,-69.70523806556919,0.017441413943820764
1o_pulso_02-06mai_2024-05-03_-30.5_-53.5_700,1o_pulso_02-06mai,700,2024-05-01 06:00:00,-31.770832822334643,-70.19900136337286,0.016205946489600453
1o_pulso_02-06mai_2024-05-03_-30.5_-53.5_700,1o_pulso_02-06mai,700,2024-05-01 00:00:00,-31.71557981877157,-70.24471727401111,0.011727574557457005
1o_pulso_02-06mai_2024-05-03_-30.5_-53.5_700,1o_pulso_02-06mai,700,2024-04-30 18:00:00,-31.591151278900607,-70.45648483020415,0.007730052446139748
1o_pulso_02-06mai_2024-05-03_-30.5_-53.5_700,1o_pulso_02-06mai,700,2024-04-30 12:00:00,-30.793438450405667,-70.7147864980781,0.007965258433728329
1o_pulso_02-06mai_2024-05-03_-30.5_-53.5_700,1o_pulso_02-06mai,700,2024-04-30 06:00:00,-28.72234866155681,-71.94853571779674,0.014178512999350835
1o_pulso_02-06mai_2024-05-03_-30.5_-53.5_700,1o_pulso_02-06mai,700,2024-04-30 00:00:00,-28.236323488613305,-75.07591077857487,
1o_pulso_02-06mai_2024-05-03_-30.5_-53.5_700,1o_pulso_02-06mai,700,2024-04-29 18:00:00,-28.31033227390703,-78.21567661080374,
1o_pulso_02-06mai_2024-05-03_-28.5_-51.0_850,1o_pulso_02-06mai,850,2024-05-03 12:00:00,-28.5,-51.0,0.12406298518180847
1o_pulso_02-06mai_2024-05-03_-28.5_-51.0_850,1o_pulso_02-06mai,850,2024-05-03 06:00:00,-27.162657217980964,-52.26428193703042,0.1041032911954756
1o_pulso_02-06mai_2024-05-03_-28.5_-51.0_850,1o_pulso_02-06mai,850,2024-05-03 00:00:00,-26.188921409721875,-52.56000297147121,0.0853461385732878
1o_pulso_02-06mai_2024-05-03_-28.5_-51.0_850,1o_pulso_02-06mai,850,2024-05-02 18:00:00,-24.922514748499875,-54.525794524760734,0.06704523021298055
1o_pulso_02-06mai_2024-05-03_-28.5_-51.0_850,1o_pulso_02-06mai,850,2024-05-02 12:00:00,-22.34933806997745,-56.94873390313714,0.049633801329815416
1o_pulso_02-06mai_2024-05-03_-28.5_-51.0_850,1o_pulso_02-06mai,850,2024-05-02 06:00:00,-19.02701435049789,-58.517018242604784,0.032506387903216014
1o_pulso_02-06mai_2024-05-03_-28.5_-51.0_850,1o_pulso_02-06mai,850,2024-05-02 00:00:00,-16.769044108726508,-58.9220330639319,0.01951070613680228
1o_pulso_02-06mai_2024-05-03_-28.5_-51.0_850,1o_pulso_02-06mai,850,2024-05-01 18:00:00,-15.225143650805839,-59.19605729290544,0.01965194344900186
1o_pulso_02-06mai_2024-05-03_-28.5_-51.0_850,1o_pulso_02-06mai,850,2024-05-01 12:00:00,-13.51484116899453,-59.23570716574956,0.021770438653993893
1o_pulso_02-06mai_2024-05-03_-28.5_-51.0_850,1o_pulso_02-06mai,850,2024-05-01 06:00:00,-12.023325955575707,-58.285953621386696,0.03406122224669006
1o_pulso_02-06mai_2024-05-03_-28.5_-51.0_850,1o_pulso_02-06mai,850,2024-05-01 00:00:00,-11.202203923595073,-56.95213380559728,0.021578107023886645
1o_pulso_02-06mai_2024-05-03_-28.5_-51.0_850,1o_pulso_02-06mai,850,2024-04-30 18:00:00,-10.558407067124055,-55.541595259326,0.02044694977312937
1o_pulso_02-06mai_2024-05-03_-28.5_-51.0_850,1o_pulso_02-06mai,850,2024-04-30 12:00:00,-9.833037246826107,-53.982033341356036,0.01786288010374487
1o_pulso_02-06mai_2024-05-03_-28.5_-51.0_850,1o_pulso_02-06mai,850,2024-04-30 06:00:00,-9.276145821906393,-52.02980475459095,0.027084415225619798
1o_pulso_02-06mai_2024-05-03_-28.5_-51.0_850,1o_pulso_02-06mai,850,2024-04-30 00:00:00,-9.223941972467491,-50.30684799323342,0.025507382333213452
1o_pulso_02-06mai_2024-05-03_-28.5_-51.0_850,1o_pulso_02-06mai,850,2024-04-29 18:00:00,-9.331750173999078,-49.06573903380938,0.022310669641436142
1o_pulso_02-06mai_2024-05-03_-28.5_-51.0_850,1o_pulso_02-06mai,850,2024-04-29 12:00:00,-9.185546331909677,-47.64598560239701,0.019433332629592546
1o_pulso_02-06mai_2024-05-03_-28.5_-51.0_850,1o_pulso_02-06mai,850,2024-04-29 06:00:00,-8.859042589009952,-45.678751437031266,0.031021362388904575
1o_pulso_02-06mai_2024-05-03_-28.5_-51.0_850,1o_pulso_02-06mai,850,2024-04-29 00:00:00,-8.960643984745426,-43.86272953501301,0.02547034939947576
1o_pulso_02-06mai_2024-05-03_-28.5_-51.0_850,1o_pulso_02-06mai,850,2024-04-28 18:00:00,-9.371310078465934,-42.34400406575989,0.023806892905686737
1o_pulso_02-06mai_2024-05-03_-28.5_-51.0_850,1o_pulso_02-06mai,850,2024-04-28 12:00:00,-9.858307679602325,-40.98603653904888,0.02360188736008764
1o_pulso_02-06mai_2024-05-03_-28.5_-51.0_850,1o_pulso_02-06mai,850,2024-04-28 06:00:00,-11.052238874172067,-39.63248832147754,0.0246550948342265
1o_pulso_02-06mai_2024-05-03_-28.5_-51.0_850,1o_pulso_02-06mai,850,2024-04-28 00:00:00,-12.102085570433456,-38.33554869033649,0.02026267852763906
1o_pulso_02-06mai_2024-05-03_-28.5_-51.0_850,1o_pulso_02-06mai,850,2024-04-27 18:00:00,-12.918903575532823,-37.29510212936518,0.017277483743006045
1o_pulso_02-06mai_2024-05-03_-28.5_-51.0_850,1o_pulso_02-06mai,850,2024-04-27 12:00:00,-13.680714053486719,-36.14291782687712,0.016720333800597276
1o_pulso_02-06mai_2024-05-03_-28.5_-51.0_850,1o_pulso_02-06mai,850,2024-04-27 06:00:00,-14.526909187041715,-34.69349545425507,0.011935288670860767
1o_pulso_02-06mai_2024-05-03_-28.5_-51.0_700,1o_pulso_02-06mai,700,2024-05-03 12:00:00,-28.5,-51.0,0.12406298518180847
1o_pulso_02-06mai_2024-05-03_-28.5_-51.0_700,1o_pulso_02-06mai,700,2024-05-03 06:00:00,-28.01463445020257,-53.03415718419453,0.05849157196284745
1o_pulso_02-06mai_2024-05-03_-28.5_-51.0_700,1o_pulso_02-06mai,700,2024-05-03 00:00:00,-28.450437441533236,-54.299850991233875,0.057056212440478336
1o_pulso_02-06mai_2024-05-03_-28.5_-51.0_700,1o_pulso_02-06mai,700,2024-05-02 18:00:00,-29.40070138871305,-56.79576534788046,0.061711499003685166
1o_pulso_02-06mai_2024-05-03_-28.5_-51.0_700,1o_pulso_02-06mai,700,2024-05-02 12:00:00,-29.15361895515293,-59.90806234430471,0.07650811161100707
1o_pulso_02-06mai_2024-05-03_-28.5_-51.0_700,1o_pulso_02-06mai,700,2024-05-02 06:00:00,-28.878638345854192,-62.615461369087164,0.10536032087212359
1o_pulso_02-06mai_2024-05-03_-28.5_-51.0_700,1o_pulso_02-06mai,700,2024-05-02 00:00:00,-28.325297236476256,-64.46142181103039,0.14425611818187004
1o_pulso_02-06mai_2024-05-03_-28.5_-51.0_700,1o_pulso_02-06mai,700,2024-05-01 18:00:00,-26.86097257195916,-65.3029337723742,0.07983726931938193
1o_pulso_02-06mai_2024-05-03_-28.5_-51.0_700,1o_pulso_02-06mai,700,2024-05-01 12:00:00,-25.80439609720728,-66.04192939254693,0.013370917029231206
1o_pulso_02-06mai_2024-05-03_-28.5_-51.0_700,1o_pulso_02-06mai,700,2024-05-01 06:00:00,-25.539501853986483,-66.31802641979132,0.0037736191225027204
1o_pulso_02-06mai_2024-05-03_-28.5_-51.0_700,1o_pulso_02-06mai,700,2024-05-01 00:00:00,-25.377092609121032,-66.72852496029155,0.0021495527017185464
1o_pulso_02-06mai_2024-05-03_-28.5_-51.0_700,1o_pulso_02-06mai,700,2024-04-30 18:00:00,-24.96483003414249,-67.55681399029005,0.0014800181572952238
1o_pulso_02-06mai_2024-05-03_-28.5_-51.0_700,1o_pulso_02-06mai,700,2024-04-30 12:00:00,-24.812099615311503,-68.24178616302396,0.0031432814579459424
1o_pulso_02-06mai_2024-05-03_-28.5_-51.0_700,1o_pulso_02-06mai,700,2024-04-30 06:00:00,-24.75295511481707,-68.36603096585024,0.02300548081199949
1o_pulso_02-06mai_2024-05-03_-28.5_-51.0_700,1o_pulso_02-06mai,700,2024-04-30 00:00:00,-24.721237875864194,-68.5609742897941,0.017566919163615156
1o_pulso_02-06mai_2024-05-03_-28.5_-51.0_700,1o_pulso_02-06mai,700,2024-04-29 18:00:00,-24.696401987178422,-69.18815737308005,0.02042805334180131
1o_pulso_02-06mai_2024-05-03_-28.5_-51.0_700,1o_pulso_02-06mai,700,2024-04-29 12:00:00,-24.45196401582994,-69.24850347922855,0.026399398419081038
1o_pulso_02-06mai_2024-05-03_-28.5_-51.0_700,1o_pulso_02-06mai,700,2024-04-29 06:00:00,-24.844162745308843,-69.48479736034555,0.05397583044967928
1o_pulso_02-06mai_2024-05-03_-28.5_-51.0_700,1o_pulso_02-06mai,700,2024-04-29 00:00:00,-25.29832559527731,-69.74334179717444,0.043159871600864125
1o_pulso_02-06mai_2024-05-03_-28.5_-51.0_700,1o_pulso_02-06mai,700,2024-04-28 18:00:00,-26.147100826483566,-69.68783915281912,0.023333556775519647
1o_pulso_02-06mai_2024-05-03_-28.5_-51.0_700,1o_pulso_02-06mai,700,2024-04-28 12:00:00,-26.56002197699135,-69.922685268339,0.01647147838285229
1o_pulso_02-06mai_2024-05-03_-28.5_-51.0_700,1o_pulso_02-06mai,700,2024-04-28 06:00:00,-26.547656203016732,-70.31697138434919,0.02261990498845666
1o_pulso_02-06mai_2024-05-03_-28.5_-51.0_700,1o_pulso_02-06mai,700,2024-04-28 00:00:00,-26.961744196217243,-71.28417737661867,0.024928281320977616
1o_pulso_02-06mai_2024-05-03_-28.5_-51.0_700,1o_pulso_02-06mai,700,2024-04-27 18:00:00,-27.39121554425207,-72.75650562469544,0.030329177810586014
1o_pulso_02-06mai_2024-05-03_-28.5_-51.0_700,1o_pulso_02-06mai,700,2024-04-27 12:00:00,-27.830805315256306,-75.3557271078655,
1o_pulso_02-06mai_2024-05-03_-28.5_-51.0_700,1o_pulso_02-06mai,700,2024-04-27 06:00:00,-28.08918003259244,-78.13222596871657,
1o_pulso_02-06mai_2024-05-03_-31.0_-54.5_850,1o_pulso_02-06mai,850,2024-05-03 12:00:00,-31.0,-54.5,0.03600940977533658
1o_pulso_02-06mai_2024-05-03_-31.0_-54.5_850,1o_pulso_02-06mai,850,2024-05-03 06:00:00,-30.891631772733728,-54.21260053401979,0.028896926482680378
1o_pulso_02-06mai_2024-05-03_-31.0_-54.5_850,1o_pulso_02-06mai,850,2024-05-03 00:00:00,-30.978487360886966,-53.859401582569205,0.03637137172003004
1o_pulso_02-06mai_2024-05-03_-31.0_-54.5_850,1o_pulso_02-06mai,850,2024-05-02 18:00:00,-31.28581466085045,-52.966388620683304,0.05522858150293227
1o_pulso_02-06mai_2024-05-03_-31.0_-54.5_850,1o_pulso_02-06mai,850,2024-05-02 12:00:00,-32.10950670216776,-51.75804372936779,0.07226344242818841
1o_pulso_02-06mai_2024-05-03_-31.0_-54.5_850,1o_pulso_02-06mai,850,2024-05-02 06:00:00,-31.89312474895236,-51.04417860876151,0.059330904586071764
1o_pulso_02-06mai_2024-05-03_-31.0_-54.5_850,1o_pulso_02-06mai,850,2024-05-02 00:00:00,-30.885698854708487,-50.94396505892802,0.07440721557660666
1o_pulso_02-06mai_2024-05-03_-31.0_-54.5_850,1o_pulso_02-06mai,850,2024-05-01 18:00:00,-29.555605317559763,-51.44385173587954,0.08570298287438183
1o_pulso_02-06mai_2024-05-03_-31.0_-54.5_850,1o_pulso_02-06mai,850,2024-05-01 12:00:00,-28.770074183067774,-53.0664624346957,0.08815702015341564
1o_pulso_02-06mai_2024-05-03_-31.0_-54.5_850,1o_pulso_02-06mai,850,2024-05-01 06:00:00,-25.494168176821983,-55.67609458292538,0.04129980006057702
1o_pulso_02-06mai_2024-05-03_-31.0_-54.5_850,1o_pulso_02-06mai,850,2024-05-01 00:00:00,-22.513003449924508,-57.181769771512705,0.04562056478270543
1o_pulso_02-06mai_2024-05-03_-31.0_-54.5_850,1o_pulso_02-06mai,850,2024-04-30 18:00:00,-19.628224005549317,-57.454504039586276,0.062118116928585446
1o_pulso_02-06mai_2024-05-03_-31.0_-54.5_850,1o_pulso_02-06mai,850,2024-04-30 12:00:00,-16.69466368094268,-57.90576303332393,0.04275788313469724
1o_pulso_02-06mai_2024-05-03_-31.0_-54.5_850,1o_pulso_02-06mai,850,2024-04-30 06:00:00,-14.603714206825849,-57.666804110140724,0.03225221668744421
1o_pulso_02-06mai_2024-05-03_-31.0_-54.5_850,1o_pulso_02-06mai,850,2024-04-30 00:00:00,-13.265404857901952,-56.90244032173944,0.034023088397921904
1o_pulso_02-06mai_2024-05-03_-31.0_-54.5_850,1o_pulso_02-06mai,850,2024-04-29 18:00:00,-12.629435149398255,-56.357260974941696,0.04006071612422786
1o_pulso_02-06mai_2024-05-03_-31.0_-54.5_850,1o_pulso_02-06mai,850,2024-04-29 12:00:00,-11.734493625560841,-55.3850991515139,0.035337795792788514
1o_pulso_02-06mai_2024-05-03_-31.0_-54.5_850,1o_pulso_02-06mai,850,2024-04-29 06:00:00,-11.005328436851212,-53.83291401475984,0.055016054460910103
1o_pulso_02-06mai_2024-05-03_-31.0_-54.5_850,1o_pulso_02-06mai,850,2024-04-29 00:00:00,-10.58717300084944,-52.291028698979815,0.05592069557846032
1o_pulso_02-06mai_2024-05-03_-31.0_-54.5_850,1o_pulso_02-06mai,850,2024-04-28 18:00:00,-10.279744425825449,-51.056136415915596,0.05728701822606947
1o_pulso_02-06mai_2024-05-03_-31.0_-54.5_850,1o_pulso_02-06mai,850,2024-04-28 12:00:00,-9.966087883776133,-49.897310629186144,0.06423873146005926
1o_pulso_02-06mai_2024-05-03_-31.0_-54.5_850,1o_pulso_02-06mai,850,2024-04-28 06:00:00,-9.655229420735665,-48.28618538813738,0.0404797163331101
1o_pulso_02-06mai_2024-05-03_-31.0_-54.5_850,1o_pulso_02-06mai,850,2024-04-28 00:00:00,-9.819395575112127,-46.642025605101935,0.03048730902918852
1o_pulso_02-06mai_2024-05-03_-31.0_-54.5_850,1o_pulso_02-06mai,850,2024-04-27 18:00:00,-10.02436972667239,-45.24577897807747,0.025914650877441492
1o_pulso_02-06mai_2024-05-03_-31.0_-54.5_850,1o_pulso_02-06mai,850,2024-04-27 12:00:00,-10.032313739076965,-44.035748212991614,0.028506918464463658
1o_pulso_02-06mai_2024-05-03_-31.0_-54.5_850,1o_pulso_02-06mai,850,2024-04-27 06:00:00,-10.02919270646864,-42.42999015990655,0.04157321693984703
1o_pulso_02-06mai_2024-05-03_-31.0_-54.5_850,1o_pulso_02-06mai,850,2024-04-27 00:00:00,-10.45888677792773,-40.80671682413645,0.04583568915436767
1o_pulso_02-06mai_2024-05-03_-31.0_-54.5_850,1o_pulso_02-06mai,850,2024-04-26 18:00:00,-11.126514421185696,-39.55082161152063,0.04423125301790556
1o_pulso_02-06mai_2024-05-03_-31.0_-54.5_850,1o_pulso_02-06mai,850,2024-04-26 12:00:00,-11.667367716240534,-38.48084845219893,0.04688344349711538
1o_pulso_02-06mai_2024-05-03_-31.0_-54.5_850,1o_pulso_02-06mai,850,2024-04-26 06:00:00,-11.952211124079575,-37.68353102699752,0.016928878959386835
1o_pulso_02-06mai_2024-05-03_-31.0_-54.5_850,1o_pulso_02-06mai,850,2024-04-26 00:00:00,-12.029965939626926,-36.996117385904554,0.01372609538160621
1o_pulso_02-06mai_2024-05-03_-31.0_-54.5_850,1o_pulso_02-06mai,850,2024-04-25 18:00:00,-12.100666699965942,-36.30179060593617,0.01652700198268288
1o_pulso_02-06mai_2024-05-03_-31.0_-54.5_850,1o_pulso_02-06mai,850,2024-04-25 12:00:00,-12.074335724198026,-35.79651073595076,0.014856218551616413
1o_pulso_02-06mai_2024-05-03_-31.0_-54.5_850,1o_pulso_02-06mai,850,2024-04-25 06:00:00,-11.774294197978108,-35.184958284463775,0.01682867282708273
1o_pulso_02-06mai_2024-05-03_-31.0_-54.5_850,1o_pulso_02-06mai,850,2024-04-25 00:00:00,-11.470913063638216,-34.27914945716021,
1o_pulso_02-06mai_2024-05-03_-31.0_-54.5_700,1o_pulso_02-06mai,700,2024-05-03 12:00:00,-31.0,-54.5,0.03600940977533658
1o_pulso_02-06mai_2024-05-03_-31.0_-54.5_700,1o_pulso_02-06mai,700,2024-05-03 06:00:00,-31.04410602781051,-56.07812769847825,0.02082002207868587
1o_pulso_02-06mai_2024-05-03_-31.0_-54.5_700,1o_pulso_02-06mai,700,2024-05-03 00:00:00,-32.14043496905872,-58.96351301644002,0.007266290173407488
1o_pulso_02-06mai_2024-05-03_-31.0_-54.5_700,1o_pulso_02-06mai,700,2024-05-02 18:00:00,-32.93603861070236,-61.57520288837651,0.005435603597521116
1o_pulso_02-06mai_2024-05-03_-31.0_-54.5_700,1o_pulso_02-06mai,700,2024-05-02 12:00:00,-34.381978141834736,-63.83277222530047,
1o_pulso_02-06mai_2024-05-03_-31.0_-54.5_700,1o_pulso_02-06mai,700,2024-05-02 06:00:00,-35.38865107906435,-66.00722703735343,
1o_pulso_02-06mai_2024-05-03_-31.0_-54.5_700,1o_pulso_02-06mai,700,2024-05-02 00:00:00,-35.8065175326048,-68.16343039825406,
1o_pulso_02-06mai_2024-05-03_-31.0_-54.5_700,1o_pulso_02-06mai,700,2024-05-01 18:00:00,-35.05223223580476,-70.67478268037016,
1o_pulso_02-06mai_2024-05-03_-31.0_-54.5_700,1o_pulso_02-06mai,700,2024-05-01 12:00:00,-33.539262151512176,-72.43296940662268,0.011389286104013591
1o_pulso_02-06mai_2024-05-03_-31.0_-54.5_700,1o_pulso_02-06mai,700,2024-05-01 06:00:00,-32.95977620677926,-75.18588861606658,
1o_pulso_02-06mai_2024-05-03_-31.0_-54.5_700,1o_pulso_02-06mai,700,2024-05-01 00:00:00,-33.013881604772266,-77.86222633371584,
1o_pulso_02-06mai_2024-05-03_-29.0_-50.0_850,1o_pulso_02-06mai,850,2024-05-03 12:00:00,-29.0,-50.0,0.10120798812972175
1o_pulso_02-06mai_2024-05-03_-29.0_-50.0_850,1o_pulso_02-06mai,850,2024-05-03 06:00:00,-28.754451771492352,-50.39454941811112,0.04264432822054269
1o_pulso_02-06mai_2024-05-03_-29.0_-50.0_850,1o_pulso_02-06mai,850,2024-05-03 00:00:00,-28.108730374346756,-52.04665697255985,0.048959012320104134
1o_pulso_02-06mai_2024-05-03_-29.0_-50.0_850,1o_pulso_02-06mai,850,2024-05-02 18:00:00,-28.227544437547632,-53.27386120918893,0.09456567756136632
1o_pulso_02-06mai_2024-05-03_-29.0_-50.0_850,1o_pulso_02-06mai,850,2024-05-02 12:00:00,-28.4420120762197,-54.2061483047877,0.10680665798212302
1o_pulso_02-06mai_2024-05-03_-29.0_-50.0_850,1o_pulso_02-06mai,850,2024-05-02 06:00:00,-27.530275793863904,-55.85041415110262,0.096996892691536
1o_pulso_02-06mai_2024-05-03_-29.0_-50.0_850,1o_pulso_02-06mai,850,2024-05-02 00:00:00,-24.513635586820623,-58.733930220955024,0.06625917156139535
1o_pulso_02-06mai_2024-05-03_-29.0_-50.0_850,1o_pulso_02-06mai,850,2024-05-01 18:00:00,-20.996894424076935,-59.754287490870794,0.037396787941782465
1o_pulso_02-06mai_2024-05-03_-29.0_-50.0_850,1o_pulso_02-06mai,850,2024-05-01 12:00:00,-17.672813666707185,-61.42758672197922,0.03789861090025168
1o_pulso_02-06mai_2024-05-03_-29.0_-50.0_850,1o_pulso_02-06mai,850,2024-05-01 06:00:00,-15.192719652800685,-63.212082715310736,0.059272152362614586
1o_pulso_02-06mai_2024-05-03_-29.0_-50.0_850,1o_pulso_02-06mai,850,2024-05-01 00:00:00,-13.611776930846029,-64.02268171940902,0.059341822589821784
1o_pulso_02-06mai_2024-05-03_-29.0_-50.0_850,1o_pulso_02-06mai,850,2024-04-30 18:00:00,-12.236652736240012,-64.30894843108156,0.07462653846013916
1o_pulso_02-06mai_2024-05-03_-29.0_-50.0_850,1o_pulso_02-06mai,850,2024-04-30 12:00:00,-11.084444015259072,-64.38954149096764,0.07367239343487503
1o_pulso_02-06mai_2024-05-03_-29.0_-50.0_850,1o_pulso_02-06mai,850,2024-04-30 06:00:00,-10.111419724953803,-64.12667486047941,0.03597859956409164
1o_pulso_02-06mai_2024-05-03_-29.0_-50.0_850,1o_pulso_02-06mai,850,2024-04-30 00:00:00,-9.561503853890414,-63.60322537389326,0.036498590215052557
1o_pulso_02-06mai_2024-05-03_-29.0_-50.0_850,1o_pulso_02-06mai,850,2024-04-29 18:00:00,-9.12987609423172,-63.04088293787656,0.032392807852726385
1o_pulso_02-06mai_2024-05-03_-29.0_-50.0_850,1o_pulso_02-06mai,850,2024-04-29 12:00:00,-8.563170284349843,-62.638931800374394,0.041138809328074975
1o_pulso_02-06mai_2024-05-03_-29.0_-50.0_850,1o_pulso_02-06mai,850,2024-04-29 06:00:00,-7.976332986108733,-62.11725475706573,0.05361659638112609
1o_pulso_02-06mai_2024-05-03_-29.0_-50.0_850,1o_pulso_02-06mai,850,2024-04-29 00:00:00,-7.770909383873754,-61.534155193840995,0.03873853631578843
1o_pulso_02-06mai_2024-05-03_-29.0_-50.0_850,1o_pulso_02-06mai,850,2024-04-28 18:00:00,-7.677873364406022,-60.85671849492742,0.04391990704648241
1o_pulso_02-06mai_2024-05-03_-29.0_-50.0_850,1o_pulso_02-06mai,850,2024-04-28 12:00:00,-7.312680948761551,-60.32202002500072,0.04648212787674396
1o_pulso_02-06mai_2024-05-03_-29.0_-50.0_850,1o_pulso_02-06mai,850,2024-04-28 06:00:00,-6.904777329488243,-59.64132433702881,0.10627446466488831
1o_pulso_02-06mai_2024-05-03_-29.0_-50.0_850,1o_pulso_02-06mai,850,2024-04-28 00:00:00,-6.663090157927217,-58.87737349552273,0.10796312428120074
1o_pulso_02-06mai_2024-05-03_-29.0_-50.0_850,1o_pulso_02-06mai,850,2024-04-27 18:00:00,-6.429164319434716,-58.133754041679516,0.12408823245899447
1o_pulso_02-06mai_2024-05-03_-29.0_-50.0_850,1o_pulso_02-06mai,850,2024-04-27 12:00:00,-6.074257678944586,-57.40184999798961,0.11236378633458984
1o_pulso_02-06mai_2024-05-03_-29.0_-50.0_850,1o_pulso_02-06mai,850,2024-04-27 06:00:00,-6.043653761448797,-56.47620802315169,0.07792143026124738
1o_pulso_02-06mai_2024-05-03_-29.0_-50.0_850,1o_pulso_02-06mai,850,2024-04-27 00:00:00,-5.894714641034967,-55.465397135764455,0.07117162577221048
1o_pulso_02-06mai_2024-05-03_-29.0_-50.0_850,1o_pulso_02-06mai,850,2024-04-26 18:00:00,-5.737019582363768,-54.76728687165305,0.07580365214785294
1o_pulso_02-06mai_2024-05-03_-29.0_-50.0_850,1o_pulso_02-06mai,850,2024-04-26 12:00:00,-5.5610808847877635,-53.76100309646751,0.09759672436812108
1o_pulso_02-06mai_2024-05-03_-29.0_-50.0_850,1o_pulso_02-06mai,850,2024-04-26 06:00:00,-5.281395226193299,-52.62982340581915,0.16411600339439636
1o_pulso_02-06mai_2024-05-03_-29.0_-50.0_850,1o_pulso_02-06mai,850,2024-04-26 00:00:00,-5.087970505388981,-51.40139979920612,0.14942621213430185
1o_pulso_02-06mai_2024-05-03_-29.0_-50.0_850,1o_pulso_02-06mai,850,2024-04-25 18:00:00,-5.137634992997188,-50.06889036512821,0.14171146022118317
1o_pulso_02-06mai_2024-05-03_-29.0_-50.0_850,1o_pulso_02-06mai,850,2024-04-25 12:00:00,-5.490835648824803,-48.664803096612985,0.1648872923061489
1o_pulso_02-06mai_2024-05-03_-29.0_-50.0_850,1o_pulso_02-06mai,850,2024-04-25 06:00:00,-5.956789090034464,-47.112092507613596,0.06761781949643787
1o_pulso_02-06mai_2024-05-03_-29.0_-50.0_850,1o_pulso_02-06mai,850,2024-04-25 00:00:00,-6.433460015830034,-45.92943942765734,0.050188400633313084
1o_pulso_02-06mai_2024-05-03_-29.0_-50.0_850,1o_pulso_02-06mai,850,2024-04-24 18:00:00,-6.7833081833533635,-44.97051300296114,0.043373304955951576
1o_pulso_02-06mai_2024-05-03_-29.0_-50.0_850,1o_pulso_02-06mai,850,2024-04-24 12:00:00,-7.047489147881659,-43.52832192748953,0.047766366387832514
1o_pulso_02-06mai_2024-05-03_-29.0_-50.0_850,1o_pulso_02-06mai,850,2024-04-24 06:00:00,-7.376171015209987,-41.89701971247534,0.05018111441697609
1o_pulso_02-06mai_2024-05-03_-29.0_-50.0_850,1o_pulso_02-06mai,850,2024-04-24 00:00:00,-7.544307976346747,-40.41392541494976,0.04466709808178065
1o_pulso_02-06mai_2024-05-03_-29.0_-50.0_850,1o_pulso_02-06mai,850,2024-04-23 18:00:00,-8.03162062575069,-39.5025168263739,0.04214782484732105
1o_pulso_02-06mai_2024-05-03_-29.0_-50.0_850,1o_pulso_02-06mai,850,2024-04-23 12:00:00,-8.222672901938585,-38.804264261899185,0.04216313569989815
1o_pulso_02-06mai_2024-05-03_-29.0_-50.0_850,1o_pulso_02-06mai,850,2024-04-23 06:00:00,-8.224421609619878,-37.80601774363591,0.059718710509006054
1o_pulso_02-06mai_2024-05-03_-29.0_-50.0_850,1o_pulso_02-06mai,850,2024-04-23 00:00:00,-8.474233511425561,-36.43397001743592,0.05751674113198416
1o_pulso_02-06mai_2024-05-03_-29.0_-50.0_850,1o_pulso_02-06mai,850,2024-04-22 18:00:00,-9.111712686924283,-35.212022227605914,0.054324186244622076
1o_pulso_02-06mai_2024-05-03_-29.0_-50.0_850,1o_pulso_02-06mai,850,2024-04-22 12:00:00,-9.569124232379053,-34.132872241591436,
1o_pulso_02-06mai_2024-05-03_-29.0_-50.0_700,1o_pulso_02-06mai,700,2024-05-03 12:00:00,-29.0,-50.0,0.10120798812972175
1o_pulso_02-06mai_2024-05-03_-29.0_-50.0_700,1o_pulso_02-06mai,700,2024-05-03 06:00:00,-28.69376193125439,-51.91903860831229,0.05902811679107416
1o_pulso_02-06mai_2024-05-03_-29.0_-50.0_700,1o_pulso_02-06mai,700,2024-05-03 00:00:00,-28.968642561197406,-53.535299427802656,0.06056560864159959
1o_pulso_02-06mai_2024-05-03_-29.0_-50.0_700,1o_pulso_02-06mai,700,2024-05-02 18:00:00,-29.809319677089423,-55.231805561187485,0.06289296243233423
1o_pulso_02-06mai_2024-05-03_-29.0_-50.0_700,1o_pulso_02-06mai,700,2024-05-02 12:00:00,-30.180589817679724,-58.610987241080174,0.06516975144144409
1o_pulso_02-06mai_2024-05-03_-29.0_-50.0_700,1o_pulso_02-06mai,700,2024-05-02 06:00:00,-30.213072574005597,-61.53851252390152,0.11328417125046869
1o_pulso_02-06mai_2024-05-03_-29.0_-50.0_700,1o_pulso_02-06mai,700,2024-05-02 00:00:00,-29.935723579643614,-63.461824479261196,0.1153607976758009
1o_pulso_02-06mai_2024-05-03_-29.0_-50.0_700,1o_pulso_02-06mai,700,2024-05-01 18:00:00,-29.398555387402247,-64.43335206949702,0.1238008641264189
1o_pulso_02-06mai_2024-05-03_-29.0_-50.0_700,1o_pulso_02-06mai,700,2024-05-01 12:00:00,-28.704822854034294,-64.91648920468947,0.10964712864529444
1o_pulso_02-06mai_2024-05-03_-29.0_-50.0_700,1o_pulso_02-06mai,700,2024-05-01 06:00:00,-27.800299819184435,-65.78972550763855,0.027991086881781833
1o_pulso_02-06mai_2024-05-03_-29.0_-50.0_700,1o_pulso_02-06mai,700,2024-05-01 00:00:00,-27.53344454889173,-66.50854681804113,0.007289887615489252
1o_pulso_02-06mai_2024-05-03_-29.0_-50.0_700,1o_pulso_02-06mai,700,2024-04-30 18:00:00,-27.349877740985953,-67.24797029664632,0.005784462683555155
1o_pulso_02-06mai_2024-05-03_-29.0_-50.0_700,1o_pulso_02-06mai,700,2024-04-30 12:00:00,-25.787061346474434,-67.63390534482917,0.004118466042181779
1o_pulso_02-06mai_2024-05-03_-29.0_-50.0_700,1o_pulso_02-06mai,700,2024-04-30 06:00:00,-25.59348376882015,-67.71543948310308,0.01985129879738902
1o_pulso_02-06mai_2024-05-03_-29.0_-50.0_700,1o_pulso_02-06mai,700,2024-04-30 00:00:00,-25.469349200799293,-68.01997582470987,0.013299768248179172
1o_pulso_02-06mai_2024-05-03_-29.0_-50.0_700,1o_pulso_02-06mai,700,2024-04-29 18:00:00,-25.27658437914016,-68.83445169135388,0.01817504994851513
1o_pulso_02-06mai_2024-05-03_-29.0_-50.0_700,1o_pulso_02-06mai,700,2024-04-29 12:00:00,-25.16265019106562,-69.348792892877,0.026557470596896143
1o_pulso_02-06mai_2024-05-03_-29.0_-50.0_700,1o_pulso_02-06mai,700,2024-04-29 06:00:00,-25.281988792246413,-68.9868684307331,0.04142683887223126
1o_pulso_02-06mai_2024-05-03_-29.0_-50.0_700,1o_pulso_02-06mai,700,2024-04-29 00:00:00,-25.280471542308987,-68.89554963169891,0.023366244490696866
1o_pulso_02-06mai_2024-05-03_-29.0_-50.0_700,1o_pulso_02-06mai,700,2024-04-28 18:00:00,-25.448127311420723,-69.24915805763324,0.015984606039190177
1o_pulso_02-06mai_2024-05-03_-29.0_-50.0_700,1o_pulso_02-06mai,700,2024-04-28 12:00:00,-26.653248866060817,-69.43808534780997,0.01074829896108118
1o_pulso_02-06mai_2024-05-03_-29.0_-50.0_700,1o_pulso_02-06mai,700,2024-04-28 06:00:00,-26.753197850405403,-69.0792702046698,0.007440084077917605
1o_pulso_02-06mai_2024-05-03_-29.0_-50.0_700,1o_pulso_02-06mai,700,2024-04-28 00:00:00,-26.786739620627195,-68.79492983314763,0.006273525115721332
1o_pulso_02-06mai_2024-05-03_-29.0_-50.0_700,1o_pulso_02-06mai,700,2024-04-27 18:00:00,-26.79840260462446,-69.04551599379232,0.006229349202220766
1o_pulso_02-06mai_2024-05-03_-29.0_-50.0_700,1o_pulso_02-06mai,700,2024-04-27 12:00:00,-26.837253538374565,-69.02361206423421,0.006578394823623446
1o_pulso_02-06mai_2024-05-03_-29.0_-50.0_700,1o_pulso_02-06mai,700,2024-04-27 06:00:00,-26.848225767604937,-68.9614880882007,0.017708370071257393
1o_pulso_02-06mai_2024-05-03_-29.0_-50.0_700,1o_pulso_02-06mai,700,2024-04-27 00:00:00,-26.850112198451356,-68.96887554328633,0.018280617512951146
1o_pulso_02-06mai_2024-05-03_-29.0_-50.0_700,1o_pulso_02-06mai,700,2024-04-26 18:00:00,-26.77154743768918,-69.05251701780206,0.015584934292973064
1o_pulso_02-06mai_2024-05-03_-29.0_-50.0_700,1o_pulso_02-06mai,700,2024-04-26 12:00:00,-26.714137080099622,-68.7946093321708,0.017146343748150623
1o_pulso_02-06mai_2024-05-03_-29.0_-50.0_700,1o_pulso_02-06mai,700,2024-04-26 06:00:00,-26.723714646183716,-68.83784194403131,0.024192956666460364
1o_pulso_02-06mai_2024-05-03_-29.0_-50.0_700,1o_pulso_02-06mai,700,2024-04-26 00:00:00,-26.736864544123172,-68.79624825942105,0.0220164183243726
1o_pulso_02-06mai_2024-05-03_-29.0_-50.0_700,1o_pulso_02-06mai,700,2024-04-25 18:00:00,-26.71008514858577,-69.00412355506087,0.014377387968173743
1o_pulso_02-06mai_2024-05-03_-29.0_-50.0_700,1o_pulso_02-06mai,700,2024-04-25 12:00:00,-26.75853364753653,-68.77161860135489,0.006394161959295317
1o_pulso_02-06mai_2024-05-03_-29.0_-50.0_700,1o_pulso_02-06mai,700,2024-04-25 06:00:00,-26.78397141841921,-68.90193035605859,0.006851671399667823
1o_pulso_02-06mai_2024-05-03_-29.0_-50.0_700,1o_pulso_02-06mai,700,2024-04-25 00:00:00,-26.79608968371753,-68.89923433501484,0.00858332117878631
1o_pulso_02-06mai_2024-05-03_-29.0_-50.0_700,1o_pulso_02-06mai,700,2024-04-24 18:00:00,-26.783375380113323,-69.02667310712393,0.00987680193404055
1o_pulso_02-06mai_2024-05-03_-29.0_-50.0_700,1o_pulso_02-06mai,700,2024-04-24 12:00:00,-26.848147709025117,-68.74497312653719,0.00991947370283417
1o_pulso_02-06mai_2024-05-03_-29.0_-50.0_700,1o_pulso_02-06mai,700,2024-04-24 06:00:00,-26.81240096282741,-68.92418470144344,0.004172807587537053
1o_pulso_02-06mai_2024-05-03_-29.0_-50.0_700,1o_pulso_02-06mai,700,2024-04-24 00:00:00,-26.811469807269418,-68.86935474277777,0.002364113160978289
1o_pulso_02-06mai_2024-05-03_-29.0_-50.0_700,1o_pulso_02-06mai,700,2024-04-23 18:00:00,-26.748711427538183,-68.9862270798378,0.0016237168924044469
1o_pulso_02-06mai_2024-05-03_-29.0_-50.0_700,1o_pulso_02-06mai,700,2024-04-23 12:00:00,-26.752539672092137,-68.81099197655945,0.0010697062807283335
1o_pulso_02-06mai_2024-05-03_-29.0_-50.0_700,1o_pulso_02-06mai,700,2024-04-23 06:00:00,-26.730267793197022,-68.9134235817544,0.0022901991195214666
1o_pulso_02-06mai_2024-05-03_-29.0_-50.0_700,1o_pulso_02-06mai,700,2024-04-23 00:00:00,-26.724465326952203,-68.84449507017224,0.0021866551561325327
1o_pulso_02-06mai_2024-05-03_-29.0_-50.0_700,1o_pulso_02-06mai,700,2024-04-22 18:00:00,-26.62990799030575,-69.0053681728238,0.001739540393982062
1o_pulso_02-06mai_2024-05-03_-29.0_-50.0_700,1o_pulso_02-06mai,700,2024-04-22 12:00:00,-26.50699246439608,-68.8231175094777,0.0017626828490840962
1o_pulso_02-06mai_2024-05-03_-29.0_-50.0_700,1o_pulso_02-06mai,700,2024-04-22 06:00:00,-26.43963489302047,-68.84497067856142,0.005991128682934078
1o_pulso_02-06mai_2024-05-03_-29.0_-50.0_700,1o_pulso_02-06mai,700,2024-04-22 00:00:00,-26.377472632181764,-68.82869159320389,0.00832570551383339
1o_pulso_02-06mai_2024-05-03_-29.0_-50.0_700,1o_pulso_02-06mai,700,2024-04-21 18:00:00,-26.2606112623874,-69.08822695219128,0.010849197536009164
1o_pulso_02-06mai_2024-05-03_-29.0_-50.0_700,1o_pulso_02-06mai,700,2024-04-21 12:00:00,-26.16796886199948,-69.04681471906946,0.00867172170431621
1o_pulso_02-06mai_2024-05-03_-29.0_-50.0_700,1o_pulso_02-06mai,700,2024-04-21 06:00:00,-26.137599503662063,-68.67379027754968,0.00863771705373137
1o_pulso_02-06mai_2024-05-03_-29.0_-50.0_700,1o_pulso_02-06mai,700,2024-04-21 00:00:00,-26.181202070358246,-68.72528590776223,0.00509796011158938
1o_pulso_02-06mai_2024-05-03_-29.0_-50.0_700,1o_pulso_02-06mai,700,2024-04-20 18:00:00,-26.1157334436166,-68.98676661589907,0.0017449588953427073
1o_pulso_02-06mai_2024-05-03_-29.0_-50.0_700,1o_pulso_02-06mai,700,2024-04-20 12:00:00,-26.012074254353625,-68.80577644519792,0.001030618209108326
1o_pulso_02-06mai_2024-05-03_-29.0_-50.0_700,1o_pulso_02-06mai,700,2024-04-20 06:00:00,-26.11596972012197,-68.74441885693511,0.005642372036271604
1o_pulso_02-06mai_2024-05-03_-29.0_-50.0_700,1o_pulso_02-06mai,700,2024-04-20 00:00:00,-26.20279643082511,-68.8230436018819,0.005610199260616281
1o_pulso_02-06mai_2024-05-03_-29.0_-50.0_700,1o_pulso_02-06mai,700,2024-04-19 18:00:00,-26.205239590482044,-69.05341871816027,0.008464452284140816
1o_pulso_02-06mai_2024-05-03_-29.0_-50.0_700,1o_pulso_02-06mai,700,2024-04-19 12:00:00,-26.294318844479758,-68.53470112802286,0.003186795590998931
1o_pulso_02-06mai_2024-05-05_-29.5_-52.0_850,1o_pulso_02-06mai,850,2024-05-05 12:00:00,-29.5,-52.0,0.14642053345839182
1o_pulso_02-06mai_2024-05-05_-29.5_-52.0_850,1o_pulso_02-06mai,850,2024-05-05 06:00:00,-27.32768999714414,-53.670768075897016,0.10221261291311827
1o_pulso_02-06mai_2024-05-05_-29.5_-52.0_850,1o_pulso_02-06mai,850,2024-05-05 00:00:00,-25.08524398827901,-54.28070208417489,0.0794074974747851
1o_pulso_02-06mai_2024-05-05_-29.5_-52.0_850,1o_pulso_02-06mai,850,2024-05-04 18:00:00,-23.348815020900197,-54.862173693778004,0.043256858697869514
1o_pulso_02-06mai_2024-05-05_-29.5_-52.0_850,1o_pulso_02-06mai,850,2024-05-04 12:00:00,-21.168441590870252,-55.47517411528737,0.035689784080030706
1o_pulso_02-06mai_2024-05-05_-29.5_-52.0_850,1o_pulso_02-06mai,850,2024-05-04 06:00:00,-18.909553753016873,-55.60595634675919,0.023332715561798445
1o_pulso_02-06mai_2024-05-05_-29.5_-52.0_850,1o_pulso_02-06mai,850,2024-05-04 00:00:00,-17.608584308299882,-55.22635234136359,0.02184292116950919
1o_pulso_02-06mai_2024-05-05_-29.5_-52.0_850,1o_pulso_02-06mai,850,2024-05-03 18:00:00,-16.71062679599441,-54.709263896128476,0.02277894627203952
1o_pulso_02-06mai_2024-05-05_-29.5_-52.0_850,1o_pulso_02-06mai,850,2024-05-03 12:00:00,-16.020160129601425,-54.359275268213985,0.022076161707621247
1o_pulso_02-06mai_2024-05-05_-29.5_-52.0_850,1o_pulso_02-06mai,850,2024-05-03 06:00:00,-15.23844497943373,-53.78695524299599,0.033107955349030944
1o_pulso_02-06mai_2024-05-05_-29.5_-52.0_850,1o_pulso_02-06mai,850,2024-05-03 00:00:00,-14.58312092561445,-53.127648333032475,0.031415191174576244
1o_pulso_02-06mai_2024-05-05_-29.5_-52.0_850,1o_pulso_02-06mai,850,2024-05-02 18:00:00,-14.023678947172387,-52.51579801804677,0.03150791629815932
1o_pulso_02-06mai_2024-05-05_-29.5_-52.0_850,1o_pulso_02-06mai,850,2024-05-02 12:00:00,-13.191524697678021,-51.414254208328956,0.028359372109994348
1o_pulso_02-06mai_2024-05-05_-29.5_-52.0_850,1o_pulso_02-06mai,850,2024-05-02 06:00:00,-12.618091684084245,-49.64531353401064,0.022539861400526048
1o_pulso_02-06mai_2024-05-05_-29.5_-52.0_850,1o_pulso_02-06mai,850,2024-05-02 00:00:00,-12.726905264780257,-48.39179135510456,0.019082045854642748
1o_pulso_02-06mai_2024-05-05_-29.5_-52.0_850,1o_pulso_02-06mai,850,2024-05-01 18:00:00,-12.9305037702984,-47.5391972925777,0.017608144567050652
1o_pulso_02-06mai_2024-05-05_-29.5_-52.0_850,1o_pulso_02-06mai,850,2024-05-01 12:00:00,-13.243524551646061,-46.17289961880854,0.017639172963671224
1o_pulso_02-06mai_2024-05-05_-29.5_-52.0_850,1o_pulso_02-06mai,850,2024-05-01 06:00:00,-13.663637596709094,-44.46646445222338,0.017863769021720013
1o_pulso_02-06mai_2024-05-05_-29.5_-52.0_850,1o_pulso_02-06mai,850,2024-05-01 00:00:00,-14.0882201863152,-43.12485454947214,0.014227614903898839
1o_pulso_02-06mai_2024-05-05_-29.5_-52.0_850,1o_pulso_02-06mai,850,2024-04-30 18:00:00,-14.353862082977408,-41.75439860436025,0.013120515312306865
1o_pulso_02-06mai_2024-05-05_-29.5_-52.0_850,1o_pulso_02-06mai,850,2024-04-30 12:00:00,-14.516171605033364,-40.69541761282961,0.009304146226861085
1o_pulso_02-06mai_2024-05-05_-29.5_-52.0_850,1o_pulso_02-06mai,850,2024-04-30 06:00:00,-15.0851811023716,-39.290394509589056,0.015693528163280592
1o_pulso_02-06mai_2024-05-05_-29.5_-52.0_850,1o_pulso_02-06mai,850,2024-04-30 00:00:00,-15.89396959802955,-38.387024936831104,0.011477738215151344
1o_pulso_02-06mai_2024-05-05_-29.5_-52.0_850,1o_pulso_02-06mai,850,2024-04-29 18:00:00,-16.66199365522394,-37.987621789537855,0.010140767352485714
1o_pulso_02-06mai_2024-05-05_-29.5_-52.0_850,1o_pulso_02-06mai,850,2024-04-29 12:00:00,-17.34885814783244,-37.88942951195758,0.009711613079474896
1o_pulso_02-06mai_2024-05-05_-29.5_-52.0_850,1o_pulso_02-06mai,850,2024-04-29 06:00:00,-17.901995132161822,-37.97860124881965,0.028545571110358686
1o_pulso_02-06mai_2024-05-05_-29.5_-52.0_850,1o_pulso_02-06mai,850,2024-04-29 00:00:00,-18.124179205428558,-38.34003177116351,0.03137626587616084
1o_pulso_02-06mai_2024-05-05_-29.5_-52.0_850,1o_pulso_02-06mai,850,2024-04-28 18:00:00,-17.901523736831596,-38.55873239370365,0.03674016170195765
1o_pulso_02-06mai_2024-05-05_-29.5_-52.0_850,1o_pulso_02-06mai,850,2024-04-28 12:00:00,-17.634029435702136,-37.839156791051565,0.04109047950177963
1o_pulso_02-06mai_2024-05-05_-29.5_-52.0_850,1o_pulso_02-06mai,850,2024-04-28 06:00:00,-17.53961379562944,-36.92153187173181,0.04020443284699321
1o_pulso_02-06mai_2024-05-05_-29.5_-52.0_850,1o_pulso_02-06mai,850,2024-04-28 00:00:00,-17.54510467484115,-35.77334080320927,0.042343286718616924
1o_pulso_02-06mai_2024-05-05_-29.5_-52.0_850,1o_pulso_02-06mai,850,2024-04-27 18:00:00,-17.43025597304815,-34.48784142077305,
1o_pulso_02-06mai_2024-05-05_-29.5_-52.0_700,1o_pulso_02-06mai,700,2024-05-05 12:00:00,-29.5,-52.0,0.14642053345839182
1o_pulso_02-06mai_2024-05-05_-29.5_-52.0_700,1o_pulso_02-06mai,700,2024-05-05 06:00:00,-26.996952019401277,-55.23524455662174,0.14406741356726388
1o_pulso_02-06mai_2024-05-05_-29.5_-52.0_700,1o_pulso_02-06mai,700,2024-05-05 00:00:00,-24.001347314185743,-57.15690940753044,0.0971842245057501
1o_pulso_02-06mai_2024-05-05_-29.5_-52.0_700,1o_pulso_02-06mai,700,2024-05-04 18:00:00,-21.438474292910772,-58.614406816573094,0.07893330212792717
1o_pulso_02-06mai_2024-05-05_-29.5_-52.0_700,1o_pulso_02-06mai,700,2024-05-04 12:00:00,-19.031194091679545,-60.26014772399693,0.07058606778139867
1o_pulso_02-06mai_2024-05-05_-29.5_-52.0_700,1o_pulso_02-06mai,700,2024-05-04 06:00:00,-17.047830184172543,-61.92375291862453,0.07355592393287073
1o_pulso_02-06mai_2024-05-05_-29.5_-52.0_700,1o_pulso_02-06mai,700,2024-05-04 00:00:00,-15.802800787005005,-63.84685884886249,0.06372152614506528
1o_pulso_02-06mai_2024-05-05_-29.5_-52.0_700,1o_pulso_02-06mai,700,2024-05-03 18:00:00,-14.861985120795646,-65.34178402633617,0.09311877572991502
1o_pulso_02-06mai_2024-05-05_-29.5_-52.0_700,1o_pulso_02-06mai,700,2024-05-03 12:00:00,-13.695294720425995,-66.23425396198685,0.07061188105075734
1o_pulso_02-06mai_2024-05-05_-29.5_-52.0_700,1o_pulso_02-06mai,700,2024-05-03 06:00:00,-12.75851150927238,-66.60027949416373,0.0480972357172558
1o_pulso_02-06mai_2024-05-05_-29.5_-52.0_700,1o_pulso_02-06mai,700,2024-05-03 00:00:00,-12.09135558673707,-66.91482242110072,0.03920563380026793
1o_pulso_02-06mai_2024-05-05_-29.5_-52.0_700,1o_pulso_02-06mai,700,2024-05-02 18:00:00,-11.53362056032626,-67.28867619787025,0.04525765618679008
1o_pulso_02-06mai_2024-05-05_-29.5_-52.0_700,1o_pulso_02-06mai,700,2024-05-02 12:00:00,-11.01621682788659,-67.55506924476957,0.04222342604660168
1o_pulso_02-06mai_2024-05-05_-29.5_-52.0_700,1o_pulso_02-06mai,700,2024-05-02 06:00:00,-10.53094677850135,-67.57641621962381,0.041331156558260106
1o_pulso_02-06mai_2024-05-05_-29.5_-52.0_700,1o_pulso_02-06mai,700,2024-05-02 00:00:00,-10.29602362468681,-67.3393397167059,0.03574512686671464
1o_pulso_02-06mai_2024-05-05_-29.5_-52.0_700,1o_pulso_02-06mai,700,2024-05-01 18:00:00,-9.909231822915098,-67.03635769375434,0.042110224776548404
1o_pulso_02-06mai_2024-05-05_-29.5_-52.0_700,1o_pulso_02-06mai,700,2024-05-01 12:00:00,-9.514448697652341,-66.5301573160917,0.04060027919058957
1o_pulso_02-06mai_2024-05-05_-29.5_-52.0_700,1o_pulso_02-06mai,700,2024-05-01 06:00:00,-9.090346728979073,-65.8580870570735,0.049074393727277565
1o_pulso_02-06mai_2024-05-05_-29.5_-52.0_700,1o_pulso_02-06mai,700,2024-05-01 00:00:00,-8.778604098607836,-65.04714503116335,0.04532027896689384
1o_pulso_02-06mai_2024-05-05_-29.5_-52.0_700,1o_pulso_02-06mai,700,2024-04-30 18:00:00,-8.401611075448153,-64.36644927711676,0.050801049968568324
1o_pulso_02-06mai_2024-05-05_-29.5_-52.0_700,1o_pulso_02-06mai,700,2024-04-30 12:00:00,-7.759566306362802,-63.451002272499075,0.06281452593240527
1o_pulso_02-06mai_2024-05-05_-29.5_-52.0_700,1o_pulso_02-06mai,700,2024-04-30 06:00:00,-7.138532727087956,-62.141919703999335,0.042876557209197454
1o_pulso_02-06mai_2024-05-05_-29.5_-52.0_700,1o_pulso_02-06mai,700,2024-04-30 00:00:00,-6.61327371819234,-60.5678926707048,0.027887211156524108
1o_pulso_02-06mai_2024-05-05_-29.5_-52.0_700,1o_pulso_02-06mai,700,2024-04-29 18:00:00,-6.235141571757197,-58.956713739866075,0.02525960166251798
1o_pulso_02-06mai_2024-05-05_-29.5_-52.0_700,1o_pulso_02-06mai,700,2024-04-29 12:00:00,-5.892310192359852,-56.94062523337273,0.022624946770680672
1o_pulso_02-06mai_2024-05-05_-29.5_-52.0_700,1o_pulso_02-06mai,700,2024-04-29 06:00:00,-5.516100980256317,-55.00143849186109,0.03213122564368945
1o_pulso_02-06mai_2024-05-05_-29.5_-52.0_700,1o_pulso_02-06mai,700,2024-04-29 00:00:00,-5.32867459538974,-52.9371267987352,0.025131141060411016
1o_pulso_02-06mai_2024-05-05_-29.5_-52.0_700,1o_pulso_02-06mai,700,2024-04-28 18:00:00,-5.237686284838781,-50.887790792963095,0.02450718417129871
1o_pulso_02-06mai_2024-05-05_-29.5_-52.0_700,1o_pulso_02-06mai,700,2024-04-28 12:00:00,-5.43597248838828,-48.84201212539847,0.04905584486523346
1o_pulso_02-06mai_2024-05-05_-29.5_-52.0_700,1o_pulso_02-06mai,700,2024-04-28 06:00:00,-6.066499468162044,-46.60021264864713,0.17187198633921513
1o_pulso_02-06mai_2024-05-05_-29.5_-52.0_700,1o_pulso_02-06mai,700,2024-04-28 00:00:00,-7.016704382114338,-44.67884239675801,0.04270327592370801
1o_pulso_02-06mai_2024-05-05_-29.5_-52.0_700,1o_pulso_02-06mai,700,2024-04-27 18:00:00,-7.76479578527498,-42.99160724989091,0.03311691467840126
1o_pulso_02-06mai_2024-05-05_-29.5_-52.0_700,1o_pulso_02-06mai,700,2024-04-27 12:00:00,-8.196417485892859,-41.49126978918135,0.033713576378473116
1o_pulso_02-06mai_2024-05-05_-29.5_-52.0_700,1o_pulso_02-06mai,700,2024-04-27 06:00:00,-8.750165211019578,-40.13711957597997,0.06879541435001754
1o_pulso_02-06mai_2024-05-05_-29.5_-52.0_700,1o_pulso_02-06mai,700,2024-04-27 00:00:00,-9.487120742543235,-39.02685332595954,0.0592852428960606
1o_pulso_02-06mai_2024-05-05_-29.5_-52.0_700,1o_pulso_02-06mai,700,2024-04-26 18:00:00,-9.897492866320796,-38.06165241099848,0.06379771350586771
1o_pulso_02-06mai_2024-05-05_-29.5_-52.0_700,1o_pulso_02-06mai,700,2024-04-26 12:00:00,-10.074776265266541,-36.75916849582382,0.08015398721202673
1o_pulso_02-06mai_2024-05-05_-29.5_-52.0_700,1o_pulso_02-06mai,700,2024-04-26 06:00:00,-10.0981496741116,-35.413307654393336,0.04659561650497381
1o_pulso_02-06mai_2024-05-05_-29.5_-52.0_700,1o_pulso_02-06mai,700,2024-04-26 00:00:00,-10.25759050188988,-34.16550329334138,
1o_pulso_02-06mai_2024-05-05_-30.5_-53.5_850,1o_pulso_02-06mai,850,2024-05-05 12:00:00,-30.5,-53.5,0.11581640442212422
1o_pulso_02-06mai_2024-05-05_-30.5_-53.5_850,1o_pulso_02-06mai,850,2024-05-05 06:00:00,-28.3189638314315,-56.629557890082154,0.09811808349601399
1o_pulso_02-06mai_2024-05-05_-30.5_-53.5_850,1o_pulso_02-06mai,850,2024-05-05 00:00:00,-25.022163117455456,-59.05696000909658,0.10241169156206299
1o_pulso_02-06mai_2024-05-05_-30.5_-53.5_850,1o_pulso_02-06mai,850,2024-05-04 18:00:00,-21.792091723325466,-60.76233018775936,0.09600499704112488
1o_pulso_02-06mai_2024-05-05_-30.5_-53.5_850,1o_pulso_02-06mai,850,2024-05-04 12:00:00,-18.82261914568671,-61.56874657304389,0.08907928330005789
1o_pulso_02-06mai_2024-05-05_-30.5_-53.5_850,1o_pulso_02-06mai,850,2024-05-04 06:00:00,-16.167630876478974,-62.84830718278728,0.07287567095020041
1o_pulso_02-06mai_2024-05-05_-30.5_-53.5_850,1o_pulso_02-06mai,850,2024-05-04 00:00:00,-14.856778531720161,-63.247173535190704,0.06850181948223519
1o_pulso_02-06mai_2024-05-05_-30.5_-53.5_850,1o_pulso_02-06mai,850,2024-05-03 18:00:00,-14.038954993212819,-63.72781951946676,0.0642816851419974
1o_pulso_02-06mai_2024-05-05_-30.5_-53.5_850,1o_pulso_02-06mai,850,2024-05-03 12:00:00,-13.180865086059933,-63.9315560074625,0.054190605468578054
1o_pulso_02-06mai_2024-05-05_-30.5_-53.5_850,1o_pulso_02-06mai,850,2024-05-03 06:00:00,-12.209678924388978,-63.926690932363506,0.039700963986408454
1o_pulso_02-06mai_2024-05-05_-30.5_-53.5_850,1o_pulso_02-06mai,850,2024-05-03 00:00:00,-11.448524086562735,-63.62390302366153,0.030150679265493117
1o_pulso_02-06mai_2024-05-05_-30.5_-53.5_850,1o_pulso_02-06mai,850,2024-05-02 18:00:00,-10.766214746523644,-63.365732316470464,0.03588127694482401
1o_pulso_02-06mai_2024-05-05_-30.5_-53.5_850,1o_pulso_02-06mai,850,2024-05-02 12:00:00,-9.795049508601258,-62.736488661019614,0.03575273879485669
1o_pulso_02-06mai_2024-05-05_-30.5_-53.5_850,1o_pulso_02-06mai,850,2024-05-02 06:00:00,-8.773510571174418,-61.4558624132237,0.04903179559653664
1o_pulso_02-06mai_2024-05-05_-30.5_-53.5_850,1o_pulso_02-06mai,850,2024-05-02 00:00:00,-8.163786396104472,-60.15908316991019,0.04140967566878172
1o_pulso_02-06mai_2024-05-05_-30.5_-53.5_850,1o_pulso_02-06mai,850,2024-05-01 18:00:00,-7.735815368471417,-58.882619583165834,0.033666268865938355
1o_pulso_02-06mai_2024-05-05_-30.5_-53.5_850,1o_pulso_02-06mai,850,2024-05-01 12:00:00,-7.180723254921049,-57.37683904745631,0.03215571091460623
1o_pulso_02-06mai_2024-05-05_-30.5_-53.5_850,1o_pulso_02-06mai,850,2024-05-01 06:00:00,-6.778995792847996,-55.81939178193266,0.06918505834826966
1o_pulso_02-06mai_2024-05-05_-30.5_-53.5_850,1o_pulso_02-06mai,850,2024-05-01 00:00:00,-6.686702063311235,-54.185142709916285,0.06731481868616446
1o_pulso_02-06mai_2024-05-05_-30.5_-53.5_850,1o_pulso_02-06mai,850,2024-04-30 18:00:00,-6.564801848168974,-52.46691129122109,0.0712706480318102
1o_pulso_02-06mai_2024-05-05_-30.5_-53.5_850,1o_pulso_02-06mai,850,2024-04-30 12:00:00,-6.626615149790369,-50.59238575969935,0.07493438179846047
1o_pulso_02-06mai_2024-05-05_-30.5_-53.5_850,1o_pulso_02-06mai,850,2024-04-30 06:00:00,-6.528228665206916,-48.54596849347787,0.02663499039741246
1o_pulso_02-06mai_2024-05-05_-30.5_-53.5_850,1o_pulso_02-06mai,850,2024-04-30 00:00:00,-6.6853395182371145,-46.83318503845608,0.02261980232743138
1o_pulso_02-06mai_2024-05-05_-30.5_-53.5_850,1o_pulso_02-06mai,850,2024-04-29 18:00:00,-7.1072541616552085,-45.430847360764936,0.020169898921088857
1o_pulso_02-06mai_2024-05-05_-30.5_-53.5_850,1o_pulso_02-06mai,850,2024-04-29 12:00:00,-7.396974311427228,-43.911103081168754,0.015922698471309803
1o_pulso_02-06mai_2024-05-05_-30.5_-53.5_850,1o_pulso_02-06mai,850,2024-04-29 06:00:00,-7.6948357842316515,-42.04897359434598,0.03699288083287438
1o_pulso_02-06mai_2024-05-05_-30.5_-53.5_850,1o_pulso_02-06mai,850,2024-04-29 00:00:00,-8.691966754986444,-40.32532187106756,0.03886825760347066
1o_pulso_02-06mai_2024-05-05_-30.5_-53.5_850,1o_pulso_02-06mai,850,2024-04-28 18:00:00,-9.753671283873182,-39.313888331738724,0.039511503563128714
1o_pulso_02-06mai_2024-05-05_-30.5_-53.5_850,1o_pulso_02-06mai,850,2024-04-28 12:00:00,-10.826908761701423,-38.323884104942344,0.03326806709482616
1o_pulso_02-06mai_2024-05-05_-30.5_-53.5_850,1o_pulso_02-06mai,850,2024-04-28 06:00:00,-11.559292428821271,-37.44036027498216,0.018325474922580333
1o_pulso_02-06mai_2024-05-05_-30.5_-53.5_850,1o_pulso_02-06mai,850,2024-04-28 00:00:00,-12.159285637550319,-36.6685877563478,0.014843690951785185
1o_pulso_02-06mai_2024-05-05_-30.5_-53.5_850,1o_pulso_02-06mai,850,2024-04-27 18:00:00,-12.79724785639329,-35.653843906795956,0.015347617030748951
1o_pulso_02-06mai_2024-05-05_-30.5_-53.5_850,1o_pulso_02-06mai,850,2024-04-27 12:00:00,-13.471223942471314,-34.54261653063451,0.015426136433248135
1o_pulso_02-06mai_2024-05-05_-30.5_-53.5_700,1o_pulso_02-06mai,700,2024-05-05 12:00:00,-30.5,-53.5,0.11581640442212422
1o_pulso_02-06mai_2024-05-05_-30.5_-53.5_700,1o_pulso_02-06mai,700,2024-05-05 06:00:00,-28.06496260519269,-56.229924235087026,0.10941068069213028
1o_pulso_02-06mai_2024-05-05_-30.5_-53.5_700,1o_pulso_02-06mai,700,2024-05-05 00:00:00,-24.972073890347893,-58.638063501394996,0.10909290545466735
1o_pulso_02-06mai_2024-05-05_-30.5_-53.5_700,1o_pulso_02-06mai,700,2024-05-04 18:00:00,-22.026599887105977,-60.91612345996858,0.09274522605259944
1o_pulso_02-06mai_2024-05-05_-30.5_-53.5_700,1o_pulso_02-06mai,700,2024-05-04 12:00:00,-19.563877500562754,-62.98883988423691,0.06822951612532335
1o_pulso_02-06mai_2024-05-05_-30.5_-53.5_700,1o_pulso_02-06mai,700,2024-05-04 06:00:00,-17.234751748664664,-65.0446440760399,0.0656984108313203
1o_pulso_02-06mai_2024-05-05_-30.5_-53.5_700,1o_pulso_02-06mai,700,2024-05-04 00:00:00,-16.022910329094017,-66.73737944701945,0.08475087069596224
1o_pulso_02-06mai_2024-05-05_-30.5_-53.5_700,1o_pulso_02-06mai,700,2024-05-03 18:00:00,-15.153053993414021,-67.70158331067314,0.12896816608407247
1o_pulso_02-06mai_2024-05-05_-30.5_-53.5_700,1o_pulso_02-06mai,700,2024-05-03 12:00:00,-14.364475220651906,-68.32958492922141,0.10883132496055749
1o_pulso_02-06mai_2024-05-05_-30.5_-53.5_700,1o_pulso_02-06mai,700,2024-05-03 06:00:00,-13.333007530140872,-69.50779800389554,0.06627192570957606
1o_pulso_02-06mai_2024-05-05_-30.5_-53.5_700,1o_pulso_02-06mai,700,2024-05-03 00:00:00,-12.718983967115866,-70.4795949334616,0.08647554627679191
1o_pulso_02-06mai_2024-05-05_-30.5_-53.5_700,1o_pulso_02-06mai,700,2024-05-02 18:00:00,-12.129240100892197,-71.36220459257628,0.09861776779023863
1o_pulso_02-06mai_2024-05-05_-30.5_-53.5_700,1o_pulso_02-06mai,700,2024-05-02 12:00:00,-11.781327771465776,-72.18310192717794,0.11981805843299423
1o_pulso_02-06mai_2024-05-05_-30.5_-53.5_700,1o_pulso_02-06mai,700,2024-05-02 06:00:00,-11.526222075988846,-72.63903301362684,0.09702687144887227
1o_pulso_02-06mai_2024-05-05_-30.5_-53.5_700,1o_pulso_02-06mai,700,2024-05-02 00:00:00,-11.322426218084154,-72.83747018439307,0.08400721946670736
1o_pulso_02-06mai_2024-05-05_-30.5_-53.5_700,1o_pulso_02-06mai,700,2024-05-01 18:00:00,-11.226925806332096,-72.74883255866685,0.09829651918788505
1o_pulso_02-06mai_2024-05-05_-30.5_-53.5_700,1o_pulso_02-06mai,700,2024-05-01 12:00:00,-11.0881917878624,-72.87790303464273,0.10786773020387017
1o_pulso_02-06mai_2024-05-05_-30.5_-53.5_700,1o_pulso_02-06mai,700,2024-05-01 06:00:00,-10.873655765446635,-72.88379427233913,0.03448064814096124
1o_pulso_02-06mai_2024-05-05_-30.5_-53.5_700,1o_pulso_02-06mai,700,2024-05-01 00:00:00,-10.88969443653715,-72.985854956741,0.0270829955907935
1o_pulso_02-06mai_2024-05-05_-30.5_-53.5_700,1o_pulso_02-06mai,700,2024-04-30 18:00:00,-10.926413469258897,-73.24707418371543,0.03570822292159526
1o_pulso_02-06mai_2024-05-05_-30.5_-53.5_700,1o_pulso_02-06mai,700,2024-04-30 12:00:00,-10.776577805613625,-73.37814238118716,0.038916958379703374
1o_pulso_02-06mai_2024-05-05_-30.5_-53.5_700,1o_pulso_02-06mai,700,2024-04-30 06:00:00,-10.592830464595592,-73.4260281542472,0.04638168129322449
1o_pulso_02-06mai_2024-05-05_-30.5_-53.5_700,1o_pulso_02-06mai,700,2024-04-30 00:00:00,-10.516030540363454,-73.36360469988963,0.04245924065205667
1o_pulso_02-06mai_2024-05-05_-30.5_-53.5_700,1o_pulso_02-06mai,700,2024-04-29 18:00:00,-10.536604863522657,-73.40870423649494,0.054684580105795744
1o_pulso_02-06mai_2024-05-05_-30.5_-53.5_700,1o_pulso_02-06mai,700,2024-04-29 12:00:00,-10.370096905078924,-73.42278156778784,0.08391824064320427
1o_pulso_02-06mai_2024-05-05_-30.5_-53.5_700,1o_pulso_02-06mai,700,2024-04-29 06:00:00,-10.227706245408658,-73.14063722809254,0.10025206581012439
1o_pulso_02-06mai_2024-05-05_-30.5_-53.5_700,1o_pulso_02-06mai,700,2024-04-29 00:00:00,-10.296082167743052,-72.82523311746235,0.09985013931835132
1o_pulso_02-06mai_2024-05-05_-30.5_-53.5_700,1o_pulso_02-06mai,700,2024-04-28 18:00:00,-10.528826109149241,-72.70258698333652,0.10399296649095985
1o_pulso_02-06mai_2024-05-05_-30.5_-53.5_700,1o_pulso_02-06mai,700,2024-04-28 12:00:00,-10.668700122405616,-72.81927520332435,0.11000053589872347
1o_pulso_02-06mai_2024-05-05_-30.5_-53.5_700,1o_pulso_02-06mai,700,2024-04-28 06:00:00,-10.636558483940691,-72.6707228880002,0.09708294638759712
1o_pulso_02-06mai_2024-05-05_-30.5_-53.5_700,1o_pulso_02-06mai,700,2024-04-28 00:00:00,-10.511960277550509,-72.21243851552622,0.08544653124051663
1o_pulso_02-06mai_2024-05-05_-30.5_-53.5_700,1o_pulso_02-06mai,700,2024-04-27 18:00:00,-10.525641317812246,-71.76684409876637,0.10434411208895343
1o_pulso_02-06mai_2024-05-05_-30.5_-53.5_700,1o_pulso_02-06mai,700,2024-04-27 12:00:00,-10.494029018877708,-71.37586726053937,0.11284515251136094
1o_pulso_02-06mai_2024-05-05_-30.5_-53.5_700,1o_pulso_02-06mai,700,2024-04-27 06:00:00,-10.400044615918306,-70.994803170561,0.06831665156023287
1o_pulso_02-06mai_2024-05-05_-30.5_-53.5_700,1o_pulso_02-06mai,700,2024-04-27 00:00:00,-10.331992416489857,-70.38259788609223,0.061838436551364034
1o_pulso_02-06mai_2024-05-05_-30.5_-53.5_700,1o_pulso_02-06mai,700,2024-04-26 18:00:00,-10.12423075026881,-69.52736520998334,0.06668358680358037
1o_pulso_02-06mai_2024-05-05_-30.5_-53.5_700,1o_pulso_02-06mai,700,2024-04-26 12:00:00,-10.096819859665892,-68.73405038010942,0.06308245041305635
1o_pulso_02-06mai_2024-05-05_-30.5_-53.5_700,1o_pulso_02-06mai,700,2024-04-26 06:00:00,-10.100382045750958,-68.49888117708376,0.06885240385994668
1o_pulso_02-06mai_2024-05-05_-30.5_-53.5_700,1o_pulso_02-06mai,700,2024-04-26 00:00:00,-9.826837328448542,-68.35082600055932,0.0684205444088421
1o_pulso_02-06mai_2024-05-05_-30.5_-53.5_700,1o_pulso_02-06mai,700,2024-04-25 18:00:00,-9.428063470904045,-67.8934963234412,0.08215086421587581
1o_pulso_02-06mai_2024-05-05_-30.5_-53.5_700,1o_pulso_02-06mai,700,2024-04-25 12:00:00,-9.20341993954678,-67.1736206766113,0.0654250276375755
1o_pulso_02-06mai_2024-05-05_-30.5_-53.5_700,1o_pulso_02-06mai,700,2024-04-25 06:00:00,-9.175961332149333,-66.67117489484232,0.06221133760813264
1o_pulso_02-06mai_2024-05-05_-30.5_-53.5_700,1o_pulso_02-06mai,700,2024-04-25 00:00:00,-9.223269626373138,-66.36925277990981,0.0764308543640468
1o_pulso_02-06mai_2024-05-05_-30.5_-53.5_700,1o_pulso_02-06mai,700,2024-04-24 18:00:00,-9.109616853415345,-65.99657049353674,0.10218097152308485
1o_pulso_02-06mai_2024-05-05_-30.5_-53.5_700,1o_pulso_02-06mai,700,2024-04-24 12:00:00,-8.706750073653275,-65.30428892338416,0.13091916518653965
1o_pulso_02-06mai_2024-05-05_-30.5_-53.5_700,1o_pulso_02-06mai,700,2024-04-24 06:00:00,-8.301087739369798,-64.58031470279545,0.1014835176437592
1o_pulso_02-06mai_2024-05-05_-30.5_-53.5_700,1o_pulso_02-06mai,700,2024-04-24 00:00:00,-8.073422125715574,-63.932090483568764,0.06786669568339962
1o_pulso_02-06mai_2024-05-05_-30.5_-53.5_700,1o_pulso_02-06mai,700,2024-04-23 18:00:00,-7.83176558636058,-63.1490552841777,0.06754909448699573
1o_pulso_02-06mai_2024-05-05_-30.5_-53.5_700,1o_pulso_02-06mai,700,2024-04-23 12:00:00,-7.519298968868399,-62.32806369376505,0.05897654864471108
1o_pulso_02-06mai_2024-05-05_-30.5_-53.5_700,1o_pulso_02-06mai,700,2024-04-23 06:00:00,-7.09760454773286,-61.52984607244134,0.06571659030120194
1o_pulso_02-06mai_2024-05-05_-30.5_-53.5_700,1o_pulso_02-06mai,700,2024-04-23 00:00:00,-6.793127860592138,-60.77172379277195,0.05548505363869048
1o_pulso_02-06mai_2024-05-05_-30.5_-53.5_700,1o_pulso_02-06mai,700,2024-04-22 18:00:00,-6.424359756908668,-60.18483109734048,0.05973924823774657
1o_pulso_02-06mai_2024-05-05_-30.5_-53.5_700,1o_pulso_02-06mai,700,2024-04-22 12:00:00,-6.164375487819278,-59.59311206861216,0.06002614323665912
1o_pulso_02-06mai_2024-05-05_-30.5_-53.5_700,1o_pulso_02-06mai,700,2024-04-22 06:00:00,-6.114613737829848,-58.84611347573241,0.07861562015893722
1o_pulso_02-06mai_2024-05-05_-30.5_-53.5_700,1o_pulso_02-06mai,700,2024-04-22 00:00:00,-6.153944086071166,-57.87034136306744,0.05633426791236812
1o_pulso_02-06mai_2024-05-05_-30.5_-53.5_700,1o_pulso_02-06mai,700,2024-04-21 18:00:00,-6.091869897424571,-56.45965678389207,0.0690947967947818
1o_pulso_02-06mai_2024-05-05_-30.5_-53.5_700,1o_pulso_02-06mai,700,2024-04-21 12:00:00,-6.421584542737732,-54.84619236873627,0.10969003183900362
1o_pulso_02-06mai_2024-05-05_-28.5_-51.0_850,1o_pulso_02-06mai,850,2024-05-05 12:00:00,-28.5,-51.0,0.08143345266580582
1o_pulso_02-06mai_2024-05-05_-28.5_-51.0_850,1o_pulso_02-06mai,850,2024-05-05 06:00:00,-26.032170176007284,-52.140580247302715,0.03574427605435358
1o_pulso_02-06mai_2024-05-05_-28.5_-51.0_850,1o_pulso_02-06mai,850,2024-05-05 00:00:00,-24.194422592477746,-51.86024613814474,0.039660451503570254
1o_pulso_02-06mai_2024-05-05_-28.5_-51.0_850,1o_pulso_02-06mai,850,2024-05-04 18:00:00,-22.978126302986816,-51.81063527659456,0.042443929782360675
1o_pulso_02-06mai_2024-05-05_-28.5_-51.0_850,1o_pulso_02-06mai,850,2024-05-04 12:00:00,-21.658564254215936,-51.91091368731953,0.040013717377842976
1o_pulso_02-06mai_2024-05-05_-28.5_-51.0_850,1o_pulso_02-06mai,850,2024-05-04 06:00:00,-20.420011574573053,-51.777313315631055,0.0261112867549828
1o_pulso_02-06mai_2024-05-05_-28.5_-51.0_850,1o_pulso_02-06mai,850,2024-05-04 00:00:00,-19.239115257368677,-51.57423896396125,0.02171303198751883
1o_pulso_02-06mai_2024-05-05_-28.5_-51.0_850,1o_pulso_02-06mai,850,2024-05-03 18:00:00,-18.567679695601402,-51.082497347349914,0.02381807663089752
1o_pulso_02-06mai_2024-05-05_-28.5_-51.0_850,1o_pulso_02-06mai,850,2024-05-03 12:00:00,-18.063962012133207,-50.70542513622567,0.022893668787843692
1o_pulso_02-06mai_2024-05-05_-28.5_-51.0_850,1o_pulso_02-06mai,850,2024-05-03 06:00:00,-17.595192264479167,-50.14841497643956,0.025582741998052577
1o_pulso_02-06mai_2024-05-05_-28.5_-51.0_850,1o_pulso_02-06mai,850,2024-05-03 00:00:00,-17.346393288113873,-49.55638910804024,0.0290955320327999
1o_pulso_02-06mai_2024-05-05_-28.5_-51.0_850,1o_pulso_02-06mai,850,2024-05-02 18:00:00,-17.031619948451464,-49.43761656421889,0.028098514700296597
1o_pulso_02-06mai_2024-05-05_-28.5_-51.0_850,1o_pulso_02-06mai,850,2024-05-02 12:00:00,-16.118108482414996,-48.992221072430304,0.020882788213969432
1o_pulso_02-06mai_2024-05-05_-28.5_-51.0_850,1o_pulso_02-06mai,850,2024-05-02 06:00:00,-15.551434610886776,-47.28456602076376,0.020318158156220914
1o_pulso_02-06mai_2024-05-05_-28.5_-51.0_850,1o_pulso_02-06mai,850,2024-05-02 00:00:00,-15.702404195173422,-46.068839959586505,0.018249324085920473
1o_pulso_02-06mai_2024-05-05_-28.5_-51.0_850,1o_pulso_02-06mai,850,2024-05-01 18:00:00,-15.929325555867784,-45.4155386066096,0.017473893553990944
1o_pulso_02-06mai_2024-05-05_-28.5_-51.0_850,1o_pulso_02-06mai,850,2024-05-01 12:00:00,-15.913594754008333,-44.61389097547625,0.01660302583899428
1o_pulso_02-06mai_2024-05-05_-28.5_-51.0_850,1o_pulso_02-06mai,850,2024-05-01 06:00:00,-16.145741664367932,-43.098068844474014,0.022472711704626867
1o_pulso_02-06mai_2024-05-05_-28.5_-51.0_850,1o_pulso_02-06mai,850,2024-05-01 00:00:00,-16.559101245673844,-42.18292364795646,0.024570900600864132
1o_pulso_02-06mai_2024-05-05_-28.5_-51.0_850,1o_pulso_02-06mai,850,2024-04-30 18:00:00,-16.62818576828151,-41.40519851620431,0.024022817781805914
1o_pulso_02-06mai_2024-05-05_-28.5_-51.0_850,1o_pulso_02-06mai,850,2024-04-30 12:00:00,-16.85617097653508,-40.724837216075066,0.022048338228197413
1o_pulso_02-06mai_2024-05-05_-28.5_-51.0_850,1o_pulso_02-06mai,850,2024-04-30 06:00:00,-17.490059936517053,-39.83393734091797,0.019206494570963732
1o_pulso_02-06mai_2024-05-05_-28.5_-51.0_850,1o_pulso_02-06mai,850,2024-04-30 00:00:00,-18.304842773153695,-39.41119032394371,0.01666407293693404
1o_pulso_02-06mai_2024-05-05_-28.5_-51.0_850,1o_pulso_02-06mai,850,2024-04-29 18:00:00,-19.06192288062971,-39.29964988831242,0.010000486351565386
1o_pulso_02-06mai_2024-05-05_-28.5_-51.0_850,1o_pulso_02-06mai,850,2024-04-29 12:00:00,-19.596409875222307,-39.211264856538115,0.006536479897961792
1o_pulso_02-06mai_2024-05-05_-28.5_-51.0_850,1o_pulso_02-06mai,850,2024-04-29 06:00:00,-20.222315176055954,-39.218966647248756,0.0266180521120501
1o_pulso_02-06mai_2024-05-05_-28.5_-51.0_850,1o_pulso_02-06mai,850,2024-04-29 00:00:00,-21.213037090945587,-39.648065733965666,0.021869107432016865
1o_pulso_02-06mai_2024-05-05_-28.5_-51.0_850,1o_pulso_02-06mai,850,2024-04-28 18:00:00,-22.01171629803031,-40.3233246728047,0.027572421502776997
1o_pulso_02-06mai_2024-05-05_-28.5_-51.0_850,1o_pulso_02-06mai,850,2024-04-28 12:00:00,-22.03696977697,-41.2883811524714,0.026269768482713993
1o_pulso_02-06mai_2024-05-05_-28.5_-51.0_850,1o_pulso_02-06mai,850,2024-04-28 06:00:00,-22.235218772615244,-41.756791383890544,0.04004212002622484
1o_pulso_02-06mai_2024-05-05_-28.5_-51.0_850,1o_pulso_02-06mai,850,2024-04-28 00:00:00,-22.515453099536117,-42.33189089821012,0.045218846489583076
1o_pulso_02-06mai_2024-05-05_-28.5_-51.0_850,1o_pulso_02-06mai,850,2024-04-27 18:00:00,-22.592070483292797,-42.966218278141426,0.058323449856628504
1o_pulso_02-06mai_2024-05-05_-28.5_-51.0_850,1o_pulso_02-06mai,850,2024-04-27 12:00:00,-21.712139860882417,-43.34852835350747,0.06283933044130231
1o_pulso_02-06mai_2024-05-05_-28.5_-51.0_850,1o_pulso_02-06mai,850,2024-04-27 06:00:00,-20.688821036205194,-43.00714123102293,0.06383382293914805
1o_pulso_02-06mai_2024-05-05_-28.5_-51.0_850,1o_pulso_02-06mai,850,2024-04-27 00:00:00,-20.10501391675827,-42.26010545111608,0.057272557453690816
1o_pulso_02-06mai_2024-05-05_-28.5_-51.0_850,1o_pulso_02-06mai,850,2024-04-26 18:00:00,-20.460819477220443,-41.383232856907405,0.06298156378983832
1o_pulso_02-06mai_2024-05-05_-28.5_-51.0_850,1o_pulso_02-06mai,850,2024-04-26 12:00:00,-20.963473235314478,-40.7844933052208,0.07988534403221839
1o_pulso_02-06mai_2024-05-05_-28.5_-51.0_850,1o_pulso_02-06mai,850,2024-04-26 06:00:00,-21.547531460104853,-40.27186853376189,0.07962068862123645
1o_pulso_02-06mai_2024-05-05_-28.5_-51.0_850,1o_pulso_02-06mai,850,2024-04-26 00:00:00,-22.401747330668062,-40.01685753305589,0.0835047347256886
1o_pulso_02-06mai_2024-05-05_-28.5_-51.0_850,1o_pulso_02-06mai,850,2024-04-25 18:00:00,-23.19801742591633,-40.28865359571765,0.09373700854596023
1o_pulso_02-06mai_2024-05-05_-28.5_-51.0_850,1o_pulso_02-06mai,850,2024-04-25 12:00:00,-24.151884031421385,-40.88014928901656,0.10614062190900099
1o_pulso_02-06mai_2024-05-05_-28.5_-51.0_850,1o_pulso_02-06mai,850,2024-04-25 06:00:00,-25.117538709965697,-41.97074341917285,0.07138572124177443
1o_pulso_02-06mai_2024-05-05_-28.5_-51.0_850,1o_pulso_02-06mai,850,2024-04-25 00:00:00,-26.262089630878542,-43.532864973434506,0.08253975766421229
1o_pulso_02-06mai_2024-05-05_-28.5_-51.0_850,1o_pulso_02-06mai,850,2024-04-24 18:00:00,-27.003355229507253,-45.22830398745598,0.08860159013760568
1o_pulso_02-06mai_2024-05-05_-28.5_-51.0_850,1o_pulso_02-06mai,850,2024-04-24 12:00:00,-27.39150346745194,-46.65914454879716,0.09070567697918006
1o_pulso_02-06mai_2024-05-05_-28.5_-51.0_850,1o_pulso_02-06mai,850,2024-04-24 06:00:00,-27.445605363521924,-47.47908481963967,0.07310751557925291
1o_pulso_02-06mai_2024-05-05_-28.5_-51.0_850,1o_pulso_02-06mai,850,2024-04-24 00:00:00,-27.964930757870693,-48.25365320716043,0.11223619600864411
1o_pulso_02-06mai_2024-05-05_-28.5_-51.0_850,1o_pulso_02-06mai,850,2024-04-23 18:00:00,-28.454855985734685,-49.96360967211749,0.0532157883681261
1o_pulso_02-06mai_2024-05-05_-28.5_-51.0_850,1o_pulso_02-06mai,850,2024-04-23 12:00:00,-27.952616108531284,-52.142465776311695,0.06203450222507069
1o_pulso_02-06mai_2024-05-05_-28.5_-51.0_850,1o_pulso_02-06mai,850,2024-04-23 06:00:00,-26.986114918921047,-54.18193823884073,0.07920797834854183
1o_pulso_02-06mai_2024-05-05_-28.5_-51.0_850,1o_pulso_02-06mai,850,2024-04-23 00:00:00,-25.338465901834972,-55.45710309256004,0.09557401967405102
1o_pulso_02-06mai_2024-05-05_-28.5_-51.0_850,1o_pulso_02-06mai,850,2024-04-22 18:00:00,-23.4067050752357,-56.193135011512034,0.06488249722756796
1o_pulso_02-06mai_2024-05-05_-28.5_-51.0_850,1o_pulso_02-06mai,850,2024-04-22 12:00:00,-21.14692522614412,-56.58865377354598,0.05590110964091065
1o_pulso_02-06mai_2024-05-05_-28.5_-51.0_850,1o_pulso_02-06mai,850,2024-04-22 06:00:00,-19.151851372559527,-56.3531046661125,0.034261191244357114
1o_pulso_02-06mai_2024-05-05_-28.5_-51.0_850,1o_pulso_02-06mai,850,2024-04-22 00:00:00,-17.90729589134315,-55.8202546308867,0.03474489770895854
1o_pulso_02-06mai_2024-05-05_-28.5_-51.0_850,1o_pulso_02-06mai,850,2024-04-21 18:00:00,-16.916422316239302,-55.23186886705789,0.0422650823597697
1o_pulso_02-06mai_2024-05-05_-28.5_-51.0_850,1o_pulso_02-06mai,850,2024-04-21 12:00:00,-15.814892314652885,-54.296525183724114,0.04990000707615144
1o_pulso_02-06mai_2024-05-05_-28.5_-51.0_700,1o_pulso_02-06mai,700,2024-05-05 12:00:00,-28.5,-51.0,0.08143345266580582
1o_pulso_02-06mai_2024-05-05_-28.5_-51.0_700,1o_pulso_02-06mai,700,2024-05-05 06:00:00,-26.673536572437534,-52.537234084085114,0.04439817389713743
1o_pulso_02-06mai_2024-05-05_-28.5_-51.0_700,1o_pulso_02-06mai,700,2024-05-05 00:00:00,-24.94845746237402,-53.245523988729566,0.0458369615514615
1o_pulso_02-06mai_2024-05-05_-28.5_-51.0_700,1o_pulso_02-06mai,700,2024-05-04 18:00:00,-23.55046992611386,-53.82035514933887,0.04155156697088
1o_pulso_02-06mai_2024-05-05_-28.5_-51.0_700,1o_pulso_02-06mai,700,2024-05-04 12:00:00,-22.247433925086607,-54.29925943778712,0.044800196225348705
1o_pulso_02-06mai_2024-05-05_-28.5_-51.0_700,1o_pulso_02-06mai,700,2024-05-04 06:00:00,-21.20781829893573,-54.557657584510686,0.02594282241295424
1o_pulso_02-06mai_2024-05-05_-28.5_-51.0_700,1o_pulso_02-06mai,700,2024-05-04 00:00:00,-20.139292203073005,-55.105971369585866,0.02693112792504737
1o_pulso_02-06mai_2024-05-05_-28.5_-51.0_700,1o_pulso_02-06mai,700,2024-05-03 18:00:00,-19.06219014032944,-55.61763798018748,0.03323811755979627
1o_pulso_02-06mai_2024-05-05_-28.5_-51.0_700,1o_pulso_02-06mai,700,2024-05-03 12:00:00,-18.408473889544194,-55.632116277213555,0.03443702317093602
1o_pulso_02-06mai_2024-05-05_-28.5_-51.0_700,1o_pulso_02-06mai,700,2024-05-03 06:00:00,-18.3784215576677,-55.9904504649386,0.04185505649977489
1o_pulso_02-06mai_2024-05-05_-28.5_-51.0_700,1o_pulso_02-06mai,700,2024-05-03 00:00:00,-18.20031352035915,-56.98754679853198,0.04585632877159406
1o_pulso_02-06mai_2024-05-05_-28.5_-51.0_700,1o_pulso_02-06mai,700,2024-05-02 18:00:00,-17.585219760102586,-58.11530287466874,0.055508679906173156
1o_pulso_02-06mai_2024-05-05_-28.5_-51.0_700,1o_pulso_02-06mai,700,2024-05-02 12:00:00,-16.2949519238693,-59.23691804438217,0.04757563823843231
1o_pulso_02-06mai_2024-05-05_-28.5_-51.0_700,1o_pulso_02-06mai,700,2024-05-02 06:00:00,-15.155911346404773,-59.85975641548431,0.03327070985474475
1o_pulso_02-06mai_2024-05-05_-28.5_-51.0_700,1o_pulso_02-06mai,700,2024-05-02 00:00:00,-14.327447971811358,-59.99083711111005,0.032708745602482714
1o_pulso_02-06mai_2024-05-05_-28.5_-51.0_700,1o_pulso_02-06mai,700,2024-05-01 18:00:00,-13.60043440792157,-59.60267446882423,0.02705432853729281
1o_pulso_02-06mai_2024-05-05_-28.5_-51.0_700,1o_pulso_02-06mai,700,2024-05-01 12:00:00,-13.070414565258833,-59.05202579868178,0.02226466314506918
1o_pulso_02-06mai_2024-05-05_-28.5_-51.0_700,1o_pulso_02-06mai,700,2024-05-01 06:00:00,-12.532920339542354,-58.193215779559004,0.03423574904472586
1o_pulso_02-06mai_2024-05-05_-28.5_-51.0_700,1o_pulso_02-06mai,700,2024-05-01 00:00:00,-12.09889887896591,-57.19492426981746,0.027062000595231655
1o_pulso_02-06mai_2024-05-05_-28.5_-51.0_700,1o_pulso_02-06mai,700,2024-04-30 18:00:00,-11.673482497294241,-56.0574997699802,0.018977678403558153
1o_pulso_02-06mai_2024-05-05_-28.5_-51.0_700,1o_pulso_02-06mai,700,2024-04-30 12:00:00,-11.023121232188496,-54.5416948657588,0.01695493282348725
1o_pulso_02-06mai_2024-05-05_-28.5_-51.0_700,1o_pulso_02-06mai,700,2024-04-30 06:00:00,-10.42774210045177,-52.820450736882066,0.026869698398541683
1o_pulso_02-06mai_2024-05-05_-28.5_-51.0_700,1o_pulso_02-06mai,700,2024-04-30 00:00:00,-10.134307152139117,-50.891413818071236,0.02715662430043476
1o_pulso_02-06mai_2024-05-05_-28.5_-51.0_700,1o_pulso_02-06mai,700,2024-04-29 18:00:00,-10.101116659602532,-48.9673407201688,0.024221422936722595
1o_pulso_02-06mai_2024-05-05_-28.5_-51.0_700,1o_pulso_02-06mai,700,2024-04-29 12:00:00,-10.397922717888573,-46.9108394459046,0.021328136264622575
1o_pulso_02-06mai_2024-05-05_-28.5_-51.0_700,1o_pulso_02-06mai,700,2024-04-29 06:00:00,-10.492939578464512,-45.15646352399142,0.03124063994797969
1o_pulso_02-06mai_2024-05-05_-28.5_-51.0_700,1o_pulso_02-06mai,700,2024-04-29 00:00:00,-10.848803693852707,-43.293367465170434,0.02906418452974278
1o_pulso_02-06mai_2024-05-05_-28.5_-51.0_700,1o_pulso_02-06mai,700,2024-04-28 18:00:00,-11.493690070239222,-42.237687639623324,0.029537271855378754
1o_pulso_02-06mai_2024-05-05_-28.5_-51.0_700,1o_pulso_02-06mai,700,2024-04-28 12:00:00,-12.02229741044426,-41.44469493514079,0.029230456759335444
1o_pulso_02-06mai_2024-05-05_-28.5_-51.0_700,1o_pulso_02-06mai,700,2024-04-28 06:00:00,-12.360677281570963,-39.872743494243416,0.03189286308042704
1o_pulso_02-06mai_2024-05-05_-28.5_-51.0_700,1o_pulso_02-06mai,700,2024-04-28 00:00:00,-12.778163581847704,-38.47714340024066,0.020824023941648066
1o_pulso_02-06mai_2024-05-05_-28.5_-51.0_700,1o_pulso_02-06mai,700,2024-04-27 18:00:00,-13.535220641709719,-37.38043778821797,0.018385320754173647
1o_pulso_02-06mai_2024-05-05_-28.5_-51.0_700,1o_pulso_02-06mai,700,2024-04-27 12:00:00,-14.304244355866855,-36.590650519510234,0.019299792220754983
1o_pulso_02-06mai_2024-05-05_-28.5_-51.0_700,1o_pulso_02-06mai,700,2024-04-27 06:00:00,-15.293420613728275,-36.108899798560245,0.016606781944629584
1o_pulso_02-06mai_2024-05-05_-28.5_-51.0_700,1o_pulso_02-06mai,700,2024-04-27 00:00:00,-16.108668896518978,-35.850564478394716,0.018054367938964196
1o_pulso_02-06mai_2024-05-05_-28.5_-51.0_700,1o_pulso_02-06mai,700,2024-04-26 18:00:00,-16.785650809229672,-35.576246808615345,0.018186476448013487
1o_pulso_02-06mai_2024-05-05_-28.5_-51.0_700,1o_pulso_02-06mai,700,2024-04-26 12:00:00,-17.359113483116914,-35.50920353359382,0.018624212107885816
1o_pulso_02-06mai_2024-05-05_-28.5_-51.0_700,1o_pulso_02-06mai,700,2024-04-26 06:00:00,-17.720651439724584,-35.697042725838386,0.014409039227023697
1o_pulso_02-06mai_2024-05-05_-28.5_-51.0_700,1o_pulso_02-06mai,700,2024-04-26 00:00:00,-17.810738617712808,-35.57352210102592,0.013609678072138112
1o_pulso_02-06mai_2024-05-05_-28.5_-51.0_700,1o_pulso_02-06mai,700,2024-04-25 18:00:00,-17.78151789821093,-35.173601498525926,0.013246487057605413
1o_pulso_02-06mai_2024-05-05_-28.5_-51.0_700,1o_pulso_02-06mai,700,2024-04-25 12:00:00,-17.91451171147898,-34.75218379739865,0.011550835301984147
1o_pulso_02-06mai_2024-05-05_-28.5_-51.0_700,1o_pulso_02-06mai,700,2024-04-25 06:00:00,-18.364355518727702,-34.542996809313316,0.010304917949575441
1o_pulso_02-06mai_2024-05-05_-28.5_-51.0_700,1o_pulso_02-06mai,700,2024-04-25 00:00:00,-18.761529250485893,-34.35985902623542,
1o_pulso_02-06mai_2024-05-05_-28.5_-51.0_700,1o_pulso_02-06mai,700,2024-04-24 18:00:00,-19.04722668324671,-34.04236236515738,
1o_pulso_02-06mai_2024-05-05_-31.0_-54.5_850,1o_pulso_02-06mai,850,2024-05-05 12:00:00,-31.0,-54.5,0.0861278548836708
1o_pulso_02-06mai_2024-05-05_-31.0_-54.5_850,1o_pulso_02-06mai,850,2024-05-05 06:00:00,-28.55489296754793,-57.4535552348359,0.08247150747106428
1o_pulso_02-06mai_2024-05-05_-31.0_-54.5_850,1o_pulso_02-06mai,850,2024-05-05 00:00:00,-25.969340828605397,-59.1768265358468,0.0874816788190581
1o_pulso_02-06mai_2024-05-05_-31.0_-54.5_850,1o_pulso_02-06mai,850,2024-05-04 18:00:00,-22.890888400744632,-60.756459546712215,0.0917074221437506
1o_pulso_02-06mai_2024-05-05_-31.0_-54.5_850,1o_pulso_02-06mai,850,2024-05-04 12:00:00,-20.89243808441161,-61.32509312889645,0.12094817795891469
1o_pulso_02-06mai_2024-05-05_-31.0_-54.5_850,1o_pulso_02-06mai,850,2024-05-04 06:00:00,-17.966531540363967,-62.00720605303322,0.0684893512669934
1o_pulso_02-06mai_2024-05-05_-31.0_-54.5_850,1o_pulso_02-06mai,850,2024-05-04 00:00:00,-15.672240080199227,-62.93391981788451,0.05427987070042668
1o_pulso_02-06mai_2024-05-05_-31.0_-54.5_850,1o_pulso_02-06mai,850,2024-05-03 18:00:00,-14.74450551768851,-63.55866729446027,0.05380031919976549
1o_pulso_02-06mai_2024-05-05_-31.0_-54.5_850,1o_pulso_02-06mai,850,2024-05-03 12:00:00,-13.825826007189018,-64.05803354672074,0.04781630522867983
1o_pulso_02-06mai_2024-05-05_-31.0_-54.5_850,1o_pulso_02-06mai,850,2024-05-03 06:00:00,-12.724387695879567,-64.32471352379892,0.027667461666825807
1o_pulso_02-06mai_2024-05-05_-31.0_-54.5_850,1o_pulso_02-06mai,850,2024-05-03 00:00:00,-11.705320609439111,-64.24281478511246,0.022428209840442356
1o_pulso_02-06mai_2024-05-05_-31.0_-54.5_850,1o_pulso_02-06mai,850,2024-05-02 18:00:00,-10.687089010171459,-64.03662424891372,0.02615680305927539
1o_pulso_02-06mai_2024-05-05_-31.0_-54.5_850,1o_pulso_02-06mai,850,2024-05-02 12:00:00,-9.559397140091377,-63.340983363149114,0.028512743657738558
1o_pulso_02-06mai_2024-05-05_-31.0_-54.5_850,1o_pulso_02-06mai,850,2024-05-02 06:00:00,-8.539313646030827,-62.04618177865246,0.05567056642751012
1o_pulso_02-06mai_2024-05-05_-31.0_-54.5_850,1o_pulso_02-06mai,850,2024-05-02 00:00:00,-7.890220687243837,-60.73054247617628,0.04685919844990717
1o_pulso_02-06mai_2024-05-05_-31.0_-54.5_850,1o_pulso_02-06mai,850,2024-05-01 18:00:00,-7.4429941654151985,-59.52729789375269,0.04106536531017363
1o_pulso_02-06mai_2024-05-05_-31.0_-54.5_850,1o_pulso_02-06mai,850,2024-05-01 12:00:00,-6.802256700797125,-58.04338655024304,0.03989902296010333
1o_pulso_02-06mai_2024-05-05_-31.0_-54.5_850,1o_pulso_02-06mai,850,2024-05-01 06:00:00,-6.3724870845105706,-56.357861816442174,0.0706670673411019
1o_pulso_02-06mai_2024-05-05_-31.0_-54.5_850,1o_pulso_02-06mai,850,2024-05-01 00:00:00,-6.261794809294734,-54.63127583312435,0.07093628624481181
1o_pulso_02-06mai_2024-05-05_-31.0_-54.5_850,1o_pulso_02-06mai,850,2024-04-30 18:00:00,-6.1366493859240325,-52.925458740584745,0.07684591820843159
1o_pulso_02-06mai_2024-05-05_-31.0_-54.5_850,1o_pulso_02-06mai,850,2024-04-30 12:00:00,-6.2799486147011,-50.86472838180721,0.08028562439194771
1o_pulso_02-06mai_2024-05-05_-31.0_-54.5_850,1o_pulso_02-06mai,850,2024-04-30 06:00:00,-6.2784183760660675,-48.823392152100425,0.02696959151158067
1o_pulso_02-06mai_2024-05-05_-31.0_-54.5_850,1o_pulso_02-06mai,850,2024-04-30 00:00:00,-6.448142405397037,-47.14593295535217,0.022541308876389155
1o_pulso_02-06mai_2024-05-05_-31.0_-54.5_850,1o_pulso_02-06mai,850,2024-04-29 18:00:00,-6.7879993184886125,-45.746442333677976,0.020314549270082524
1o_pulso_02-06mai_2024-05-05_-31.0_-54.5_850,1o_pulso_02-06mai,850,2024-04-29 12:00:00,-7.1461766914805835,-44.13616287696443,0.015515049747966464
1o_pulso_02-06mai_2024-05-05_-31.0_-54.5_850,1o_pulso_02-06mai,850,2024-04-29 06:00:00,-7.422865950003183,-42.27954075081562,0.03497004906345188
1o_pulso_02-06mai_2024-05-05_-31.0_-54.5_850,1o_pulso_02-06mai,850,2024-04-29 00:00:00,-8.35039943260931,-40.564790261326344,0.03499773269047524
1o_pulso_02-06mai_2024-05-05_-31.0_-54.5_850,1o_pulso_02-06mai,850,2024-04-28 18:00:00,-9.336744981020635,-39.49760784891666,0.03698630932578292
1o_pulso_02-06mai_2024-05-05_-31.0_-54.5_850,1o_pulso_02-06mai,850,2024-04-28 12:00:00,-10.341527836754002,-38.58211835761124,0.03013660397583882
1o_pulso_02-06mai_2024-05-05_-31.0_-54.5_850,1o_pulso_02-06mai,850,2024-04-28 06:00:00,-11.219185709327618,-37.63512111187924,0.020174963698240487
1o_pulso_02-06mai_2024-05-05_-31.0_-54.5_850,1o_pulso_02-06mai,850,2024-04-28 00:00:00,-11.951666112696934,-36.93983636085003,0.014676385783198574
1o_pulso_02-06mai_2024-05-05_-31.0_-54.5_850,1o_pulso_02-06mai,850,2024-04-27 18:00:00,-12.618255461210751,-36.030286597223906,0.015553036972651424
1o_pulso_02-06mai_2024-05-05_-31.0_-54.5_850,1o_pulso_02-06mai,850,2024-04-27 12:00:00,-13.33987290763869,-34.931941396251105,0.015920315094440786
1o_pulso_02-06mai_2024-05-05_-31.0_-54.5_700,1o_pulso_02-06mai,700,2024-05-05 12:00:00,-31.0,-54.5,0.0861278548836708
1o_pulso_02-06mai_2024-05-05_-31.0_-54.5_700,1o_pulso_02-06mai,700,2024-05-05 06:00:00,-29.937932878994832,-55.7248296924804,0.09169631832733402
1o_pulso_02-06mai_2024-05-05_-31.0_-54.5_700,1o_pulso_02-06mai,700,2024-05-05 00:00:00,-28.63607251553513,-57.661242269433316,0.08314045732032403
1o_pulso_02-06mai_2024-05-05_-31.0_-54.5_700,1o_pulso_02-06mai,700,2024-05-04 18:00:00,-27.45785277175587,-58.82631195050415,0.10253567220293973
1o_pulso_02-06mai_2024-05-05_-31.0_-54.5_700,1o_pulso_02-06mai,700,2024-05-04 12:00:00,-25.661319389983973,-60.0405650343681,0.08339220629060107
1o_pulso_02-06mai_2024-05-05_-31.0_-54.5_700,1o_pulso_02-06mai,700,2024-05-04 06:00:00,-23.833565758084102,-62.01472980337279,0.052838617512795734
1o_pulso_02-06mai_2024-05-05_-31.0_-54.5_700,1o_pulso_02-06mai,700,2024-05-04 00:00:00,-22.50935533661716,-63.21126434473817,0.05086794046222883
1o_pulso_02-06mai_2024-05-05_-31.0_-54.5_700,1o_pulso_02-06mai,700,2024-05-03 18:00:00,-20.772551323270907,-64.30155070072136,0.05374263557141935
1o_pulso_02-06mai_2024-05-05_-31.0_-54.5_700,1o_pulso_02-06mai,700,2024-05-03 12:00:00,-20.19334043901765,-64.54207484945502,0.07828538938221405
1o_pulso_02-06mai_2024-05-05_-31.0_-54.5_700,1o_pulso_02-06mai,700,2024-05-03 06:00:00,-19.641959208023433,-64.88774697775888,0.09937809557798452
1o_pulso_02-06mai_2024-05-05_-31.0_-54.5_700,1o_pulso_02-06mai,700,2024-05-03 00:00:00,-19.243457107107425,-64.88886529118571,0.12362286436880078
1o_pulso_02-06mai_2024-05-05_-31.0_-54.5_700,1o_pulso_02-06mai,700,2024-05-02 18:00:00,-18.701995970475195,-64.58639471499025,0.11253670194654972
1o_pulso_02-06mai_2024-05-05_-31.0_-54.5_700,1o_pulso_02-06mai,700,2024-05-02 12:00:00,-17.940818432185573,-65.16602798921127,0.12459600138713195
1o_pulso_02-06mai_2024-05-05_-31.0_-54.5_700,1o_pulso_02-06mai,700,2024-05-02 06:00:00,-17.57058642978967,-65.37599269070458,0.044694377509573356
1o_pulso_02-06mai_2024-05-05_-31.0_-54.5_700,1o_pulso_02-06mai,700,2024-05-02 00:00:00,-17.153291664915727,-65.88000752825198,0.025876365626172404
1o_pulso_02-06mai_2024-05-05_-31.0_-54.5_700,1o_pulso_02-06mai,700,2024-05-01 18:00:00,-16.704365065830903,-66.24854248581123,0.02951406282791636
1o_pulso_02-06mai_2024-05-05_-31.0_-54.5_700,1o_pulso_02-06mai,700,2024-05-01 12:00:00,-15.986535098012736,-67.29418183252811,0.03417227164075403
1o_pulso_02-06mai_2024-05-05_-31.0_-54.5_700,1o_pulso_02-06mai,700,2024-05-01 06:00:00,-15.193795078409066,-68.01835362255311,0.031678699601992245
1o_pulso_02-06mai_2024-05-05_-31.0_-54.5_700,1o_pulso_02-06mai,700,2024-05-01 00:00:00,-14.503631130239446,-68.7468128494848,0.021725872448161467
1o_pulso_02-06mai_2024-05-05_-31.0_-54.5_700,1o_pulso_02-06mai,700,2024-04-30 18:00:00,-14.083381455016637,-69.28884795913099,0.027086376497743894
1o_pulso_02-06mai_2024-05-05_-31.0_-54.5_700,1o_pulso_02-06mai,700,2024-04-30 12:00:00,-13.501775305177395,-70.17821809790162,0.03288476832524301
1o_pulso_02-06mai_2024-05-05_-31.0_-54.5_700,1o_pulso_02-06mai,700,2024-04-30 06:00:00,-13.321378015860263,-70.71368346930836,0.037922803669979625
1o_pulso_02-06mai_2024-05-05_-31.0_-54.5_700,1o_pulso_02-06mai,700,2024-04-30 00:00:00,-13.266797832560618,-70.98677413209522,0.03935968493979246
1o_pulso_02-06mai_2024-05-05_-31.0_-54.5_700,1o_pulso_02-06mai,700,2024-04-29 18:00:00,-13.151152520380835,-71.14060474764386,0.05494166255313822
1o_pulso_02-06mai_2024-05-05_-31.0_-54.5_700,1o_pulso_02-06mai,700,2024-04-29 12:00:00,-12.837193606211375,-71.40153232053187,0.060956972498176734
1o_pulso_02-06mai_2024-05-05_-31.0_-54.5_700,1o_pulso_02-06mai,700,2024-04-29 06:00:00,-12.51237928730333,-71.65994665027655,0.06321458953518826
1o_pulso_02-06mai_2024-05-05_-31.0_-54.5_700,1o_pulso_02-06mai,700,2024-04-29 00:00:00,-12.39166856107088,-71.87926373167475,0.054621201476174865
1o_pulso_02-06mai_2024-05-05_-31.0_-54.5_700,1o_pulso_02-06mai,700,2024-04-28 18:00:00,-12.285655201591247,-71.9829670169699,0.06638292657297959
1o_pulso_02-06mai_2024-05-05_-31.0_-54.5_700,1o_pulso_02-06mai,700,2024-04-28 12:00:00,-12.202153097252276,-72.16536897723466,0.07592138383623458
1o_pulso_02-06mai_2024-05-05_-31.0_-54.5_700,1o_pulso_02-06mai,700,2024-04-28 06:00:00,-12.095281392672034,-72.37925223937528,0.13206533378750543
1o_pulso_02-06mai_2024-05-05_-31.0_-54.5_700,1o_pulso_02-06mai,700,2024-04-28 00:00:00,-11.937574627678709,-72.51151542798563,0.12827137622460916
1o_pulso_02-06mai_2024-05-05_-31.0_-54.5_700,1o_pulso_02-06mai,700,2024-04-27 18:00:00,-11.821034091548702,-72.43146554955482,0.14894370406318788
1o_pulso_02-06mai_2024-05-05_-31.0_-54.5_700,1o_pulso_02-06mai,700,2024-04-27 12:00:00,-11.970562018954334,-72.19206099428445,0.16762100789550533
1o_pulso_02-06mai_2024-05-05_-31.0_-54.5_700,1o_pulso_02-06mai,700,2024-04-27 06:00:00,-12.051562295788006,-71.99150403181895,0.12516786710262776
1o_pulso_02-06mai_2024-05-05_-31.0_-54.5_700,1o_pulso_02-06mai,700,2024-04-27 00:00:00,-12.199974734682426,-71.5543096215426,0.10048179574081034
1o_pulso_02-06mai_2024-05-05_-31.0_-54.5_700,1o_pulso_02-06mai,700,2024-04-26 18:00:00,-12.425245273264512,-71.3140081523731,0.11791882704306275
1o_pulso_02-06mai_2024-05-05_-31.0_-54.5_700,1o_pulso_02-06mai,700,2024-04-26 12:00:00,-12.642099397592204,-71.12235936575107,0.12666429608272273
1o_pulso_02-06mai_2024-05-05_-31.0_-54.5_700,1o_pulso_02-06mai,700,2024-04-26 06:00:00,-12.666857218086454,-70.96041381051428,0.09443528607937782
1o_pulso_02-06mai_2024-05-05_-31.0_-54.5_700,1o_pulso_02-06mai,700,2024-04-26 00:00:00,-12.664702290817264,-70.73520066303222,0.09746439997073592
1o_pulso_02-06mai_2024-05-05_-31.0_-54.5_700,1o_pulso_02-06mai,700,2024-04-25 18:00:00,-12.632087137409233,-70.35081403369837,0.1261018191131296
1o_pulso_02-06mai_2024-05-05_-31.0_-54.5_700,1o_pulso_02-06mai,700,2024-04-25 12:00:00,-12.530521431068982,-69.98552568148027,0.22269500928355002
1o_pulso_02-06mai_2024-05-05_-31.0_-54.5_700,1o_pulso_02-06mai,700,2024-04-25 06:00:00,-12.328158352450748,-69.6103490751299,0.20184594038111506
1o_pulso_02-06mai_2024-05-05_-31.0_-54.5_700,1o_pulso_02-06mai,700,2024-04-25 00:00:00,-12.250969014577821,-69.11493267478353,0.1696952812388265
1o_pulso_02-06mai_2024-05-05_-31.0_-54.5_700,1o_pulso_02-06mai,700,2024-04-24 18:00:00,-12.419547380857889,-68.81777197281204,0.2011524998373376
1o_pulso_02-06mai_2024-05-05_-31.0_-54.5_700,1o_pulso_02-06mai,700,2024-04-24 12:00:00,-12.355944546358586,-68.64035012790802,0.19744832369244883
1o_pulso_02-06mai_2024-05-05_-31.0_-54.5_700,1o_pulso_02-06mai,700,2024-04-24 06:00:00,-12.173272279490606,-68.17424010853539,0.09406526331506336
1o_pulso_02-06mai_2024-05-05_-31.0_-54.5_700,1o_pulso_02-06mai,700,2024-04-24 00:00:00,-12.155651445102455,-67.8298017723547,0.08468324092927568
1o_pulso_02-06mai_2024-05-05_-31.0_-54.5_700,1o_pulso_02-06mai,700,2024-04-23 18:00:00,-12.257925428675003,-67.56410953566098,0.09013958309490752
1o_pulso_02-06mai_2024-05-05_-31.0_-54.5_700,1o_pulso_02-06mai,700,2024-04-23 12:00:00,-12.166092073600012,-67.1134862258045,0.09330314551840507
1o_pulso_02-06mai_2024-05-05_-31.0_-54.5_700,1o_pulso_02-06mai,700,2024-04-23 06:00:00,-11.944788691287773,-66.89142880293464,0.041771763990270896
1o_pulso_02-06mai_2024-05-05_-31.0_-54.5_700,1o_pulso_02-06mai,700,2024-04-23 00:00:00,-11.68459470546545,-66.6879149122676,0.03794029383516583
1o_pulso_02-06mai_2024-05-05_-31.0_-54.5_700,1o_pulso_02-06mai,700,2024-04-22 18:00:00,-11.41341197441906,-66.47395380202033,0.0309078137435023
1o_pulso_02-06mai_2024-05-05_-31.0_-54.5_700,1o_pulso_02-06mai,700,2024-04-22 12:00:00,-11.172365016944733,-66.01402335642855,0.03042530710110406
1o_pulso_02-06mai_2024-05-05_-31.0_-54.5_700,1o_pulso_02-06mai,700,2024-04-22 06:00:00,-11.111465984569971,-65.58197454051721,0.08795741521338857
1o_pulso_02-06mai_2024-05-05_-31.0_-54.5_700,1o_pulso_02-06mai,700,2024-04-22 00:00:00,-10.945284126872265,-65.41592909369136,0.07119516796694277
1o_pulso_02-06mai_2024-05-05_-31.0_-54.5_700,1o_pulso_02-06mai,700,2024-04-21 18:00:00,-10.545563187636514,-65.06344047388332,0.09516095747251876
1o_pulso_02-06mai_2024-05-05_-31.0_-54.5_700,1o_pulso_02-06mai,700,2024-04-21 12:00:00,-10.265491195452835,-64.67715701307245,0.10797050784208648
1o_pulso_02-06mai_2024-05-05_-29.0_-50.0_850,1o_pulso_02-06mai,850,2024-05-05 12:00:00,-29.0,-50.0,0.07953332447343402
1o_pulso_02-06mai_2024-05-05_-29.0_-50.0_850,1o_pulso_02-06mai,850,2024-05-05 06:00:00,-26.416300632758308,-50.91211253690961,0.05136584108639845
1o_pulso_02-06mai_2024-05-05_-29.0_-50.0_850,1o_pulso_02-06mai,850,2024-05-05 00:00:00,-25.166841875979898,-50.90333824606447,0.045591124067831786
1o_pulso_02-06mai_2024-05-05_-29.0_-50.0_850,1o_pulso_02-06mai,850,2024-05-04 18:00:00,-23.975527750161106,-51.27698702296671,0.04784001640390683
1o_pulso_02-06mai_2024-05-05_-29.0_-50.0_850,1o_pulso_02-06mai,850,2024-05-04 12:00:00,-22.345149205483064,-51.58829617329064,0.04506837918034443
1o_pulso_02-06mai_2024-05-05_-29.0_-50.0_850,1o_pulso_02-06mai,850,2024-05-04 06:00:00,-20.91004341986769,-51.34764471489497,0.03160976040078703
1o_pulso_02-06mai_2024-05-05_-29.0_-50.0_850,1o_pulso_02-06mai,850,2024-05-04 00:00:00,-19.557893178749104,-50.77906725847342,0.0289024214889988
1o_pulso_02-06mai_2024-05-05_-29.0_-50.0_850,1o_pulso_02-06mai,850,2024-05-03 18:00:00,-18.873456123976823,-50.269176294904106,0.03220539250762033
1o_pulso_02-06mai_2024-05-05_-29.0_-50.0_850,1o_pulso_02-06mai,850,2024-05-03 12:00:00,-18.38567439276857,-49.92124260367055,0.028021607274204878
1o_pulso_02-06mai_2024-05-05_-29.0_-50.0_850,1o_pulso_02-06mai,850,2024-05-03 06:00:00,-18.03663989453808,-49.333722675134275,0.023461554603526242
1o_pulso_02-06mai_2024-05-05_-29.0_-50.0_850,1o_pulso_02-06mai,850,2024-05-03 00:00:00,-17.79903231982548,-48.71967775939309,0.02269967504905556
1o_pulso_02-06mai_2024-05-05_-29.0_-50.0_850,1o_pulso_02-06mai,850,2024-05-02 18:00:00,-17.373761563533485,-48.37925115629591,0.019110059046465365
1o_pulso_02-06mai_2024-05-05_-29.0_-50.0_850,1o_pulso_02-06mai,850,2024-05-02 12:00:00,-16.462757133562302,-47.62711218520281,0.013272823431292161
1o_pulso_02-06mai_2024-05-05_-29.0_-50.0_850,1o_pulso_02-06mai,850,2024-05-02 06:00:00,-16.15874678386427,-46.216020224493356,0.0269084814417475
1o_pulso_02-06mai_2024-05-05_-29.0_-50.0_850,1o_pulso_02-06mai,850,2024-05-02 00:00:00,-16.3361857147975,-45.10057385683665,0.026641488166668455
1o_pulso_02-06mai_2024-05-05_-29.0_-50.0_850,1o_pulso_02-06mai,850,2024-05-01 18:00:00,-16.484551409008592,-44.41005403013489,0.024146622886311767
1o_pulso_02-06mai_2024-05-05_-29.0_-50.0_850,1o_pulso_02-06mai,850,2024-05-01 12:00:00,-16.553727492687862,-43.42454061157397,0.023365369477310157
1o_pulso_02-06mai_2024-05-05_-29.0_-50.0_850,1o_pulso_02-06mai,850,2024-05-01 06:00:00,-16.847435108934878,-42.34183484202816,0.024011306244387912
1o_pulso_02-06mai_2024-05-05_-29.0_-50.0_850,1o_pulso_02-06mai,850,2024-05-01 00:00:00,-17.102599292674178,-41.703555205556086,0.025786919275377112
1o_pulso_02-06mai_2024-05-05_-29.0_-50.0_850,1o_pulso_02-06mai,850,2024-04-30 18:00:00,-17.24854158882965,-41.21113078726833,0.0282200153112494
1o_pulso_02-06mai_2024-05-05_-29.0_-50.0_850,1o_pulso_02-06mai,850,2024-04-30 12:00:00,-17.383365775124172,-40.656309862175895,0.02628949652789728
1o_pulso_02-06mai_2024-05-05_-29.0_-50.0_850,1o_pulso_02-06mai,850,2024-04-30 06:00:00,-18.067219648277984,-39.8498859268995,0.02143506637603267
1o_pulso_02-06mai_2024-05-05_-29.0_-50.0_850,1o_pulso_02-06mai,850,2024-04-30 00:00:00,-18.781716419737883,-39.38591702251187,0.012038629327870433
1o_pulso_02-06mai_2024-05-05_-29.0_-50.0_850,1o_pulso_02-06mai,850,2024-04-29 18:00:00,-19.497253183536387,-39.201776920296275,0.010409649817893687
1o_pulso_02-06mai_2024-05-05_-29.0_-50.0_850,1o_pulso_02-06mai,850,2024-04-29 12:00:00,-19.982349409284115,-38.97587693039928,0.008020282347184316
1o_pulso_02-06mai_2024-05-05_-29.0_-50.0_850,1o_pulso_02-06mai,850,2024-04-29 06:00:00,-20.652183710006437,-38.92374600510371,0.030495089049691605
1o_pulso_02-06mai_2024-05-05_-29.0_-50.0_850,1o_pulso_02-06mai,850,2024-04-29 00:00:00,-21.750746885283643,-39.25607483238629,0.027784193650909374
1o_pulso_02-06mai_2024-05-05_-29.0_-50.0_850,1o_pulso_02-06mai,850,2024-04-28 18:00:00,-22.7600715592776,-39.965135367336835,0.03687396720134411
1o_pulso_02-06mai_2024-05-05_-29.0_-50.0_850,1o_pulso_02-06mai,850,2024-04-28 12:00:00,-22.91394000618757,-40.782512376479005,0.04577633523254703
1o_pulso_02-06mai_2024-05-05_-29.0_-50.0_850,1o_pulso_02-06mai,850,2024-04-28 06:00:00,-22.91406388586756,-41.172015726197465,0.04423468500257338
1o_pulso_02-06mai_2024-05-05_-29.0_-50.0_850,1o_pulso_02-06mai,850,2024-04-28 00:00:00,-23.19106655164249,-41.556726429542486,0.047370745891379
1o_pulso_02-06mai_2024-05-05_-29.0_-50.0_850,1o_pulso_02-06mai,850,2024-04-27 18:00:00,-23.456670038551025,-42.32688991566827,0.05057469113838078
1o_pulso_02-06mai_2024-05-05_-29.0_-50.0_850,1o_pulso_02-06mai,850,2024-04-27 12:00:00,-23.359012515224578,-43.20574185527273,0.05381229564281579
1o_pulso_02-06mai_2024-05-05_-29.0_-50.0_850,1o_pulso_02-06mai,850,2024-04-27 06:00:00,-22.736260583428038,-43.34652098364373,0.08882907257553947
1o_pulso_02-06mai_2024-05-05_-29.0_-50.0_850,1o_pulso_02-06mai,850,2024-04-27 00:00:00,-22.263426120882897,-42.96287466158223,0.0822213954533158
1o_pulso_02-06mai_2024-05-05_-29.0_-50.0_850,1o_pulso_02-06mai,850,2024-04-26 18:00:00,-21.974838814132895,-42.47175691587087,0.07765423292258238
1o_pulso_02-06mai_2024-05-05_-29.0_-50.0_850,1o_pulso_02-06mai,850,2024-04-26 12:00:00,-21.831989276952925,-42.17415644273583,0.09712378668348509
1o_pulso_02-06mai_2024-05-05_-29.0_-50.0_850,1o_pulso_02-06mai,850,2024-04-26 06:00:00,-22.072836114361444,-41.56619642626909,0.09147619723693942
1o_pulso_02-06mai_2024-05-05_-29.0_-50.0_850,1o_pulso_02-06mai,850,2024-04-26 00:00:00,-22.613262103460475,-41.34235571031933,0.0837483115212269
1o_pulso_02-06mai_2024-05-05_-29.0_-50.0_850,1o_pulso_02-06mai,850,2024-04-25 18:00:00,-23.349299778378885,-41.33315500477361,0.08761624968059233
1o_pulso_02-06mai_2024-05-05_-29.0_-50.0_850,1o_pulso_02-06mai,850,2024-04-25 12:00:00,-24.33071847516849,-41.72067487367833,0.10734392103145073
1o_pulso_02-06mai_2024-05-05_-29.0_-50.0_850,1o_pulso_02-06mai,850,2024-04-25 06:00:00,-25.417585977270072,-42.634759104121,0.06174415719852218
1o_pulso_02-06mai_2024-05-05_-29.0_-50.0_850,1o_pulso_02-06mai,850,2024-04-25 00:00:00,-26.743351750669994,-44.05724324547564,0.06495755098475532
1o_pulso_02-06mai_2024-05-05_-29.0_-50.0_850,1o_pulso_02-06mai,850,2024-04-24 18:00:00,-27.719038424167593,-45.65621710933095,0.06726223037006426
1o_pulso_02-06mai_2024-05-05_-29.0_-50.0_850,1o_pulso_02-06mai,850,2024-04-24 12:00:00,-28.327586637522263,-47.36337302467594,0.05936888557294315
1o_pulso_02-06mai_2024-05-05_-29.0_-50.0_850,1o_pulso_02-06mai,850,2024-04-24 06:00:00,-28.827545866955433,-48.994735245178894,0.050282076189658166
1o_pulso_02-06mai_2024-05-05_-29.0_-50.0_850,1o_pulso_02-06mai,850,2024-04-24 00:00:00,-28.948468157682072,-50.888504961825205,0.06567055156983832
1o_pulso_02-06mai_2024-05-05_-29.0_-50.0_850,1o_pulso_02-06mai,850,2024-04-23 18:00:00,-28.471297395156224,-52.14587582674918,0.06340698702213071
1o_pulso_02-06mai_2024-05-05_-29.0_-50.0_850,1o_pulso_02-06mai,850,2024-04-23 12:00:00,-28.154576559041185,-53.696275461278944,0.08454801359607948
1o_pulso_02-06mai_2024-05-05_-29.0_-50.0_850,1o_pulso_02-06mai,850,2024-04-23 06:00:00,-27.770712258156045,-55.66077613079534,0.08758870815666658
1o_pulso_02-06mai_2024-05-05_-29.0_-50.0_850,1o_pulso_02-06mai,850,2024-04-23 00:00:00,-26.45051181253349,-57.0863491509786,0.08601834913283533
1o_pulso_02-06mai_2024-05-05_-29.0_-50.0_850,1o_pulso_02-06mai,850,2024-04-22 18:00:00,-24.20719777465375,-58.297148456208035,0.04522125211492358
1o_pulso_02-06mai_2024-05-05_-29.0_-50.0_850,1o_pulso_02-06mai,850,2024-04-22 12:00:00,-21.616608264470898,-58.70722353815264,0.05107666606406246
1o_pulso_02-06mai_2024-05-05_-29.0_-50.0_850,1o_pulso_02-06mai,850,2024-04-22 06:00:00,-19.16989082859407,-59.318571992211716,0.0614649446878063
1o_pulso_02-06mai_2024-05-05_-29.0_-50.0_850,1o_pulso_02-06mai,850,2024-04-22 00:00:00,-17.108043242111826,-59.26900212168804,0.06097384361873635
1o_pulso_02-06mai_2024-05-05_-29.0_-50.0_850,1o_pulso_02-06mai,850,2024-04-21 18:00:00,-16.035035772966296,-59.07751733220517,0.07970270405367809
1o_pulso_02-06mai_2024-05-05_-29.0_-50.0_850,1o_pulso_02-06mai,850,2024-04-21 12:00:00,-14.85653708738342,-58.3966996652093,0.08229948264873217
1o_pulso_02-06mai_2024-05-05_-29.0_-50.0_700,1o_pulso_02-06mai,700,2024-05-05 12:00:00,-29.0,-50.0,0.07953332447343402
1o_pulso_02-06mai_2024-05-05_-29.0_-50.0_700,1o_pulso_02-06mai,700,2024-05-05 06:00:00,-27.114464177679913,-51.79925703260314,0.049056582478971045
1o_pulso_02-06mai_2024-05-05_-29.0_-50.0_700,1o_pulso_02-06mai,700,2024-05-05 00:00:00,-25.306423393751064,-52.548694656274485,0.046346891816843545
1o_pulso_02-06mai_2024-05-05_-29.0_-50.0_700,1o_pulso_02-06mai,700,2024-05-04 18:00:00,-24.01566455558152,-53.07618618769003,0.047169069578806205
1o_pulso_02-06mai_2024-05-05_-29.0_-50.0_700,1o_pulso_02-06mai,700,2024-05-04 12:00:00,-22.74775298700371,-53.42748233343553,0.05123023933420093
1o_pulso_02-06mai_2024-05-05_-29.0_-50.0_700,1o_pulso_02-06mai,700,2024-05-04 06:00:00,-21.848227875107746,-53.53076859172898,0.024910429955212563
1o_pulso_02-06mai_2024-05-05_-29.0_-50.0_700,1o_pulso_02-06mai,700,2024-05-04 00:00:00,-20.923656633734343,-54.03783624467818,0.023344985301338137
1o_pulso_02-06mai_2024-05-05_-29.0_-50.0_700,1o_pulso_02-06mai,700,2024-05-03 18:00:00,-20.05059646645392,-54.60539976366031,0.028093200261196834
1o_pulso_02-06mai_2024-05-05_-29.0_-50.0_700,1o_pulso_02-06mai,700,2024-05-03 12:00:00,-19.51837407016779,-54.699808607204815,0.028632755307035646
1o_pulso_02-06mai_2024-05-05_-29.0_-50.0_700,1o_pulso_02-06mai,700,2024-05-03 06:00:00,-19.345969612527707,-55.2773962496169,0.03744796148637814
1o_pulso_02-06mai_2024-05-05_-29.0_-50.0_700,1o_pulso_02-06mai,700,2024-05-03 00:00:00,-18.947147128245184,-56.31656355028833,0.04318581603544274
1o_pulso_02-06mai_2024-05-05_-29.0_-50.0_700,1o_pulso_02-06mai,700,2024-05-02 18:00:00,-18.325277196662775,-57.51484905478592,0.0807035133841955
1o_pulso_02-06mai_2024-05-05_-29.0_-50.0_700,1o_pulso_02-06mai,700,2024-05-02 12:00:00,-17.02963719208722,-58.65406103273914,0.047342981688918005
1o_pulso_02-06mai_2024-05-05_-29.0_-50.0_700,1o_pulso_02-06mai,700,2024-05-02 06:00:00,-15.831953947579455,-59.240231971458655,0.026901036063191854
1o_pulso_02-06mai_2024-05-05_-29.0_-50.0_700,1o_pulso_02-06mai,700,2024-05-02 00:00:00,-14.872576895757378,-59.30820636607026,0.025195631521516975
1o_pulso_02-06mai_2024-05-05_-29.0_-50.0_700,1o_pulso_02-06mai,700,2024-05-01 18:00:00,-14.244679122804934,-58.893449884638365,0.019207130725463976
1o_pulso_02-06mai_2024-05-05_-29.0_-50.0_700,1o_pulso_02-06mai,700,2024-05-01 12:00:00,-13.684019251401395,-58.28840527148479,0.017412023979809423
1o_pulso_02-06mai_2024-05-05_-29.0_-50.0_700,1o_pulso_02-06mai,700,2024-05-01 06:00:00,-13.190898095788924,-57.44229004681455,0.03272596139669554
1o_pulso_02-06mai_2024-05-05_-29.0_-50.0_700,1o_pulso_02-06mai,700,2024-05-01 00:00:00,-12.704053205625417,-56.38588360612213,0.021444575605063833
1o_pulso_02-06mai_2024-05-05_-29.0_-50.0_700,1o_pulso_02-06mai,700,2024-04-30 18:00:00,-12.346747047153894,-55.272182724235186,0.020169434879756903
1o_pulso_02-06mai_2024-05-05_-29.0_-50.0_700,1o_pulso_02-06mai,700,2024-04-30 12:00:00,-11.63258110366818,-53.961267955151506,0.01835993681826132
1o_pulso_02-06mai_2024-05-05_-29.0_-50.0_700,1o_pulso_02-06mai,700,2024-04-30 06:00:00,-10.999695122296158,-52.401958534300874,0.032145839363157465
1o_pulso_02-06mai_2024-05-05_-29.0_-50.0_700,1o_pulso_02-06mai,700,2024-04-30 00:00:00,-10.68060851591426,-50.61010113232329,0.030399456409244095
1o_pulso_02-06mai_2024-05-05_-29.0_-50.0_700,1o_pulso_02-06mai,700,2024-04-29 18:00:00,-10.665286556105338,-48.74059812623148,0.026401459657406083
1o_pulso_02-06mai_2024-05-05_-29.0_-50.0_700,1o_pulso_02-06mai,700,2024-04-29 12:00:00,-11.025347603234241,-46.73917060291574,0.024694064381633338
1o_pulso_02-06mai_2024-05-05_-29.0_-50.0_700,1o_pulso_02-06mai,700,2024-04-29 06:00:00,-11.146104836260012,-44.97741970829968,0.031723210347137806
1o_pulso_02-06mai_2024-05-05_-29.0_-50.0_700,1o_pulso_02-06mai,700,2024-04-29 00:00:00,-11.46505741149143,-43.08253641274727,0.02794700672209341
1o_pulso_02-06mai_2024-05-05_-29.0_-50.0_700,1o_pulso_02-06mai,700,2024-04-28 18:00:00,-12.126891809144093,-42.12315005403069,0.026674358625646013
1o_pulso_02-06mai_2024-05-05_-29.0_-50.0_700,1o_pulso_02-06mai,700,2024-04-28 12:00:00,-12.676199576889838,-41.28104858222901,0.029681126546027593
1o_pulso_02-06mai_2024-05-05_-29.0_-50.0_700,1o_pulso_02-06mai,700,2024-04-28 06:00:00,-12.971256541843186,-39.950927994140116,0.03035210774274709
1o_pulso_02-06mai_2024-05-05_-29.0_-50.0_700,1o_pulso_02-06mai,700,2024-04-28 00:00:00,-13.437680918247816,-38.40665022644761,0.01981141688872071
1o_pulso_02-06mai_2024-05-05_-29.0_-50.0_700,1o_pulso_02-06mai,700,2024-04-27 18:00:00,-14.132283786851099,-37.24658523176492,0.019835582405378232
1o_pulso_02-06mai_2024-05-05_-29.0_-50.0_700,1o_pulso_02-06mai,700,2024-04-27 12:00:00,-15.042865202179593,-36.42815881280393,0.02298516245861105
1o_pulso_02-06mai_2024-05-05_-29.0_-50.0_700,1o_pulso_02-06mai,700,2024-04-27 06:00:00,-16.04097816200221,-35.83360686497361,0.023826364775496187
1o_pulso_02-06mai_2024-05-05_-29.0_-50.0_700,1o_pulso_02-06mai,700,2024-04-27 00:00:00,-17.029628485111125,-35.51299489032871,0.02885824859651123
1o_pulso_02-06mai_2024-05-05_-29.0_-50.0_700,1o_pulso_02-06mai,700,2024-04-26 18:00:00,-17.8074346112512,-35.40254859880957,0.030784449140241116
1o_pulso_02-06mai_2024-05-05_-29.0_-50.0_700,1o_pulso_02-06mai,700,2024-04-26 12:00:00,-18.47845652306833,-35.50151862860916,0.033418028873770364
1o_pulso_02-06mai_2024-05-05_-29.0_-50.0_700,1o_pulso_02-06mai,700,2024-04-26 06:00:00,-18.80955569739917,-35.478274476656125,0.022696795660779222
1o_pulso_02-06mai_2024-05-05_-29.0_-50.0_700,1o_pulso_02-06mai,700,2024-04-26 00:00:00,-19.434956340325936,-35.48821018779563,0.026227591952410867
1o_pulso_02-06mai_2024-05-05_-29.0_-50.0_700,1o_pulso_02-06mai,700,2024-04-25 18:00:00,-19.938460877451895,-35.71986060713054,0.026973942358811943
1o_pulso_02-06mai_2024-05-05_-29.0_-50.0_700,1o_pulso_02-06mai,700,2024-04-25 12:00:00,-20.39384042932712,-36.2484238810244,0.029621756058145838
1o_pulso_02-06mai_2024-05-05_-29.0_-50.0_700,1o_pulso_02-06mai,700,2024-04-25 06:00:00,-20.862020789491236,-37.02942081222801,0.01839903487436724
1o_pulso_02-06mai_2024-05-05_-29.0_-50.0_700,1o_pulso_02-06mai,700,2024-04-25 00:00:00,-21.42091701770777,-38.19325168232227,0.01881717944322184
1o_pulso_02-06mai_2024-05-05_-29.0_-50.0_700,1o_pulso_02-06mai,700,2024-04-24 18:00:00,-21.708387994460182,-39.51017081949886,0.0315014417474722
1o_pulso_02-06mai_2024-05-05_-29.0_-50.0_700,1o_pulso_02-06mai,700,2024-04-24 12:00:00,-21.564088647901276,-40.701194431491494,0.04107763916382522
1o_pulso_02-06mai_2024-05-05_-29.0_-50.0_700,1o_pulso_02-06mai,700,2024-04-24 06:00:00,-21.64024691087771,-41.66125728659611,0.04139132393844561
1o_pulso_02-06mai_2024-05-05_-29.0_-50.0_700,1o_pulso_02-06mai,700,2024-04-24 00:00:00,-21.467680719800434,-42.63470911787754,0.03452553134686366
1o_pulso_02-06mai_2024-05-05_-29.0_-50.0_700,1o_pulso_02-06mai,700,2024-04-23 18:00:00,-20.802932493557595,-44.12267840305604,0.019311544870037174
1o_pulso_02-06mai_2024-05-05_-29.0_-50.0_700,1o_pulso_02-06mai,700,2024-04-23 12:00:00,-19.535515822269282,-45.179913159716286,0.010426955197321609
1o_pulso_02-06mai_2024-05-05_-29.0_-50.0_700,1o_pulso_02-06mai,700,2024-04-23 06:00:00,-18.38677265152006,-45.76641419878188,0.017265947288149383
1o_pulso_02-06mai_2024-05-05_-29.0_-50.0_700,1o_pulso_02-06mai,700,2024-04-23 00:00:00,-17.800208488586257,-46.20207375432037,0.015052976153392371
1o_pulso_02-06mai_2024-05-05_-29.0_-50.0_700,1o_pulso_02-06mai,700,2024-04-22 18:00:00,-17.019644163919757,-46.69794913530205,0.01413702169263278
1o_pulso_02-06mai_2024-05-05_-29.0_-50.0_700,1o_pulso_02-06mai,700,2024-04-22 12:00:00,-15.92454458880345,-47.0811632375773,0.01741870132265118
1o_pulso_02-06mai_2024-05-05_-29.0_-50.0_700,1o_pulso_02-06mai,700,2024-04-22 06:00:00,-14.91617937407621,-46.900924406039735,0.025556520010205974
1o_pulso_02-06mai_2024-05-05_-29.0_-50.0_700,1o_pulso_02-06mai,700,2024-04-22 00:00:00,-14.168663771923832,-46.081406931250335,0.027030875344817486
1o_pulso_02-06mai_2024-05-05_-29.0_-50.0_700,1o_pulso_02-06mai,700,2024-04-21 18:00:00,-13.839308110792606,-44.7873075302608,0.03198420384861499
1o_pulso_02-06mai_2024-05-05_-29.0_-50.0_700,1o_pulso_02-06mai,700,2024-04-21 12:00:00,-14.01606859381143,-43.643135966096565,0.04513047489551594
2o_pulso_11-13mai_2024-05-12_-29.5_-52.0_850,2o_pulso_11-13mai,850,2024-05-12 12:00:00,-29.5,-52.0,0.08366551705532603
2o_pulso_11-13mai_2024-05-12_-29.5_-52.0_850,2o_pulso_11-13mai,850,2024-05-12 06:00:00,-27.849291064299734,-54.57668948048104,0.17500977257485237
2o_pulso_11-13mai_2024-05-12_-29.5_-52.0_850,2o_pulso_11-13mai,850,2024-05-12 00:00:00,-25.579375810946118,-56.685543955907384,0.17769045808642925
2o_pulso_11-13mai_2024-05-12_-29.5_-52.0_850,2o_pulso_11-13mai,850,2024-05-11 18:00:00,-23.093352519709992,-58.08868195006996,0.07996694569374276
2o_pulso_11-13mai_2024-05-12_-29.5_-52.0_850,2o_pulso_11-13mai,850,2024-05-11 12:00:00,-20.896111397569513,-59.24729315822667,0.10225622406955018
2o_pulso_11-13mai_2024-05-12_-29.5_-52.0_850,2o_pulso_11-13mai,850,2024-05-11 06:00:00,-18.25626134035107,-60.33361086094312,0.07969297223104975
2o_pulso_11-13mai_2024-05-12_-29.5_-52.0_850,2o_pulso_11-13mai,850,2024-05-11 00:00:00,-16.26747895041482,-60.52523282235069,0.05163078338616603
2o_pulso_11-13mai_2024-05-12_-29.5_-52.0_850,2o_pulso_11-13mai,850,2024-05-10 18:00:00,-14.96186564349902,-60.84880896423665,0.036842257175236696
2o_pulso_11-13mai_2024-05-12_-29.5_-52.0_850,2o_pulso_11-13mai,850,2024-05-10 12:00:00,-13.530692719305314,-60.293534464593094,0.03224838981533928
2o_pulso_11-13mai_2024-05-12_-29.5_-52.0_850,2o_pulso_11-13mai,850,2024-05-10 06:00:00,-12.78670136562771,-58.68463448471399,0.03367004395240155
2o_pulso_11-13mai_2024-05-12_-29.5_-52.0_850,2o_pulso_11-13mai,850,2024-05-10 00:00:00,-12.551458164462275,-56.94865791913574,0.02401449286830187
2o_pulso_11-13mai_2024-05-12_-29.5_-52.0_850,2o_pulso_11-13mai,850,2024-05-09 18:00:00,-12.701756788264943,-55.76968250856164,0.016629090648914442
2o_pulso_11-13mai_2024-05-12_-29.5_-52.0_850,2o_pulso_11-13mai,850,2024-05-09 12:00:00,-12.75043405885522,-54.47582285293771,0.02540708662091497
2o_pulso_11-13mai_2024-05-12_-29.5_-52.0_850,2o_pulso_11-13mai,850,2024-05-09 06:00:00,-12.738891051516445,-52.85374123807862,0.009970130058574155
2o_pulso_11-13mai_2024-05-12_-29.5_-52.0_850,2o_pulso_11-13mai,850,2024-05-09 00:00:00,-12.756506745729009,-51.46151228895223,0.00659666115480078
2o_pulso_11-13mai_2024-05-12_-29.5_-52.0_850,2o_pulso_11-13mai,850,2024-05-08 18:00:00,-12.619271126316587,-50.36793968801078,0.004682970279379918
2o_pulso_11-13mai_2024-05-12_-29.5_-52.0_850,2o_pulso_11-13mai,850,2024-05-08 12:00:00,-12.255835088268812,-48.824747191513794,0.005109870069017124
2o_pulso_11-13mai_2024-05-12_-29.5_-52.0_850,2o_pulso_11-13mai,850,2024-05-08 06:00:00,-12.252738798537985,-46.81158921182968,0.014796278396303942
2o_pulso_11-13mai_2024-05-12_-29.5_-52.0_850,2o_pulso_11-13mai,850,2024-05-08 00:00:00,-12.77771793665415,-44.64550191260043,0.01224701997099268
2o_pulso_11-13mai_2024-05-12_-29.5_-52.0_850,2o_pulso_11-13mai,850,2024-05-07 18:00:00,-13.370497658524693,-42.92595812836673,0.011137899349648976
2o_pulso_11-13mai_2024-05-12_-29.5_-52.0_850,2o_pulso_11-13mai,850,2024-05-07 12:00:00,-14.034386085049203,-41.1020923790301,0.014010254338283958
2o_pulso_11-13mai_2024-05-12_-29.5_-52.0_850,2o_pulso_11-13mai,850,2024-05-07 06:00:00,-15.036436734761509,-38.85787084539422,0.03089183752134367
2o_pulso_11-13mai_2024-05-12_-29.5_-52.0_850,2o_pulso_11-13mai,850,2024-05-07 00:00:00,-15.714423986931934,-36.94350036896186,0.02784085868255521
2o_pulso_11-13mai_2024-05-12_-29.5_-52.0_850,2o_pulso_11-13mai,850,2024-05-06 18:00:00,-16.099755294640346,-34.813628897912466,0.030715949281342005
2o_pulso_11-13mai_2024-05-12_-29.5_-52.0_700,2o_pulso_11-13mai,700,2024-05-12 12:00:00,-29.5,-52.0,0.08366551705532603
2o_pulso_11-13mai_2024-05-12_-29.5_-52.0_700,2o_pulso_11-13mai,700,2024-05-12 06:00:00,-26.83701889817106,-57.254377146291354,0.12638182352789282
2o_pulso_11-13mai_2024-05-12_-29.5_-52.0_700,2o_pulso_11-13mai,700,2024-05-12 00:00:00,-23.079105812407267,-60.23498572427798,0.12053768430430896
2o_pulso_11-13mai_2024-05-12_-29.5_-52.0_700,2o_pulso_11-13mai,700,2024-05-11 18:00:00,-20.071570501824112,-62.14500592551012,0.14615298257524503
2o_pulso_11-13mai_2024-05-12_-29.5_-52.0_700,2o_pulso_11-13mai,700,2024-05-11 12:00:00,-17.894814953899058,-63.580504382511634,0.11690815633092112
2o_pulso_11-13mai_2024-05-12_-29.5_-52.0_700,2o_pulso_11-13mai,700,2024-05-11 06:00:00,-16.74037711770783,-65.51431211874747,0.10570835747932607
2o_pulso_11-13mai_2024-05-12_-29.5_-52.0_700,2o_pulso_11-13mai,700,2024-05-11 00:00:00,-16.188975355460236,-66.79307284858191,0.09382364780437213
2o_pulso_11-13mai_2024-05-12_-29.5_-52.0_700,2o_pulso_11-13mai,700,2024-05-10 18:00:00,-15.869031446897983,-67.5885172357048,0.11576746366665283
2o_pulso_11-13mai_2024-05-12_-29.5_-52.0_700,2o_pulso_11-13mai,700,2024-05-10 12:00:00,-15.444801317192741,-68.12063742294988,0.12075586316919164
2o_pulso_11-13mai_2024-05-12_-29.5_-52.0_700,2o_pulso_11-13mai,700,2024-05-10 06:00:00,-15.067755314229329,-68.4473449481569,0.0529065107565265
2o_pulso_11-13mai_2024-05-12_-29.5_-52.0_700,2o_pulso_11-13mai,700,2024-05-10 00:00:00,-14.775922881700042,-68.6962892381264,0.04827913344047942
2o_pulso_11-13mai_2024-05-12_-29.5_-52.0_700,2o_pulso_11-13mai,700,2024-05-09 18:00:00,-14.742993026886527,-68.67792802863049,0.05582672154058212
2o_pulso_11-13mai_2024-05-12_-29.5_-52.0_700,2o_pulso_11-13mai,700,2024-05-09 12:00:00,-15.004097050608516,-68.47884240017615,0.0825406142743603
2o_pulso_11-13mai_2024-05-12_-29.5_-52.0_700,2o_pulso_11-13mai,700,2024-05-09 06:00:00,-15.264432153193576,-68.04307788717345,0.13376585549120398
2o_pulso_11-13mai_2024-05-12_-29.5_-52.0_700,2o_pulso_11-13mai,700,2024-05-09 00:00:00,-15.55253904564183,-67.95337711059491,0.1403708968999267
2o_pulso_11-13mai_2024-05-12_-29.5_-52.0_700,2o_pulso_11-13mai,700,2024-05-08 18:00:00,-15.62633777066031,-67.95843735009441,0.15029073662746753
2o_pulso_11-13mai_2024-05-12_-29.5_-52.0_700,2o_pulso_11-13mai,700,2024-05-08 12:00:00,-15.541645408677919,-67.98914710619307,0.19089102402607244
2o_pulso_11-13mai_2024-05-12_-29.5_-52.0_700,2o_pulso_11-13mai,700,2024-05-08 06:00:00,-15.341585711369309,-68.19858939395932,0.14856670927550406
2o_pulso_11-13mai_2024-05-12_-29.5_-52.0_700,2o_pulso_11-13mai,700,2024-05-08 00:00:00,-15.329451584374674,-68.39754362063914,0.1262843837074903
2o_pulso_11-13mai_2024-05-12_-29.5_-52.0_700,2o_pulso_11-13mai,700,2024-05-07 18:00:00,-15.155303392813083,-68.53761097376578,0.10401684470576261
2o_pulso_11-13mai_2024-05-12_-29.5_-52.0_700,2o_pulso_11-13mai,700,2024-05-07 12:00:00,-15.036518857632037,-68.66251497282944,0.10070749435087163
2o_pulso_11-13mai_2024-05-12_-29.5_-52.0_700,2o_pulso_11-13mai,700,2024-05-07 06:00:00,-14.982547605360274,-68.84450638610784,0.05866624045621941
2o_pulso_11-13mai_2024-05-12_-29.5_-52.0_700,2o_pulso_11-13mai,700,2024-05-07 00:00:00,-14.965783069023736,-68.9800597836379,0.051139252336204914
2o_pulso_11-13mai_2024-05-12_-29.5_-52.0_700,2o_pulso_11-13mai,700,2024-05-06 18:00:00,-14.839552777246316,-68.85825999725543,0.045072787558079225
2o_pulso_11-13mai_2024-05-12_-29.5_-52.0_700,2o_pulso_11-13mai,700,2024-05-06 12:00:00,-14.657330407673523,-69.03515735332068,0.03893147322819261
2o_pulso_11-13mai_2024-05-12_-29.5_-52.0_700,2o_pulso_11-13mai,700,2024-05-06 06:00:00,-14.704434307508665,-69.2303584961201,0.04618168441371406
2o_pulso_11-13mai_2024-05-12_-29.5_-52.0_700,2o_pulso_11-13mai,700,2024-05-06 00:00:00,-14.676224596404428,-69.30296767394316,0.05570483016847787
2o_pulso_11-13mai_2024-05-12_-29.5_-52.0_700,2o_pulso_11-13mai,700,2024-05-05 18:00:00,-14.50905327811742,-69.279821677905,0.05963483655245543
2o_pulso_11-13mai_2024-05-12_-29.5_-52.0_700,2o_pulso_11-13mai,700,2024-05-05 12:00:00,-14.14819811396933,-69.5902365579169,0.052593327300769405
2o_pulso_11-13mai_2024-05-12_-29.5_-52.0_700,2o_pulso_11-13mai,700,2024-05-05 06:00:00,-14.214542487803264,-69.85311406493497,0.038249148616215076
2o_pulso_11-13mai_2024-05-12_-29.5_-52.0_700,2o_pulso_11-13mai,700,2024-05-05 00:00:00,-14.180020315354358,-69.95077830419278,0.050447795886595447
2o_pulso_11-13mai_2024-05-12_-29.5_-52.0_700,2o_pulso_11-13mai,700,2024-05-04 18:00:00,-14.031252526218271,-69.84806566016057,0.07376292993959928
2o_pulso_11-13mai_2024-05-12_-29.5_-52.0_700,2o_pulso_11-13mai,700,2024-05-04 12:00:00,-13.746074529719436,-70.17505631947708,0.0910512702429614
2o_pulso_11-13mai_2024-05-12_-29.5_-52.0_700,2o_pulso_11-13mai,700,2024-05-04 06:00:00,-13.764183970888828,-70.38214517462421,0.049654247385713814
2o_pulso_11-13mai_2024-05-12_-29.5_-52.0_700,2o_pulso_11-13mai,700,2024-05-04 00:00:00,-13.874832480500153,-70.48230152509772,0.05093690714840882
2o_pulso_11-13mai_2024-05-12_-29.5_-52.0_700,2o_pulso_11-13mai,700,2024-05-03 18:00:00,-13.834865129108223,-70.53061580144981,0.06727700120867493
2o_pulso_11-13mai_2024-05-12_-29.5_-52.0_700,2o_pulso_11-13mai,700,2024-05-03 12:00:00,-13.843171229467094,-70.57808411723238,0.1022960225736386
2o_pulso_11-13mai_2024-05-12_-29.5_-52.0_700,2o_pulso_11-13mai,700,2024-05-03 06:00:00,-13.857336101236324,-70.66083998380707,0.05674029078855276
2o_pulso_11-13mai_2024-05-12_-29.5_-52.0_700,2o_pulso_11-13mai,700,2024-05-03 00:00:00,-13.854026972866887,-70.72842071260716,0.05087255850529575
2o_pulso_11-13mai_2024-05-12_-29.5_-52.0_700,2o_pulso_11-13mai,700,2024-05-02 18:00:00,-13.674312583414913,-70.75554751715057,0.08184720151667375
2o_pulso_11-13mai_2024-05-12_-29.5_-52.0_700,2o_pulso_11-13mai,700,2024-05-02 12:00:00,-13.558147048764878,-70.92408870671383,0.07782978206955832
2o_pulso_11-13mai_2024-05-12_-29.5_-52.0_700,2o_pulso_11-13mai,700,2024-05-02 06:00:00,-13.686249328692275,-71.01631563306053,0.059648696238414275
2o_pulso_11-13mai_2024-05-12_-29.5_-52.0_700,2o_pulso_11-13mai,700,2024-05-02 00:00:00,-13.734459194482847,-71.071679748096,0.06185053775966915
2o_pulso_11-13mai_2024-05-12_-29.5_-52.0_700,2o_pulso_11-13mai,700,2024-05-01 18:00:00,-13.549626882837542,-71.19538361695092,0.07923525603238732
2o_pulso_11-13mai_2024-05-12_-29.5_-52.0_700,2o_pulso_11-13mai,700,2024-05-01 12:00:00,-13.44060873458853,-71.24859341543666,0.08105062640193358
2o_pulso_11-13mai_2024-05-12_-29.5_-52.0_700,2o_pulso_11-13mai,700,2024-05-01 06:00:00,-13.617834305006019,-71.1959788859442,0.03089143816441054
2o_pulso_11-13mai_2024-05-12_-29.5_-52.0_700,2o_pulso_11-13mai,700,2024-05-01 00:00:00,-13.650013749129227,-71.19597331887996,0.029485134953966267
2o_pulso_11-13mai_2024-05-12_-29.5_-52.0_700,2o_pulso_11-13mai,700,2024-04-30 18:00:00,-13.417346902037236,-71.25641479443966,0.03784762440716325
2o_pulso_11-13mai_2024-05-12_-29.5_-52.0_700,2o_pulso_11-13mai,700,2024-04-30 12:00:00,-13.288293186378757,-71.4568914215984,0.03842710163960965
2o_pulso_11-13mai_2024-05-12_-29.5_-52.0_700,2o_pulso_11-13mai,700,2024-04-30 06:00:00,-13.35754846338743,-71.40183583326412,0.03544357168407541
2o_pulso_11-13mai_2024-05-12_-29.5_-52.0_700,2o_pulso_11-13mai,700,2024-04-30 00:00:00,-13.386285590336374,-71.37322510538993,0.03413410557530142
2o_pulso_11-13mai_2024-05-12_-29.5_-52.0_700,2o_pulso_11-13mai,700,2024-04-29 18:00:00,-13.155778902226901,-71.37788494521696,0.05278633609218687
2o_pulso_11-13mai_2024-05-12_-29.5_-52.0_700,2o_pulso_11-13mai,700,2024-04-29 12:00:00,-12.851089848374365,-71.58345668676323,0.05730357929955231
2o_pulso_11-13mai_2024-05-12_-29.5_-52.0_700,2o_pulso_11-13mai,700,2024-04-29 06:00:00,-12.658350849011454,-71.83241992960454,0.05286454125461132
2o_pulso_11-13mai_2024-05-12_-29.5_-52.0_700,2o_pulso_11-13mai,700,2024-04-29 00:00:00,-12.628480466369414,-71.96306127898978,0.0442462963261083
2o_pulso_11-13mai_2024-05-12_-29.5_-52.0_700,2o_pulso_11-13mai,700,2024-04-28 18:00:00,-12.429463282589944,-71.97307358690612,0.05867493393668437
2o_pulso_11-13mai_2024-05-12_-29.5_-52.0_700,2o_pulso_11-13mai,700,2024-04-28 12:00:00,-12.329525677509737,-72.11259131743056,0.06796967512850642
2o_pulso_11-13mai_2024-05-12_-30.5_-53.5_850,2o_pulso_11-13mai,850,2024-05-12 12:00:00,-30.5,-53.5,0.034115760690636106
2o_pulso_11-13mai_2024-05-12_-30.5_-53.5_850,2o_pulso_11-13mai,850,2024-05-12 06:00:00,-29.8013082065944,-52.86409772418332,0.1206836871183272
2o_pulso_11-13mai_2024-05-12_-30.5_-53.5_850,2o_pulso_11-13mai,850,2024-05-12 00:00:00,-29.42835772042732,-53.49830842373893,0.18370694247071476
2o_pulso_11-13mai_2024-05-12_-30.5_-53.5_850,2o_pulso_11-13mai,850,2024-05-11 18:00:00,-29.548921475309474,-54.346514115148345,0.16886558508921096
2o_pulso_11-13mai_2024-05-12_-30.5_-53.5_850,2o_pulso_11-13mai,850,2024-05-11 12:00:00,-29.357491100706568,-55.618353853368745,0.14760333466451445
2o_pulso_11-13mai_2024-05-12_-30.5_-53.5_850,2o_pulso_11-13mai,850,2024-05-11 06:00:00,-28.916049509204232,-57.11495897721937,0.18151401715886578
2o_pulso_11-13mai_2024-05-12_-30.5_-53.5_850,2o_pulso_11-13mai,850,2024-05-11 00:00:00,-27.984083455107758,-58.9333775711896,0.21176006854287224
2o_pulso_11-13mai_2024-05-12_-30.5_-53.5_850,2o_pulso_11-13mai,850,2024-05-10 18:00:00,-26.643329395854014,-60.29824388381886,0.15838751012685182
2o_pulso_11-13mai_2024-05-12_-30.5_-53.5_850,2o_pulso_11-13mai,850,2024-05-10 12:00:00,-24.420846564711766,-61.283105288723675,0.1214039238955843
2o_pulso_11-13mai_2024-05-12_-30.5_-53.5_850,2o_pulso_11-13mai,850,2024-05-10 06:00:00,-21.77916877143557,-62.103442858990164,0.07905940490844388
2o_pulso_11-13mai_2024-05-12_-30.5_-53.5_850,2o_pulso_11-13mai,850,2024-05-10 00:00:00,-19.44762686901968,-62.45667534909116,0.058484844489675586
2o_pulso_11-13mai_2024-05-12_-30.5_-53.5_850,2o_pulso_11-13mai,850,2024-05-09 18:00:00,-18.38576702454887,-62.69747895890497,0.07287809152334561
2o_pulso_11-13mai_2024-05-12_-30.5_-53.5_850,2o_pulso_11-13mai,850,2024-05-09 12:00:00,-18.793409688298013,-62.03589772886718,0.10571911104067551
2o_pulso_11-13mai_2024-05-12_-30.5_-53.5_850,2o_pulso_11-13mai,850,2024-05-09 06:00:00,-20.073034984840312,-61.11083724408935,0.151950223258707
2o_pulso_11-13mai_2024-05-12_-30.5_-53.5_850,2o_pulso_11-13mai,850,2024-05-09 00:00:00,-20.715952875048888,-60.19978677564412,0.1417247742034502
2o_pulso_11-13mai_2024-05-12_-30.5_-53.5_850,2o_pulso_11-13mai,850,2024-05-08 18:00:00,-19.332670295192454,-61.32822318128733,0.0989531060494146
2o_pulso_11-13mai_2024-05-12_-30.5_-53.5_850,2o_pulso_11-13mai,850,2024-05-08 12:00:00,-16.281394138892036,-63.49452216435171,0.18944684402558792
2o_pulso_11-13mai_2024-05-12_-30.5_-53.5_850,2o_pulso_11-13mai,850,2024-05-08 06:00:00,-14.609805154145054,-64.84726764469808,0.09414568066722556
2o_pulso_11-13mai_2024-05-12_-30.5_-53.5_850,2o_pulso_11-13mai,850,2024-05-08 00:00:00,-13.301985658579214,-65.94959572912961,0.07501606830813902
2o_pulso_11-13mai_2024-05-12_-30.5_-53.5_850,2o_pulso_11-13mai,850,2024-05-07 18:00:00,-12.049530599431224,-66.97651619406335,0.08818990429377466
2o_pulso_11-13mai_2024-05-12_-30.5_-53.5_850,2o_pulso_11-13mai,850,2024-05-07 12:00:00,-10.803723251848721,-67.63969516860885,0.10467177019751629
2o_pulso_11-13mai_2024-05-12_-30.5_-53.5_850,2o_pulso_11-13mai,850,2024-05-07 06:00:00,-9.745555907288608,-67.8393079958416,0.06604845313715248
2o_pulso_11-13mai_2024-05-12_-30.5_-53.5_850,2o_pulso_11-13mai,850,2024-05-07 00:00:00,-8.899321951974422,-67.35532804231441,0.06002273370283499
2o_pulso_11-13mai_2024-05-12_-30.5_-53.5_850,2o_pulso_11-13mai,850,2024-05-06 18:00:00,-8.385521057223329,-66.84365285468729,0.07741120111411214
2o_pulso_11-13mai_2024-05-12_-30.5_-53.5_850,2o_pulso_11-13mai,850,2024-05-06 12:00:00,-8.070537485487645,-66.2528633837149,0.07494046992860118
2o_pulso_11-13mai_2024-05-12_-30.5_-53.5_850,2o_pulso_11-13mai,850,2024-05-06 06:00:00,-7.740166174718246,-65.30413952688203,0.1462789482748065
2o_pulso_11-13mai_2024-05-12_-30.5_-53.5_850,2o_pulso_11-13mai,850,2024-05-06 00:00:00,-7.734898318824229,-64.22272098323458,0.1237406000849181
2o_pulso_11-13mai_2024-05-12_-30.5_-53.5_850,2o_pulso_11-13mai,850,2024-05-05 18:00:00,-7.895115690620692,-62.99051935909213,0.16908946246403483
2o_pulso_11-13mai_2024-05-12_-30.5_-53.5_850,2o_pulso_11-13mai,850,2024-05-05 12:00:00,-8.160483719021986,-61.475454282933796,0.1831550326235985
2o_pulso_11-13mai_2024-05-12_-30.5_-53.5_850,2o_pulso_11-13mai,850,2024-05-05 06:00:00,-7.818972743857492,-59.86264979296764,0.10776847726580133
2o_pulso_11-13mai_2024-05-12_-30.5_-53.5_850,2o_pulso_11-13mai,850,2024-05-05 00:00:00,-7.578224584767139,-58.13858500342096,0.1036331188095639
2o_pulso_11-13mai_2024-05-12_-30.5_-53.5_850,2o_pulso_11-13mai,850,2024-05-04 18:00:00,-7.500883271300508,-56.462800200573064,0.0966406739010553
2o_pulso_11-13mai_2024-05-12_-30.5_-53.5_850,2o_pulso_11-13mai,850,2024-05-04 12:00:00,-7.390670685943409,-54.68538071740938,0.11648095957820208
2o_pulso_11-13mai_2024-05-12_-30.5_-53.5_850,2o_pulso_11-13mai,850,2024-05-04 06:00:00,-7.222840418759041,-52.77056055389149,0.06552992290636914
2o_pulso_11-13mai_2024-05-12_-30.5_-53.5_850,2o_pulso_11-13mai,850,2024-05-04 00:00:00,-7.236303555190372,-50.62203520707422,0.05482980169392965
2o_pulso_11-13mai_2024-05-12_-30.5_-53.5_850,2o_pulso_11-13mai,850,2024-05-03 18:00:00,-7.377290555104194,-48.61359099568954,0.06773108335122037
2o_pulso_11-13mai_2024-05-12_-30.5_-53.5_850,2o_pulso_11-13mai,850,2024-05-03 12:00:00,-7.644281911969852,-46.770925671129085,0.03167682588065976
2o_pulso_11-13mai_2024-05-12_-30.5_-53.5_850,2o_pulso_11-13mai,850,2024-05-03 06:00:00,-7.824700673573722,-44.731402066153834,0.022621118025627687
2o_pulso_11-13mai_2024-05-12_-30.5_-53.5_850,2o_pulso_11-13mai,850,2024-05-03 00:00:00,-8.099504388457772,-43.10652227115067,0.019966271919760192
2o_pulso_11-13mai_2024-05-12_-30.5_-53.5_850,2o_pulso_11-13mai,850,2024-05-02 18:00:00,-8.530523692631348,-41.673614008460696,0.019126980563987293
2o_pulso_11-13mai_2024-05-12_-30.5_-53.5_850,2o_pulso_11-13mai,850,2024-05-02 12:00:00,-9.058483166569639,-40.24129769835215,0.018544158051581563
2o_pulso_11-13mai_2024-05-12_-30.5_-53.5_850,2o_pulso_11-13mai,850,2024-05-02 06:00:00,-9.653358263386677,-38.855717345270854,0.03462641815791996
2o_pulso_11-13mai_2024-05-12_-30.5_-53.5_850,2o_pulso_11-13mai,850,2024-05-02 00:00:00,-10.499454580140725,-37.44185575361671,0.028692813887711294
2o_pulso_11-13mai_2024-05-12_-30.5_-53.5_850,2o_pulso_11-13mai,850,2024-05-01 18:00:00,-11.293579155677417,-36.42190698242071,0.024068817886099245
2o_pulso_11-13mai_2024-05-12_-30.5_-53.5_850,2o_pulso_11-13mai,850,2024-05-01 12:00:00,-11.955636938080868,-35.45162296683525,0.026655035639317093
2o_pulso_11-13mai_2024-05-12_-30.5_-53.5_850,2o_pulso_11-13mai,850,2024-05-01 06:00:00,-12.656275921506746,-34.480951786876155,
2o_pulso_11-13mai_2024-05-12_-30.5_-53.5_700,2o_pulso_11-13mai,700,2024-05-12 12:00:00,-30.5,-53.5,0.034115760690636106
2o_pulso_11-13mai_2024-05-12_-30.5_-53.5_700,2o_pulso_11-13mai,700,2024-05-12 06:00:00,-29.310100944901443,-56.26760535488907,0.07834640639713136
2o_pulso_11-13mai_2024-05-12_-30.5_-53.5_700,2o_pulso_11-13mai,700,2024-05-12 00:00:00,-27.032686109452047,-58.87670252910633,0.16056907555720865
2o_pulso_11-13mai_2024-05-12_-30.5_-53.5_700,2o_pulso_11-13mai,700,2024-05-11 18:00:00,-24.748998600855643,-60.73529503833323,0.14272106176308774
2o_pulso_11-13mai_2024-05-12_-30.5_-53.5_700,2o_pulso_11-13mai,700,2024-05-11 12:00:00,-22.480552316291842,-62.12515898236241,0.20585882891501306
2o_pulso_11-13mai_2024-05-12_-30.5_-53.5_700,2o_pulso_11-13mai,700,2024-05-11 06:00:00,-20.485928641830323,-63.178897239067574,0.1059167844384329
2o_pulso_11-13mai_2024-05-12_-30.5_-53.5_700,2o_pulso_11-13mai,700,2024-05-11 00:00:00,-19.41615144648248,-63.5109894220233,0.05406963962859183
2o_pulso_11-13mai_2024-05-12_-30.5_-53.5_700,2o_pulso_11-13mai,700,2024-05-10 18:00:00,-18.564294658983645,-64.26667011722364,0.04914533073377401
2o_pulso_11-13mai_2024-05-12_-30.5_-53.5_700,2o_pulso_11-13mai,700,2024-05-10 12:00:00,-17.480529002666405,-64.92287209594,0.06052631751856673
2o_pulso_11-13mai_2024-05-12_-30.5_-53.5_700,2o_pulso_11-13mai,700,2024-05-10 06:00:00,-16.28701657165694,-66.6103925333547,0.04568396612420259
2o_pulso_11-13mai_2024-05-12_-30.5_-53.5_700,2o_pulso_11-13mai,700,2024-05-10 00:00:00,-15.872336930081259,-67.4020627185201,0.0561854012353862
2o_pulso_11-13mai_2024-05-12_-30.5_-53.5_700,2o_pulso_11-13mai,700,2024-05-09 18:00:00,-15.605983714674602,-67.92644520150334,0.06508608297680368
2o_pulso_11-13mai_2024-05-12_-30.5_-53.5_700,2o_pulso_11-13mai,700,2024-05-09 12:00:00,-15.659764777177656,-67.76399222528353,0.09851498068296208
2o_pulso_11-13mai_2024-05-12_-30.5_-53.5_700,2o_pulso_11-13mai,700,2024-05-09 06:00:00,-15.809644869624211,-67.49786818904927,0.1307533655507245
2o_pulso_11-13mai_2024-05-12_-30.5_-53.5_700,2o_pulso_11-13mai,700,2024-05-09 00:00:00,-15.785855177229406,-67.54901623658417,0.14056402094395515
2o_pulso_11-13mai_2024-05-12_-30.5_-53.5_700,2o_pulso_11-13mai,700,2024-05-08 18:00:00,-15.648099644800576,-67.71961238602906,0.16734395364694205
2o_pulso_11-13mai_2024-05-12_-30.5_-53.5_700,2o_pulso_11-13mai,700,2024-05-08 12:00:00,-15.338440085083722,-67.90673211703472,0.21787198333403043
2o_pulso_11-13mai_2024-05-12_-30.5_-53.5_700,2o_pulso_11-13mai,700,2024-05-08 06:00:00,-14.719506958849356,-68.3593614855169,0.13330042681886123
2o_pulso_11-13mai_2024-05-12_-30.5_-53.5_700,2o_pulso_11-13mai,700,2024-05-08 00:00:00,-14.358841884505765,-68.90798422583632,0.11370642411837295
2o_pulso_11-13mai_2024-05-12_-30.5_-53.5_700,2o_pulso_11-13mai,700,2024-05-07 18:00:00,-13.81269809546622,-69.55548690499643,0.11438743960132382
2o_pulso_11-13mai_2024-05-12_-30.5_-53.5_700,2o_pulso_11-13mai,700,2024-05-07 12:00:00,-13.427744502560111,-70.50159064425833,0.12068324201745029
2o_pulso_11-13mai_2024-05-12_-30.5_-53.5_700,2o_pulso_11-13mai,700,2024-05-07 06:00:00,-13.359097635260015,-70.90166021156585,0.07073312189892075
2o_pulso_11-13mai_2024-05-12_-30.5_-53.5_700,2o_pulso_11-13mai,700,2024-05-07 00:00:00,-13.282116739798747,-71.11475390640194,0.06658714708116928
2o_pulso_11-13mai_2024-05-12_-30.5_-53.5_700,2o_pulso_11-13mai,700,2024-05-06 18:00:00,-13.094849882639672,-71.27276089378361,0.06867543499803475
2o_pulso_11-13mai_2024-05-12_-30.5_-53.5_700,2o_pulso_11-13mai,700,2024-05-06 12:00:00,-13.07260624895288,-71.45970241638321,0.059934514936218514
2o_pulso_11-13mai_2024-05-12_-30.5_-53.5_700,2o_pulso_11-13mai,700,2024-05-06 06:00:00,-13.060158651426196,-71.5048756362733,0.06624101379591492
2o_pulso_11-13mai_2024-05-12_-30.5_-53.5_700,2o_pulso_11-13mai,700,2024-05-06 00:00:00,-12.973119789623604,-71.6160514136696,0.0823692220877326
2o_pulso_11-13mai_2024-05-12_-30.5_-53.5_700,2o_pulso_11-13mai,700,2024-05-05 18:00:00,-12.930321700937712,-71.73044609292343,0.07339672679735873
2o_pulso_11-13mai_2024-05-12_-30.5_-53.5_700,2o_pulso_11-13mai,700,2024-05-05 12:00:00,-12.963267626333678,-71.87713804962071,0.06507052674131686
2o_pulso_11-13mai_2024-05-12_-30.5_-53.5_700,2o_pulso_11-13mai,700,2024-05-05 06:00:00,-13.050161297203363,-71.9531974082087,0.043275111149238765
2o_pulso_11-13mai_2024-05-12_-30.5_-53.5_700,2o_pulso_11-13mai,700,2024-05-05 00:00:00,-13.066798904086976,-72.04472170891171,0.0457104725491337
2o_pulso_11-13mai_2024-05-12_-30.5_-53.5_700,2o_pulso_11-13mai,700,2024-05-04 18:00:00,-12.963299099103793,-72.08971084784851,0.056730994941505304
2o_pulso_11-13mai_2024-05-12_-30.5_-53.5_700,2o_pulso_11-13mai,700,2024-05-04 12:00:00,-12.916236020590885,-72.06488136401791,0.08612835448199166
2o_pulso_11-13mai_2024-05-12_-30.5_-53.5_700,2o_pulso_11-13mai,700,2024-05-04 06:00:00,-13.003112159281041,-72.09026830426073,0.05199651847907562
2o_pulso_11-13mai_2024-05-12_-30.5_-53.5_700,2o_pulso_11-13mai,700,2024-05-04 00:00:00,-12.999265918443994,-72.11930334950452,0.04732858176187774
2o_pulso_11-13mai_2024-05-12_-30.5_-53.5_700,2o_pulso_11-13mai,700,2024-05-03 18:00:00,-12.961222448944484,-72.21340466088,0.06898470661603592
2o_pulso_11-13mai_2024-05-12_-30.5_-53.5_700,2o_pulso_11-13mai,700,2024-05-03 12:00:00,-12.893596783614546,-72.33338205683927,0.12282658773489138
2o_pulso_11-13mai_2024-05-12_-30.5_-53.5_700,2o_pulso_11-13mai,700,2024-05-03 06:00:00,-12.791929343250587,-72.46504064304793,0.08524048158888031
2o_pulso_11-13mai_2024-05-12_-30.5_-53.5_700,2o_pulso_11-13mai,700,2024-05-03 00:00:00,-12.704603794356535,-72.62890867629343,0.07078410016932452
2o_pulso_11-13mai_2024-05-12_-30.5_-53.5_700,2o_pulso_11-13mai,700,2024-05-02 18:00:00,-12.679493204867777,-72.79733945343821,0.08429765399902624
2o_pulso_11-13mai_2024-05-12_-30.5_-53.5_700,2o_pulso_11-13mai,700,2024-05-02 12:00:00,-12.680641995442812,-72.98395945056824,0.12132349900825112
2o_pulso_11-13mai_2024-05-12_-30.5_-53.5_700,2o_pulso_11-13mai,700,2024-05-02 06:00:00,-12.646477278667312,-73.18589414614955,0.10329628648112472
2o_pulso_11-13mai_2024-05-12_-30.5_-53.5_700,2o_pulso_11-13mai,700,2024-05-02 00:00:00,-12.591687283959294,-73.36540622379533,0.08346452025909487
2o_pulso_11-13mai_2024-05-12_-30.5_-53.5_700,2o_pulso_11-13mai,700,2024-05-01 18:00:00,-12.474106145622471,-73.40758230734072,0.1081733050857052
2o_pulso_11-13mai_2024-05-12_-30.5_-53.5_700,2o_pulso_11-13mai,700,2024-05-01 12:00:00,-12.396627500494299,-73.52031622160928,
2o_pulso_11-13mai_2024-05-12_-30.5_-53.5_700,2o_pulso_11-13mai,700,2024-05-01 06:00:00,-12.184265270381536,-73.81266466742363,
2o_pulso_11-13mai_2024-05-12_-30.5_-53.5_700,2o_pulso_11-13mai,700,2024-05-01 00:00:00,-11.864196398113059,-73.99974004311082,
2o_pulso_11-13mai_2024-05-12_-30.5_-53.5_700,2o_pulso_11-13mai,700,2024-04-30 18:00:00,-11.49308190361186,-74.14155800653519,
2o_pulso_11-13mai_2024-05-12_-30.5_-53.5_700,2o_pulso_11-13mai,700,2024-04-30 12:00:00,-11.176315716655777,-74.35548665679676,
2o_pulso_11-13mai_2024-05-12_-30.5_-53.5_700,2o_pulso_11-13mai,700,2024-04-30 06:00:00,-10.79005650474971,-74.45571380154996,
2o_pulso_11-13mai_2024-05-12_-30.5_-53.5_700,2o_pulso_11-13mai,700,2024-04-30 00:00:00,-10.611545271104132,-74.3448807611151,
2o_pulso_11-13mai_2024-05-12_-30.5_-53.5_700,2o_pulso_11-13mai,700,2024-04-29 18:00:00,-10.623391162417494,-74.27923151309015,
2o_pulso_11-13mai_2024-05-12_-30.5_-53.5_700,2o_pulso_11-13mai,700,2024-04-29 12:00:00,-10.58648879886369,-74.08919677872512,
2o_pulso_11-13mai_2024-05-12_-30.5_-53.5_700,2o_pulso_11-13mai,700,2024-04-29 06:00:00,-10.435315003400964,-73.68252718421132,
2o_pulso_11-13mai_2024-05-12_-30.5_-53.5_700,2o_pulso_11-13mai,700,2024-04-29 00:00:00,-10.425975650061414,-73.35023257383098,0.08734030368949602
2o_pulso_11-13mai_2024-05-12_-30.5_-53.5_700,2o_pulso_11-13mai,700,2024-04-28 18:00:00,-10.63270400538207,-73.19594704030168,0.0943488836165195
2o_pulso_11-13mai_2024-05-12_-30.5_-53.5_700,2o_pulso_11-13mai,700,2024-04-28 12:00:00,-10.724713059583996,-73.28566358667422,0.11065093170922988
2o_pulso_11-13mai_2024-05-12_-28.5_-51.0_850,2o_pulso_11-13mai,850,2024-05-12 12:00:00,-28.5,-51.0,0.0889308899641037
2o_pulso_11-13mai_2024-05-12_-28.5_-51.0_850,2o_pulso_11-13mai,850,2024-05-12 06:00:00,-26.193815581358937,-53.44304210519176,0.05880163870704699
2o_pulso_11-13mai_2024-05-12_-28.5_-51.0_850,2o_pulso_11-13mai,850,2024-05-12 00:00:00,-24.84297525357545,-54.690594726057924,0.06614954125815758
2o_pulso_11-13mai_2024-05-12_-28.5_-51.0_850,2o_pulso_11-13mai,850,2024-05-11 18:00:00,-23.659334664972942,-55.539225086764404,0.05375509241088346
2o_pulso_11-13mai_2024-05-12_-28.5_-51.0_850,2o_pulso_11-13mai,850,2024-05-11 12:00:00,-22.350957793024364,-56.38480138373414,0.03444768579487396
2o_pulso_11-13mai_2024-05-12_-28.5_-51.0_850,2o_pulso_11-13mai,850,2024-05-11 06:00:00,-20.67543837240321,-57.25972063305156,0.041243738739806635
2o_pulso_11-13mai_2024-05-12_-28.5_-51.0_850,2o_pulso_11-13mai,850,2024-05-11 00:00:00,-18.99618400446616,-57.690128695855286,0.06428942997058706
2o_pulso_11-13mai_2024-05-12_-28.5_-51.0_850,2o_pulso_11-13mai,850,2024-05-10 18:00:00,-17.4275703852043,-57.81407660691691,0.07619271008494179
2o_pulso_11-13mai_2024-05-12_-28.5_-51.0_850,2o_pulso_11-13mai,850,2024-05-10 12:00:00,-16.14046783807799,-57.331980314258466,0.052149268384217365
2o_pulso_11-13mai_2024-05-12_-28.5_-51.0_850,2o_pulso_11-13mai,850,2024-05-10 06:00:00,-15.517008637326896,-56.382197563193166,0.013941588810600182
2o_pulso_11-13mai_2024-05-12_-28.5_-51.0_850,2o_pulso_11-13mai,850,2024-05-10 00:00:00,-15.165307921912579,-55.24373316107206,0.009763365279996224
2o_pulso_11-13mai_2024-05-12_-28.5_-51.0_850,2o_pulso_11-13mai,850,2024-05-09 18:00:00,-15.143554130353587,-54.329993267642415,0.010323248917226796
2o_pulso_11-13mai_2024-05-12_-28.5_-51.0_850,2o_pulso_11-13mai,850,2024-05-09 12:00:00,-15.157179386970444,-53.43922535865893,0.010774271060923546
2o_pulso_11-13mai_2024-05-12_-28.5_-51.0_850,2o_pulso_11-13mai,850,2024-05-09 06:00:00,-15.100564256601423,-52.51261638613869,0.00884254249500356
2o_pulso_11-13mai_2024-05-12_-28.5_-51.0_850,2o_pulso_11-13mai,850,2024-05-09 00:00:00,-14.793471111194576,-51.61748551583453,0.006042661758455776
2o_pulso_11-13mai_2024-05-12_-28.5_-51.0_850,2o_pulso_11-13mai,850,2024-05-08 18:00:00,-14.518702061948725,-50.948218271976934,0.004044288814846984
2o_pulso_11-13mai_2024-05-12_-28.5_-51.0_850,2o_pulso_11-13mai,850,2024-05-08 12:00:00,-14.084037146706388,-50.23346405018344,0.004190189778136362
2o_pulso_11-13mai_2024-05-12_-28.5_-51.0_850,2o_pulso_11-13mai,850,2024-05-08 06:00:00,-13.467964988939862,-49.085367628146685,0.01119755186233004
2o_pulso_11-13mai_2024-05-12_-28.5_-51.0_850,2o_pulso_11-13mai,850,2024-05-08 00:00:00,-13.463449269185286,-47.51966051636616,0.008260051551124359
2o_pulso_11-13mai_2024-05-12_-28.5_-51.0_850,2o_pulso_11-13mai,850,2024-05-07 18:00:00,-13.767711552722838,-45.92409890964694,0.005551315382190224
2o_pulso_11-13mai_2024-05-12_-28.5_-51.0_850,2o_pulso_11-13mai,850,2024-05-07 12:00:00,-14.273829558980305,-44.0418923502413,0.006260054451411065
2o_pulso_11-13mai_2024-05-12_-28.5_-51.0_850,2o_pulso_11-13mai,850,2024-05-07 06:00:00,-14.790769637134137,-41.60502028860253,0.030544877645406827
2o_pulso_11-13mai_2024-05-12_-28.5_-51.0_850,2o_pulso_11-13mai,850,2024-05-07 00:00:00,-15.733028452911128,-39.693755833183864,0.029169629670546288
2o_pulso_11-13mai_2024-05-12_-28.5_-51.0_850,2o_pulso_11-13mai,850,2024-05-06 18:00:00,-16.1038693872389,-38.257240438024674,0.027061115877526555
2o_pulso_11-13mai_2024-05-12_-28.5_-51.0_850,2o_pulso_11-13mai,850,2024-05-06 12:00:00,-16.647796638118763,-36.245760701916964,0.025969255531401846
2o_pulso_11-13mai_2024-05-12_-28.5_-51.0_700,2o_pulso_11-13mai,700,2024-05-12 12:00:00,-28.5,-51.0,0.0889308899641037
2o_pulso_11-13mai_2024-05-12_-28.5_-51.0_700,2o_pulso_11-13mai,700,2024-05-12 06:00:00,-27.076656671122215,-54.96628466083169,0.1725485185958734
2o_pulso_11-13mai_2024-05-12_-28.5_-51.0_700,2o_pulso_11-13mai,700,2024-05-12 00:00:00,-24.533112548049836,-58.045907573574056,0.16898410517989776
2o_pulso_11-13mai_2024-05-12_-28.5_-51.0_700,2o_pulso_11-13mai,700,2024-05-11 18:00:00,-21.428310526722314,-59.88085965189679,0.12804448895964776
2o_pulso_11-13mai_2024-05-12_-28.5_-51.0_700,2o_pulso_11-13mai,700,2024-05-11 12:00:00,-18.778394059514078,-61.480914457929,0.12757242135773886
2o_pulso_11-13mai_2024-05-12_-28.5_-51.0_700,2o_pulso_11-13mai,700,2024-05-11 06:00:00,-16.77377479223252,-63.3532036948718,0.12242501173758669
2o_pulso_11-13mai_2024-05-12_-28.5_-51.0_700,2o_pulso_11-13mai,700,2024-05-11 00:00:00,-15.653899026338745,-64.93522534545237,0.10994149271325909
2o_pulso_11-13mai_2024-05-12_-28.5_-51.0_700,2o_pulso_11-13mai,700,2024-05-10 18:00:00,-14.999572056695328,-66.387905611773,0.15910695794515656
2o_pulso_11-13mai_2024-05-12_-28.5_-51.0_700,2o_pulso_11-13mai,700,2024-05-10 12:00:00,-13.88036965109551,-67.30965132677235,0.23722665772803098
2o_pulso_11-13mai_2024-05-12_-28.5_-51.0_700,2o_pulso_11-13mai,700,2024-05-10 06:00:00,-13.166350123357912,-67.41838539937449,0.07140345184150787
2o_pulso_11-13mai_2024-05-12_-28.5_-51.0_700,2o_pulso_11-13mai,700,2024-05-10 00:00:00,-12.79713651705631,-67.12942177630264,0.064170469913235
2o_pulso_11-13mai_2024-05-12_-28.5_-51.0_700,2o_pulso_11-13mai,700,2024-05-09 18:00:00,-12.731373091419423,-66.61366967604418,0.07149409299947461
2o_pulso_11-13mai_2024-05-12_-28.5_-51.0_700,2o_pulso_11-13mai,700,2024-05-09 12:00:00,-12.762875111439591,-65.89095694549103,0.06457463152479806
2o_pulso_11-13mai_2024-05-12_-28.5_-51.0_700,2o_pulso_11-13mai,700,2024-05-09 06:00:00,-12.866813284847524,-65.33952610229862,0.12787449829376507
2o_pulso_11-13mai_2024-05-12_-28.5_-51.0_700,2o_pulso_11-13mai,700,2024-05-09 00:00:00,-12.675549202212757,-65.34293301353125,0.11304127688428488
2o_pulso_11-13mai_2024-05-12_-28.5_-51.0_700,2o_pulso_11-13mai,700,2024-05-08 18:00:00,-12.131627494414328,-65.497308172051,0.14189492976294588
2o_pulso_11-13mai_2024-05-12_-28.5_-51.0_700,2o_pulso_11-13mai,700,2024-05-08 12:00:00,-11.409376497791504,-65.62746203376356,0.1531551957755521
2o_pulso_11-13mai_2024-05-12_-28.5_-51.0_700,2o_pulso_11-13mai,700,2024-05-08 06:00:00,-10.84649101252365,-65.62722370845236,0.12376835799949842
2o_pulso_11-13mai_2024-05-12_-28.5_-51.0_700,2o_pulso_11-13mai,700,2024-05-08 00:00:00,-10.463251355200931,-65.811664083058,0.117806107553173
2o_pulso_11-13mai_2024-05-12_-28.5_-51.0_700,2o_pulso_11-13mai,700,2024-05-07 18:00:00,-9.861423462210558,-65.86102119491211,0.18848178912377628
2o_pulso_11-13mai_2024-05-12_-28.5_-51.0_700,2o_pulso_11-13mai,700,2024-05-07 12:00:00,-9.27889444275523,-65.57856301856468,0.20681731718327798
2o_pulso_11-13mai_2024-05-12_-28.5_-51.0_700,2o_pulso_11-13mai,700,2024-05-07 06:00:00,-8.88182969654,-65.0978986451485,0.12338685433453536
2o_pulso_11-13mai_2024-05-12_-28.5_-51.0_700,2o_pulso_11-13mai,700,2024-05-07 00:00:00,-8.494895673302251,-64.46883415376817,0.12104451953813296
2o_pulso_11-13mai_2024-05-12_-28.5_-51.0_700,2o_pulso_11-13mai,700,2024-05-06 18:00:00,-8.374100772951806,-63.65307074354211,0.12590117261931352
2o_pulso_11-13mai_2024-05-12_-28.5_-51.0_700,2o_pulso_11-13mai,700,2024-05-06 12:00:00,-8.357470844485382,-62.734041024694164,0.14391498572723815
2o_pulso_11-13mai_2024-05-12_-28.5_-51.0_700,2o_pulso_11-13mai,700,2024-05-06 06:00:00,-8.51298447478438,-61.72574900652876,0.08890947025314778
2o_pulso_11-13mai_2024-05-12_-28.5_-51.0_700,2o_pulso_11-13mai,700,2024-05-06 00:00:00,-8.794395118628513,-60.56511330008954,0.07821930479468218
2o_pulso_11-13mai_2024-05-12_-28.5_-51.0_700,2o_pulso_11-13mai,700,2024-05-05 18:00:00,-9.15906207582118,-59.233087237277125,0.07446667793185302
2o_pulso_11-13mai_2024-05-12_-28.5_-51.0_700,2o_pulso_11-13mai,700,2024-05-05 12:00:00,-9.330297392812456,-57.700882708612234,0.07918802301382297
2o_pulso_11-13mai_2024-05-12_-28.5_-51.0_700,2o_pulso_11-13mai,700,2024-05-05 06:00:00,-9.588787132720537,-55.92607205897466,0.06644043023922289
2o_pulso_11-13mai_2024-05-12_-28.5_-51.0_700,2o_pulso_11-13mai,700,2024-05-05 00:00:00,-9.931439815268849,-54.33339174861127,0.05499122896990701
2o_pulso_11-13mai_2024-05-12_-28.5_-51.0_700,2o_pulso_11-13mai,700,2024-05-04 18:00:00,-10.378511819079241,-53.087338936824665,0.054367812902032284
2o_pulso_11-13mai_2024-05-12_-28.5_-51.0_700,2o_pulso_11-13mai,700,2024-05-04 12:00:00,-10.495006594320406,-52.161954042572404,0.0564949128153029
2o_pulso_11-13mai_2024-05-12_-28.5_-51.0_700,2o_pulso_11-13mai,700,2024-05-04 06:00:00,-10.25261923620744,-51.05633176962044,0.01893797037457551
2o_pulso_11-13mai_2024-05-12_-28.5_-51.0_700,2o_pulso_11-13mai,700,2024-05-04 00:00:00,-10.089244019680464,-49.72654073612674,0.016078571478450022
2o_pulso_11-13mai_2024-05-12_-28.5_-51.0_700,2o_pulso_11-13mai,700,2024-05-03 18:00:00,-9.960425990122443,-48.56801993713332,0.007908658204247625
2o_pulso_11-13mai_2024-05-12_-28.5_-51.0_700,2o_pulso_11-13mai,700,2024-05-03 12:00:00,-9.79566831761486,-47.335883177374455,0.008498084544200625
2o_pulso_11-13mai_2024-05-12_-28.5_-51.0_700,2o_pulso_11-13mai,700,2024-05-03 06:00:00,-9.477043701307634,-46.07414577356009,0.0157506288610263
2o_pulso_11-13mai_2024-05-12_-28.5_-51.0_700,2o_pulso_11-13mai,700,2024-05-03 00:00:00,-9.1050188713888,-44.60363696663188,0.012871527263460551
2o_pulso_11-13mai_2024-05-12_-28.5_-51.0_700,2o_pulso_11-13mai,700,2024-05-02 18:00:00,-8.981734003045384,-43.31014075093998,0.01109961716589235
2o_pulso_11-13mai_2024-05-12_-28.5_-51.0_700,2o_pulso_11-13mai,700,2024-05-02 12:00:00,-8.764897512446039,-41.94681550841329,0.014912028752682606
2o_pulso_11-13mai_2024-05-12_-28.5_-51.0_700,2o_pulso_11-13mai,700,2024-05-02 06:00:00,-8.768570484661433,-40.94018989097849,0.04175253885672074
2o_pulso_11-13mai_2024-05-12_-28.5_-51.0_700,2o_pulso_11-13mai,700,2024-05-02 00:00:00,-8.837605528199314,-39.98635962158075,0.041916326819391836
2o_pulso_11-13mai_2024-05-12_-28.5_-51.0_700,2o_pulso_11-13mai,700,2024-05-01 18:00:00,-9.079922545694004,-39.05185885662355,0.04298910686360491
2o_pulso_11-13mai_2024-05-12_-28.5_-51.0_700,2o_pulso_11-13mai,700,2024-05-01 12:00:00,-9.24843547889872,-38.394744613950834,0.04524713326686258
2o_pulso_11-13mai_2024-05-12_-28.5_-51.0_700,2o_pulso_11-13mai,700,2024-05-01 06:00:00,-9.482221090983964,-37.89000646520546,0.04265612861905795
2o_pulso_11-13mai_2024-05-12_-28.5_-51.0_700,2o_pulso_11-13mai,700,2024-05-01 00:00:00,-9.758365832111442,-37.508646087264744,0.041539235003989046
2o_pulso_11-13mai_2024-05-12_-28.5_-51.0_700,2o_pulso_11-13mai,700,2024-04-30 18:00:00,-9.36877980276735,-36.98523172746586,0.048743994898009194
2o_pulso_11-13mai_2024-05-12_-28.5_-51.0_700,2o_pulso_11-13mai,700,2024-04-30 12:00:00,-8.704694787934795,-35.87789290313728,0.057787174315975076
2o_pulso_11-13mai_2024-05-12_-28.5_-51.0_700,2o_pulso_11-13mai,700,2024-04-30 06:00:00,-8.471771509698069,-34.00928332199118,
2o_pulso_11-13mai_2024-05-12_-31.0_-54.5_850,2o_pulso_11-13mai,850,2024-05-12 12:00:00,-31.0,-54.5,0.0338198428766595
2o_pulso_11-13mai_2024-05-12_-31.0_-54.5_850,2o_pulso_11-13mai,850,2024-05-12 06:00:00,-30.15458645890262,-53.06394802033953,0.08058081116522584
2o_pulso_11-13mai_2024-05-12_-31.0_-54.5_850,2o_pulso_11-13mai,850,2024-05-12 00:00:00,-29.886473234233826,-52.954067537045376,0.12406815335180599
2o_pulso_11-13mai_2024-05-12_-31.0_-54.5_850,2o_pulso_11-13mai,850,2024-05-11 18:00:00,-29.981951391637804,-53.77623477059326,0.12950130896036172
2o_pulso_11-13mai_2024-05-12_-31.0_-54.5_850,2o_pulso_11-13mai,850,2024-05-11 12:00:00,-29.806836655249533,-55.03029330282036,0.13305728878213852
2o_pulso_11-13mai_2024-05-12_-31.0_-54.5_850,2o_pulso_11-13mai,850,2024-05-11 06:00:00,-29.459254314235125,-56.43027367757865,0.15824669656891446
2o_pulso_11-13mai_2024-05-12_-31.0_-54.5_850,2o_pulso_11-13mai,850,2024-05-11 00:00:00,-28.829167669853565,-58.146664422545456,0.20078142733832663
2o_pulso_11-13mai_2024-05-12_-31.0_-54.5_850,2o_pulso_11-13mai,850,2024-05-10 18:00:00,-27.851291723611823,-59.435623817381526,0.18288370984236482
2o_pulso_11-13mai_2024-05-12_-31.0_-54.5_850,2o_pulso_11-13mai,850,2024-05-10 12:00:00,-25.71563770727781,-60.70542083621256,0.15943735554146693
2o_pulso_11-13mai_2024-05-12_-31.0_-54.5_850,2o_pulso_11-13mai,850,2024-05-10 06:00:00,-23.288097298502485,-61.745496550658935,0.07564809461015894
2o_pulso_11-13mai_2024-05-12_-31.0_-54.5_850,2o_pulso_11-13mai,850,2024-05-10 00:00:00,-21.526940738418798,-62.22094553375353,0.0661448221462442
2o_pulso_11-13mai_2024-05-12_-31.0_-54.5_850,2o_pulso_11-13mai,850,2024-05-09 18:00:00,-20.441929267019752,-62.214437887091634,0.06338786124083147
2o_pulso_11-13mai_2024-05-12_-31.0_-54.5_850,2o_pulso_11-13mai,850,2024-05-09 12:00:00,-20.747545894051832,-61.440707868962235,0.1138010101861255
2o_pulso_11-13mai_2024-05-12_-31.0_-54.5_850,2o_pulso_11-13mai,850,2024-05-09 06:00:00,-22.16895535580666,-59.77140726964461,0.12850916734954493
2o_pulso_11-13mai_2024-05-12_-31.0_-54.5_850,2o_pulso_11-13mai,850,2024-05-09 00:00:00,-21.662209918891964,-59.69947089164679,0.141448126186179
2o_pulso_11-13mai_2024-05-12_-31.0_-54.5_850,2o_pulso_11-13mai,850,2024-05-08 18:00:00,-20.303961764543658,-60.56817372390392,0.10002299189100414
2o_pulso_11-13mai_2024-05-12_-31.0_-54.5_850,2o_pulso_11-13mai,850,2024-05-08 12:00:00,-16.70535395056319,-62.647011124391916,0.1344568766101475
2o_pulso_11-13mai_2024-05-12_-31.0_-54.5_850,2o_pulso_11-13mai,850,2024-05-08 06:00:00,-14.855420841226092,-63.976179923682665,0.10255721241650803
2o_pulso_11-13mai_2024-05-12_-31.0_-54.5_850,2o_pulso_11-13mai,850,2024-05-08 00:00:00,-13.37129793882354,-64.82959934446107,0.09378392634952587
2o_pulso_11-13mai_2024-05-12_-31.0_-54.5_850,2o_pulso_11-13mai,850,2024-05-07 18:00:00,-11.958989202812823,-65.42697281837226,0.15657612390206233
2o_pulso_11-13mai_2024-05-12_-31.0_-54.5_850,2o_pulso_11-13mai,850,2024-05-07 12:00:00,-10.782625035347802,-65.72688553288138,0.15584881057199215
2o_pulso_11-13mai_2024-05-12_-31.0_-54.5_850,2o_pulso_11-13mai,850,2024-05-07 06:00:00,-9.744373194250995,-65.48074316198705,0.1025632211690614
2o_pulso_11-13mai_2024-05-12_-31.0_-54.5_850,2o_pulso_11-13mai,850,2024-05-07 00:00:00,-9.150312200649239,-65.04254582657674,0.10013694939175316
2o_pulso_11-13mai_2024-05-12_-31.0_-54.5_850,2o_pulso_11-13mai,850,2024-05-06 18:00:00,-8.686053049388425,-64.38996084336463,0.10152656086172532
2o_pulso_11-13mai_2024-05-12_-31.0_-54.5_850,2o_pulso_11-13mai,850,2024-05-06 12:00:00,-8.268485139636862,-63.714442764799564,0.11150221313493315
2o_pulso_11-13mai_2024-05-12_-31.0_-54.5_850,2o_pulso_11-13mai,850,2024-05-06 06:00:00,-7.834316034836744,-62.438973298270064,0.10597982418579671
2o_pulso_11-13mai_2024-05-12_-31.0_-54.5_850,2o_pulso_11-13mai,850,2024-05-06 00:00:00,-7.892330752822602,-60.90411417697423,0.093611626976228
2o_pulso_11-13mai_2024-05-12_-31.0_-54.5_850,2o_pulso_11-13mai,850,2024-05-05 18:00:00,-7.901050415299622,-59.24040687916976,0.10038396787944959
2o_pulso_11-13mai_2024-05-12_-31.0_-54.5_850,2o_pulso_11-13mai,850,2024-05-05 12:00:00,-7.764895565754231,-57.48685183153166,0.0963008548010589
2o_pulso_11-13mai_2024-05-12_-31.0_-54.5_850,2o_pulso_11-13mai,850,2024-05-05 06:00:00,-7.655977000026633,-55.3190393047349,0.07493255660448211
2o_pulso_11-13mai_2024-05-12_-31.0_-54.5_850,2o_pulso_11-13mai,850,2024-05-05 00:00:00,-7.877259262347154,-53.32337390330355,0.05652472792784883
2o_pulso_11-13mai_2024-05-12_-31.0_-54.5_850,2o_pulso_11-13mai,850,2024-05-04 18:00:00,-8.214252786346579,-51.72026198459504,0.05842811778431872
2o_pulso_11-13mai_2024-05-12_-31.0_-54.5_850,2o_pulso_11-13mai,850,2024-05-04 12:00:00,-8.375075912906254,-49.994420790510155,0.06051932719393589
2o_pulso_11-13mai_2024-05-12_-31.0_-54.5_850,2o_pulso_11-13mai,850,2024-05-04 06:00:00,-8.356322894969765,-48.135007077851405,0.023283422341573313
2o_pulso_11-13mai_2024-05-12_-31.0_-54.5_850,2o_pulso_11-13mai,850,2024-05-04 00:00:00,-8.586043743152727,-46.32120520849464,0.018131396611612085
2o_pulso_11-13mai_2024-05-12_-31.0_-54.5_850,2o_pulso_11-13mai,850,2024-05-03 18:00:00,-8.927279800535093,-44.83664094907343,0.015996255471018062
2o_pulso_11-13mai_2024-05-12_-31.0_-54.5_850,2o_pulso_11-13mai,850,2024-05-03 12:00:00,-9.212140095098242,-43.40427118567426,0.013753402480767195
2o_pulso_11-13mai_2024-05-12_-31.0_-54.5_850,2o_pulso_11-13mai,850,2024-05-03 06:00:00,-9.538178857618966,-41.53397851997773,0.02841813798392527
2o_pulso_11-13mai_2024-05-12_-31.0_-54.5_850,2o_pulso_11-13mai,850,2024-05-03 00:00:00,-10.779402990333843,-39.61864940307638,0.032081902032277135
2o_pulso_11-13mai_2024-05-12_-31.0_-54.5_850,2o_pulso_11-13mai,850,2024-05-02 18:00:00,-11.44596821875852,-38.65539413916261,0.03197948754644059
2o_pulso_11-13mai_2024-05-12_-31.0_-54.5_850,2o_pulso_11-13mai,850,2024-05-02 12:00:00,-12.095576751233382,-37.74108820365154,0.03399194450944627
2o_pulso_11-13mai_2024-05-12_-31.0_-54.5_850,2o_pulso_11-13mai,850,2024-05-02 06:00:00,-12.417569722460032,-37.0049675950611,0.01792162190912474
2o_pulso_11-13mai_2024-05-12_-31.0_-54.5_850,2o_pulso_11-13mai,850,2024-05-02 00:00:00,-12.672355146553363,-36.06832889618856,0.01754344808433498
2o_pulso_11-13mai_2024-05-12_-31.0_-54.5_850,2o_pulso_11-13mai,850,2024-05-01 18:00:00,-12.94559612244159,-34.99407281671159,0.017677276525061052
2o_pulso_11-13mai_2024-05-12_-31.0_-54.5_700,2o_pulso_11-13mai,700,2024-05-12 12:00:00,-31.0,-54.5,0.0338198428766595
2o_pulso_11-13mai_2024-05-12_-31.0_-54.5_700,2o_pulso_11-13mai,700,2024-05-12 06:00:00,-29.29047121184819,-58.5412739139024,0.1004229751463272
2o_pulso_11-13mai_2024-05-12_-31.0_-54.5_700,2o_pulso_11-13mai,700,2024-05-12 00:00:00,-27.178916153047965,-60.69524331744316,0.1743848858577436
2o_pulso_11-13mai_2024-05-12_-31.0_-54.5_700,2o_pulso_11-13mai,700,2024-05-11 18:00:00,-25.30216677594956,-62.23638266402813,0.1287649249876683
2o_pulso_11-13mai_2024-05-12_-31.0_-54.5_700,2o_pulso_11-13mai,700,2024-05-11 12:00:00,-23.935867766814386,-63.33804413948411,0.08714780960012306
2o_pulso_11-13mai_2024-05-12_-31.0_-54.5_700,2o_pulso_11-13mai,700,2024-05-11 06:00:00,-23.14937237391027,-64.25144893506011,0.0354778436986959
2o_pulso_11-13mai_2024-05-12_-31.0_-54.5_700,2o_pulso_11-13mai,700,2024-05-11 00:00:00,-22.781312776141476,-64.59905363643139,0.026955671556620764
2o_pulso_11-13mai_2024-05-12_-31.0_-54.5_700,2o_pulso_11-13mai,700,2024-05-10 18:00:00,-22.46324443160592,-64.81359684933607,0.017016647827455003
2o_pulso_11-13mai_2024-05-12_-31.0_-54.5_700,2o_pulso_11-13mai,700,2024-05-10 12:00:00,-22.295300967850913,-65.06675112147082,0.01569469863828018
2o_pulso_11-13mai_2024-05-12_-31.0_-54.5_700,2o_pulso_11-13mai,700,2024-05-10 06:00:00,-22.356989804684524,-65.31892785751634,0.022110033636934902
2o_pulso_11-13mai_2024-05-12_-31.0_-54.5_700,2o_pulso_11-13mai,700,2024-05-10 00:00:00,-22.213641744660354,-65.69991492158822,0.02233248009134288
2o_pulso_11-13mai_2024-05-12_-31.0_-54.5_700,2o_pulso_11-13mai,700,2024-05-09 18:00:00,-21.920801166790365,-66.48007907144554,0.017132303916232265
2o_pulso_11-13mai_2024-05-12_-31.0_-54.5_700,2o_pulso_11-13mai,700,2024-05-09 12:00:00,-21.609319732062882,-66.90594519758831,0.02186785113471242
2o_pulso_11-13mai_2024-05-12_-31.0_-54.5_700,2o_pulso_11-13mai,700,2024-05-09 06:00:00,-21.792557548306366,-66.83585072564662,0.013955136166923957
2o_pulso_11-13mai_2024-05-12_-31.0_-54.5_700,2o_pulso_11-13mai,700,2024-05-09 00:00:00,-21.635782890405867,-66.91792227706641,0.012554658723363763
2o_pulso_11-13mai_2024-05-12_-31.0_-54.5_700,2o_pulso_11-13mai,700,2024-05-08 18:00:00,-21.00590220209195,-67.02918557422085,0.012965087206657799
2o_pulso_11-13mai_2024-05-12_-31.0_-54.5_700,2o_pulso_11-13mai,700,2024-05-08 12:00:00,-20.76876948621326,-67.3612302976779,0.013867285194055997
2o_pulso_11-13mai_2024-05-12_-31.0_-54.5_700,2o_pulso_11-13mai,700,2024-05-08 06:00:00,-20.787889557922156,-67.5197710477632,0.007635496311689628
2o_pulso_11-13mai_2024-05-12_-31.0_-54.5_700,2o_pulso_11-13mai,700,2024-05-08 00:00:00,-20.78974415708,-67.92005015797112,0.0055728512273109385
2o_pulso_11-13mai_2024-05-12_-31.0_-54.5_700,2o_pulso_11-13mai,700,2024-05-07 18:00:00,-20.826979295700095,-68.76229071302814,0.006515779113493441
2o_pulso_11-13mai_2024-05-12_-31.0_-54.5_700,2o_pulso_11-13mai,700,2024-05-07 12:00:00,-19.582895874746118,-69.39525649620563,0.013770072922928802
2o_pulso_11-13mai_2024-05-12_-31.0_-54.5_700,2o_pulso_11-13mai,700,2024-05-07 06:00:00,-19.244226656902566,-69.38482653972098,0.017573785445930773
2o_pulso_11-13mai_2024-05-12_-31.0_-54.5_700,2o_pulso_11-13mai,700,2024-05-07 00:00:00,-19.1546851996965,-69.3288048454013,0.016952328379160855
2o_pulso_11-13mai_2024-05-12_-31.0_-54.5_700,2o_pulso_11-13mai,700,2024-05-06 18:00:00,-19.251613104213497,-69.76238856878817,0.020197812665398218
2o_pulso_11-13mai_2024-05-12_-31.0_-54.5_700,2o_pulso_11-13mai,700,2024-05-06 12:00:00,-19.15559858388752,-69.86509820094021,0.01720612013626449
2o_pulso_11-13mai_2024-05-12_-31.0_-54.5_700,2o_pulso_11-13mai,700,2024-05-06 06:00:00,-18.826047426246866,-69.93437952744006,0.020397033498010923
2o_pulso_11-13mai_2024-05-12_-31.0_-54.5_700,2o_pulso_11-13mai,700,2024-05-06 00:00:00,-18.698228145942128,-70.1748308817655,0.02105178496831636
2o_pulso_11-13mai_2024-05-12_-31.0_-54.5_700,2o_pulso_11-13mai,700,2024-05-05 18:00:00,-18.23476832963278,-70.95480368507565,0.024585718570974434
2o_pulso_11-13mai_2024-05-12_-31.0_-54.5_700,2o_pulso_11-13mai,700,2024-05-05 12:00:00,-17.41035763362793,-72.00748769165767,0.030075669198510773
2o_pulso_11-13mai_2024-05-12_-31.0_-54.5_700,2o_pulso_11-13mai,700,2024-05-05 06:00:00,-16.67202468235435,-72.80346482928472,0.047860292605630246
2o_pulso_11-13mai_2024-05-12_-31.0_-54.5_700,2o_pulso_11-13mai,700,2024-05-05 00:00:00,-16.064908460272946,-73.52680590263249,
2o_pulso_11-13mai_2024-05-12_-31.0_-54.5_700,2o_pulso_11-13mai,700,2024-05-04 18:00:00,-15.632138489480013,-74.30518677949628,
2o_pulso_11-13mai_2024-05-12_-31.0_-54.5_700,2o_pulso_11-13mai,700,2024-05-04 12:00:00,-14.793898701101302,-74.88023869367885,
2o_pulso_11-13mai_2024-05-12_-31.0_-54.5_700,2o_pulso_11-13mai,700,2024-05-04 06:00:00,-14.41392209115855,-74.9605018831499,
2o_pulso_11-13mai_2024-05-12_-31.0_-54.5_700,2o_pulso_11-13mai,700,2024-05-04 00:00:00,-14.23079133272093,-74.85291827504835,
2o_pulso_11-13mai_2024-05-12_-31.0_-54.5_700,2o_pulso_11-13mai,700,2024-05-03 18:00:00,-14.339783395728016,-75.0232358106792,
2o_pulso_11-13mai_2024-05-12_-31.0_-54.5_700,2o_pulso_11-13mai,700,2024-05-03 12:00:00,-14.30172445692654,-75.07645481540246,
2o_pulso_11-13mai_2024-05-12_-31.0_-54.5_700,2o_pulso_11-13mai,700,2024-05-03 06:00:00,-14.29534702518779,-75.02788676542386,
2o_pulso_11-13mai_2024-05-12_-31.0_-54.5_700,2o_pulso_11-13mai,700,2024-05-03 00:00:00,-14.372956600507548,-74.96398534851454,
2o_pulso_11-13mai_2024-05-12_-31.0_-54.5_700,2o_pulso_11-13mai,700,2024-05-02 18:00:00,-14.42099538045062,-74.91365371736975,
2o_pulso_11-13mai_2024-05-12_-31.0_-54.5_700,2o_pulso_11-13mai,700,2024-05-02 12:00:00,-14.41549390754943,-74.83298617403003,
2o_pulso_11-13mai_2024-05-12_-31.0_-54.5_700,2o_pulso_11-13mai,700,2024-05-02 06:00:00,-14.20086125765275,-74.5873368629077,
2o_pulso_11-13mai_2024-05-12_-31.0_-54.5_700,2o_pulso_11-13mai,700,2024-05-02 00:00:00,-14.222389918950599,-74.5916553686986,
2o_pulso_11-13mai_2024-05-12_-31.0_-54.5_700,2o_pulso_11-13mai,700,2024-05-01 18:00:00,-14.201702992912585,-74.65857754555216,
2o_pulso_11-13mai_2024-05-12_-31.0_-54.5_700,2o_pulso_11-13mai,700,2024-05-01 12:00:00,-14.095304068926785,-74.65171063774248,
2o_pulso_11-13mai_2024-05-12_-31.0_-54.5_700,2o_pulso_11-13mai,700,2024-05-01 06:00:00,-13.953572876096674,-74.46903933879668,
2o_pulso_11-13mai_2024-05-12_-31.0_-54.5_700,2o_pulso_11-13mai,700,2024-05-01 00:00:00,-13.912509232671232,-74.49731526220604,
2o_pulso_11-13mai_2024-05-12_-31.0_-54.5_700,2o_pulso_11-13mai,700,2024-04-30 18:00:00,-13.75201524918514,-74.41570773265323,
2o_pulso_11-13mai_2024-05-12_-31.0_-54.5_700,2o_pulso_11-13mai,700,2024-04-30 12:00:00,-13.588250667813071,-74.34198943739892,
2o_pulso_11-13mai_2024-05-12_-31.0_-54.5_700,2o_pulso_11-13mai,700,2024-04-30 06:00:00,-13.526022395724866,-74.37796576650368,
2o_pulso_11-13mai_2024-05-12_-31.0_-54.5_700,2o_pulso_11-13mai,700,2024-04-30 00:00:00,-13.382685178116475,-74.34422983248052,
2o_pulso_11-13mai_2024-05-12_-31.0_-54.5_700,2o_pulso_11-13mai,700,2024-04-29 18:00:00,-13.063707410753878,-74.11847469108397,
2o_pulso_11-13mai_2024-05-12_-31.0_-54.5_700,2o_pulso_11-13mai,700,2024-04-29 12:00:00,-12.835234016851338,-73.99292010884388,
2o_pulso_11-13mai_2024-05-12_-31.0_-54.5_700,2o_pulso_11-13mai,700,2024-04-29 06:00:00,-12.780730166920183,-74.03074340977493,
2o_pulso_11-13mai_2024-05-12_-31.0_-54.5_700,2o_pulso_11-13mai,700,2024-04-29 00:00:00,-12.643804857381225,-73.98065786384073,
2o_pulso_11-13mai_2024-05-12_-31.0_-54.5_700,2o_pulso_11-13mai,700,2024-04-28 18:00:00,-12.33979980125965,-73.92867199073558,
2o_pulso_11-13mai_2024-05-12_-31.0_-54.5_700,2o_pulso_11-13mai,700,2024-04-28 12:00:00,-12.175258635788468,-74.03182452073365,
2o_pulso_11-13mai_2024-05-12_-29.0_-50.0_850,2o_pulso_11-13mai,850,2024-05-12 12:00:00,-29.0,-50.0,0.12204978697829776
2o_pulso_11-13mai_2024-05-12_-29.0_-50.0_850,2o_pulso_11-13mai,850,2024-05-12 06:00:00,-27.412339382078116,-52.32963340000978,0.10856717985360802
2o_pulso_11-13mai_2024-05-12_-29.0_-50.0_850,2o_pulso_11-13mai,850,2024-05-12 00:00:00,-25.966120039105984,-53.883725185564145,0.07772610372862272
2o_pulso_11-13mai_2024-05-12_-29.0_-50.0_850,2o_pulso_11-13mai,850,2024-05-11 18:00:00,-24.437380659110733,-55.10937940145477,0.058190043479672854
2o_pulso_11-13mai_2024-05-12_-29.0_-50.0_850,2o_pulso_11-13mai,850,2024-05-11 12:00:00,-23.023602239110588,-55.839801007999974,0.026941562112087643
2o_pulso_11-13mai_2024-05-12_-29.0_-50.0_850,2o_pulso_11-13mai,850,2024-05-11 06:00:00,-21.40904288406057,-56.5519656395138,0.025645719963735894
2o_pulso_11-13mai_2024-05-12_-29.0_-50.0_850,2o_pulso_11-13mai,850,2024-05-11 00:00:00,-19.6472503145876,-56.71420269455066,0.03175787329905
2o_pulso_11-13mai_2024-05-12_-29.0_-50.0_850,2o_pulso_11-13mai,850,2024-05-10 18:00:00,-18.154200490492812,-56.57519632168095,0.02970556522733095
2o_pulso_11-13mai_2024-05-12_-29.0_-50.0_850,2o_pulso_11-13mai,850,2024-05-10 12:00:00,-16.88519294105868,-55.95185204935146,0.025573187999663988
2o_pulso_11-13mai_2024-05-12_-29.0_-50.0_850,2o_pulso_11-13mai,850,2024-05-10 06:00:00,-16.322991972224962,-55.05768382735441,0.014738643748263086
2o_pulso_11-13mai_2024-05-12_-29.0_-50.0_850,2o_pulso_11-13mai,850,2024-05-10 00:00:00,-16.127821264564258,-53.95494925330739,0.013364395534089963
2o_pulso_11-13mai_2024-05-12_-29.0_-50.0_850,2o_pulso_11-13mai,850,2024-05-09 18:00:00,-16.092131712761454,-53.118871336499964,0.013564413539718172
2o_pulso_11-13mai_2024-05-12_-29.0_-50.0_850,2o_pulso_11-13mai,850,2024-05-09 12:00:00,-16.076487240590925,-52.27619629988476,0.01340969465176079
2o_pulso_11-13mai_2024-05-12_-29.0_-50.0_850,2o_pulso_11-13mai,850,2024-05-09 06:00:00,-16.107592062965946,-51.41793152412704,0.006479267613447932
2o_pulso_11-13mai_2024-05-12_-29.0_-50.0_850,2o_pulso_11-13mai,850,2024-05-09 00:00:00,-16.109626739689983,-50.754168696794736,0.00527783844685663
2o_pulso_11-13mai_2024-05-12_-29.0_-50.0_850,2o_pulso_11-13mai,850,2024-05-08 18:00:00,-15.907268080021232,-50.30404238902881,0.004188214924997294
2o_pulso_11-13mai_2024-05-12_-29.0_-50.0_850,2o_pulso_11-13mai,850,2024-05-08 12:00:00,-15.350846800553352,-49.65527255308862,0.003752690694285958
2o_pulso_11-13mai_2024-05-12_-29.0_-50.0_850,2o_pulso_11-13mai,850,2024-05-08 06:00:00,-14.69564685494052,-47.92759002453925,0.01116982215240725
2o_pulso_11-13mai_2024-05-12_-29.0_-50.0_850,2o_pulso_11-13mai,850,2024-05-08 00:00:00,-14.858903162995208,-45.77493366512059,0.009154657583979956
2o_pulso_11-13mai_2024-05-12_-29.0_-50.0_850,2o_pulso_11-13mai,850,2024-05-07 18:00:00,-14.928333213106619,-43.984882067769725,0.009119889620592896
2o_pulso_11-13mai_2024-05-12_-29.0_-50.0_850,2o_pulso_11-13mai,850,2024-05-07 12:00:00,-15.0603328033624,-42.19026889650648,0.01132265981402606
2o_pulso_11-13mai_2024-05-12_-29.0_-50.0_850,2o_pulso_11-13mai,850,2024-05-07 06:00:00,-15.85143747004982,-40.15789087312019,0.03589015512557223
2o_pulso_11-13mai_2024-05-12_-29.0_-50.0_850,2o_pulso_11-13mai,850,2024-05-07 00:00:00,-16.372630212227342,-38.30068695500587,0.027549016256275066
2o_pulso_11-13mai_2024-05-12_-29.0_-50.0_850,2o_pulso_11-13mai,850,2024-05-06 18:00:00,-16.71360019878709,-36.34913801488605,0.028078543464885915
2o_pulso_11-13mai_2024-05-12_-29.0_-50.0_700,2o_pulso_11-13mai,700,2024-05-12 12:00:00,-29.0,-50.0,0.12204978697829776
2o_pulso_11-13mai_2024-05-12_-29.0_-50.0_700,2o_pulso_11-13mai,700,2024-05-12 06:00:00,-27.373232965200785,-54.58167932903112,0.16464255755827056
2o_pulso_11-13mai_2024-05-12_-29.0_-50.0_700,2o_pulso_11-13mai,700,2024-05-12 00:00:00,-24.799009848514128,-57.73521743023677,0.17765634283585668
2o_pulso_11-13mai_2024-05-12_-29.0_-50.0_700,2o_pulso_11-13mai,700,2024-05-11 18:00:00,-21.79018485317475,-59.653382920435384,0.1330228159784014
2o_pulso_11-13mai_2024-05-12_-29.0_-50.0_700,2o_pulso_11-13mai,700,2024-05-11 12:00:00,-19.019437964399373,-61.242184190180225,0.1276279697782994
2o_pulso_11-13mai_2024-05-12_-29.0_-50.0_700,2o_pulso_11-13mai,700,2024-05-11 06:00:00,-16.972201522292863,-63.027413448629986,0.1159685536798453
2o_pulso_11-13mai_2024-05-12_-29.0_-50.0_700,2o_pulso_11-13mai,700,2024-05-11 00:00:00,-15.732273406125676,-64.6464068811348,0.10690230961389256
2o_pulso_11-13mai_2024-05-12_-29.0_-50.0_700,2o_pulso_11-13mai,700,2024-05-10 18:00:00,-15.053253343895395,-66.15736436429152,0.16383748591662256
2o_pulso_11-13mai_2024-05-12_-29.0_-50.0_700,2o_pulso_11-13mai,700,2024-05-10 12:00:00,-13.951400837788023,-67.08288887325557,0.23404876319769366
2o_pulso_11-13mai_2024-05-12_-29.0_-50.0_700,2o_pulso_11-13mai,700,2024-05-10 06:00:00,-13.176727549353346,-67.18590076687076,0.07382039287176237
2o_pulso_11-13mai_2024-05-12_-29.0_-50.0_700,2o_pulso_11-13mai,700,2024-05-10 00:00:00,-12.750519726535805,-66.84178533164162,0.06338463052025156
2o_pulso_11-13mai_2024-05-12_-29.0_-50.0_700,2o_pulso_11-13mai,700,2024-05-09 18:00:00,-12.71498453369866,-66.35769987325831,0.07286947096060453
2o_pulso_11-13mai_2024-05-12_-29.0_-50.0_700,2o_pulso_11-13mai,700,2024-05-09 12:00:00,-12.727403468395245,-65.62337180513886,0.06282689203336768
2o_pulso_11-13mai_2024-05-12_-29.0_-50.0_700,2o_pulso_11-13mai,700,2024-05-09 06:00:00,-12.865778336302089,-65.0695707329114,0.1299032160692956
2o_pulso_11-13mai_2024-05-12_-29.0_-50.0_700,2o_pulso_11-13mai,700,2024-05-09 00:00:00,-12.64541455617075,-65.03683741739314,0.11316933118913285
2o_pulso_11-13mai_2024-05-12_-29.0_-50.0_700,2o_pulso_11-13mai,700,2024-05-08 18:00:00,-12.116843577354187,-65.15864083963599,0.14220243361907697
2o_pulso_11-13mai_2024-05-12_-29.0_-50.0_700,2o_pulso_11-13mai,700,2024-05-08 12:00:00,-11.417978325915835,-65.25674886358539,0.15750131912218407
2o_pulso_11-13mai_2024-05-12_-29.0_-50.0_700,2o_pulso_11-13mai,700,2024-05-08 06:00:00,-10.939830913224862,-65.28087619342101,0.128998790081221
2o_pulso_11-13mai_2024-05-12_-29.0_-50.0_700,2o_pulso_11-13mai,700,2024-05-08 00:00:00,-10.606875300650952,-65.51135180643867,0.12500819869873375
2o_pulso_11-13mai_2024-05-12_-29.0_-50.0_700,2o_pulso_11-13mai,700,2024-05-07 18:00:00,-10.0453647372878,-65.57009122668707,0.19371541803324815
2o_pulso_11-13mai_2024-05-12_-29.0_-50.0_700,2o_pulso_11-13mai,700,2024-05-07 12:00:00,-9.478128638936418,-65.33420035591172,0.2072098639897342
2o_pulso_11-13mai_2024-05-12_-29.0_-50.0_700,2o_pulso_11-13mai,700,2024-05-07 06:00:00,-9.083744220689855,-64.90898936960554,0.12342806303527089
2o_pulso_11-13mai_2024-05-12_-29.0_-50.0_700,2o_pulso_11-13mai,700,2024-05-07 00:00:00,-8.709726716159105,-64.28542382315032,0.1220695380430968
2o_pulso_11-13mai_2024-05-12_-29.0_-50.0_700,2o_pulso_11-13mai,700,2024-05-06 18:00:00,-8.630224678024547,-63.47119392174601,0.1266893460927117
2o_pulso_11-13mai_2024-05-12_-29.0_-50.0_700,2o_pulso_11-13mai,700,2024-05-06 12:00:00,-8.60576208790044,-62.6350098076201,0.13984419489878439
2o_pulso_11-13mai_2024-05-12_-29.0_-50.0_700,2o_pulso_11-13mai,700,2024-05-06 06:00:00,-8.729814401060313,-61.66453712761735,0.08356353538995176
2o_pulso_11-13mai_2024-05-12_-29.0_-50.0_700,2o_pulso_11-13mai,700,2024-05-06 00:00:00,-9.049919769353162,-60.54184413223434,0.07357509298572493
2o_pulso_11-13mai_2024-05-12_-29.0_-50.0_700,2o_pulso_11-13mai,700,2024-05-05 18:00:00,-9.401666878511914,-59.217258815940596,0.0705138755081301
2o_pulso_11-13mai_2024-05-12_-29.0_-50.0_700,2o_pulso_11-13mai,700,2024-05-05 12:00:00,-9.537007690660388,-57.692640374322295,0.07550488247822172
2o_pulso_11-13mai_2024-05-12_-29.0_-50.0_700,2o_pulso_11-13mai,700,2024-05-05 06:00:00,-9.771834371061091,-55.926294693895315,0.06558111649390942
2o_pulso_11-13mai_2024-05-12_-29.0_-50.0_700,2o_pulso_11-13mai,700,2024-05-05 00:00:00,-10.12468704355925,-54.35483075637829,0.05544849315961943
2o_pulso_11-13mai_2024-05-12_-29.0_-50.0_700,2o_pulso_11-13mai,700,2024-05-04 18:00:00,-10.558609438538548,-53.10479509413268,0.0581990184910947
2o_pulso_11-13mai_2024-05-12_-29.0_-50.0_700,2o_pulso_11-13mai,700,2024-05-04 12:00:00,-10.665589277249133,-52.21776393883894,0.06718228519257577
2o_pulso_11-13mai_2024-05-12_-29.0_-50.0_700,2o_pulso_11-13mai,700,2024-05-04 06:00:00,-10.375109722072606,-51.12686068648437,0.01967767259595885
2o_pulso_11-13mai_2024-05-12_-29.0_-50.0_700,2o_pulso_11-13mai,700,2024-05-04 00:00:00,-10.214190999898895,-49.81127733744133,0.017136712961879807
2o_pulso_11-13mai_2024-05-12_-29.0_-50.0_700,2o_pulso_11-13mai,700,2024-05-03 18:00:00,-10.112635320880049,-48.68893743297483,0.007625817501212044
2o_pulso_11-13mai_2024-05-12_-29.0_-50.0_700,2o_pulso_11-13mai,700,2024-05-03 12:00:00,-9.948650545681982,-47.447671109635166,0.00799074528460876
2o_pulso_11-13mai_2024-05-12_-29.0_-50.0_700,2o_pulso_11-13mai,700,2024-05-03 06:00:00,-9.634735096325143,-46.19851113584573,0.015890310534814055
2o_pulso_11-13mai_2024-05-12_-29.0_-50.0_700,2o_pulso_11-13mai,700,2024-05-03 00:00:00,-9.231560750703915,-44.77646801352659,0.011792719541681729
2o_pulso_11-13mai_2024-05-12_-29.0_-50.0_700,2o_pulso_11-13mai,700,2024-05-02 18:00:00,-9.091167185377053,-43.44885074820175,0.010102513385433073
2o_pulso_11-13mai_2024-05-12_-29.0_-50.0_700,2o_pulso_11-13mai,700,2024-05-02 12:00:00,-8.838850042482948,-42.15531934749038,0.014027864127898965
2o_pulso_11-13mai_2024-05-12_-29.0_-50.0_700,2o_pulso_11-13mai,700,2024-05-02 06:00:00,-8.849937948975866,-41.186457329377234,0.04180773597194802
2o_pulso_11-13mai_2024-05-12_-29.0_-50.0_700,2o_pulso_11-13mai,700,2024-05-02 00:00:00,-8.916500489313615,-40.307332589445224,0.04262045900370241
2o_pulso_11-13mai_2024-05-12_-29.0_-50.0_700,2o_pulso_11-13mai,700,2024-05-01 18:00:00,-9.090450315742833,-39.328850729167385,0.042489778430607174
2o_pulso_11-13mai_2024-05-12_-29.0_-50.0_700,2o_pulso_11-13mai,700,2024-05-01 12:00:00,-9.30056668148764,-38.606261625291204,0.04453418597712871
2o_pulso_11-13mai_2024-05-12_-29.0_-50.0_700,2o_pulso_11-13mai,700,2024-05-01 06:00:00,-9.55079937851722,-38.08148712771754,0.041983570688674365
2o_pulso_11-13mai_2024-05-12_-29.0_-50.0_700,2o_pulso_11-13mai,700,2024-05-01 00:00:00,-9.852989480036232,-37.67068138815987,0.04136032868632101
2o_pulso_11-13mai_2024-05-12_-29.0_-50.0_700,2o_pulso_11-13mai,700,2024-04-30 18:00:00,-9.585918132565212,-37.16369542536622,0.04931691983842265
2o_pulso_11-13mai_2024-05-12_-29.0_-50.0_700,2o_pulso_11-13mai,700,2024-04-30 12:00:00,-8.984873480990343,-36.18559703675721,0.05558307898057918
2o_pulso_11-13mai_2024-05-12_-29.0_-50.0_700,2o_pulso_11-13mai,700,2024-04-30 06:00:00,-8.843341755197024,-34.355920123533274,
2o_pulso_11-13mai_2024-05-13_-29.5_-52.0_850,2o_pulso_11-13mai,850,2024-05-13 12:00:00,-29.5,-52.0,0.06502367680271466
2o_pulso_11-13mai_2024-05-13_-29.5_-52.0_850,2o_pulso_11-13mai,850,2024-05-13 06:00:00,-30.721022018992386,-53.21446630102507,0.030405433684040306
2o_pulso_11-13mai_2024-05-13_-29.5_-52.0_850,2o_pulso_11-13mai,850,2024-05-13 00:00:00,-31.56251585883399,-53.914126038420655,0.028465721704198317
2o_pulso_11-13mai_2024-05-13_-29.5_-52.0_850,2o_pulso_11-13mai,850,2024-05-12 18:00:00,-30.769614603342546,-53.40546825065765,0.028231456631713066
2o_pulso_11-13mai_2024-05-13_-29.5_-52.0_850,2o_pulso_11-13mai,850,2024-05-12 12:00:00,-29.92915270872994,-53.79070061224135,0.04732858217433167
2o_pulso_11-13mai_2024-05-13_-29.5_-52.0_850,2o_pulso_11-13mai,850,2024-05-12 06:00:00,-29.16919056622643,-53.91694406778234,0.18255786627914916
2o_pulso_11-13mai_2024-05-13_-29.5_-52.0_850,2o_pulso_11-13mai,850,2024-05-12 00:00:00,-27.617373941796778,-56.58913514215042,0.15192407436800262
2o_pulso_11-13mai_2024-05-13_-29.5_-52.0_850,2o_pulso_11-13mai,850,2024-05-11 18:00:00,-25.289043968158623,-58.41054054327959,0.2109622961636985
2o_pulso_11-13mai_2024-05-13_-29.5_-52.0_850,2o_pulso_11-13mai,850,2024-05-11 12:00:00,-22.546438694964245,-59.67525071913371,0.1128669703529742
2o_pulso_11-13mai_2024-05-13_-29.5_-52.0_850,2o_pulso_11-13mai,850,2024-05-11 06:00:00,-19.81280197718537,-60.9047077790151,0.0819989294341746
2o_pulso_11-13mai_2024-05-13_-29.5_-52.0_850,2o_pulso_11-13mai,850,2024-05-11 00:00:00,-17.18743709605496,-61.510164368538184,0.05717835387399596
2o_pulso_11-13mai_2024-05-13_-29.5_-52.0_850,2o_pulso_11-13mai,850,2024-05-10 18:00:00,-15.436172145846784,-61.95406299246878,0.05329840773734875
2o_pulso_11-13mai_2024-05-13_-29.5_-52.0_850,2o_pulso_11-13mai,850,2024-05-10 12:00:00,-13.986670567255624,-61.90257194730161,0.055548309799552234
2o_pulso_11-13mai_2024-05-13_-29.5_-52.0_850,2o_pulso_11-13mai,850,2024-05-10 06:00:00,-12.95938925373211,-60.821960686277954,0.02419162974892154
2o_pulso_11-13mai_2024-05-13_-29.5_-52.0_850,2o_pulso_11-13mai,850,2024-05-10 00:00:00,-12.930420445663783,-59.54840444612133,0.018926005068581213
2o_pulso_11-13mai_2024-05-13_-29.5_-52.0_850,2o_pulso_11-13mai,850,2024-05-09 18:00:00,-13.025245638551807,-58.350529459706806,0.014684190130820519
2o_pulso_11-13mai_2024-05-13_-29.5_-52.0_850,2o_pulso_11-13mai,850,2024-05-09 12:00:00,-13.10775579447424,-57.10498374894895,0.020086564233772548
2o_pulso_11-13mai_2024-05-13_-29.5_-52.0_850,2o_pulso_11-13mai,850,2024-05-09 06:00:00,-13.238460380268275,-55.68509419385,0.03485305969489997
2o_pulso_11-13mai_2024-05-13_-29.5_-52.0_850,2o_pulso_11-13mai,850,2024-05-09 00:00:00,-12.910772443281656,-54.06585371323869,0.02696916943957126
2o_pulso_11-13mai_2024-05-13_-29.5_-52.0_850,2o_pulso_11-13mai,850,2024-05-08 18:00:00,-12.67400571545881,-52.89569658573753,0.009270892920698937
2o_pulso_11-13mai_2024-05-13_-29.5_-52.0_850,2o_pulso_11-13mai,850,2024-05-08 12:00:00,-12.25901179237957,-51.29743596059519,0.006631680434273241
2o_pulso_11-13mai_2024-05-13_-29.5_-52.0_850,2o_pulso_11-13mai,850,2024-05-08 06:00:00,-11.993506088892708,-49.35195263208991,0.015440006477100641
2o_pulso_11-13mai_2024-05-13_-29.5_-52.0_850,2o_pulso_11-13mai,850,2024-05-08 00:00:00,-12.02486202828375,-47.62121211324821,0.009796454434069953
2o_pulso_11-13mai_2024-05-13_-29.5_-52.0_850,2o_pulso_11-13mai,850,2024-05-07 18:00:00,-12.380093658207382,-46.055427108688384,0.006022991480445331
2o_pulso_11-13mai_2024-05-13_-29.5_-52.0_850,2o_pulso_11-13mai,850,2024-05-07 12:00:00,-12.906409142187378,-44.38252788855782,0.005953785158222866
2o_pulso_11-13mai_2024-05-13_-29.5_-52.0_850,2o_pulso_11-13mai,850,2024-05-07 06:00:00,-13.334481380877248,-42.356177810914076,0.026495913265820962
2o_pulso_11-13mai_2024-05-13_-29.5_-52.0_850,2o_pulso_11-13mai,850,2024-05-07 00:00:00,-14.28972674725286,-40.44855942664746,0.028673972807019023
2o_pulso_11-13mai_2024-05-13_-29.5_-52.0_850,2o_pulso_11-13mai,850,2024-05-06 18:00:00,-15.235314459494473,-38.837426453271654,0.028401948488584135
2o_pulso_11-13mai_2024-05-13_-29.5_-52.0_850,2o_pulso_11-13mai,850,2024-05-06 12:00:00,-16.057971232931962,-37.03452193015855,0.027297791645410248
2o_pulso_11-13mai_2024-05-13_-29.5_-52.0_850,2o_pulso_11-13mai,850,2024-05-06 06:00:00,-16.694614265383883,-34.64216296846743,0.032567176793035855
2o_pulso_11-13mai_2024-05-13_-29.5_-52.0_700,2o_pulso_11-13mai,700,2024-05-13 12:00:00,-29.5,-52.0,0.06502367680271466
2o_pulso_11-13mai_2024-05-13_-29.5_-52.0_700,2o_pulso_11-13mai,700,2024-05-13 06:00:00,-28.78861077351874,-55.154985949953364,0.05376762830607846
2o_pulso_11-13mai_2024-05-13_-29.5_-52.0_700,2o_pulso_11-13mai,700,2024-05-13 00:00:00,-28.310876431523678,-57.549973757079286,0.07248565330302005
2o_pulso_11-13mai_2024-05-13_-29.5_-52.0_700,2o_pulso_11-13mai,700,2024-05-12 18:00:00,-27.79412344465637,-59.913902520962075,0.12900677766758264
2o_pulso_11-13mai_2024-05-13_-29.5_-52.0_700,2o_pulso_11-13mai,700,2024-05-12 12:00:00,-27.31306188570843,-61.70672599473884,0.14602756990301732
2o_pulso_11-13mai_2024-05-13_-29.5_-52.0_700,2o_pulso_11-13mai,700,2024-05-12 06:00:00,-26.800003735154466,-63.23833119550423,0.08731673893616936
2o_pulso_11-13mai_2024-05-13_-29.5_-52.0_700,2o_pulso_11-13mai,700,2024-05-12 00:00:00,-26.245675497273197,-64.33525132965765,0.08725730269672882
2o_pulso_11-13mai_2024-05-13_-29.5_-52.0_700,2o_pulso_11-13mai,700,2024-05-11 18:00:00,-25.35369454694238,-65.12685411874227,0.06866288867796205
2o_pulso_11-13mai_2024-05-13_-29.5_-52.0_700,2o_pulso_11-13mai,700,2024-05-11 12:00:00,-24.73047937557353,-65.52525551028033,0.04749889375565683
2o_pulso_11-13mai_2024-05-13_-29.5_-52.0_700,2o_pulso_11-13mai,700,2024-05-11 06:00:00,-24.452098197432004,-65.83417534156274,0.0125385706649952
2o_pulso_11-13mai_2024-05-13_-29.5_-52.0_700,2o_pulso_11-13mai,700,2024-05-11 00:00:00,-24.18987335158937,-66.12618507204853,0.01040425822913054
2o_pulso_11-13mai_2024-05-13_-29.5_-52.0_700,2o_pulso_11-13mai,700,2024-05-10 18:00:00,-24.14630239438603,-66.85026878165675,0.010511927632403223
2o_pulso_11-13mai_2024-05-13_-29.5_-52.0_700,2o_pulso_11-13mai,700,2024-05-10 12:00:00,-23.93202131146068,-67.41413568678192,0.013294822562675345
2o_pulso_11-13mai_2024-05-13_-29.5_-52.0_700,2o_pulso_11-13mai,700,2024-05-10 06:00:00,-23.73127741366142,-67.87225671816658,0.01720151069826077
2o_pulso_11-13mai_2024-05-13_-29.5_-52.0_700,2o_pulso_11-13mai,700,2024-05-10 00:00:00,-23.1362589878249,-67.97636918986255,0.016929175079283387
2o_pulso_11-13mai_2024-05-13_-29.5_-52.0_700,2o_pulso_11-13mai,700,2024-05-09 18:00:00,-22.858120420394968,-68.44359378267056,0.016827590537120914
2o_pulso_11-13mai_2024-05-13_-29.5_-52.0_700,2o_pulso_11-13mai,700,2024-05-09 12:00:00,-22.09256670959169,-69.11477237522152,0.021180271280656596
2o_pulso_11-13mai_2024-05-13_-29.5_-52.0_700,2o_pulso_11-13mai,700,2024-05-09 06:00:00,-21.489988870435855,-69.60708756435052,0.03155007405464679
2o_pulso_11-13mai_2024-05-13_-29.5_-52.0_700,2o_pulso_11-13mai,700,2024-05-09 00:00:00,-21.138764971190373,-70.13001039640898,0.03959971057810395
2o_pulso_11-13mai_2024-05-13_-29.5_-52.0_700,2o_pulso_11-13mai,700,2024-05-08 18:00:00,-20.380191217678902,-70.91601092939989,0.056175008025159304
2o_pulso_11-13mai_2024-05-13_-29.5_-52.0_700,2o_pulso_11-13mai,700,2024-05-08 12:00:00,-19.630890836050423,-71.40990174597952,0.07843415059627147
2o_pulso_11-13mai_2024-05-13_-29.5_-52.0_700,2o_pulso_11-13mai,700,2024-05-08 06:00:00,-18.980074844655693,-71.91319787781173,0.04118716392539394
2o_pulso_11-13mai_2024-05-13_-29.5_-52.0_700,2o_pulso_11-13mai,700,2024-05-08 00:00:00,-18.538829344560895,-72.50226246772557,0.04879945019995123
2o_pulso_11-13mai_2024-05-13_-29.5_-52.0_700,2o_pulso_11-13mai,700,2024-05-07 18:00:00,-18.346335336511043,-73.86411924929557,
2o_pulso_11-13mai_2024-05-13_-29.5_-52.0_700,2o_pulso_11-13mai,700,2024-05-07 12:00:00,-18.138314596218585,-75.79382288306122,
2o_pulso_11-13mai_2024-05-13_-29.5_-52.0_700,2o_pulso_11-13mai,700,2024-05-07 06:00:00,-18.145329868925746,-78.39530793839596,
2o_pulso_11-13mai_2024-05-13_-30.5_-53.5_850,2o_pulso_11-13mai,850,2024-05-13 12:00:00,-30.5,-53.5,0.04554824075765079
2o_pulso_11-13mai_2024-05-13_-30.5_-53.5_850,2o_pulso_11-13mai,850,2024-05-13 06:00:00,-31.767725737808743,-53.94697751719924,0.026726375262821768
2o_pulso_11-13mai_2024-05-13_-30.5_-53.5_850,2o_pulso_11-13mai,850,2024-05-13 00:00:00,-32.46056970232383,-53.406639373510274,0.023368406073210876
2o_pulso_11-13mai_2024-05-13_-30.5_-53.5_850,2o_pulso_11-13mai,850,2024-05-12 18:00:00,-31.91552112622791,-51.827655785192114,0.02983192291865118
2o_pulso_11-13mai_2024-05-13_-30.5_-53.5_850,2o_pulso_11-13mai,850,2024-05-12 12:00:00,-30.774661423591002,-49.30072202381679,0.050853725928111014
2o_pulso_11-13mai_2024-05-13_-30.5_-53.5_850,2o_pulso_11-13mai,850,2024-05-12 06:00:00,-31.0873971795825,-48.53834759343564,0.038284874100767065
2o_pulso_11-13mai_2024-05-13_-30.5_-53.5_850,2o_pulso_11-13mai,850,2024-05-12 00:00:00,-31.257204504126747,-47.826479675826434,0.04709774707937635
2o_pulso_11-13mai_2024-05-13_-30.5_-53.5_850,2o_pulso_11-13mai,850,2024-05-11 18:00:00,-31.408680252994845,-47.51342980727663,0.05796613817721894
2o_pulso_11-13mai_2024-05-13_-30.5_-53.5_850,2o_pulso_11-13mai,850,2024-05-11 12:00:00,-30.788364564795238,-47.1597636596169,0.06004595912597424
2o_pulso_11-13mai_2024-05-13_-30.5_-53.5_850,2o_pulso_11-13mai,850,2024-05-11 06:00:00,-29.754613507465695,-48.89642283127249,0.05779510769284422
2o_pulso_11-13mai_2024-05-13_-30.5_-53.5_850,2o_pulso_11-13mai,850,2024-05-11 00:00:00,-29.842580090240308,-50.23888630819921,0.057626598989100206
2o_pulso_11-13mai_2024-05-13_-30.5_-53.5_850,2o_pulso_11-13mai,850,2024-05-10 18:00:00,-29.58480514114214,-51.12410470045583,0.23795413203447285
2o_pulso_11-13mai_2024-05-13_-30.5_-53.5_850,2o_pulso_11-13mai,850,2024-05-10 12:00:00,-28.123786759353877,-53.67116628257205,0.28707423248328423
2o_pulso_11-13mai_2024-05-13_-30.5_-53.5_850,2o_pulso_11-13mai,850,2024-05-10 06:00:00,-25.716720947933023,-54.990319444214364,0.1271521357434254
2o_pulso_11-13mai_2024-05-13_-30.5_-53.5_850,2o_pulso_11-13mai,850,2024-05-10 00:00:00,-23.527697681507693,-55.80975333269455,0.12955098004383975
2o_pulso_11-13mai_2024-05-13_-30.5_-53.5_850,2o_pulso_11-13mai,850,2024-05-09 18:00:00,-21.69505735444622,-56.35115801926089,0.1393015660658189
2o_pulso_11-13mai_2024-05-13_-30.5_-53.5_850,2o_pulso_11-13mai,850,2024-05-09 12:00:00,-20.093589923702197,-56.692718359836526,0.16209079390557973
2o_pulso_11-13mai_2024-05-13_-30.5_-53.5_850,2o_pulso_11-13mai,850,2024-05-09 06:00:00,-18.733536328154266,-57.15561641736752,0.03857826595240043
2o_pulso_11-13mai_2024-05-13_-30.5_-53.5_850,2o_pulso_11-13mai,850,2024-05-09 00:00:00,-17.674146623071685,-57.89008788398719,0.054289702937956666
2o_pulso_11-13mai_2024-05-13_-30.5_-53.5_850,2o_pulso_11-13mai,850,2024-05-08 18:00:00,-16.509142543235747,-58.28538052647511,0.02459652512191856
2o_pulso_11-13mai_2024-05-13_-30.5_-53.5_850,2o_pulso_11-13mai,850,2024-05-08 12:00:00,-14.99863245824681,-58.56884099726455,0.022123118896449006
2o_pulso_11-13mai_2024-05-13_-30.5_-53.5_850,2o_pulso_11-13mai,850,2024-05-08 06:00:00,-13.327754075814893,-57.92609801565224,0.054665531408726535
2o_pulso_11-13mai_2024-05-13_-30.5_-53.5_850,2o_pulso_11-13mai,850,2024-05-08 00:00:00,-12.721039066053176,-57.101393544774005,0.04528439914071135
2o_pulso_11-13mai_2024-05-13_-30.5_-53.5_850,2o_pulso_11-13mai,850,2024-05-07 18:00:00,-12.255618503219395,-56.51280342977877,0.03260341342465785
2o_pulso_11-13mai_2024-05-13_-30.5_-53.5_850,2o_pulso_11-13mai,850,2024-05-07 12:00:00,-11.90366396453396,-55.64901658448188,0.027188190952876584
2o_pulso_11-13mai_2024-05-13_-30.5_-53.5_850,2o_pulso_11-13mai,850,2024-05-07 06:00:00,-11.54143742414918,-54.306550564379556,0.031333491964863874
2o_pulso_11-13mai_2024-05-13_-30.5_-53.5_850,2o_pulso_11-13mai,850,2024-05-07 00:00:00,-11.29238167663394,-53.00129626638434,0.0351927028626633
2o_pulso_11-13mai_2024-05-13_-30.5_-53.5_850,2o_pulso_11-13mai,850,2024-05-06 18:00:00,-11.065126780750285,-51.83671751915683,0.02376450715778034
2o_pulso_11-13mai_2024-05-13_-30.5_-53.5_850,2o_pulso_11-13mai,850,2024-05-06 12:00:00,-10.823162133279629,-50.28024155863583,0.01665045231088074
2o_pulso_11-13mai_2024-05-13_-30.5_-53.5_850,2o_pulso_11-13mai,850,2024-05-06 06:00:00,-10.540077208779724,-48.32889237433925,0.01744902002386398
2o_pulso_11-13mai_2024-05-13_-30.5_-53.5_850,2o_pulso_11-13mai,850,2024-05-06 00:00:00,-10.653561370993328,-46.28836218311245,0.010722698273171887
2o_pulso_11-13mai_2024-05-13_-30.5_-53.5_850,2o_pulso_11-13mai,850,2024-05-05 18:00:00,-11.293401902973713,-44.38583954693937,0.005472476834655097
2o_pulso_11-13mai_2024-05-13_-30.5_-53.5_850,2o_pulso_11-13mai,850,2024-05-05 12:00:00,-11.741399868672795,-42.820701805695116,0.0037448722476014773
2o_pulso_11-13mai_2024-05-13_-30.5_-53.5_850,2o_pulso_11-13mai,850,2024-05-05 06:00:00,-12.696281821328217,-40.62493925341248,0.020729362624544775
2o_pulso_11-13mai_2024-05-13_-30.5_-53.5_850,2o_pulso_11-13mai,850,2024-05-05 00:00:00,-13.385149056175177,-38.427800213061296,0.016721827189817493
2o_pulso_11-13mai_2024-05-13_-30.5_-53.5_850,2o_pulso_11-13mai,850,2024-05-04 18:00:00,-13.636987376778539,-36.75892857789872,0.016484765051739767
2o_pulso_11-13mai_2024-05-13_-30.5_-53.5_850,2o_pulso_11-13mai,850,2024-05-04 12:00:00,-13.827876007308804,-34.86524451006532,0.01791103594773924
2o_pulso_11-13mai_2024-05-13_-30.5_-53.5_700,2o_pulso_11-13mai,700,2024-05-13 12:00:00,-30.5,-53.5,0.04554824075765079
2o_pulso_11-13mai_2024-05-13_-30.5_-53.5_700,2o_pulso_11-13mai,700,2024-05-13 06:00:00,-30.958529470760563,-56.16335477376101,0.02901578388802236
2o_pulso_11-13mai_2024-05-13_-30.5_-53.5_700,2o_pulso_11-13mai,700,2024-05-13 00:00:00,-32.048640804807754,-59.348766610959125,0.03961629729632344
2o_pulso_11-13mai_2024-05-13_-30.5_-53.5_700,2o_pulso_11-13mai,700,2024-05-12 18:00:00,-32.213878355716034,-61.28640594782178,0.04093215296387857
2o_pulso_11-13mai_2024-05-13_-30.5_-53.5_700,2o_pulso_11-13mai,700,2024-05-12 12:00:00,-32.81955735329695,-63.52187666989835,0.11008258754135455
2o_pulso_11-13mai_2024-05-13_-30.5_-53.5_700,2o_pulso_11-13mai,700,2024-05-12 06:00:00,-32.737200052188285,-65.30480621592545,0.035244054965828504
2o_pulso_11-13mai_2024-05-13_-30.5_-53.5_700,2o_pulso_11-13mai,700,2024-05-12 00:00:00,-31.946801787339304,-66.90802732239403,0.02513124687428211
2o_pulso_11-13mai_2024-05-13_-30.5_-53.5_700,2o_pulso_11-13mai,700,2024-05-11 18:00:00,-31.27966730016774,-69.23317010441679,0.03812445661984811
2o_pulso_11-13mai_2024-05-13_-30.5_-53.5_700,2o_pulso_11-13mai,700,2024-05-11 12:00:00,-30.67652829981828,-69.32458273455204,0.01262673370161057
2o_pulso_11-13mai_2024-05-13_-30.5_-53.5_700,2o_pulso_11-13mai,700,2024-05-11 06:00:00,-30.491349264176844,-69.7529833326217,0.014421141255989513
2o_pulso_11-13mai_2024-05-13_-30.5_-53.5_700,2o_pulso_11-13mai,700,2024-05-11 00:00:00,-30.187086312005988,-69.83289820684028,0.015534805735101666
2o_pulso_11-13mai_2024-05-13_-30.5_-53.5_700,2o_pulso_11-13mai,700,2024-05-10 18:00:00,-29.985759332361777,-69.78194433972473,0.012179028964635574
2o_pulso_11-13mai_2024-05-13_-30.5_-53.5_700,2o_pulso_11-13mai,700,2024-05-10 12:00:00,-29.86425032284821,-69.58424423828741,0.006957976435651089
2o_pulso_11-13mai_2024-05-13_-30.5_-53.5_700,2o_pulso_11-13mai,700,2024-05-10 06:00:00,-29.722720922639407,-69.56875283798189,0.011439331045530533
2o_pulso_11-13mai_2024-05-13_-30.5_-53.5_700,2o_pulso_11-13mai,700,2024-05-10 00:00:00,-29.59373843576295,-69.65079509517403,0.013746483152929527
2o_pulso_11-13mai_2024-05-13_-30.5_-53.5_700,2o_pulso_11-13mai,700,2024-05-09 18:00:00,-29.476840324372247,-69.7945301680724,0.012505717407717134
2o_pulso_11-13mai_2024-05-13_-30.5_-53.5_700,2o_pulso_11-13mai,700,2024-05-09 12:00:00,-29.415174389047817,-69.86543449452957,0.01134780836839986
2o_pulso_11-13mai_2024-05-13_-30.5_-53.5_700,2o_pulso_11-13mai,700,2024-05-09 06:00:00,-29.410630255650904,-69.86440534595171,0.007586351511316321
2o_pulso_11-13mai_2024-05-13_-30.5_-53.5_700,2o_pulso_11-13mai,700,2024-05-09 00:00:00,-29.40838736669616,-69.85451140632053,0.005279432703362462
2o_pulso_11-13mai_2024-05-13_-30.5_-53.5_700,2o_pulso_11-13mai,700,2024-05-08 18:00:00,-29.377081921107198,-69.90381640528277,0.0025950090817251103
2o_pulso_11-13mai_2024-05-13_-30.5_-53.5_700,2o_pulso_11-13mai,700,2024-05-08 12:00:00,-29.365891444426598,-69.88667956192917,0.002501893381230421
2o_pulso_11-13mai_2024-05-13_-30.5_-53.5_700,2o_pulso_11-13mai,700,2024-05-08 06:00:00,-29.33728392754779,-69.86935267021752,0.0030447508170548913
2o_pulso_11-13mai_2024-05-13_-30.5_-53.5_700,2o_pulso_11-13mai,700,2024-05-08 00:00:00,-29.205649040558917,-70.1178965062537,0.010227704917986621
2o_pulso_11-13mai_2024-05-13_-30.5_-53.5_700,2o_pulso_11-13mai,700,2024-05-07 18:00:00,-28.105810092482443,-70.46882942336546,0.0193826815095218
2o_pulso_11-13mai_2024-05-13_-30.5_-53.5_700,2o_pulso_11-13mai,700,2024-05-07 12:00:00,-25.45112382782648,-72.35298265223403,0.02444182825928798
2o_pulso_11-13mai_2024-05-13_-30.5_-53.5_700,2o_pulso_11-13mai,700,2024-05-07 06:00:00,-24.378639604023345,-74.94828238913574,
2o_pulso_11-13mai_2024-05-13_-30.5_-53.5_700,2o_pulso_11-13mai,700,2024-05-07 00:00:00,-23.926806906397534,-77.9746641737706,
2o_pulso_11-13mai_2024-05-13_-28.5_-51.0_850,2o_pulso_11-13mai,850,2024-05-13 12:00:00,-28.5,-51.0,0.13659843802452087
2o_pulso_11-13mai_2024-05-13_-28.5_-51.0_850,2o_pulso_11-13mai,850,2024-05-13 06:00:00,-29.37737984677784,-52.02860123527988,0.04112762895673249
2o_pulso_11-13mai_2024-05-13_-28.5_-51.0_850,2o_pulso_11-13mai,850,2024-05-13 00:00:00,-30.506447037101115,-54.16995344731781,0.04513331650515184
2o_pulso_11-13mai_2024-05-13_-28.5_-51.0_850,2o_pulso_11-13mai,850,2024-05-12 18:00:00,-30.348209175379516,-54.4900927916675,0.0418966699102437
2o_pulso_11-13mai_2024-05-13_-28.5_-51.0_850,2o_pulso_11-13mai,850,2024-05-12 12:00:00,-30.072039193259066,-54.74399336207983,0.05397866424055536
2o_pulso_11-13mai_2024-05-13_-28.5_-51.0_850,2o_pulso_11-13mai,850,2024-05-12 06:00:00,-29.683092771847228,-53.82254239906425,0.12990982428036385
2o_pulso_11-13mai_2024-05-13_-28.5_-51.0_850,2o_pulso_11-13mai,850,2024-05-12 00:00:00,-29.096432636292104,-54.93706507548395,0.13619715324810716
2o_pulso_11-13mai_2024-05-13_-28.5_-51.0_850,2o_pulso_11-13mai,850,2024-05-11 18:00:00,-28.870288422701513,-55.74362842557568,0.1692781720021042
2o_pulso_11-13mai_2024-05-13_-28.5_-51.0_850,2o_pulso_11-13mai,850,2024-05-11 12:00:00,-28.270888529056354,-56.80513204900132,0.2602881032616273
2o_pulso_11-13mai_2024-05-13_-28.5_-51.0_850,2o_pulso_11-13mai,850,2024-05-11 06:00:00,-27.141559637329642,-57.70989688487674,0.21596618124221748
2o_pulso_11-13mai_2024-05-13_-28.5_-51.0_850,2o_pulso_11-13mai,850,2024-05-11 00:00:00,-25.206311239682265,-58.65865408650191,0.15061853041553186
2o_pulso_11-13mai_2024-05-13_-28.5_-51.0_850,2o_pulso_11-13mai,850,2024-05-10 18:00:00,-22.762705870736834,-59.5068117486077,0.12638933616245362
2o_pulso_11-13mai_2024-05-13_-28.5_-51.0_850,2o_pulso_11-13mai,850,2024-05-10 12:00:00,-19.32106327154571,-60.315344268717325,0.10252639097084083
2o_pulso_11-13mai_2024-05-13_-28.5_-51.0_850,2o_pulso_11-13mai,850,2024-05-10 06:00:00,-16.749995064721283,-59.97767377495088,0.04926482393536271
2o_pulso_11-13mai_2024-05-13_-28.5_-51.0_850,2o_pulso_11-13mai,850,2024-05-10 00:00:00,-15.895124001322422,-58.71382316010418,0.01465215168778717
2o_pulso_11-13mai_2024-05-13_-28.5_-51.0_850,2o_pulso_11-13mai,850,2024-05-09 18:00:00,-15.595843606752828,-57.93994140259194,0.00794337102943443
2o_pulso_11-13mai_2024-05-13_-28.5_-51.0_850,2o_pulso_11-13mai,850,2024-05-09 12:00:00,-15.138440131329766,-57.23309444921343,0.008679191426875413
2o_pulso_11-13mai_2024-05-13_-28.5_-51.0_850,2o_pulso_11-13mai,850,2024-05-09 06:00:00,-14.64299151846351,-56.37691535239292,0.02746067801663515
2o_pulso_11-13mai_2024-05-13_-28.5_-51.0_850,2o_pulso_11-13mai,850,2024-05-09 00:00:00,-14.014054949728575,-55.32248769009694,0.012586317766088321
2o_pulso_11-13mai_2024-05-13_-28.5_-51.0_850,2o_pulso_11-13mai,850,2024-05-08 18:00:00,-13.526363882123649,-54.12027336442162,0.00786088047286825
2o_pulso_11-13mai_2024-05-13_-28.5_-51.0_850,2o_pulso_11-13mai,850,2024-05-08 12:00:00,-13.188350617341674,-52.89731236591784,0.007856156084253918
2o_pulso_11-13mai_2024-05-13_-28.5_-51.0_850,2o_pulso_11-13mai,850,2024-05-08 06:00:00,-12.90340366481275,-51.02924496556473,0.014163191155853551
2o_pulso_11-13mai_2024-05-13_-28.5_-51.0_850,2o_pulso_11-13mai,850,2024-05-08 00:00:00,-12.962527684159971,-49.566238154303235,0.011679814986849538
2o_pulso_11-13mai_2024-05-13_-28.5_-51.0_850,2o_pulso_11-13mai,850,2024-05-07 18:00:00,-13.249214732068827,-48.39999629635653,0.009046867521193632
2o_pulso_11-13mai_2024-05-13_-28.5_-51.0_850,2o_pulso_11-13mai,850,2024-05-07 12:00:00,-13.620881075200307,-46.67608989075982,0.009481316902637774
2o_pulso_11-13mai_2024-05-13_-28.5_-51.0_850,2o_pulso_11-13mai,850,2024-05-07 06:00:00,-14.123353923381655,-44.35122581949096,0.029157634913411903
2o_pulso_11-13mai_2024-05-13_-28.5_-51.0_850,2o_pulso_11-13mai,850,2024-05-07 00:00:00,-14.57245635568143,-42.02186661795757,0.03191315394322819
2o_pulso_11-13mai_2024-05-13_-28.5_-51.0_850,2o_pulso_11-13mai,850,2024-05-06 18:00:00,-15.462075467420679,-40.104854783689646,0.03406910533103029
2o_pulso_11-13mai_2024-05-13_-28.5_-51.0_850,2o_pulso_11-13mai,850,2024-05-06 12:00:00,-16.03890677841236,-38.36399116470203,0.03792217882929201
2o_pulso_11-13mai_2024-05-13_-28.5_-51.0_850,2o_pulso_11-13mai,850,2024-05-06 06:00:00,-16.80829778434812,-36.206706879172415,0.03378511966599418
2o_pulso_11-13mai_2024-05-13_-28.5_-51.0_850,2o_pulso_11-13mai,850,2024-05-06 00:00:00,-17.62146997680336,-34.10959078588454,
2o_pulso_11-13mai_2024-05-13_-28.5_-51.0_700,2o_pulso_11-13mai,700,2024-05-13 12:00:00,-28.5,-51.0,0.13659843802452087
2o_pulso_11-13mai_2024-05-13_-28.5_-51.0_700,2o_pulso_11-13mai,700,2024-05-13 06:00:00,-27.515665535137487,-54.557526677334785,0.04205902699128707
2o_pulso_11-13mai_2024-05-13_-28.5_-51.0_700,2o_pulso_11-13mai,700,2024-05-13 00:00:00,-25.16398956465733,-58.61714069408568,0.11897253586760262
2o_pulso_11-13mai_2024-05-13_-28.5_-51.0_700,2o_pulso_11-13mai,700,2024-05-12 18:00:00,-22.81294621051455,-61.337147081743176,0.22372436403264273
2o_pulso_11-13mai_2024-05-13_-28.5_-51.0_700,2o_pulso_11-13mai,700,2024-05-12 12:00:00,-20.91968894066317,-63.183098328945135,0.11736708547914715
2o_pulso_11-13mai_2024-05-13_-28.5_-51.0_700,2o_pulso_11-13mai,700,2024-05-12 06:00:00,-19.666683760798787,-64.13183761796644,0.0360568688177462
2o_pulso_11-13mai_2024-05-13_-28.5_-51.0_700,2o_pulso_11-13mai,700,2024-05-12 00:00:00,-18.777585257375385,-64.91088159528677,0.03357099224439008
2o_pulso_11-13mai_2024-05-13_-28.5_-51.0_700,2o_pulso_11-13mai,700,2024-05-11 18:00:00,-17.946868532153868,-64.89406351875999,0.04652116545580338
2o_pulso_11-13mai_2024-05-13_-28.5_-51.0_700,2o_pulso_11-13mai,700,2024-05-11 12:00:00,-16.997467046365664,-65.98648825138001,0.054220106296013294
2o_pulso_11-13mai_2024-05-13_-28.5_-51.0_700,2o_pulso_11-13mai,700,2024-05-11 06:00:00,-16.87628520639016,-66.48388412072761,0.07257406771293264
2o_pulso_11-13mai_2024-05-13_-28.5_-51.0_700,2o_pulso_11-13mai,700,2024-05-11 00:00:00,-16.901412741297772,-66.57915889483347,0.07797550374668873
2o_pulso_11-13mai_2024-05-13_-28.5_-51.0_700,2o_pulso_11-13mai,700,2024-05-10 18:00:00,-16.65380846476633,-66.77237198633563,0.09390541969307421
2o_pulso_11-13mai_2024-05-13_-28.5_-51.0_700,2o_pulso_11-13mai,700,2024-05-10 12:00:00,-16.337228823123215,-67.31298106637246,0.10633081090119938
2o_pulso_11-13mai_2024-05-13_-28.5_-51.0_700,2o_pulso_11-13mai,700,2024-05-10 06:00:00,-15.894598416002545,-67.85407860829734,0.0551218926530852
2o_pulso_11-13mai_2024-05-13_-28.5_-51.0_700,2o_pulso_11-13mai,700,2024-05-10 00:00:00,-15.760062828831444,-68.13877030036227,0.054358031788254
2o_pulso_11-13mai_2024-05-13_-28.5_-51.0_700,2o_pulso_11-13mai,700,2024-05-09 18:00:00,-15.616444816708995,-68.21836370506955,0.05317662154353749
2o_pulso_11-13mai_2024-05-13_-28.5_-51.0_700,2o_pulso_11-13mai,700,2024-05-09 12:00:00,-15.655934578665764,-68.05507563565101,0.08328060746109814
2o_pulso_11-13mai_2024-05-13_-28.5_-51.0_700,2o_pulso_11-13mai,700,2024-05-09 06:00:00,-15.849474936225882,-67.78024569268372,0.1113133890359274
2o_pulso_11-13mai_2024-05-13_-28.5_-51.0_700,2o_pulso_11-13mai,700,2024-05-09 00:00:00,-15.898641627743041,-67.78402599918813,0.12642244149374957
2o_pulso_11-13mai_2024-05-13_-28.5_-51.0_700,2o_pulso_11-13mai,700,2024-05-08 18:00:00,-15.882284622214316,-67.82275977565897,0.1431251201925468
2o_pulso_11-13mai_2024-05-13_-28.5_-51.0_700,2o_pulso_11-13mai,700,2024-05-08 12:00:00,-15.830606270797478,-67.88143926393337,0.1703591323553545
2o_pulso_11-13mai_2024-05-13_-28.5_-51.0_700,2o_pulso_11-13mai,700,2024-05-08 06:00:00,-15.815208573742124,-68.05964219032239,0.1369090815139273
2o_pulso_11-13mai_2024-05-13_-28.5_-51.0_700,2o_pulso_11-13mai,700,2024-05-08 00:00:00,-15.843208477684819,-68.18450501165506,0.12824065151147088
2o_pulso_11-13mai_2024-05-13_-28.5_-51.0_700,2o_pulso_11-13mai,700,2024-05-07 18:00:00,-15.806096779651144,-68.2946511349646,0.08910859438269877
2o_pulso_11-13mai_2024-05-13_-28.5_-51.0_700,2o_pulso_11-13mai,700,2024-05-07 12:00:00,-15.781893360285716,-68.403845036559,0.09446380001757855
2o_pulso_11-13mai_2024-05-13_-28.5_-51.0_700,2o_pulso_11-13mai,700,2024-05-07 06:00:00,-15.81439786947442,-68.44472353231431,0.06801505169168881
2o_pulso_11-13mai_2024-05-13_-28.5_-51.0_700,2o_pulso_11-13mai,700,2024-05-07 00:00:00,-15.811259905236493,-68.45526219196948,0.06083147932914383
2o_pulso_11-13mai_2024-05-13_-28.5_-51.0_700,2o_pulso_11-13mai,700,2024-05-06 18:00:00,-15.651660015675136,-68.4435687501225,0.06010333624411386
2o_pulso_11-13mai_2024-05-13_-28.5_-51.0_700,2o_pulso_11-13mai,700,2024-05-06 12:00:00,-15.540617024123579,-68.52794912676165,0.05853005901893993
2o_pulso_11-13mai_2024-05-13_-28.5_-51.0_700,2o_pulso_11-13mai,700,2024-05-06 06:00:00,-15.617544478832901,-68.65401374642684,0.05694710142326102
2o_pulso_11-13mai_2024-05-13_-28.5_-51.0_700,2o_pulso_11-13mai,700,2024-05-06 00:00:00,-15.586746170911752,-68.63367734117173,0.07286138958159272
2o_pulso_11-13mai_2024-05-13_-28.5_-51.0_700,2o_pulso_11-13mai,700,2024-05-05 18:00:00,-15.405704535151441,-68.5670649268076,0.0828383378023706
2o_pulso_11-13mai_2024-05-13_-28.5_-51.0_700,2o_pulso_11-13mai,700,2024-05-05 12:00:00,-15.199566502726915,-68.62048235727791,0.09090736844901641
2o_pulso_11-13mai_2024-05-13_-28.5_-51.0_700,2o_pulso_11-13mai,700,2024-05-05 06:00:00,-15.047076562946232,-68.80760309068148,0.06938106013311726
2o_pulso_11-13mai_2024-05-13_-28.5_-51.0_700,2o_pulso_11-13mai,700,2024-05-05 00:00:00,-15.001810020752693,-68.86555057184293,0.07251800692726534
2o_pulso_11-13mai_2024-05-13_-28.5_-51.0_700,2o_pulso_11-13mai,700,2024-05-04 18:00:00,-14.829727246925856,-68.81442591268016,0.06962398445022105
2o_pulso_11-13mai_2024-05-13_-28.5_-51.0_700,2o_pulso_11-13mai,700,2024-05-04 12:00:00,-14.305953560196738,-69.1967245432565,0.06689034846328752
2o_pulso_11-13mai_2024-05-13_-28.5_-51.0_700,2o_pulso_11-13mai,700,2024-05-04 06:00:00,-13.979953842764498,-69.64960742905475,0.05277222860051994
2o_pulso_11-13mai_2024-05-13_-28.5_-51.0_700,2o_pulso_11-13mai,700,2024-05-04 00:00:00,-13.79946893277039,-69.97384345431793,0.05467696479527294
2o_pulso_11-13mai_2024-05-13_-28.5_-51.0_700,2o_pulso_11-13mai,700,2024-05-03 18:00:00,-13.789116074910375,-70.29284258458014,0.06730801625379879
2o_pulso_11-13mai_2024-05-13_-28.5_-51.0_700,2o_pulso_11-13mai,700,2024-05-03 12:00:00,-13.794739239809587,-70.39561247334588,0.101826937078735
2o_pulso_11-13mai_2024-05-13_-28.5_-51.0_700,2o_pulso_11-13mai,700,2024-05-03 06:00:00,-13.830372736349462,-70.48983546950842,0.05372137177790606
2o_pulso_11-13mai_2024-05-13_-28.5_-51.0_700,2o_pulso_11-13mai,700,2024-05-03 00:00:00,-13.845485626206715,-70.53868428629143,0.049092259750874175
2o_pulso_11-13mai_2024-05-13_-28.5_-51.0_700,2o_pulso_11-13mai,700,2024-05-02 18:00:00,-13.653394970695816,-70.54612986148238,0.08330347575276763
2o_pulso_11-13mai_2024-05-13_-28.5_-51.0_700,2o_pulso_11-13mai,700,2024-05-02 12:00:00,-13.475223892510847,-70.86837544704392,0.07974648473209718
2o_pulso_11-13mai_2024-05-13_-28.5_-51.0_700,2o_pulso_11-13mai,700,2024-05-02 06:00:00,-13.583873014349734,-71.02213895124252,0.05780101086769794
2o_pulso_11-13mai_2024-05-13_-28.5_-51.0_700,2o_pulso_11-13mai,700,2024-05-02 00:00:00,-13.651504429425865,-71.07397031514338,0.06245710097543463
2o_pulso_11-13mai_2024-05-13_-28.5_-51.0_700,2o_pulso_11-13mai,700,2024-05-01 18:00:00,-13.467305648879398,-71.163349068148,0.08114344194504337
2o_pulso_11-13mai_2024-05-13_-28.5_-51.0_700,2o_pulso_11-13mai,700,2024-05-01 12:00:00,-13.352191061091375,-71.28583916679042,0.08642222588898228
2o_pulso_11-13mai_2024-05-13_-28.5_-51.0_700,2o_pulso_11-13mai,700,2024-05-01 06:00:00,-13.463189476104757,-71.28504735287869,0.032294125211258885
2o_pulso_11-13mai_2024-05-13_-28.5_-51.0_700,2o_pulso_11-13mai,700,2024-05-01 00:00:00,-13.558218383320561,-71.25962998406855,0.029857936365478406
2o_pulso_11-13mai_2024-05-13_-28.5_-51.0_700,2o_pulso_11-13mai,700,2024-04-30 18:00:00,-13.33071048244718,-71.27042525507156,0.040171492512551865
2o_pulso_11-13mai_2024-05-13_-28.5_-51.0_700,2o_pulso_11-13mai,700,2024-04-30 12:00:00,-13.16033337890353,-71.51409356367009,0.041611603894077455
2o_pulso_11-13mai_2024-05-13_-28.5_-51.0_700,2o_pulso_11-13mai,700,2024-04-30 06:00:00,-13.136288454542228,-71.52960444433897,0.037450704483875316
2o_pulso_11-13mai_2024-05-13_-28.5_-51.0_700,2o_pulso_11-13mai,700,2024-04-30 00:00:00,-12.958771988352334,-71.60854923125993,0.041473316109116705
2o_pulso_11-13mai_2024-05-13_-28.5_-51.0_700,2o_pulso_11-13mai,700,2024-04-29 18:00:00,-12.748039216576958,-71.75035298548022,0.05601274109222409
2o_pulso_11-13mai_2024-05-13_-28.5_-51.0_700,2o_pulso_11-13mai,700,2024-04-29 12:00:00,-12.555395641689115,-72.01227448342703,0.059197113718002195
2o_pulso_11-13mai_2024-05-13_-31.0_-54.5_850,2o_pulso_11-13mai,850,2024-05-13 12:00:00,-31.0,-54.5,0.04069932343231307
2o_pulso_11-13mai_2024-05-13_-31.0_-54.5_850,2o_pulso_11-13mai,850,2024-05-13 06:00:00,-32.154644213119155,-54.51011630394143,0.021056925625522836
2o_pulso_11-13mai_2024-05-13_-31.0_-54.5_850,2o_pulso_11-13mai,850,2024-05-13 00:00:00,-32.66798352224277,-54.22374595640599,0.025906095191084492
2o_pulso_11-13mai_2024-05-13_-31.0_-54.5_850,2o_pulso_11-13mai,850,2024-05-12 18:00:00,-32.38107846716121,-52.87706510478317,0.026097877166047265
2o_pulso_11-13mai_2024-05-13_-31.0_-54.5_850,2o_pulso_11-13mai,850,2024-05-12 12:00:00,-31.10264700391436,-50.546568169490584,0.03535870276876675
2o_pulso_11-13mai_2024-05-13_-31.0_-54.5_850,2o_pulso_11-13mai,850,2024-05-12 06:00:00,-31.217213894336712,-49.52389348472299,0.03487103509905824
2o_pulso_11-13mai_2024-05-13_-31.0_-54.5_850,2o_pulso_11-13mai,850,2024-05-12 00:00:00,-31.443838614232725,-48.59360754064248,0.03960436003648172
2o_pulso_11-13mai_2024-05-13_-31.0_-54.5_850,2o_pulso_11-13mai,850,2024-05-11 18:00:00,-31.650229701796327,-48.15508707219941,0.050735010254904366
2o_pulso_11-13mai_2024-05-13_-31.0_-54.5_850,2o_pulso_11-13mai,850,2024-05-11 12:00:00,-31.331472927764953,-48.161299729524615,0.060687132744630806
2o_pulso_11-13mai_2024-05-13_-31.0_-54.5_850,2o_pulso_11-13mai,850,2024-05-11 06:00:00,-30.332329655753448,-48.746010184848615,0.03848164957065015
2o_pulso_11-13mai_2024-05-13_-31.0_-54.5_850,2o_pulso_11-13mai,850,2024-05-11 00:00:00,-29.971682190876066,-49.609767146183216,0.04644748411828019
2o_pulso_11-13mai_2024-05-13_-31.0_-54.5_850,2o_pulso_11-13mai,850,2024-05-10 18:00:00,-29.463838490838096,-50.593550187499915,0.22714669926567968
2o_pulso_11-13mai_2024-05-13_-31.0_-54.5_850,2o_pulso_11-13mai,850,2024-05-10 12:00:00,-27.34980160500252,-53.147282052125554,0.2610809926071502
2o_pulso_11-13mai_2024-05-13_-31.0_-54.5_850,2o_pulso_11-13mai,850,2024-05-10 06:00:00,-25.09237544182363,-53.8919098969321,0.1050218905665783
2o_pulso_11-13mai_2024-05-13_-31.0_-54.5_850,2o_pulso_11-13mai,850,2024-05-10 00:00:00,-23.584251638552313,-53.80261478926789,0.09599837738188141
2o_pulso_11-13mai_2024-05-13_-31.0_-54.5_850,2o_pulso_11-13mai,850,2024-05-09 18:00:00,-22.84984711175464,-53.93153981766231,0.08099430172647891
2o_pulso_11-13mai_2024-05-13_-31.0_-54.5_850,2o_pulso_11-13mai,850,2024-05-09 12:00:00,-21.66870607660101,-54.23748118286165,0.03736342321385602
2o_pulso_11-13mai_2024-05-13_-31.0_-54.5_850,2o_pulso_11-13mai,850,2024-05-09 06:00:00,-20.61064551710578,-54.19910221483182,0.01121847569245512
2o_pulso_11-13mai_2024-05-13_-31.0_-54.5_850,2o_pulso_11-13mai,850,2024-05-09 00:00:00,-20.120681611459226,-54.26922405592768,0.006689053898180617
2o_pulso_11-13mai_2024-05-13_-31.0_-54.5_850,2o_pulso_11-13mai,850,2024-05-08 18:00:00,-19.295771035215154,-54.84135574122892,0.005039935468805559
2o_pulso_11-13mai_2024-05-13_-31.0_-54.5_850,2o_pulso_11-13mai,850,2024-05-08 12:00:00,-17.661966127622875,-55.17025203378656,0.0080981477461574
2o_pulso_11-13mai_2024-05-13_-31.0_-54.5_850,2o_pulso_11-13mai,850,2024-05-08 06:00:00,-16.191850140848096,-55.248153043653936,0.02842371528766627
2o_pulso_11-13mai_2024-05-13_-31.0_-54.5_850,2o_pulso_11-13mai,850,2024-05-08 00:00:00,-14.833740984886258,-54.66992040624484,0.025119794663556457
2o_pulso_11-13mai_2024-05-13_-31.0_-54.5_850,2o_pulso_11-13mai,850,2024-05-07 18:00:00,-14.033792554843922,-53.66949510718045,0.02279003476075314
2o_pulso_11-13mai_2024-05-13_-31.0_-54.5_850,2o_pulso_11-13mai,850,2024-05-07 12:00:00,-13.364081458501271,-52.28190567233601,0.02191680543399455
2o_pulso_11-13mai_2024-05-13_-31.0_-54.5_850,2o_pulso_11-13mai,850,2024-05-07 06:00:00,-12.868285837114588,-50.43298908122594,0.03419498729760975
2o_pulso_11-13mai_2024-05-13_-31.0_-54.5_850,2o_pulso_11-13mai,850,2024-05-07 00:00:00,-12.663484009213843,-48.34517326207199,0.027546072229608164
2o_pulso_11-13mai_2024-05-13_-31.0_-54.5_850,2o_pulso_11-13mai,850,2024-05-06 18:00:00,-13.028060515359691,-46.521640449068535,0.019860895539155324
2o_pulso_11-13mai_2024-05-13_-31.0_-54.5_850,2o_pulso_11-13mai,850,2024-05-06 12:00:00,-13.284485501828415,-44.658721919715184,0.021036194469608086
2o_pulso_11-13mai_2024-05-13_-31.0_-54.5_850,2o_pulso_11-13mai,850,2024-05-06 06:00:00,-13.359506320233347,-42.278597746034905,0.024019391058845405
2o_pulso_11-13mai_2024-05-13_-31.0_-54.5_850,2o_pulso_11-13mai,850,2024-05-06 00:00:00,-14.038836424183497,-39.68785074090185,0.026490006449592655
2o_pulso_11-13mai_2024-05-13_-31.0_-54.5_850,2o_pulso_11-13mai,850,2024-05-05 18:00:00,-14.692264189346288,-37.56388876099455,0.025989468363376716
2o_pulso_11-13mai_2024-05-13_-31.0_-54.5_850,2o_pulso_11-13mai,850,2024-05-05 12:00:00,-15.323166487641728,-35.377449496143605,0.026427440406681324
2o_pulso_11-13mai_2024-05-13_-31.0_-54.5_700,2o_pulso_11-13mai,700,2024-05-13 12:00:00,-31.0,-54.5,0.04069932343231307
2o_pulso_11-13mai_2024-05-13_-31.0_-54.5_700,2o_pulso_11-13mai,700,2024-05-13 06:00:00,-31.539783155393913,-57.59266998220668,0.019646880895797164
2o_pulso_11-13mai_2024-05-13_-31.0_-54.5_700,2o_pulso_11-13mai,700,2024-05-13 00:00:00,-31.981846522983773,-60.245479455064725,0.03842920820850227
2o_pulso_11-13mai_2024-05-13_-31.0_-54.5_700,2o_pulso_11-13mai,700,2024-05-12 18:00:00,-32.64995858041113,-62.10114616791942,0.02783309182212303
2o_pulso_11-13mai_2024-05-13_-31.0_-54.5_700,2o_pulso_11-13mai,700,2024-05-12 12:00:00,-33.54849421232695,-63.96386480261232,0.0734745001721974
2o_pulso_11-13mai_2024-05-13_-31.0_-54.5_700,2o_pulso_11-13mai,700,2024-05-12 06:00:00,-33.470973629175845,-65.60485285161008,0.03189098303297904
2o_pulso_11-13mai_2024-05-13_-31.0_-54.5_700,2o_pulso_11-13mai,700,2024-05-12 00:00:00,-32.67547042960934,-66.93203810073626,0.02336786623334361
2o_pulso_11-13mai_2024-05-13_-31.0_-54.5_700,2o_pulso_11-13mai,700,2024-05-11 18:00:00,-32.24376349780958,-69.62139366484216,0.03280454339554339
2o_pulso_11-13mai_2024-05-13_-31.0_-54.5_700,2o_pulso_11-13mai,700,2024-05-11 12:00:00,-32.19250552252369,-70.14032199309291,0.023079199510665626
2o_pulso_11-13mai_2024-05-13_-31.0_-54.5_700,2o_pulso_11-13mai,700,2024-05-11 06:00:00,-32.2493593547787,-70.15777041195291,0.056115407665201816
2o_pulso_11-13mai_2024-05-13_-31.0_-54.5_700,2o_pulso_11-13mai,700,2024-05-11 00:00:00,-32.30260426321715,-70.14297470398733,0.055850263543222596
2o_pulso_11-13mai_2024-05-13_-31.0_-54.5_700,2o_pulso_11-13mai,700,2024-05-10 18:00:00,-32.3394310101507,-70.15843707799796,0.04416876283317246
2o_pulso_11-13mai_2024-05-13_-31.0_-54.5_700,2o_pulso_11-13mai,700,2024-05-10 12:00:00,-32.35658044548621,-70.08066302321559,0.029138303890591334
2o_pulso_11-13mai_2024-05-13_-31.0_-54.5_700,2o_pulso_11-13mai,700,2024-05-10 06:00:00,-32.373092911041404,-70.07231914234654,0.03500642036448449
2o_pulso_11-13mai_2024-05-13_-31.0_-54.5_700,2o_pulso_11-13mai,700,2024-05-10 00:00:00,-32.38575425997619,-70.05599039633822,0.028966195484066277
2o_pulso_11-13mai_2024-05-13_-31.0_-54.5_700,2o_pulso_11-13mai,700,2024-05-09 18:00:00,-32.40231965449495,-70.11458800521686,0.01744168195714768
2o_pulso_11-13mai_2024-05-13_-31.0_-54.5_700,2o_pulso_11-13mai,700,2024-05-09 12:00:00,-32.392193770388204,-70.12897094865617,0.00529642022968925
2o_pulso_11-13mai_2024-05-13_-31.0_-54.5_700,2o_pulso_11-13mai,700,2024-05-09 06:00:00,-32.39592362744581,-70.15465693243134,0.012703906433181714
2o_pulso_11-13mai_2024-05-13_-31.0_-54.5_700,2o_pulso_11-13mai,700,2024-05-09 00:00:00,-32.406725459226045,-70.06749549514664,0.0075605913553926166
2o_pulso_11-13mai_2024-05-13_-31.0_-54.5_700,2o_pulso_11-13mai,700,2024-05-08 18:00:00,-32.419488777674104,-70.16999579371932,0.005124432009925971
2o_pulso_11-13mai_2024-05-13_-31.0_-54.5_700,2o_pulso_11-13mai,700,2024-05-08 12:00:00,-32.394540907228034,-70.14389591411411,0.0052294875852628145
2o_pulso_11-13mai_2024-05-13_-31.0_-54.5_700,2o_pulso_11-13mai,700,2024-05-08 06:00:00,-32.356746999178704,-70.21021442603453,0.003429050598690556
2o_pulso_11-13mai_2024-05-13_-31.0_-54.5_700,2o_pulso_11-13mai,700,2024-05-08 00:00:00,-32.36501930466836,-70.46645262619894,0.00883633344455162
2o_pulso_11-13mai_2024-05-13_-31.0_-54.5_700,2o_pulso_11-13mai,700,2024-05-07 18:00:00,-30.251492089511455,-73.30389169071918,0.005660341824410885
2o_pulso_11-13mai_2024-05-13_-31.0_-54.5_700,2o_pulso_11-13mai,700,2024-05-07 12:00:00,-29.452373522665503,-75.95294889235376,
2o_pulso_11-13mai_2024-05-13_-31.0_-54.5_700,2o_pulso_11-13mai,700,2024-05-07 06:00:00,-29.36386148186603,-78.89531918652683,
2o_pulso_11-13mai_2024-05-13_-29.0_-50.0_850,2o_pulso_11-13mai,850,2024-05-13 12:00:00,-29.0,-50.0,0.11426747010813819
2o_pulso_11-13mai_2024-05-13_-29.0_-50.0_850,2o_pulso_11-13mai,850,2024-05-13 06:00:00,-29.976161521330813,-51.317747205564444,0.04868100801367638
2o_pulso_11-13mai_2024-05-13_-29.0_-50.0_850,2o_pulso_11-13mai,850,2024-05-13 00:00:00,-31.220170834129796,-53.10665236856178,0.032272524322519716
2o_pulso_11-13mai_2024-05-13_-29.0_-50.0_850,2o_pulso_11-13mai,850,2024-05-12 18:00:00,-30.461637191816216,-52.56917083854315,0.039017813093162323
2o_pulso_11-13mai_2024-05-13_-29.0_-50.0_850,2o_pulso_11-13mai,850,2024-05-12 12:00:00,-29.690916741756904,-53.68745581473011,0.05727920545922114
2o_pulso_11-13mai_2024-05-13_-29.0_-50.0_850,2o_pulso_11-13mai,850,2024-05-12 06:00:00,-28.622563526574808,-54.5851048719818,0.1688375213774457
2o_pulso_11-13mai_2024-05-13_-29.0_-50.0_850,2o_pulso_11-13mai,850,2024-05-12 00:00:00,-26.69677289723924,-57.12958067144774,0.19786673223053491
2o_pulso_11-13mai_2024-05-13_-29.0_-50.0_850,2o_pulso_11-13mai,850,2024-05-11 18:00:00,-23.95195325449513,-59.14753076542247,0.15379444452177973
2o_pulso_11-13mai_2024-05-13_-29.0_-50.0_850,2o_pulso_11-13mai,850,2024-05-11 12:00:00,-21.077284902434833,-60.59820034384199,0.13238886409654274
2o_pulso_11-13mai_2024-05-13_-29.0_-50.0_850,2o_pulso_11-13mai,850,2024-05-11 06:00:00,-18.04392435306363,-61.85627914930871,0.0834665389533857
2o_pulso_11-13mai_2024-05-13_-29.0_-50.0_850,2o_pulso_11-13mai,850,2024-05-11 00:00:00,-15.799883428448654,-63.2649450870489,0.08335370549376935
2o_pulso_11-13mai_2024-05-13_-29.0_-50.0_850,2o_pulso_11-13mai,850,2024-05-10 18:00:00,-14.233496833094506,-63.9970314344683,0.1077260538437343
2o_pulso_11-13mai_2024-05-13_-29.0_-50.0_850,2o_pulso_11-13mai,850,2024-05-10 12:00:00,-12.966620366595848,-63.77594244058299,0.10515021410597603
2o_pulso_11-13mai_2024-05-13_-29.0_-50.0_850,2o_pulso_11-13mai,850,2024-05-10 06:00:00,-12.086379799888626,-62.753145134913574,0.022377048667266166
2o_pulso_11-13mai_2024-05-13_-29.0_-50.0_850,2o_pulso_11-13mai,850,2024-05-10 00:00:00,-11.927579853447128,-61.62597568882883,0.01515438620035055
2o_pulso_11-13mai_2024-05-13_-29.0_-50.0_850,2o_pulso_11-13mai,850,2024-05-09 18:00:00,-11.981125065197755,-60.64085008076822,0.014092361840491164
2o_pulso_11-13mai_2024-05-13_-29.0_-50.0_850,2o_pulso_11-13mai,850,2024-05-09 12:00:00,-12.083351381996126,-59.2960328683066,0.021056930541424705
2o_pulso_11-13mai_2024-05-13_-29.0_-50.0_850,2o_pulso_11-13mai,850,2024-05-09 06:00:00,-12.151441033659463,-57.46664652502392,0.08611347926382118
2o_pulso_11-13mai_2024-05-13_-29.0_-50.0_850,2o_pulso_11-13mai,850,2024-05-09 00:00:00,-11.913976433287518,-55.75643152263517,0.03500567588194687
2o_pulso_11-13mai_2024-05-13_-29.0_-50.0_850,2o_pulso_11-13mai,850,2024-05-08 18:00:00,-11.755358265077572,-54.41433889756882,0.02471738882720107
2o_pulso_11-13mai_2024-05-13_-29.0_-50.0_850,2o_pulso_11-13mai,850,2024-05-08 12:00:00,-11.589714738227512,-52.78881925139397,0.035429130898032964
2o_pulso_11-13mai_2024-05-13_-29.0_-50.0_850,2o_pulso_11-13mai,850,2024-05-08 06:00:00,-11.529270474241546,-50.74481314355697,0.025824187312023163
2o_pulso_11-13mai_2024-05-13_-29.0_-50.0_850,2o_pulso_11-13mai,850,2024-05-08 00:00:00,-11.834576362056612,-48.95160834667228,0.014209516569354909
2o_pulso_11-13mai_2024-05-13_-29.0_-50.0_850,2o_pulso_11-13mai,850,2024-05-07 18:00:00,-12.243911319523079,-47.363546856373546,0.008177874043966912
2o_pulso_11-13mai_2024-05-13_-29.0_-50.0_850,2o_pulso_11-13mai,850,2024-05-07 12:00:00,-12.656462974967768,-45.77702717488055,0.008280262942957379
2o_pulso_11-13mai_2024-05-13_-29.0_-50.0_850,2o_pulso_11-13mai,850,2024-05-07 06:00:00,-13.16262845777537,-43.684236295026295,0.030267727772160177
2o_pulso_11-13mai_2024-05-13_-29.0_-50.0_850,2o_pulso_11-13mai,850,2024-05-07 00:00:00,-13.8215684581175,-41.36391174799894,0.029587666386522035
2o_pulso_11-13mai_2024-05-13_-29.0_-50.0_850,2o_pulso_11-13mai,850,2024-05-06 18:00:00,-14.834831238811427,-39.543918476182554,0.0324353153841947
2o_pulso_11-13mai_2024-05-13_-29.0_-50.0_850,2o_pulso_11-13mai,850,2024-05-06 12:00:00,-15.641822478116513,-37.93965300098535,0.034556506321119645
2o_pulso_11-13mai_2024-05-13_-29.0_-50.0_850,2o_pulso_11-13mai,850,2024-05-06 06:00:00,-16.611159288463284,-35.74658118614495,0.03420888418962441
2o_pulso_11-13mai_2024-05-13_-29.0_-50.0_700,2o_pulso_11-13mai,700,2024-05-13 12:00:00,-29.0,-50.0,0.11426747010813819
2o_pulso_11-13mai_2024-05-13_-29.0_-50.0_700,2o_pulso_11-13mai,700,2024-05-13 06:00:00,-28.48283646526505,-53.54827245373251,0.043976273982587674
2o_pulso_11-13mai_2024-05-13_-29.0_-50.0_700,2o_pulso_11-13mai,700,2024-05-13 00:00:00,-26.38073848200825,-57.220566855600346,0.07811451936309209
2o_pulso_11-13mai_2024-05-13_-29.0_-50.0_700,2o_pulso_11-13mai,700,2024-05-12 18:00:00,-24.077045418577626,-60.28441519412607,0.22005226489401802
2o_pulso_11-13mai_2024-05-13_-29.0_-50.0_700,2o_pulso_11-13mai,700,2024-05-12 12:00:00,-22.3115816811082,-62.542022536049906,0.20006258440353167
2o_pulso_11-13mai_2024-05-13_-29.0_-50.0_700,2o_pulso_11-13mai,700,2024-05-12 06:00:00,-20.602907373441493,-64.01852430491039,0.04362303299722866
2o_pulso_11-13mai_2024-05-13_-29.0_-50.0_700,2o_pulso_11-13mai,700,2024-05-12 00:00:00,-19.802749528538172,-64.46226796663537,0.05995403315722871
2o_pulso_11-13mai_2024-05-13_-29.0_-50.0_700,2o_pulso_11-13mai,700,2024-05-11 18:00:00,-18.98613175539967,-64.60346021776184,0.06193605687388748
2o_pulso_11-13mai_2024-05-13_-29.0_-50.0_700,2o_pulso_11-13mai,700,2024-05-11 12:00:00,-17.880326127053564,-64.98576116009669,0.08058956549011126
2o_pulso_11-13mai_2024-05-13_-29.0_-50.0_700,2o_pulso_11-13mai,700,2024-05-11 06:00:00,-17.17025161941696,-66.041009285846,0.07018229353316774
2o_pulso_11-13mai_2024-05-13_-29.0_-50.0_700,2o_pulso_11-13mai,700,2024-05-11 00:00:00,-17.083494013781436,-66.21413432177049,0.07613702545219098
2o_pulso_11-13mai_2024-05-13_-29.0_-50.0_700,2o_pulso_11-13mai,700,2024-05-10 18:00:00,-16.888644076390705,-66.27055657865274,0.08516784923730653
2o_pulso_11-13mai_2024-05-13_-29.0_-50.0_700,2o_pulso_11-13mai,700,2024-05-10 12:00:00,-16.542358931637544,-66.94731164525227,0.09137042914314303
2o_pulso_11-13mai_2024-05-13_-29.0_-50.0_700,2o_pulso_11-13mai,700,2024-05-10 06:00:00,-16.320377422273047,-67.40079034398607,0.051107781094387975
2o_pulso_11-13mai_2024-05-13_-29.0_-50.0_700,2o_pulso_11-13mai,700,2024-05-10 00:00:00,-16.18113616328563,-67.6568861968115,0.047329951577074994
2o_pulso_11-13mai_2024-05-13_-29.0_-50.0_700,2o_pulso_11-13mai,700,2024-05-09 18:00:00,-15.947659978505914,-67.94790172667386,0.054122176522885715
2o_pulso_11-13mai_2024-05-13_-29.0_-50.0_700,2o_pulso_11-13mai,700,2024-05-09 12:00:00,-15.949767864109655,-67.93657098407758,0.07848055976697604
2o_pulso_11-13mai_2024-05-13_-29.0_-50.0_700,2o_pulso_11-13mai,700,2024-05-09 06:00:00,-16.03089555124268,-67.83820477571865,0.09758309038434879
2o_pulso_11-13mai_2024-05-13_-29.0_-50.0_700,2o_pulso_11-13mai,700,2024-05-09 00:00:00,-16.0734145385024,-67.85606966140556,0.11455347607423984
2o_pulso_11-13mai_2024-05-13_-29.0_-50.0_700,2o_pulso_11-13mai,700,2024-05-08 18:00:00,-16.0266792633709,-67.84227456133613,0.12894258500887146
2o_pulso_11-13mai_2024-05-13_-29.0_-50.0_700,2o_pulso_11-13mai,700,2024-05-08 12:00:00,-16.022009016777147,-67.89629125927013,0.14002456296535454
2o_pulso_11-13mai_2024-05-13_-29.0_-50.0_700,2o_pulso_11-13mai,700,2024-05-08 06:00:00,-16.132794836690223,-68.04979141834093,0.09665176413000105
2o_pulso_11-13mai_2024-05-13_-29.0_-50.0_700,2o_pulso_11-13mai,700,2024-05-08 00:00:00,-16.189009296660878,-68.12843812760006,0.09576158491957774
2o_pulso_11-13mai_2024-05-13_-29.0_-50.0_700,2o_pulso_11-13mai,700,2024-05-07 18:00:00,-16.121360668120534,-68.12127730440282,0.07499342985240838
2o_pulso_11-13mai_2024-05-13_-29.0_-50.0_700,2o_pulso_11-13mai,700,2024-05-07 12:00:00,-16.090631795088438,-68.18509795054,0.08203634004718104
2o_pulso_11-13mai_2024-05-13_-29.0_-50.0_700,2o_pulso_11-13mai,700,2024-05-07 06:00:00,-16.080619138959076,-68.22837391574114,0.06547195914918942
2o_pulso_11-13mai_2024-05-13_-29.0_-50.0_700,2o_pulso_11-13mai,700,2024-05-07 00:00:00,-16.076164772050397,-68.2869825930184,0.05670604718432684
2o_pulso_11-13mai_2024-05-13_-29.0_-50.0_700,2o_pulso_11-13mai,700,2024-05-06 18:00:00,-15.994228338116981,-68.35653898346276,0.05566903288527642
2o_pulso_11-13mai_2024-05-13_-29.0_-50.0_700,2o_pulso_11-13mai,700,2024-05-06 12:00:00,-15.909406229244468,-68.4052949389014,0.05918709454316998
2o_pulso_11-13mai_2024-05-13_-29.0_-50.0_700,2o_pulso_11-13mai,700,2024-05-06 06:00:00,-15.973625947169737,-68.44133092601749,0.058922112004849
2o_pulso_11-13mai_2024-05-13_-29.0_-50.0_700,2o_pulso_11-13mai,700,2024-05-06 00:00:00,-15.968029972424503,-68.4081274234654,0.07767367613706247
2o_pulso_11-13mai_2024-05-13_-29.0_-50.0_700,2o_pulso_11-13mai,700,2024-05-05 18:00:00,-15.86515590973194,-68.47488001355758,0.08255781625153849
2o_pulso_11-13mai_2024-05-13_-29.0_-50.0_700,2o_pulso_11-13mai,700,2024-05-05 12:00:00,-15.771905606073686,-68.47431040699101,0.08013497176239737
2o_pulso_11-13mai_2024-05-13_-29.0_-50.0_700,2o_pulso_11-13mai,700,2024-05-05 06:00:00,-15.827473700045646,-68.4984198816587,0.060359687465478984
2o_pulso_11-13mai_2024-05-13_-29.0_-50.0_700,2o_pulso_11-13mai,700,2024-05-05 00:00:00,-15.86708268930252,-68.46072554549708,0.06104462274014118
2o_pulso_11-13mai_2024-05-13_-29.0_-50.0_700,2o_pulso_11-13mai,700,2024-05-04 18:00:00,-15.787030781213565,-68.45399202584534,0.056752227868576886
2o_pulso_11-13mai_2024-05-13_-29.0_-50.0_700,2o_pulso_11-13mai,700,2024-05-04 12:00:00,-15.5495614755774,-68.46202028068433,0.056514016770707304
2o_pulso_11-13mai_2024-05-13_-29.0_-50.0_700,2o_pulso_11-13mai,700,2024-05-04 06:00:00,-15.309511176384284,-68.56398843225035,0.06490155450170446
2o_pulso_11-13mai_2024-05-13_-29.0_-50.0_700,2o_pulso_11-13mai,700,2024-05-04 00:00:00,-15.090758434215642,-68.61692119269541,0.08124222789599102
2o_pulso_11-13mai_2024-05-13_-29.0_-50.0_700,2o_pulso_11-13mai,700,2024-05-03 18:00:00,-14.861035746698574,-68.65961294345274,0.10852207436300162
2o_pulso_11-13mai_2024-05-13_-29.0_-50.0_700,2o_pulso_11-13mai,700,2024-05-03 12:00:00,-14.360037768017763,-68.97276182578157,0.08474686996155359
2o_pulso_11-13mai_2024-05-13_-29.0_-50.0_700,2o_pulso_11-13mai,700,2024-05-03 06:00:00,-13.55063551708913,-69.8861019068433,0.06126714061240707
2o_pulso_11-13mai_2024-05-13_-29.0_-50.0_700,2o_pulso_11-13mai,700,2024-05-03 00:00:00,-13.328583212300629,-70.45118660643642,0.06380899971113523
2o_pulso_11-13mai_2024-05-13_-29.0_-50.0_700,2o_pulso_11-13mai,700,2024-05-02 18:00:00,-13.034056248544378,-71.04101504288818,0.10818206057706217
2o_pulso_11-13mai_2024-05-13_-29.0_-50.0_700,2o_pulso_11-13mai,700,2024-05-02 12:00:00,-12.760871249587696,-71.45518791370618,0.11448408030739332
2o_pulso_11-13mai_2024-05-13_-29.0_-50.0_700,2o_pulso_11-13mai,700,2024-05-02 06:00:00,-12.439991338731208,-72.16806688607717,0.08305406194783686
2o_pulso_11-13mai_2024-05-13_-29.0_-50.0_700,2o_pulso_11-13mai,700,2024-05-02 00:00:00,-12.51611247693005,-72.41744444599283,0.07780932384696183
2o_pulso_11-13mai_2024-05-13_-29.0_-50.0_700,2o_pulso_11-13mai,700,2024-05-01 18:00:00,-12.445785290789459,-72.5883479956004,0.1096554152148272
2o_pulso_11-13mai_2024-05-13_-29.0_-50.0_700,2o_pulso_11-13mai,700,2024-05-01 12:00:00,-12.35427012503157,-72.83781448187146,0.12166687120287549
2o_pulso_11-13mai_2024-05-13_-29.0_-50.0_700,2o_pulso_11-13mai,700,2024-05-01 06:00:00,-12.330751619497976,-72.87256754677765,0.04260334808147654
2o_pulso_11-13mai_2024-05-13_-29.0_-50.0_700,2o_pulso_11-13mai,700,2024-05-01 00:00:00,-12.352914693124838,-72.97042387654291,0.041022749493333045
2o_pulso_11-13mai_2024-05-13_-29.0_-50.0_700,2o_pulso_11-13mai,700,2024-04-30 18:00:00,-12.318167548320863,-73.02074818096823,0.06686404179943654
2o_pulso_11-13mai_2024-05-13_-29.0_-50.0_700,2o_pulso_11-13mai,700,2024-04-30 12:00:00,-12.137619007219863,-73.17865091621152,0.07713234815253336
2o_pulso_11-13mai_2024-05-13_-29.0_-50.0_700,2o_pulso_11-13mai,700,2024-04-30 06:00:00,-11.897893273892786,-73.27884947727613,0.05551701731071125
2o_pulso_11-13mai_2024-05-13_-29.0_-50.0_700,2o_pulso_11-13mai,700,2024-04-30 00:00:00,-11.501367180054146,-73.21086782119085,0.0492965582659301
2o_pulso_11-13mai_2024-05-13_-29.0_-50.0_700,2o_pulso_11-13mai,700,2024-04-29 18:00:00,-11.272280903891021,-73.23087699325907,0.06841110947363888
2o_pulso_11-13mai_2024-05-13_-29.0_-50.0_700,2o_pulso_11-13mai,700,2024-04-29 12:00:00,-10.988487690105067,-73.28969921680185,0.08783421120421955
