traj,pulso,t,lat,lon,p_hPa,theta_K,AOD
1o_02-06mai_2024-05-03_-29.5_-52.0,1o_02-06mai,2024-05-03 12:00:00,-29.5,-52.0,850.0,298.26683433404787,0.11419638825787437
1o_02-06mai_2024-05-03_-29.5_-52.0,1o_02-06mai,2024-05-03 11:00:00,-29.389037508245156,-51.93401913624373,855.6989161531554,298.1141874111661,0.1155039783801122
1o_02-06mai_2024-05-03_-29.5_-52.0,1o_02-06mai,2024-05-03 10:00:00,-29.286741787550095,-51.87427888241297,858.5741587465484,298.0399565998444,0.11403634717243175
1o_02-06mai_2024-05-03_-29.5_-52.0,1o_02-06mai,2024-05-03 09:00:00,-29.187203103225404,-51.837420818180064,859.709704013994,298.2132480279348,0.10557481158202785
1o_02-06mai_2024-05-03_-29.5_-52.0,1o_02-06mai,2024-05-03 08:00:00,-29.087198045124556,-51.8317441156323,862.8414111785482,298.4216336951323,0.09283307109247763
1o_02-06mai_2024-05-03_-29.5_-52.0,1o_02-06mai,2024-05-03 07:00:00,-29.005679523112722,-51.846907023677126,869.6716426518765,298.2770310489688,0.07954058732780488
1o_02-06mai_2024-05-03_-29.5_-52.0,1o_02-06mai,2024-05-03 06:00:00,-28.963214084176617,-51.863201879317764,879.153901953634,297.70817438470715,0.06681977119432385
1o_02-06mai_2024-05-03_-29.5_-52.0,1o_02-06mai,2024-05-03 05:00:00,-28.956819947361243,-51.86342548471395,889.3569232075182,297.10289486888666,0.06462835661020681
1o_02-06mai_2024-05-03_-29.5_-52.0,1o_02-06mai,2024-05-03 04:00:00,-28.97253408005633,-51.84372052786589,899.3927572968945,296.698437151122,0.06319729941057849
1o_02-06mai_2024-05-03_-29.5_-52.0,1o_02-06mai,2024-05-03 03:00:00,-29.005667731979177,-51.80549924811581,909.010309189645,296.40332309489855,0.06254917060677818
1o_02-06mai_2024-05-03_-29.5_-52.0,1o_02-06mai,2024-05-03 02:00:00,-29.052213014855024,-51.748334961897136,917.1372050251609,296.20343342846644,0.06267463743100432
1o_02-06mai_2024-05-03_-29.5_-52.0,1o_02-06mai,2024-05-03 01:00:00,-29.110855517614112,-51.673868863224776,923.9671647536086,296.0724836191226,0.06301936451110753
1o_02-06mai_2024-05-03_-29.5_-52.0,1o_02-06mai,2024-05-03 00:00:00,-29.19364539446906,-51.58557607441229,931.87870685768,295.7452243792866,0.0648605112740204
1o_02-06mai_2024-05-03_-29.5_-52.0,1o_02-06mai,2024-05-02 23:00:00,-29.300477637543693,-51.51806711960659,941.7166525384342,295.2322948097558,0.06572450384355302
1o_02-06mai_2024-05-03_-29.5_-52.0,1o_02-06mai,2024-05-02 22:00:00,-29.400869566239617,-51.48112816628391,951.8027918665747,294.7360704043702,0.06585058565269175
1o_02-06mai_2024-05-03_-29.5_-52.0,1o_02-06mai,2024-05-02 21:00:00,-29.494650656055533,-51.471529644076,961.0621909907218,294.32807238825825,0.0670002051023472
1o_02-06mai_2024-05-03_-29.5_-52.0,1o_02-06mai,2024-05-02 20:00:00,-29.58655916336865,-51.48346128821689,968.4246198261151,294.09220239443744,0.06904998332060512
1o_02-06mai_2024-05-03_-29.5_-52.0,1o_02-06mai,2024-05-02 19:00:00,-29.680460607939896,-51.511499400359845,973.5148864751854,294.09132603676886,0.07214635461432702
1o_02-06mai_2024-05-03_-29.5_-52.0,1o_02-06mai,2024-05-02 18:00:00,-29.77801850420919,-51.550172944685286,976.824655146994,294.1042698985316,0.07654796456943211
1o_02-06mai_2024-05-03_-29.5_-52.0,1o_02-06mai,2024-05-02 17:00:00,-29.868838533408038,-51.584489205092254,977.9184227022898,294.28005239218277,0.08728178033853594
1o_02-06mai_2024-05-03_-29.5_-52.0,1o_02-06mai,2024-05-02 16:00:00,-29.93869390186222,-51.617711188949244,977.3697598070589,294.4786293615564,0.0969783218406789
1o_02-06mai_2024-05-03_-29.5_-52.0,1o_02-06mai,2024-05-02 15:00:00,-29.983842829426333,-51.65912575614138,975.861102827176,294.7150422459843,0.105623622973521
1o_02-06mai_2024-05-03_-29.5_-52.0,1o_02-06mai,2024-05-02 14:00:00,-29.99899143546482,-51.716975126506725,973.984625357847,295.03792104617946,0.11319167515315999
1o_02-06mai_2024-05-03_-29.5_-52.0,1o_02-06mai,2024-05-02 13:00:00,-29.978642104817787,-51.79827951076408,972.3195331928384,295.48259511217617,0.11868061518272513
1o_02-06mai_2024-05-03_-29.5_-52.0,1o_02-06mai,2024-05-02 12:00:00,-29.920555773357588,-51.90609616097192,971.5624429970844,295.93830153163844,0.12198224248063252
1o_02-06mai_2024-05-03_-29.5_-52.0,1o_02-06mai,2024-05-02 11:00:00,-29.85099743541797,-52.00489407743788,972.8385955925459,296.1899242231598,0.11650554001798114
1o_02-06mai_2024-05-03_-29.5_-52.0,1o_02-06mai,2024-05-02 10:00:00,-29.793711591228092,-52.06620884225566,975.8167176060754,295.9662755471661,0.11197532347838522
1o_02-06mai_2024-05-03_-29.5_-52.0,1o_02-06mai,2024-05-02 09:00:00,-29.744498487294738,-52.09786937318513,979.3740867614753,295.5529063005758,0.10784549452327645
1o_02-06mai_2024-05-03_-29.5_-52.0,1o_02-06mai,2024-05-02 08:00:00,-29.70000724480628,-52.10785144108589,982.2132560326564,295.14785926106094,0.10370225258111399
1o_02-06mai_2024-05-03_-29.5_-52.0,1o_02-06mai,2024-05-02 07:00:00,-29.659206091919486,-52.10379384144694,983.9538172520481,294.7917980291174,0.09933513679925784
1o_02-06mai_2024-05-03_-29.5_-52.0,1o_02-06mai,2024-05-02 06:00:00,-29.623089150974597,-52.09032354253186,984.6628134398669,294.3988499610533,0.09473676470031757
1o_02-06mai_2024-05-03_-29.5_-52.0,1o_02-06mai,2024-05-02 05:00:00,-29.587558946395475,-52.072717339643496,984.4718625135322,294.38170709102627,0.09087403105779132
1o_02-06mai_2024-05-03_-29.5_-52.0,1o_02-06mai,2024-05-02 04:00:00,-29.543963396564447,-52.056131011698305,983.3324388493814,294.86693076994794,0.08699900916072924
1o_02-06mai_2024-05-03_-29.5_-52.0,1o_02-06mai,2024-05-02 03:00:00,-29.48624011358858,-52.04362751198334,980.9110719899365,295.5232139334989,0.0829465171285044
1o_02-06mai_2024-05-03_-29.5_-52.0,1o_02-06mai,2024-05-02 02:00:00,-29.409247632758337,-52.03414978759796,977.4925475103205,296.45489740698935,0.07867521918918075
1o_02-06mai_2024-05-03_-29.5_-52.0,1o_02-06mai,2024-05-02 01:00:00,-29.30305120423937,-52.023360930033846,973.3778973935415,297.38895033850747,0.07405290162474105
1o_02-06mai_2024-05-03_-29.5_-52.0,1o_02-06mai,2024-05-02 00:00:00,-29.151410333088382,-52.002926164285384,968.7748031790167,298.23404226757617,0.06791888925919126
1o_02-06mai_2024-05-03_-29.5_-52.0,1o_02-06mai,2024-05-01 23:00:00,-28.999629949285698,-51.95976606746129,966.6806228317377,298.568401065241,0.0635539981271107
1o_02-06mai_2024-05-03_-29.5_-52.0,1o_02-06mai,2024-05-01 22:00:00,-28.887579737205833,-51.92445963178796,964.9485696516571,298.5857402138171,0.06143028397632503
1o_02-06mai_2024-05-03_-29.5_-52.0,1o_02-06mai,2024-05-01 21:00:00,-28.810727525407867,-51.91732806348726,962.5686354551918,298.667193330984,0.06113367370135176
1o_02-06mai_2024-05-03_-29.5_-52.0,1o_02-06mai,2024-05-01 20:00:00,-28.765577966173,-51.95059068423752,960.2865988729965,298.72279782014357,0.06225135685344817
1o_02-06mai_2024-05-03_-29.5_-52.0,1o_02-06mai,2024-05-01 19:00:00,-28.749826165071696,-52.026586669326775,959.0097019516656,298.7018729730299,0.06437472148132808
1o_02-06mai_2024-05-03_-29.5_-52.0,1o_02-06mai,2024-05-01 18:00:00,-28.762194613521523,-52.13305995046245,958.2291540534183,298.61523163997435,0.06708867340540928
1o_02-06mai_2024-05-03_-29.5_-52.0,1o_02-06mai,2024-05-01 17:00:00,-28.77057990499868,-52.230073585208196,957.2003439161706,298.60144806025704,0.0695525026633675
1o_02-06mai_2024-05-03_-29.5_-52.0,1o_02-06mai,2024-05-01 16:00:00,-28.75088665979878,-52.302413499611376,956.2336558115891,298.73509784592517,0.07140808109379683
1o_02-06mai_2024-05-03_-29.5_-52.0,1o_02-06mai,2024-05-01 15:00:00,-28.69675861760651,-52.355095071384476,955.8853448963538,298.9374198575312,0.07271883618716657
1o_02-06mai_2024-05-03_-29.5_-52.0,1o_02-06mai,2024-05-01 14:00:00,-28.593504760186942,-52.39062430609275,956.3076973691605,299.2804584611513,0.0734232758602413
1o_02-06mai_2024-05-03_-29.5_-52.0,1o_02-06mai,2024-05-01 13:00:00,-28.418941171858783,-52.404750362300135,957.6556045797656,299.66986951212414,0.0728090409823781
1o_02-06mai_2024-05-03_-29.5_-52.0,1o_02-06mai,2024-05-01 12:00:00,-28.18147911046293,-52.38706937519997,957.0398584683431,300.1770851792219,0.07051548233515022
1o_02-06mai_2024-05-03_-29.5_-52.0,1o_02-06mai,2024-05-01 11:00:00,-27.9549094002352,-52.362153476313985,956.50220759616,300.7450562903857,0.060192408170358994
1o_02-06mai_2024-05-03_-29.5_-52.0,1o_02-06mai,2024-05-01 10:00:00,-27.753163503547103,-52.35896737743176,957.5524113046362,301.3733092445429,0.05131253532949692
1o_02-06mai_2024-05-03_-29.5_-52.0,1o_02-06mai,2024-05-01 09:00:00,-27.554536026669634,-52.3796187688622,960.1642936966814,301.79074521608777,0.04300720044477651
1o_02-06mai_2024-05-03_-29.5_-52.0,1o_02-06mai,2024-05-01 08:00:00,-27.344558536098095,-52.418708561226225,963.3282170173014,302.06390049569654,0.0359750354222964
1o_02-06mai_2024-05-03_-29.5_-52.0,1o_02-06mai,2024-05-01 07:00:00,-27.115630213463213,-52.45787565301624,964.1804554952173,302.2494764832758,0.030183163188406064
1o_02-06mai_2024-05-03_-29.5_-52.0,1o_02-06mai,2024-05-01 06:00:00,-26.882579008346593,-52.46280843618564,958.547156224655,302.3791639425126,0.02609311134594236
1o_02-06mai_2024-05-03_-29.5_-52.0,1o_02-06mai,2024-05-01 05:00:00,-26.66765350735607,-52.42716244982482,949.7902178616722,302.43463734939724,0.024703648158615355
1o_02-06mai_2024-05-03_-29.5_-52.0,1o_02-06mai,2024-05-01 04:00:00,-26.49892602113785,-52.380350546338825,942.7311991080562,302.61217213875864,0.023779257456211383
1o_02-06mai_2024-05-03_-29.5_-52.0,1o_02-06mai,2024-05-01 03:00:00,-26.370606658908756,-52.33246080699966,938.7649600566248,302.87237429524134,0.023270721144419394
1o_02-06mai_2024-05-03_-29.5_-52.0,1o_02-06mai,2024-05-01 02:00:00,-26.27068583456141,-52.28826066494161,937.3124390904438,303.1292684118576,0.023077815068320528
1o_02-06mai_2024-05-03_-29.5_-52.0,1o_02-06mai,2024-05-01 01:00:00,-26.186367720185242,-52.24604321334955,937.536342062106,303.3403046051865,0.023293568472760224
1o_02-06mai_2024-05-03_-29.5_-52.0,1o_02-06mai,2024-05-01 00:00:00,-26.10423338615251,-52.20012074873401,939.5829104041045,303.43993546154695,0.023775688947193972
1o_02-06mai_2024-05-03_-29.5_-52.0,1o_02-06mai,2024-04-30 23:00:00,-26.01856140712086,-52.16006684892858,943.0464210193302,303.6511886772053,0.024420129298144987
1o_02-06mai_2024-05-03_-29.5_-52.0,1o_02-06mai,2024-04-30 22:00:00,-25.92184535284072,-52.135181602772924,947.0889434033619,304.01520625823895,0.025225955087191724
1o_02-06mai_2024-05-03_-29.5_-52.0,1o_02-06mai,2024-04-30 21:00:00,-25.804971153880544,-52.12458923047304,950.3818890747593,304.4309454609174,0.026208405707990046
1o_02-06mai_2024-05-03_-29.5_-52.0,1o_02-06mai,2024-04-30 20:00:00,-25.665697225762717,-52.13066413248579,952.7692550495958,304.9461039052502,0.027362831092250798
1o_02-06mai_2024-05-03_-29.5_-52.0,1o_02-06mai,2024-04-30 19:00:00,-25.51400453071435,-52.155770891763176,952.4212049968197,305.5059063912388,0.02862430965163446
1o_02-06mai_2024-05-03_-29.5_-52.0,1o_02-06mai,2024-04-30 18:00:00,-25.357420504798203,-52.19681971862553,950.0092582074063,306.15544601775275,0.030248690119021742
1o_02-06mai_2024-05-03_-29.5_-52.0,1o_02-06mai,2024-04-30 17:00:00,-25.21549194953896,-52.23366184774524,947.4827411792879,306.1235057183519,0.031357236134251294
1o_02-06mai_2024-05-03_-29.5_-52.0,1o_02-06mai,2024-04-30 16:00:00,-25.08280674043667,-52.25552632874146,946.5632303380061,305.4940338389745,0.0324714630178275
1o_02-06mai_2024-05-03_-29.5_-52.0,1o_02-06mai,2024-04-30 15:00:00,-24.955195753373644,-52.26124205068707,947.8461463024421,304.76161768349823,0.033497150542135194
1o_02-06mai_2024-05-03_-29.5_-52.0,1o_02-06mai,2024-04-30 14:00:00,-24.823676205606873,-52.24395491846162,948.4608447586759,303.9772703324666,0.03436211692941658
1o_02-06mai_2024-05-03_-29.5_-52.0,1o_02-06mai,2024-04-30 13:00:00,-24.68910918589061,-52.200207634193525,948.512930724,303.1589213663016,0.035024839492348206
1o_02-06mai_2024-05-03_-29.5_-52.0,1o_02-06mai,2024-04-30 12:00:00,-24.562169707786484,-52.1420615670805,950.8173531956555,302.2933465168745,0.03572527725564245
1o_02-06mai_2024-05-03_-29.5_-52.0,1o_02-06mai,2024-04-30 11:00:00,-24.446722509390167,-52.08021341364686,955.4432189219744,301.7607369200142,0.03570218790706747
1o_02-06mai_2024-05-03_-29.5_-52.0,1o_02-06mai,2024-04-30 10:00:00,-24.337677822591026,-52.0253394939847,962.0530589066374,301.7821208550244,0.035664135967001055
1o_02-06mai_2024-05-03_-29.5_-52.0,1o_02-06mai,2024-04-30 09:00:00,-24.236651493407834,-51.97331040155613,969.561104642629,301.8081129904688,0.035533783951520896
1o_02-06mai_2024-05-03_-29.5_-52.0,1o_02-06mai,2024-04-30 08:00:00,-24.14797288423024,-51.920821271782984,975.6843547693035,301.8620582894838,0.03525627065105139
1o_02-06mai_2024-05-03_-29.5_-52.0,1o_02-06mai,2024-04-30 07:00:00,-24.067014235364063,-51.864833018743994,979.8367241144643,301.9978710003307,0.0348536131110513
1o_02-06mai_2024-05-03_-29.5_-52.0,1o_02-06mai,2024-04-30 06:00:00,-23.98642383203553,-51.80215052770843,981.8237521336075,302.2248293217131,0.034313125366017286
1o_02-06mai_2024-05-03_-29.5_-52.0,1o_02-06mai,2024-04-30 05:00:00,-23.895324850239607,-51.732547942938794,980.9306938717492,302.7165022667851,0.03460992950725134
1o_02-06mai_2024-05-03_-29.5_-52.0,1o_02-06mai,2024-04-30 04:00:00,-23.78979681621028,-51.66007385900928,977.5319866509508,303.3829833193185,0.03496994586224914
1o_02-06mai_2024-05-03_-29.5_-52.0,1o_02-06mai,2024-04-30 03:00:00,-23.673714867146167,-51.58498558696188,972.3369449970114,303.9867217222337,0.035571123392949065
1o_02-06mai_2024-05-03_-29.5_-52.0,1o_02-06mai,2024-04-30 02:00:00,-23.558006495998406,-51.50997557670424,968.6063541201881,304.5137286810907,0.03643915906534948
1o_02-06mai_2024-05-03_-29.5_-52.0,1o_02-06mai,2024-04-30 01:00:00,-23.446506165889833,-51.44005191003825,968.5279789482037,304.97904570359486,0.03754130472348191
1o_02-06mai_2024-05-03_-29.5_-52.0,1o_02-06mai,2024-04-30 00:00:00,-23.329093526602414,-51.386413766875286,971.8843812686954,305.49986671857744,0.03864850280380891
1o_02-06mai_2024-05-03_-29.5_-52.0,1o_02-06mai,2024-04-29 23:00:00,-23.210549869829666,-51.34857522189444,976.8753347889123,305.8611296081449,0.041167266631546476
1o_02-06mai_2024-05-03_-29.5_-52.0,1o_02-06mai,2024-04-29 22:00:00,-23.09474421191231,-51.32193073033771,981.8926795902355,306.0196482250874,0.04317716002737219
1o_02-06mai_2024-05-03_-29.5_-52.0,1o_02-06mai,2024-04-29 21:00:00,-22.98058452379419,-51.30284435604288,986.5174615843471,306.2082612337129,0.04492317797881997
1o_02-06mai_2024-05-03_-29.5_-52.0,1o_02-06mai,2024-04-29 20:00:00,-22.86897728067319,-51.28662596118612,990.0435081835536,306.4112664230879,0.04651122966409912
1o_02-06mai_2024-05-03_-29.5_-52.0,1o_02-06mai,2024-04-29 19:00:00,-22.758512556268656,-51.2715244326633,992.3901372637285,306.67583629282655,0.04797773305498608
1o_02-06mai_2024-05-03_-29.5_-52.0,1o_02-06mai,2024-04-29 18:00:00,-22.647240094827048,-51.2568479622833,993.549267068883,306.9940925442312,0.049333290415019125
1o_02-06mai_2024-05-03_-29.5_-52.0,1o_02-06mai,2024-04-29 17:00:00,-22.542642359735172,-51.2383137068613,993.4731958920992,306.65618847474275,0.050124407427071235
1o_02-06mai_2024-05-03_-29.5_-52.0,1o_02-06mai,2024-04-29 16:00:00,-22.449313261303907,-51.21386194122563,992.4253026473777,305.70090000689737,0.05085081714328653
1o_02-06mai_2024-05-03_-29.5_-52.0,1o_02-06mai,2024-04-29 15:00:00,-22.36236738360063,-51.18317475641638,991.6725740051742,304.7883294651207,0.0514032648849381
1o_02-06mai_2024-05-03_-29.5_-52.0,1o_02-06mai,2024-04-29 14:00:00,-22.28198507124874,-51.146844290357734,991.2613299562653,303.9109801584066,0.05181589315609462
1o_02-06mai_2024-05-03_-29.5_-52.0,1o_02-06mai,2024-04-29 13:00:00,-22.208823921424063,-51.105574229351475,991.2317141659282,303.05137465202847,0.052073461598184115
1o_02-06mai_2024-05-03_-29.5_-52.0,1o_02-06mai,2024-04-29 12:00:00,-22.14664612989496,-51.059391305042084,991.48387582677,302.1155205610537,0.05221335082157149
1o_02-06mai_2024-05-03_-29.5_-52.0,1o_02-06mai,2024-04-29 11:00:00,-22.09023384778691,-51.01165571415959,991.8644946277279,301.82926166053574,0.047744207541536764
1o_02-06mai_2024-05-03_-29.5_-52.0,1o_02-06mai,2024-04-29 10:00:00,-22.033680061210955,-50.96496617088676,992.2521257275386,302.19958368904395,0.0435265574371069
1o_02-06mai_2024-05-03_-29.5_-52.0,1o_02-06mai,2024-04-29 09:00:00,-21.97761223414748,-50.91855038431576,992.5859155852959,302.55190218528577,0.03926183096870393
1o_02-06mai_2024-05-03_-29.5_-52.0,1o_02-06mai,2024-04-29 08:00:00,-21.92140876032311,-50.872637368773,992.6537346087384,302.9330976463121,0.03484083766421672
1o_02-06mai_2024-05-03_-29.5_-52.0,1o_02-06mai,2024-04-29 07:00:00,-21.864501486502935,-50.82721247881226,992.48406341566,303.3560674489069,0.03024328201036261
1o_02-06mai_2024-05-03_-29.5_-52.0,1o_02-06mai,2024-04-29 06:00:00,-21.80660280667466,-50.78247080764988,992.1218452551611,303.80958185412686,0.025452416919502893
1o_02-06mai_2024-05-03_-29.5_-52.0,1o_02-06mai,2024-04-29 05:00:00,-21.748474299988626,-50.742381018284355,991.7366582999027,304.1913151386709,0.025383659620763315
1o_02-06mai_2024-05-03_-29.5_-52.0,1o_02-06mai,2024-04-29 04:00:00,-21.690822759565762,-50.71142421911913,991.4620401492057,304.4341013754019,0.02537337130015244
1o_02-06mai_2024-05-03_-29.5_-52.0,1o_02-06mai,2024-04-29 03:00:00,-21.632994944283617,-50.69047569185543,991.2840751166287,304.6711081125583,0.025321882587850158
1o_02-06mai_2024-05-03_-29.5_-52.0,1o_02-06mai,2024-04-29 02:00:00,-21.574239124298348,-50.680270625093726,991.1986935834047,304.92049216761893,0.02522675267748022
1o_02-06mai_2024-05-03_-29.5_-52.0,1o_02-06mai,2024-04-29 01:00:00,-21.51374828886518,-50.68108283272455,991.1999368475812,305.17256437307327,0.02508345292125188
1o_02-06mai_2024-05-03_-29.5_-52.0,1o_02-06mai,2024-04-29 00:00:00,-21.451329208575313,-50.69216413680809,991.3088051324842,305.4165917958152,0.024890409324321277
1o_02-06mai_2024-05-03_-29.5_-52.0,1o_02-06mai,2024-04-28 23:00:00,-21.388888072357652,-50.71003221004617,991.5072357049671,305.57482099324295,0.025317685160150174
1o_02-06mai_2024-05-03_-29.5_-52.0,1o_02-06mai,2024-04-28 22:00:00,-21.32656681761398,-50.73317522353603,991.7130647859303,305.64762290057723,0.025689766121152164
1o_02-06mai_2024-05-03_-29.5_-52.0,1o_02-06mai,2024-04-28 21:00:00,-21.263782825258993,-50.76174998870681,991.9331449782051,305.6999199822595,0.026007399867900155
1o_02-06mai_2024-05-03_-29.5_-52.0,1o_02-06mai,2024-04-28 20:00:00,-21.200674275530993,-50.795678094915296,992.0534076628776,305.7478985398768,0.02627670523585356
1o_02-06mai_2024-05-03_-29.5_-52.0,1o_02-06mai,2024-04-28 19:00:00,-21.13750054958917,-50.83558158259584,991.98811172523,305.7911126753543,0.02650580463330922
1o_02-06mai_2024-05-03_-29.5_-52.0,1o_02-06mai,2024-04-28 18:00:00,-21.073821414092905,-50.88301472152712,991.7226862850736,305.81959306484555,0.026697824102460674
1o_02-06mai_2024-05-03_-29.5_-52.0,1o_02-06mai,2024-04-28 17:00:00,-21.006369379975446,-50.929240613188824,991.3109224815747,305.39948743496467,0.027198297704551982
1o_02-06mai_2024-05-03_-29.5_-52.0,1o_02-06mai,2024-04-28 16:00:00,-20.931561943772657,-50.96496627680444,990.8989504446422,304.5709124319477,0.027642738722310482
1o_02-06mai_2024-05-03_-29.5_-52.0,1o_02-06mai,2024-04-28 15:00:00,-20.84792909461983,-50.99057276968173,990.6264470202061,303.7621733512933,0.027877391807644383
1o_02-06mai_2024-05-03_-29.5_-52.0,1o_02-06mai,2024-04-28 14:00:00,-20.754756911607643,-51.005431120689096,990.6116136472676,302.94284887264814,0.027821051622987876
1o_02-06mai_2024-05-03_-29.5_-52.0,1o_02-06mai,2024-04-28 13:00:00,-20.65205869158948,-51.00760009252135,990.7067737946677,302.11653826339784,0.02746588901434814
1o_02-06mai_2024-05-03_-29.5_-52.0,1o_02-06mai,2024-04-28 12:00:00,-20.53897693797448,-50.99547956806893,990.6405701832549,301.30896870549293,0.026777043498734728
1o_02-06mai_2024-05-03_-29.5_-52.0,1o_02-06mai,2024-04-28 11:00:00,-20.421445568179212,-50.9737484812522,990.1828426635329,301.08452186786025,0.028420754795784015
1o_02-06mai_2024-05-03_-29.5_-52.0,1o_02-06mai,2024-04-28 10:00:00,-20.30658495347843,-50.949664597228995,989.1635580770495,301.4906768262117,0.030812936939861063
1o_02-06mai_2024-05-03_-29.5_-52.0,1o_02-06mai,2024-04-28 09:00:00,-20.192898953067804,-50.92424131496571,987.6794150147471,301.9705098331125,0.034027847126291665
1o_02-06mai_2024-05-03_-29.5_-52.0,1o_02-06mai,2024-04-28 08:00:00,-20.082381691231628,-50.89951218492705,986.1350585727506,302.47832312729184,0.03788637226401962
1o_02-06mai_2024-05-03_-29.5_-52.0,1o_02-06mai,2024-04-28 07:00:00,-19.9748962720241,-50.87542791359906,984.5302056523924,303.0053438888885,0.04217635065354791
1o_02-06mai_2024-05-03_-29.5_-52.0,1o_02-06mai,2024-04-28 06:00:00,-19.871781729399295,-50.85117948121429,982.7964124817152,303.55045926850306,0.04686740153777589
1o_02-06mai_2024-05-03_-29.5_-52.0,1o_02-06mai,2024-04-28 05:00:00,-19.773765337242033,-50.82104594339659,980.8985214516955,303.995688464013,0.04747009050552365
1o_02-06mai_2024-05-03_-29.5_-52.0,1o_02-06mai,2024-04-28 04:00:00,-19.681299367605526,-50.77922887689637,978.749604216218,304.3215592601896,0.048027090956624635
1o_02-06mai_2024-05-03_-29.5_-52.0,1o_02-06mai,2024-04-28 03:00:00,-19.593461119893576,-50.72518371743985,976.2298572348374,304.63000986859913,0.04854441055260241
1o_02-06mai_2024-05-03_-29.5_-52.0,1o_02-06mai,2024-04-28 02:00:00,-19.508636362856137,-50.662538866326734,973.6019486959402,304.869452506745,0.04900678299154373
1o_02-06mai_2024-05-03_-29.5_-52.0,1o_02-06mai,2024-04-28 01:00:00,-19.427076003737582,-50.59479094885382,970.8957278571534,305.0642491361199,0.04957784663459599
1o_02-06mai_2024-05-03_-29.5_-52.0,1o_02-06mai,2024-04-28 00:00:00,-19.349851140407154,-50.5255699848713,968.0358598061187,305.23168505310997,0.05016125665970783
1o_02-06mai_2024-05-03_-29.5_-52.0,1o_02-06mai,2024-04-27 23:00:00,-19.273254149678248,-50.464167031376654,964.8945271527986,305.3926771765179,0.05164056228667088
1o_02-06mai_2024-05-03_-29.5_-52.0,1o_02-06mai,2024-04-27 22:00:00,-19.19402536560882,-50.41689963984975,961.429962152305,305.58951790721005,0.05310586525286183
1o_02-06mai_2024-05-03_-29.5_-52.0,1o_02-06mai,2024-04-27 21:00:00,-19.112906290458213,-50.380656988952914,957.7336784408399,305.80214612336994,0.054531520383715955
1o_02-06mai_2024-05-03_-29.5_-52.0,1o_02-06mai,2024-04-27 20:00:00,-19.02900895532553,-50.352964589667565,953.8458946255454,306.00850457992897,0.055898362661354103
1o_02-06mai_2024-05-03_-29.5_-52.0,1o_02-06mai,2024-04-27 19:00:00,-18.9414466946904,-50.33254785324896,949.8782167154343,306.20891190134887,0.05718730980392963
1o_02-06mai_2024-05-03_-29.5_-52.0,1o_02-06mai,2024-04-27 18:00:00,-18.850951922818517,-50.31981475302229,946.4049288668795,306.4150274270309,0.05837653222289768
1o_02-06mai_2024-05-03_-29.5_-52.0,1o_02-06mai,2024-04-27 17:00:00,-18.75617768739303,-50.29775129667243,943.6938845952337,306.2336892277946,0.057702603816231796
1o_02-06mai_2024-05-03_-29.5_-52.0,1o_02-06mai,2024-04-27 16:00:00,-18.656889560835392,-50.25204978976361,942.1353228564353,305.66004457959133,0.057212322347555244
1o_02-06mai_2024-05-03_-29.5_-52.0,1o_02-06mai,2024-04-27 15:00:00,-18.555125868421985,-50.184373040909705,941.5687560442616,305.0688372494077,0.05692522880545578
1o_02-06mai_2024-05-03_-29.5_-52.0,1o_02-06mai,2024-04-27 14:00:00,-18.45408069262642,-50.09128267620993,940.8956985418379,304.44283349238054,0.05694878830361984
1o_02-06mai_2024-05-03_-29.5_-52.0,1o_02-06mai,2024-04-27 13:00:00,-18.35476542894878,-49.96961411469687,938.9152139189036,303.8051324917323,0.05743354005669809
1o_02-06mai_2024-05-03_-29.5_-52.0,1o_02-06mai,2024-04-27 12:00:00,-18.260402606731972,-49.81777485952609,936.2234535894736,303.0193371522644,0.058562838352631486
1o_02-06mai_2024-05-03_-29.5_-52.0,1o_02-06mai,2024-04-27 11:00:00,-18.17297342302709,-49.651824338946454,933.8682571603163,302.69797829127515,0.05526999640277601
1o_02-06mai_2024-05-03_-29.5_-52.0,1o_02-06mai,2024-04-27 10:00:00,-18.07614192501641,-49.483078002943905,930.8922518300247,302.972666343968,0.05119169338234553
1o_02-06mai_2024-05-03_-29.5_-52.0,1o_02-06mai,2024-04-27 09:00:00,-17.985485103467962,-49.33026179484399,926.5090863386107,303.1267727596474,0.04590313237407108
1o_02-06mai_2024-05-03_-29.5_-52.0,1o_02-06mai,2024-04-27 08:00:00,-17.909912911741195,-49.19998824170065,921.6129664800399,303.0979063684963,0.04051684124142481
1o_02-06mai_2024-05-03_-29.5_-52.0,1o_02-06mai,2024-04-27 07:00:00,-17.83863844578155,-49.07012916521177,919.5806676452523,303.121025894517,0.03503799266473511
1o_02-06mai_2024-05-03_-29.5_-52.0,1o_02-06mai,2024-04-27 06:00:00,-17.780166896688048,-48.95030880507109,920.6450576062093,302.97285685591794,0.029551989574239348
1o_02-06mai_2024-05-03_-29.5_-52.0,1o_02-06mai,2024-04-27 05:00:00,-17.729084371201093,-48.830461046915936,921.216327368351,303.33757706845114,0.02933211291275635
1o_02-06mai_2024-05-03_-29.5_-52.0,1o_02-06mai,2024-04-27 04:00:00,-17.677099033924303,-48.696861500843994,920.1728093050363,304.1376052653209,0.029308142025881397
1o_02-06mai_2024-05-03_-29.5_-52.0,1o_02-06mai,2024-04-27 03:00:00,-17.624967513032292,-48.55667181673824,918.4146495979699,304.226628561457,0.029367153749955018
1o_02-06mai_2024-05-03_-29.5_-52.0,1o_02-06mai,2024-04-27 02:00:00,-17.57224963107872,-48.41614915691697,916.6804561603786,304.27416084997265,0.029223692607071916
1o_02-06mai_2024-05-03_-29.5_-52.0,1o_02-06mai,2024-04-27 01:00:00,-17.525910006543143,-48.28283152305603,914.5547929212526,304.5903358867405,0.02893848122110127
1o_02-06mai_2024-05-03_-29.5_-52.0,1o_02-06mai,2024-04-27 00:00:00,-17.487563995472843,-48.15829815443222,911.7324823780974,305.07472245338664,0.028554269291138867
1o_02-06mai_2024-05-03_-29.5_-52.0,1o_02-06mai,2024-04-26 23:00:00,-17.459309610720112,-48.04273465137804,908.4003125615297,305.81732372859983,0.02802950163059454
1o_02-06mai_2024-05-03_-29.5_-52.0,1o_02-06mai,2024-04-26 22:00:00,-17.438830930636914,-47.92892571448407,904.4486902316744,306.42473169670563,0.027685251972346798
1o_02-06mai_2024-05-03_-29.5_-52.0,1o_02-06mai,2024-04-26 21:00:00,-17.422518539238446,-47.80589913946102,900.8402773164296,306.76024668079185,0.027441385146135668
1o_02-06mai_2024-05-03_-29.5_-52.0,1o_02-06mai,2024-04-26 20:00:00,-17.4102241883819,-47.676112388153996,897.668869057058,307.0167038560436,0.027327811831449653
1o_02-06mai_2024-05-03_-29.5_-52.0,1o_02-06mai,2024-04-26 19:00:00,-17.40260557814683,-47.54535582512603,894.804574546562,307.19680988656,0.027349608998188536
1o_02-06mai_2024-05-03_-29.5_-52.0,1o_02-06mai,2024-04-26 18:00:00,-17.399330007223643,-47.41436113287542,892.6814577948693,307.30317429926464,0.027503683695626568
1o_02-06mai_2024-05-03_-29.5_-52.0,1o_02-06mai,2024-04-26 17:00:00,-17.39460486355987,-47.27879658922351,893.1471201655918,306.97660110844345,0.02700926777780657
1o_02-06mai_2024-05-03_-29.5_-52.0,1o_02-06mai,2024-04-26 16:00:00,-17.38224121287722,-47.13546546204552,896.1859904226133,306.2540722588716,0.026379364223201366
1o_02-06mai_2024-05-03_-29.5_-52.0,1o_02-06mai,2024-04-26 15:00:00,-17.3631310254477,-46.984858779601424,901.5606535693441,305.6311755375983,0.025854855556914247
1o_02-06mai_2024-05-03_-29.5_-52.0,1o_02-06mai,2024-04-26 14:00:00,-17.337228802560055,-46.832661170715284,907.6122391464415,304.9156607898482,0.025518860038008087
1o_02-06mai_2024-05-03_-29.5_-52.0,1o_02-06mai,2024-04-26 13:00:00,-17.302561263491565,-46.67940243496709,913.1967833541573,304.03342782661656,0.02536247604489894
1o_02-06mai_2024-05-03_-29.5_-52.0,1o_02-06mai,2024-04-26 12:00:00,-17.26177383321967,-46.516816247179825,917.1732677446398,303.09815074108144,0.025509959723220902
1o_02-06mai_2024-05-03_-30.5_-53.5,1o_02-06mai,2024-05-03 12:00:00,-30.5,-53.5,850.0,297.04341578280366,0.048537031643920474
1o_02-06mai_2024-05-03_-30.5_-53.5,1o_02-06mai,2024-05-03 11:00:00,-30.431444814506307,-53.39657218940712,853.9259204901314,297.0274642421585,0.048877135906825735
1o_02-06mai_2024-05-03_-30.5_-53.5,1o_02-06mai,2024-05-03 10:00:00,-30.35872752695118,-53.29004816826079,859.9181451603743,296.8174235390952,0.04912754551392509
1o_02-06mai_2024-05-03_-30.5_-53.5,1o_02-06mai,2024-05-03 09:00:00,-30.290164750939212,-53.16687516753437,867.6234756004967,296.37382034242165,0.04937970117635817
1o_02-06mai_2024-05-03_-30.5_-53.5,1o_02-06mai,2024-05-03 08:00:00,-30.235576036412454,-53.02094990110289,873.6899752863225,295.80294547854356,0.0492334235894808
1o_02-06mai_2024-05-03_-30.5_-53.5,1o_02-06mai,2024-05-03 07:00:00,-30.19476054618534,-52.85887718697274,877.965785897414,295.32259410727806,0.0485162976475234
1o_02-06mai_2024-05-03_-30.5_-53.5,1o_02-06mai,2024-05-03 06:00:00,-30.169772504722047,-52.68755254406578,881.7817707854626,294.88625803965687,0.047169079330434564
1o_02-06mai_2024-05-03_-30.5_-53.5,1o_02-06mai,2024-05-03 05:00:00,-30.16478343011655,-52.511163204974615,886.4968765691256,294.63802060909904,0.04946865588036415
1o_02-06mai_2024-05-03_-30.5_-53.5,1o_02-06mai,2024-05-03 04:00:00,-30.196243500092514,-52.32726032509889,890.5752048951429,294.42276099568124,0.05207386741486979
1o_02-06mai_2024-05-03_-30.5_-53.5,1o_02-06mai,2024-05-03 03:00:00,-30.26893908227901,-52.14989849907992,889.9096529716595,294.41739963637434,0.05405518020387492
1o_02-06mai_2024-05-03_-30.5_-53.5,1o_02-06mai,2024-05-03 02:00:00,-30.36631941084231,-51.99927737342543,885.9622664271152,294.7477189316587,0.05562459330273989
1o_02-06mai_2024-05-03_-30.5_-53.5,1o_02-06mai,2024-05-03 01:00:00,-30.484215209154954,-51.87471196187077,886.2278750217542,295.0514255135179,0.057011835380860035
1o_02-06mai_2024-05-03_-30.5_-53.5,1o_02-06mai,2024-05-03 00:00:00,-30.6501678715655,-51.769961908815674,895.6649034225796,294.59753278849945,0.058054699625518194
1o_02-06mai_2024-05-03_-30.5_-53.5,1o_02-06mai,2024-05-02 23:00:00,-30.893132802684416,-51.69677985351526,917.9169928862782,293.1912636605126,0.057443431759261254
1o_02-06mai_2024-05-03_-30.5_-53.5,1o_02-06mai,2024-05-02 22:00:00,-31.215129553050208,-51.63056218386553,934.3861162269127,291.6406771436052,0.05495254873115689
1o_02-06mai_2024-05-03_-30.5_-53.5,1o_02-06mai,2024-05-02 21:00:00,-31.573703406019828,-51.54819164735133,940.831795699849,291.32093636273135,0.051258124281683914
1o_02-06mai_2024-05-03_-30.5_-53.5,1o_02-06mai,2024-05-02 20:00:00,-31.976338998843904,-51.45687458508124,939.3001712021348,290.9638536288306,0.0500787868272136
1o_02-06mai_2024-05-03_-30.5_-53.5,1o_02-06mai,2024-05-02 19:00:00,-32.39297953786675,-51.423221163358285,935.5314028058303,290.9193905986351,0.050856884744788985
1o_02-06mai_2024-05-03_-30.5_-53.5,1o_02-06mai,2024-05-02 18:00:00,-32.774924335625826,-51.42795575525883,932.0069068395778,290.9145001223548,0.052236345609606855
1o_02-06mai_2024-05-03_-30.5_-53.5,1o_02-06mai,2024-05-02 17:00:00,-33.10471634986967,-51.36947882920367,932.0437744611739,290.6215498122055,0.05113203083564772
1o_02-06mai_2024-05-03_-30.5_-53.5,1o_02-06mai,2024-05-02 16:00:00,-33.43537143559815,-51.25876647571024,934.0126125413769,290.4732214908999,0.05187953576327002
1o_02-06mai_2024-05-03_-30.5_-53.5,1o_02-06mai,2024-05-02 15:00:00,-33.78593511642829,-51.15407518784619,936.1635106798824,290.34323358397546,
1o_02-06mai_2024-05-03_-30.5_-53.5,1o_02-06mai,2024-05-02 14:00:00,-34.15251036333676,-51.06191723101633,935.1527606451679,290.230433058293,
1o_02-06mai_2024-05-03_-30.5_-53.5,1o_02-06mai,2024-05-02 13:00:00,-34.518871925648554,-50.969226514837004,931.9431607359543,290.1473420347587,
1o_02-06mai_2024-05-03_-30.5_-53.5,1o_02-06mai,2024-05-02 12:00:00,-34.856267361181544,-50.8822394182121,928.946883167436,289.8732566595899,
1o_02-06mai_2024-05-03_-30.5_-53.5,1o_02-06mai,2024-05-02 11:00:00,-35.133205438915084,-50.830063104448335,925.052037138759,289.5829590662559,
1o_02-06mai_2024-05-03_-30.5_-53.5,1o_02-06mai,2024-05-02 10:00:00,-35.363597199718214,-50.80039060925727,920.2013709223345,289.7986275091204,
1o_02-06mai_2024-05-03_-30.5_-53.5,1o_02-06mai,2024-05-02 09:00:00,-35.57228735810443,-50.787632904183276,916.5315098384444,290.4309862262174,
1o_02-06mai_2024-05-03_-30.5_-53.5,1o_02-06mai,2024-05-02 08:00:00,-35.771268967508085,-50.801983526925206,915.3417317384237,290.9050823373782,
1o_02-06mai_2024-05-03_-30.5_-53.5,1o_02-06mai,2024-05-02 07:00:00,-35.96937633349587,-50.85328530754589,916.2698620721818,291.0110212248112,
1o_02-06mai_2024-05-03_-30.5_-53.5,1o_02-06mai,2024-05-02 06:00:00,-36.17677848513301,-50.953742774654685,917.7601111522068,290.7801003585826,
1o_02-06mai_2024-05-03_-30.5_-53.5,1o_02-06mai,2024-05-02 05:00:00,-36.39015861828668,-51.10538685392544,918.0307434081677,290.3970651407729,
1o_02-06mai_2024-05-03_-30.5_-53.5,1o_02-06mai,2024-05-02 04:00:00,-36.59604310313785,-51.29747563602229,917.4513372264939,290.124413637151,
1o_02-06mai_2024-05-03_-30.5_-53.5,1o_02-06mai,2024-05-02 03:00:00,-36.80003550208562,-51.54588744821644,917.4386261479249,290.1688562626265,
1o_02-06mai_2024-05-03_-30.5_-53.5,1o_02-06mai,2024-05-02 02:00:00,-37.00676229396107,-51.86775255880756,918.0119305919017,290.327466394422,
1o_02-06mai_2024-05-03_-30.5_-53.5,1o_02-06mai,2024-05-02 01:00:00,-37.20759103061523,-52.25733196946617,915.2534191149045,290.2668018180057,
1o_02-06mai_2024-05-03_-30.5_-53.5,1o_02-06mai,2024-05-02 00:00:00,-37.377976014643146,-52.688624271806034,907.9723242911296,289.8558688779065,
1o_02-06mai_2024-05-03_-30.5_-53.5,1o_02-06mai,2024-05-01 23:00:00,-37.52322641117056,-53.14344176787821,901.7603210228538,289.4277516581421,
1o_02-06mai_2024-05-03_-30.5_-53.5,1o_02-06mai,2024-05-01 22:00:00,-37.66685433836643,-53.63504921023424,896.3616926259814,289.42661875315014,
1o_02-06mai_2024-05-03_-30.5_-53.5,1o_02-06mai,2024-05-01 21:00:00,-37.81074557192845,-54.18347021446928,886.4775049790065,289.64243027088787,
1o_02-06mai_2024-05-03_-30.5_-53.5,1o_02-06mai,2024-05-01 20:00:00,-37.94551697775842,-54.799593053678855,878.2207766294529,289.83080393751413,
1o_02-06mai_2024-05-03_-28.5_-51.0,1o_02-06mai,2024-05-03 12:00:00,-28.5,-51.0,850.0,300.6031955138486,0.12406298518180847
1o_02-06mai_2024-05-03_-28.5_-51.0,1o_02-06mai,2024-05-03 11:00:00,-28.301628586186915,-51.09451233426035,855.7681549461118,300.86991990931426,0.11350958910270544
1o_02-06mai_2024-05-03_-28.5_-51.0,1o_02-06mai,2024-05-03 10:00:00,-28.075204679040784,-51.232696652878,856.0042102063554,301.81195198120355,0.10268001759848872
1o_02-06mai_2024-05-03_-28.5_-51.0,1o_02-06mai,2024-05-03 09:00:00,-27.851395180348984,-51.40704272416041,850.7819619738112,303.05667007698264,0.09142646116909937
1o_02-06mai_2024-05-03_-28.5_-51.0,1o_02-06mai,2024-05-03 08:00:00,-27.656396120066123,-51.57386453408604,849.0212822696126,303.8981443620966,0.08646518986309296
1o_02-06mai_2024-05-03_-28.5_-51.0,1o_02-06mai,2024-05-03 07:00:00,-27.453536103552217,-51.716952663480086,848.3165587609035,304.18491082430944,0.09097087660548131
1o_02-06mai_2024-05-03_-28.5_-51.0,1o_02-06mai,2024-05-03 06:00:00,-27.244887165679938,-51.85177897527166,844.0194804282411,304.44966132487775,0.09829288646525793
1o_02-06mai_2024-05-03_-28.5_-51.0,1o_02-06mai,2024-05-03 05:00:00,-27.054574340294234,-51.97600126603766,836.960140580534,304.52236860239964,0.11488677004667654
1o_02-06mai_2024-05-03_-28.5_-51.0,1o_02-06mai,2024-05-03 04:00:00,-26.877224788049496,-52.06963428344432,829.5879587363263,304.4434978096878,0.11254089473227424
1o_02-06mai_2024-05-03_-28.5_-51.0,1o_02-06mai,2024-05-03 03:00:00,-26.69780659767475,-52.146611093535796,825.5079829293413,304.50337270618286,0.10311876554920106
1o_02-06mai_2024-05-03_-28.5_-51.0,1o_02-06mai,2024-05-03 02:00:00,-26.507736664607954,-52.2524010779273,825.6074479265595,304.7987963247448,0.09387636521749833
1o_02-06mai_2024-05-03_-28.5_-51.0,1o_02-06mai,2024-05-03 01:00:00,-26.31341267864621,-52.4087930155098,828.9326597834377,305.1250011648338,0.08638448482062569
1o_02-06mai_2024-05-03_-28.5_-51.0,1o_02-06mai,2024-05-03 00:00:00,-26.152896169166198,-52.60883343843768,836.9873966115473,305.2178084412963,0.0860367051398271
1o_02-06mai_2024-05-03_-28.5_-51.0,1o_02-06mai,2024-05-02 23:00:00,-26.031673990015083,-52.84807637414229,851.0977183617315,305.0295975875997,0.08973265605221342
1o_02-06mai_2024-05-03_-28.5_-51.0,1o_02-06mai,2024-05-02 22:00:00,-25.90741634018977,-53.09058985459018,866.8805299118857,305.02087842232356,0.09032074455751037
1o_02-06mai_2024-05-03_-28.5_-51.0,1o_02-06mai,2024-05-02 21:00:00,-25.761672800118266,-53.327373579741966,881.5533767246961,305.2919190645716,0.0877760489146269
1o_02-06mai_2024-05-03_-28.5_-51.0,1o_02-06mai,2024-05-02 20:00:00,-25.595332689797015,-53.564270877161704,895.0667847286254,305.5740984384587,0.08399981201974978
1o_02-06mai_2024-05-03_-28.5_-51.0,1o_02-06mai,2024-05-02 19:00:00,-25.394867236359058,-53.81165429429236,903.1115405317142,306.12386328141076,0.08004442041743606
1o_02-06mai_2024-05-03_-28.5_-51.0,1o_02-06mai,2024-05-02 18:00:00,-25.125126612259024,-54.07930232624653,907.4255342437679,307.0234097370731,0.07434714906635016
1o_02-06mai_2024-05-03_-28.5_-51.0,1o_02-06mai,2024-05-02 17:00:00,-24.820919431552007,-54.31291013883249,920.0781705996028,307.09369273273506,0.0692127990768078
1o_02-06mai_2024-05-03_-28.5_-51.0,1o_02-06mai,2024-05-02 16:00:00,-24.512027667100135,-54.523353463049176,926.3106575126144,306.67658222994663,0.06552954017446384
1o_02-06mai_2024-05-03_-28.5_-51.0,1o_02-06mai,2024-05-02 15:00:00,-24.187684573104246,-54.74857601893608,928.2127119829639,306.1914461311238,0.06188243952496511
1o_02-06mai_2024-05-03_-28.5_-51.0,1o_02-06mai,2024-05-02 14:00:00,-23.83276936658523,-54.97441166200971,930.1699801934197,305.5516261162087,0.059405002083873254
1o_02-06mai_2024-05-03_-28.5_-51.0,1o_02-06mai,2024-05-02 13:00:00,-23.43943808495679,-55.18401137441082,929.0176258377134,304.98898268941923,0.05596333716593149
1o_02-06mai_2024-05-03_-28.5_-51.0,1o_02-06mai,2024-05-02 12:00:00,-23.029963841680296,-55.36053282779,923.7903648512098,304.39661520591335,0.052648147075292154
1o_02-06mai_2024-05-03_-28.5_-51.0,1o_02-06mai,2024-05-02 11:00:00,-22.628381421611824,-55.506310815408774,919.7196927108987,304.318659779834,0.044174373181858635
1o_02-06mai_2024-05-03_-28.5_-51.0,1o_02-06mai,2024-05-02 10:00:00,-22.24846737519263,-55.6366961910831,915.2604214455672,304.5106613985322,0.037753812516062246
1o_02-06mai_2024-05-03_-28.5_-51.0,1o_02-06mai,2024-05-02 09:00:00,-21.87396834512292,-55.75417080604182,913.7437245410199,304.43571160137634,0.03194608504058154
1o_02-06mai_2024-05-03_-28.5_-51.0,1o_02-06mai,2024-05-02 08:00:00,-21.460466017696035,-55.843687128229526,920.2573399612637,304.42288355915144,0.026799404602850692
1o_02-06mai_2024-05-03_-28.5_-51.0,1o_02-06mai,2024-05-02 07:00:00,-21.020466173186534,-55.922639634686824,927.7091075993781,304.85769721338323,0.02196176806850622
1o_02-06mai_2024-05-03_-28.5_-51.0,1o_02-06mai,2024-05-02 06:00:00,-20.607313236952898,-56.013613816134345,931.6645205741785,305.20371000812764,0.017415418042848522
1o_02-06mai_2024-05-03_-28.5_-51.0,1o_02-06mai,2024-05-02 05:00:00,-20.21231714829285,-56.08907838546505,934.4999181512368,305.507680196525,0.017088564761524438
1o_02-06mai_2024-05-03_-28.5_-51.0,1o_02-06mai,2024-05-02 04:00:00,-19.84651071997329,-56.14082483479316,937.8145512568352,305.56985131182546,0.016644680399190474
1o_02-06mai_2024-05-03_-28.5_-51.0,1o_02-06mai,2024-05-02 03:00:00,-19.503295752561904,-56.177849509971566,937.6610333183638,305.6567251278603,0.01616191022639988
1o_02-06mai_2024-05-03_-28.5_-51.0,1o_02-06mai,2024-05-02 02:00:00,-19.168560279046254,-56.20689443612932,936.042492864259,305.79507628504103,0.015607863439370382
1o_02-06mai_2024-05-03_-28.5_-51.0,1o_02-06mai,2024-05-02 01:00:00,-18.845858460559068,-56.22813114967726,935.2332767534728,305.8976667575829,0.015126989680465386
1o_02-06mai_2024-05-03_-28.5_-51.0,1o_02-06mai,2024-05-02 00:00:00,-18.545529088446077,-56.23795459927815,935.677923264334,305.9933691281869,0.014748761241589598
1o_02-06mai_2024-05-03_-28.5_-51.0,1o_02-06mai,2024-05-01 23:00:00,-18.27498009709116,-56.24041875981786,936.2577806318354,306.1324152170803,0.014410603229316487
1o_02-06mai_2024-05-03_-28.5_-51.0,1o_02-06mai,2024-05-01 22:00:00,-18.02826764944573,-56.242226092227526,936.1478661315941,306.29757381081754,0.014186539387848291
1o_02-06mai_2024-05-03_-28.5_-51.0,1o_02-06mai,2024-05-01 21:00:00,-17.797452807056416,-56.24607701244868,935.3144052432626,306.41168277852285,0.014006829850491363
1o_02-06mai_2024-05-03_-28.5_-51.0,1o_02-06mai,2024-05-01 20:00:00,-17.577240714816185,-56.2529604287031,933.5005228351664,306.5241404813847,0.013852481454000257
1o_02-06mai_2024-05-03_-28.5_-51.0,1o_02-06mai,2024-05-01 19:00:00,-17.365436606610793,-56.261888300448426,930.1040237124308,306.67037661314043,0.013719754730462035
1o_02-06mai_2024-05-03_-28.5_-51.0,1o_02-06mai,2024-05-01 18:00:00,-17.161271937862907,-56.27099216897496,925.3786903030738,306.7996972720643,0.013593130746216313
1o_02-06mai_2024-05-03_-28.5_-51.0,1o_02-06mai,2024-05-01 17:00:00,-16.947021332808472,-56.280859747935416,921.3351519230773,306.6771004287513,0.014011823567933533
1o_02-06mai_2024-05-03_-28.5_-51.0,1o_02-06mai,2024-05-01 16:00:00,-16.70944949995932,-56.28972230266524,919.3460239441309,306.34152094215244,0.014307907911712379
1o_02-06mai_2024-05-03_-28.5_-51.0,1o_02-06mai,2024-05-01 15:00:00,-16.450395875825873,-56.29346076590069,918.8704111459715,306.0251383375032,0.014496304721132733
1o_02-06mai_2024-05-03_-28.5_-51.0,1o_02-06mai,2024-05-01 14:00:00,-16.171140264966784,-56.2888871051248,918.3337045874289,305.79201581500985,0.014738796842768583
1o_02-06mai_2024-05-03_-28.5_-51.0,1o_02-06mai,2024-05-01 13:00:00,-15.87579507937774,-56.27248690992201,917.7682571748459,305.57288188953606,0.015026553987664993
1o_02-06mai_2024-05-03_-28.5_-51.0,1o_02-06mai,2024-05-01 12:00:00,-15.572019608873214,-56.243129058380205,921.475332374458,305.2077992614693,0.015325066657058841
1o_02-06mai_2024-05-03_-28.5_-51.0,1o_02-06mai,2024-05-01 11:00:00,-15.267724533662845,-56.18056654384729,921.064777758855,304.97585701693185,0.018528343176349066
1o_02-06mai_2024-05-03_-28.5_-51.0,1o_02-06mai,2024-05-01 10:00:00,-14.980777351480391,-56.07229959496796,918.8427661478299,305.0276006726997,0.020788067403477016
1o_02-06mai_2024-05-03_-28.5_-51.0,1o_02-06mai,2024-05-01 09:00:00,-14.717453838318635,-55.943714351770254,920.2980282580846,304.99103260108467,0.022932361514518936
1o_02-06mai_2024-05-03_-28.5_-51.0,1o_02-06mai,2024-05-01 08:00:00,-14.469222676953114,-55.81010539137266,919.3626979727287,305.10946219751656,0.025087134221378066
1o_02-06mai_2024-05-03_-28.5_-51.0,1o_02-06mai,2024-05-01 07:00:00,-14.232618032617529,-55.6681855164969,916.2446142246249,305.2062159299155,0.02744466383024526
1o_02-06mai_2024-05-03_-28.5_-51.0,1o_02-06mai,2024-05-01 06:00:00,-14.015937215205351,-55.51417292092561,912.8707039243071,305.1930698385812,0.030554921650989306
1o_02-06mai_2024-05-03_-28.5_-51.0,1o_02-06mai,2024-05-01 05:00:00,-13.825288631265485,-55.352401167999155,912.6091920588884,305.31697215780014,0.03007041598201536
1o_02-06mai_2024-05-03_-28.5_-51.0,1o_02-06mai,2024-05-01 04:00:00,-13.659963595585726,-55.1868249486181,912.6311800871053,305.54685636559884,0.029043920722009054
1o_02-06mai_2024-05-03_-28.5_-51.0,1o_02-06mai,2024-05-01 03:00:00,-13.509338952405946,-55.013148192363765,910.9569557369205,305.7231717012408,0.02772378683086964
1o_02-06mai_2024-05-03_-28.5_-51.0,1o_02-06mai,2024-05-01 02:00:00,-13.371706435625178,-54.832195400104325,910.2040849060263,305.8444399426327,0.02651637324783821
1o_02-06mai_2024-05-03_-28.5_-51.0,1o_02-06mai,2024-05-01 01:00:00,-13.251561364100175,-54.648195943204975,910.8255751384842,305.95528327935284,0.025662525403501644
1o_02-06mai_2024-05-03_-28.5_-51.0,1o_02-06mai,2024-05-01 00:00:00,-13.14895830196866,-54.46470012685604,911.5178052022283,306.103592077656,0.02469908562708539
1o_02-06mai_2024-05-03_-28.5_-51.0,1o_02-06mai,2024-04-30 23:00:00,-13.056456712207092,-54.28414678572505,912.1424527833174,306.2290486465937,0.02418889900879453
1o_02-06mai_2024-05-03_-28.5_-51.0,1o_02-06mai,2024-04-30 22:00:00,-12.965001805517907,-54.1083137697156,912.3021968941721,306.3125173383564,0.023750111518724373
1o_02-06mai_2024-05-03_-28.5_-51.0,1o_02-06mai,2024-04-30 21:00:00,-12.870941747527947,-53.93631411931285,912.402251836573,306.43464148714776,0.023489531718455
1o_02-06mai_2024-05-03_-28.5_-51.0,1o_02-06mai,2024-04-30 20:00:00,-12.771593449747021,-53.76748705819388,913.7148784371702,306.4998173635916,0.023333789028800185
1o_02-06mai_2024-05-03_-28.5_-51.0,1o_02-06mai,2024-04-30 19:00:00,-12.668481757651866,-53.60311661837004,916.0293565654473,306.5098111080463,0.02318924325485151
1o_02-06mai_2024-05-03_-28.5_-51.0,1o_02-06mai,2024-04-30 18:00:00,-12.564077737968661,-53.44501330867554,918.4371614004982,306.5519403956782,0.023041193389836342
1o_02-06mai_2024-05-03_-28.5_-51.0,1o_02-06mai,2024-04-30 17:00:00,-12.4569550758428,-53.28633649927063,920.1056285111307,306.4841979338087,0.022911466120995816
1o_02-06mai_2024-05-03_-28.5_-51.0,1o_02-06mai,2024-04-30 16:00:00,-12.343357348371853,-53.117494467610875,920.5555834473746,306.20763632681565,0.02274285347882527
1o_02-06mai_2024-05-03_-28.5_-51.0,1o_02-06mai,2024-04-30 15:00:00,-12.222887591681333,-52.93643944447514,919.956414590684,305.8950112150417,0.022710190394639836
1o_02-06mai_2024-05-03_-28.5_-51.0,1o_02-06mai,2024-04-30 14:00:00,-12.095522103006667,-52.743035525435204,918.7454390074264,305.4949102903623,0.02295690550751173
1o_02-06mai_2024-05-03_-28.5_-51.0,1o_02-06mai,2024-04-30 13:00:00,-11.964040986414696,-52.537910339746546,917.7113924020155,305.0211688744862,0.023527255693454437
1o_02-06mai_2024-05-03_-28.5_-51.0,1o_02-06mai,2024-04-30 12:00:00,-11.829457104645757,-52.322318368219356,916.2512014448007,304.5625373145976,0.023333000102168686
1o_02-06mai_2024-05-03_-28.5_-51.0,1o_02-06mai,2024-04-30 11:00:00,-11.700536976382917,-52.09599796945887,913.7019325336566,304.479567950441,0.025540049977240718
1o_02-06mai_2024-05-03_-28.5_-51.0,1o_02-06mai,2024-04-30 10:00:00,-11.587438936141352,-51.86413090727976,912.9376821930827,304.6781212401693,0.028047020904385545
1o_02-06mai_2024-05-03_-28.5_-51.0,1o_02-06mai,2024-04-30 09:00:00,-11.48950182080363,-51.63045484480395,913.8038519852795,304.84779489033696,0.030984290421995807
1o_02-06mai_2024-05-03_-28.5_-51.0,1o_02-06mai,2024-04-30 08:00:00,-11.404301527524144,-51.40203080783946,914.7575665831915,305.0409558878067,0.03431506501032065
1o_02-06mai_2024-05-03_-28.5_-51.0,1o_02-06mai,2024-04-30 07:00:00,-11.329023648575177,-51.17643653516333,914.7410349888603,305.20728321570505,0.03791037116844464
1o_02-06mai_2024-05-03_-28.5_-51.0,1o_02-06mai,2024-04-30 06:00:00,-11.261194653052543,-50.95275918518805,913.1934827778734,305.3822672758771,0.04176578000674694
1o_02-06mai_2024-05-03_-28.5_-51.0,1o_02-06mai,2024-04-30 05:00:00,-11.20131739515282,-50.729801283509765,910.9579173789281,305.56923016944876,0.04102234291557518
1o_02-06mai_2024-05-03_-28.5_-51.0,1o_02-06mai,2024-04-30 04:00:00,-11.154614820901786,-50.5073634047853,908.9458557921404,305.6936593416503,0.04063481877454493
1o_02-06mai_2024-05-03_-28.5_-51.0,1o_02-06mai,2024-04-30 03:00:00,-11.124894240600339,-50.285873706280015,907.5372859519192,305.8032902761728,0.04062945251295967
1o_02-06mai_2024-05-03_-28.5_-51.0,1o_02-06mai,2024-04-30 02:00:00,-11.116242627723448,-50.06470646449988,906.249080267549,305.8966826188607,0.03996958459562431
1o_02-06mai_2024-05-03_-28.5_-51.0,1o_02-06mai,2024-04-30 01:00:00,-11.130426500188666,-49.84262319483554,904.4128635956766,305.94522501678154,0.03995418147184014
1o_02-06mai_2024-05-03_-28.5_-51.0,1o_02-06mai,2024-04-30 00:00:00,-11.165841223874432,-49.620242427630195,901.217276094744,306.0141128117582,0.04080840673417073
1o_02-06mai_2024-05-03_-28.5_-51.0,1o_02-06mai,2024-04-29 23:00:00,-11.207917330095574,-49.39951236137013,896.4463256282959,306.08905745536464,0.039889491692647105
1o_02-06mai_2024-05-03_-28.5_-51.0,1o_02-06mai,2024-04-29 22:00:00,-11.242597618738564,-49.186109418344266,891.2701349922646,306.1979655946743,0.03823364187757941
1o_02-06mai_2024-05-03_-28.5_-51.0,1o_02-06mai,2024-04-29 21:00:00,-11.272257696439134,-48.987408288935356,886.4153797329324,306.2472474241429,0.03651844886568069
1o_02-06mai_2024-05-03_-28.5_-51.0,1o_02-06mai,2024-04-29 20:00:00,-11.296487798131611,-48.80598613854109,881.8427995084799,306.2596966981143,0.03487811187795574
1o_02-06mai_2024-05-03_-28.5_-51.0,1o_02-06mai,2024-04-29 19:00:00,-11.314374916887797,-48.6443227607825,877.5882020391202,306.24911931179787,0.033296124343178385
1o_02-06mai_2024-05-03_-28.5_-51.0,1o_02-06mai,2024-04-29 18:00:00,-11.324874134215301,-48.50676764489087,874.3767251360146,306.15515713122306,0.03217248327429655
1o_02-06mai_2024-05-03_-28.5_-51.0,1o_02-06mai,2024-04-29 17:00:00,-11.32914937142058,-48.36963366174523,872.0545891703912,305.9833995683639,0.031846906727692616
1o_02-06mai_2024-05-03_-28.5_-51.0,1o_02-06mai,2024-04-29 16:00:00,-11.32854161484484,-48.206622846887505,870.8805629916546,305.7821797295351,0.03145798408890159
1o_02-06mai_2024-05-03_-28.5_-51.0,1o_02-06mai,2024-04-29 15:00:00,-11.322641630049146,-48.01454477923338,869.7372611718877,305.66133623853943,0.030981730793621844
1o_02-06mai_2024-05-03_-28.5_-51.0,1o_02-06mai,2024-04-29 14:00:00,-11.311444116427555,-47.79531176212954,868.6804283353711,305.5813367880998,0.030214227747635783
1o_02-06mai_2024-05-03_-28.5_-51.0,1o_02-06mai,2024-04-29 13:00:00,-11.295299746762781,-47.55813345902071,868.5130355575976,305.44745292759745,0.029315200785860744
1o_02-06mai_2024-05-03_-28.5_-51.0,1o_02-06mai,2024-04-29 12:00:00,-11.271185070120254,-47.31352324867216,869.7449306218773,305.1737383519857,0.028203614795583268
1o_02-06mai_2024-05-03_-28.5_-51.0,1o_02-06mai,2024-04-29 11:00:00,-11.243371344996678,-47.07310965866296,871.4513459171696,304.9501797793222,0.026878766397131236
1o_02-06mai_2024-05-03_-28.5_-51.0,1o_02-06mai,2024-04-29 10:00:00,-11.223534046214036,-46.833416852592386,871.0130889973551,305.0923391669032,0.026407196993192376
1o_02-06mai_2024-05-03_-28.5_-51.0,1o_02-06mai,2024-04-29 09:00:00,-11.216256142989687,-46.58034314187711,866.5284150061364,305.2931608062826,0.026661167448165456
1o_02-06mai_2024-05-03_-28.5_-51.0,1o_02-06mai,2024-04-29 08:00:00,-11.2263780893214,-46.315410102144014,860.1387581458245,305.37490102611,0.02746188780299828
1o_02-06mai_2024-05-03_-28.5_-51.0,1o_02-06mai,2024-04-29 07:00:00,-11.25842793493275,-46.04849087676586,856.1862001909392,305.57299648080584,0.02883111341569451
1o_02-06mai_2024-05-03_-28.5_-51.0,1o_02-06mai,2024-04-29 06:00:00,-11.319685348997625,-45.796275133356794,854.0914346467196,305.82868889657846,0.03068428790231716
1o_02-06mai_2024-05-03_-28.5_-51.0,1o_02-06mai,2024-04-29 05:00:00,-11.4015515838395,-45.56688677538103,852.8332108399406,305.93108356331607,0.02907014969249402
1o_02-06mai_2024-05-03_-28.5_-51.0,1o_02-06mai,2024-04-29 04:00:00,-11.48195978332584,-45.364228722834056,852.104534668515,305.94350123570496,0.02764991159007784
1o_02-06mai_2024-05-03_-28.5_-51.0,1o_02-06mai,2024-04-29 03:00:00,-11.55395297521094,-45.180259662622504,850.116759642788,306.0630099209834,0.02643109445508757
1o_02-06mai_2024-05-03_-28.5_-51.0,1o_02-06mai,2024-04-29 02:00:00,-11.61839015035228,-45.002815680472686,848.8103394396868,306.3172385031564,0.025369201154909347
1o_02-06mai_2024-05-03_-28.5_-51.0,1o_02-06mai,2024-04-29 01:00:00,-11.687321347672784,-44.828914036005685,847.945848637647,306.59249387002745,0.02427506868050992
1o_02-06mai_2024-05-03_-28.5_-51.0,1o_02-06mai,2024-04-29 00:00:00,-11.779783908574464,-44.65338995752804,847.5646105640652,306.9579932824865,0.023451985837678813
1o_02-06mai_2024-05-03_-28.5_-51.0,1o_02-06mai,2024-04-28 23:00:00,-11.890667372290821,-44.48867723212901,851.3769695539768,307.24108142784917,0.023133972525419245
1o_02-06mai_2024-05-03_-28.5_-51.0,1o_02-06mai,2024-04-28 22:00:00,-11.995911416041224,-44.34867191390306,859.294980269732,307.24071016596497,0.022634182878021512
1o_02-06mai_2024-05-03_-28.5_-51.0,1o_02-06mai,2024-04-28 21:00:00,-12.090588503748219,-44.227360426204754,867.1204763709468,307.2616072332351,0.02209052923189535
1o_02-06mai_2024-05-03_-28.5_-51.0,1o_02-06mai,2024-04-28 20:00:00,-12.179037914777233,-44.114346958158244,873.0189641702952,307.3595905271538,0.0214810681677161
1o_02-06mai_2024-05-03_-28.5_-51.0,1o_02-06mai,2024-04-28 19:00:00,-12.262055616103883,-44.00849954952276,878.6407938427458,307.56872637339904,0.021000986971367413
1o_02-06mai_2024-05-03_-28.5_-51.0,1o_02-06mai,2024-04-28 18:00:00,-12.334605345879075,-43.91140677464105,885.0071347061562,307.85590620388416,0.020649125921208118
1o_02-06mai_2024-05-03_-28.5_-51.0,1o_02-06mai,2024-04-28 17:00:00,-12.40187479109208,-43.81718470348685,891.6078334872049,307.7049797812736,0.019460396585690865
1o_02-06mai_2024-05-03_-28.5_-51.0,1o_02-06mai,2024-04-28 16:00:00,-12.47307685307024,-43.71642388295774,898.1836499841944,306.99105118557225,0.018150826255606198
1o_02-06mai_2024-05-03_-28.5_-51.0,1o_02-06mai,2024-04-28 15:00:00,-12.544633090890907,-43.61476443399265,902.8761924256457,306.25671172836354,0.016702378201634834
1o_02-06mai_2024-05-03_-28.5_-51.0,1o_02-06mai,2024-04-28 14:00:00,-12.615060175215042,-43.51279500527472,905.1497710837666,305.4639597636374,0.015122203652448828
1o_02-06mai_2024-05-03_-28.5_-51.0,1o_02-06mai,2024-04-28 13:00:00,-12.68383320311075,-43.404960610941906,905.9477473041844,304.6386151196427,0.013708599061974788
1o_02-06mai_2024-05-03_-28.5_-51.0,1o_02-06mai,2024-04-28 12:00:00,-12.74813533453524,-43.28086796548228,906.7997954823629,303.7680812161059,0.012547120675767194
1o_02-06mai_2024-05-03_-28.5_-51.0,1o_02-06mai,2024-04-28 11:00:00,-12.802943833908014,-43.137576893181894,906.8884393141914,303.3766193118547,0.014722704100973415
1o_02-06mai_2024-05-03_-28.5_-51.0,1o_02-06mai,2024-04-28 10:00:00,-12.846602812191257,-42.97713052041402,901.4620897567697,303.65465097061417,0.01673420719855837
1o_02-06mai_2024-05-03_-28.5_-51.0,1o_02-06mai,2024-04-28 09:00:00,-12.890022983969805,-42.801303593000824,896.550786992861,303.71305712107176,0.018509072193001207
1o_02-06mai_2024-05-03_-28.5_-51.0,1o_02-06mai,2024-04-28 08:00:00,-12.940740353801928,-42.62855583512088,897.5606281110286,303.3284904092249,0.0204140817710759
1o_02-06mai_2024-05-03_-28.5_-51.0,1o_02-06mai,2024-04-28 07:00:00,-13.003890021266246,-42.45947583650556,904.9895718292524,302.96834567213614,0.022301851594837715
1o_02-06mai_2024-05-03_-28.5_-51.0,1o_02-06mai,2024-04-28 06:00:00,-13.063018925319646,-42.31596551714701,902.6974155130554,302.4614050620687,0.023915629650086735
1o_02-06mai_2024-05-03_-28.5_-51.0,1o_02-06mai,2024-04-28 05:00:00,-13.11018007196546,-42.156838763896076,886.6324103528426,302.7535892668013,0.02409947955183375
1o_02-06mai_2024-05-03_-28.5_-51.0,1o_02-06mai,2024-04-28 04:00:00,-13.157401107802594,-41.954675038640005,869.4719273838989,302.77237755855185,0.024325957131371513
1o_02-06mai_2024-05-03_-28.5_-51.0,1o_02-06mai,2024-04-28 03:00:00,-13.216164012787786,-41.73794368730298,866.3582918841233,302.85204971491197,0.024515452343053728
1o_02-06mai_2024-05-03_-28.5_-51.0,1o_02-06mai,2024-04-28 02:00:00,-13.281758803138215,-41.54823774059304,870.7371844175253,302.7322789391219,0.024433695842004048
1o_02-06mai_2024-05-03_-28.5_-51.0,1o_02-06mai,2024-04-28 01:00:00,-13.365595314024176,-41.354614107021966,870.896523186737,303.01847645958617,0.024260211436535204
1o_02-06mai_2024-05-03_-28.5_-51.0,1o_02-06mai,2024-04-28 00:00:00,-13.47128243176893,-41.16472932006594,875.423702220188,303.12573031901536,0.023896810026302312
1o_02-06mai_2024-05-03_-28.5_-51.0,1o_02-06mai,2024-04-27 23:00:00,-13.602435468918898,-40.98792207889698,883.2265430836526,303.15393354872674,0.024392901691646162
1o_02-06mai_2024-05-03_-28.5_-51.0,1o_02-06mai,2024-04-27 22:00:00,-13.731517915278374,-40.81144460697153,887.7799517376967,302.91697030511466,0.025146293459803293
1o_02-06mai_2024-05-03_-28.5_-51.0,1o_02-06mai,2024-04-27 21:00:00,-13.859161360027636,-40.62591998849251,885.4520121058548,302.9723700960826,0.026011894281345944
1o_02-06mai_2024-05-03_-28.5_-51.0,1o_02-06mai,2024-04-27 20:00:00,-13.983388449155933,-40.43899756694796,879.5809787940291,303.1884304515245,0.026860078099618833
1o_02-06mai_2024-05-03_-28.5_-51.0,1o_02-06mai,2024-04-27 19:00:00,-14.112044454636129,-40.265097099210294,871.8835897530338,303.3429511674538,0.027645352216550238
1o_02-06mai_2024-05-03_-28.5_-51.0,1o_02-06mai,2024-04-27 18:00:00,-14.239093974790817,-40.112807404661446,868.1413100671832,303.5282173056953,0.028437676708985827
1o_02-06mai_2024-05-03_-28.5_-51.0,1o_02-06mai,2024-04-27 17:00:00,-14.366574932723017,-39.96345151692572,872.4543802310806,303.52864415697616,0.030016579288015852
1o_02-06mai_2024-05-03_-28.5_-51.0,1o_02-06mai,2024-04-27 16:00:00,-14.496234971569843,-39.8113024737268,876.7468352943116,303.19283855700814,0.03191795632719774
1o_02-06mai_2024-05-03_-28.5_-51.0,1o_02-06mai,2024-04-27 15:00:00,-14.628325728998412,-39.652082656071784,877.8746698121478,302.93118257441785,0.03326168724484025
1o_02-06mai_2024-05-03_-28.5_-51.0,1o_02-06mai,2024-04-27 14:00:00,-14.765994684445936,-39.48422869358444,881.7440498768325,302.6306776856311,0.03402660550412982
1o_02-06mai_2024-05-03_-28.5_-51.0,1o_02-06mai,2024-04-27 13:00:00,-14.91585763534972,-39.30964566270415,886.4536427242766,302.22816342800394,0.03481095617318207
1o_02-06mai_2024-05-03_-28.5_-51.0,1o_02-06mai,2024-04-27 12:00:00,-15.078506586034287,-39.12483028163743,891.3391837355421,301.9669813152176,0.035713738415730605
1o_02-06mai_2024-05-03_-28.5_-51.0,1o_02-06mai,2024-04-27 11:00:00,-15.246185380592362,-38.9353868776094,900.7872958232082,301.5302005827556,0.03497632151275626
1o_02-06mai_2024-05-03_-28.5_-51.0,1o_02-06mai,2024-04-27 10:00:00,-15.410516724762111,-38.76402372581039,911.5993825801618,301.0725021452963,0.03357595141274441
1o_02-06mai_2024-05-03_-28.5_-51.0,1o_02-06mai,2024-04-27 09:00:00,-15.570001703937253,-38.600259821018334,921.5690113645115,300.90342125128075,0.032205406344890046
1o_02-06mai_2024-05-03_-28.5_-51.0,1o_02-06mai,2024-04-27 08:00:00,-15.72316743591835,-38.433401226600644,926.5240563261483,300.9534282018823,0.030748207475282324
1o_02-06mai_2024-05-03_-28.5_-51.0,1o_02-06mai,2024-04-27 07:00:00,-15.871055044566752,-38.259258103750454,928.7669673422133,300.9651410531473,0.029276206430019307
1o_02-06mai_2024-05-03_-28.5_-51.0,1o_02-06mai,2024-04-27 06:00:00,-16.00813013068476,-38.08198454218653,930.7518552063495,300.83523930517566,0.028304765320060196
1o_02-06mai_2024-05-03_-28.5_-51.0,1o_02-06mai,2024-04-27 05:00:00,-16.13720053882479,-37.8995964778969,933.0804116698248,300.5677252851272,0.028352112488215966
1o_02-06mai_2024-05-03_-28.5_-51.0,1o_02-06mai,2024-04-27 04:00:00,-16.269275558557403,-37.70407582874805,936.1294295992057,300.2465556052225,0.028362822258430037
1o_02-06mai_2024-05-03_-28.5_-51.0,1o_02-06mai,2024-04-27 03:00:00,-16.409559210156097,-37.4924891811865,939.1085524533592,299.9533266949581,0.028360409054264443
1o_02-06mai_2024-05-03_-28.5_-51.0,1o_02-06mai,2024-04-27 02:00:00,-16.55767107368546,-37.266871594934706,941.3920079412691,299.69369291324494,0.028792136119473274
1o_02-06mai_2024-05-03_-28.5_-51.0,1o_02-06mai,2024-04-27 01:00:00,-16.71042605414656,-37.03298317150832,942.7676623916857,299.6589616727008,0.029452567953764462
1o_02-06mai_2024-05-03_-28.5_-51.0,1o_02-06mai,2024-04-27 00:00:00,-16.864613590408773,-36.79868102035842,943.3599914606209,299.7638384795572,0.029905848029022703
1o_02-06mai_2024-05-03_-28.5_-51.0,1o_02-06mai,2024-04-26 23:00:00,-17.01843055871617,-36.56767796183061,943.4069595328713,299.88496328034586,0.030276408421473857
1o_02-06mai_2024-05-03_-28.5_-51.0,1o_02-06mai,2024-04-26 22:00:00,-17.173655044385036,-36.34696534054627,943.6205261700478,299.931104863086,0.030349868011336566
1o_02-06mai_2024-05-03_-28.5_-51.0,1o_02-06mai,2024-04-26 21:00:00,-17.332717307898736,-36.137231118087705,944.3326389412342,299.8804843591125,0.030602267007433296
1o_02-06mai_2024-05-03_-28.5_-51.0,1o_02-06mai,2024-04-26 20:00:00,-17.500314121833163,-35.93728970846062,947.2836417188863,299.7928951954026,0.03130480923163564
1o_02-06mai_2024-05-03_-28.5_-51.0,1o_02-06mai,2024-04-26 19:00:00,-17.675977420699397,-35.74909928607198,951.0867040412196,299.73896974847446,0.03196313884643378
1o_02-06mai_2024-05-03_-28.5_-51.0,1o_02-06mai,2024-04-26 18:00:00,-17.85507707647243,-35.578628235825605,953.2688498582884,299.797814400583,0.032479313574587804
1o_02-06mai_2024-05-03_-28.5_-51.0,1o_02-06mai,2024-04-26 17:00:00,-18.02790529830659,-35.426988911087726,953.0036886238677,299.8841860120838,0.03319273917179547
1o_02-06mai_2024-05-03_-28.5_-51.0,1o_02-06mai,2024-04-26 16:00:00,-18.195140079286787,-35.28346330839921,951.7885499118676,299.8589635063738,0.034312618473589365
1o_02-06mai_2024-05-03_-28.5_-51.0,1o_02-06mai,2024-04-26 15:00:00,-18.360508847806564,-35.14497941112478,950.5732438157196,299.73295109757885,0.03500474902383042
1o_02-06mai_2024-05-03_-28.5_-51.0,1o_02-06mai,2024-04-26 14:00:00,-18.529087057397916,-35.008008999116235,950.0565881264795,299.52330885202707,0.03535809303373657
1o_02-06mai_2024-05-03_-28.5_-51.0,1o_02-06mai,2024-04-26 13:00:00,-18.700985484405074,-34.87229349964491,949.7924322231619,299.4043482447716,0.035338832511683974
1o_02-06mai_2024-05-03_-28.5_-51.0,1o_02-06mai,2024-04-26 12:00:00,-18.86942688018258,-34.74534972124952,949.063773006382,299.3914964941216,0.036679368577676195
1o_02-06mai_2024-05-03_-31.0_-54.5,1o_02-06mai,2024-05-03 12:00:00,-31.0,-54.5,850.0,295.3249014298854,0.03600940977533658
1o_02-06mai_2024-05-03_-31.0_-54.5,1o_02-06mai,2024-05-03 11:00:00,-30.96820105832395,-54.43298244827987,848.9836099922085,295.51316138959237,0.03497826743657299
1o_02-06mai_2024-05-03_-31.0_-54.5,1o_02-06mai,2024-05-03 10:00:00,-30.943311596340585,-54.377088866732436,847.9094222780305,295.826220073981,0.03386143867645339
1o_02-06mai_2024-05-03_-31.0_-54.5,1o_02-06mai,2024-05-03 09:00:00,-30.922241654061132,-54.33352018454792,846.7561695164101,296.0920293421014,0.032696175628391846
1o_02-06mai_2024-05-03_-31.0_-54.5,1o_02-06mai,2024-05-03 08:00:00,-30.90272468269877,-54.3028521675437,845.5646133255528,296.3201110846327,0.03150590322038228
1o_02-06mai_2024-05-03_-31.0_-54.5,1o_02-06mai,2024-05-03 07:00:00,-30.88317347619945,-54.28506570531999,844.4205869900442,296.5132354293662,0.03030444917116736
1o_02-06mai_2024-05-03_-31.0_-54.5,1o_02-06mai,2024-05-03 06:00:00,-30.862537098734578,-54.27957962491605,843.4413870491526,296.6700366760007,0.029099110529422743
1o_02-06mai_2024-05-03_-31.0_-54.5,1o_02-06mai,2024-05-03 05:00:00,-30.84751406876217,-54.27241797811853,842.372104972487,296.79532202304114,0.03043749734876504
1o_02-06mai_2024-05-03_-31.0_-54.5,1o_02-06mai,2024-05-03 04:00:00,-30.845092805224024,-54.25486135581479,840.5629053815575,296.96047227072773,0.03164462762739462
1o_02-06mai_2024-05-03_-31.0_-54.5,1o_02-06mai,2024-05-03 03:00:00,-30.855038685823903,-54.23095353204351,837.8686731322117,297.1621747807128,0.03272198342663157
1o_02-06mai_2024-05-03_-31.0_-54.5,1o_02-06mai,2024-05-03 02:00:00,-30.877170358122907,-54.20315848111897,834.5061585972395,297.3655974914073,0.03367312306214881
1o_02-06mai_2024-05-03_-31.0_-54.5,1o_02-06mai,2024-05-03 01:00:00,-30.911634757801433,-54.1735981275549,830.4546248803708,297.5548319987351,0.03449764028150704
1o_02-06mai_2024-05-03_-31.0_-54.5,1o_02-06mai,2024-05-03 00:00:00,-30.95851629826042,-54.14423816228633,825.6357136980279,297.71935189913404,0.035195740188624966
1o_02-06mai_2024-05-03_-31.0_-54.5,1o_02-06mai,2024-05-02 23:00:00,-31.00924271791111,-54.1152135039865,820.4839491917488,297.9685285753464,0.03781231340195872
1o_02-06mai_2024-05-03_-31.0_-54.5,1o_02-06mai,2024-05-02 22:00:00,-31.056826185840052,-54.084921506610414,816.3258915956756,298.31669905322264,0.040464064497797526
1o_02-06mai_2024-05-03_-31.0_-54.5,1o_02-06mai,2024-05-02 21:00:00,-31.105387200907845,-54.04873522120984,813.5315687037256,298.57072577722363,0.0431212057054124
1o_02-06mai_2024-05-03_-31.0_-54.5,1o_02-06mai,2024-05-02 20:00:00,-31.158326776321523,-53.99949307880452,812.3730876900427,298.70637364463244,0.045770668823857934
1o_02-06mai_2024-05-03_-31.0_-54.5,1o_02-06mai,2024-05-02 19:00:00,-31.21735669756517,-53.929504369487304,812.9974370679715,298.7126659705286,0.048647785367465605
1o_02-06mai_2024-05-03_-31.0_-54.5,1o_02-06mai,2024-05-02 18:00:00,-31.282570818512163,-53.831280815117665,815.1090728672367,298.6249910485452,0.051597819665326734
1o_02-06mai_2024-05-03_-31.0_-54.5,1o_02-06mai,2024-05-02 17:00:00,-31.359959982133315,-53.71253333113876,818.6086417830254,298.5504311176781,0.0526071859478726
1o_02-06mai_2024-05-03_-31.0_-54.5,1o_02-06mai,2024-05-02 16:00:00,-31.456727673448132,-53.566334154962085,821.4035002768868,298.47624077930635,0.052952291103255986
1o_02-06mai_2024-05-03_-31.0_-54.5,1o_02-06mai,2024-05-02 15:00:00,-31.581955703330557,-53.39290172596261,821.4879558818119,298.47603662697975,0.05322635580942395
1o_02-06mai_2024-05-03_-31.0_-54.5,1o_02-06mai,2024-05-02 14:00:00,-31.72032258070943,-53.215077715071665,827.9160586592803,298.56166112048606,0.05443426431648891
1o_02-06mai_2024-05-03_-31.0_-54.5,1o_02-06mai,2024-05-02 13:00:00,-31.859212241962357,-52.99565056642705,840.5806219202916,298.1931900479162,0.05826173791142268
1o_02-06mai_2024-05-03_-31.0_-54.5,1o_02-06mai,2024-05-02 12:00:00,-31.959494186344518,-52.720134035500024,854.6762973538038,297.9015902680559,0.0635221621832545
1o_02-06mai_2024-05-03_-31.0_-54.5,1o_02-06mai,2024-05-02 11:00:00,-32.03233885853202,-52.46153456700626,867.67543098226,297.7535617622085,0.06464765209536466
1o_02-06mai_2024-05-03_-31.0_-54.5,1o_02-06mai,2024-05-02 10:00:00,-32.112334279723754,-52.208160499655705,879.6825555000063,297.39242936253635,0.0640334383174536
1o_02-06mai_2024-05-03_-31.0_-54.5,1o_02-06mai,2024-05-02 09:00:00,-32.196325495129486,-51.95083123122775,890.0234434247744,297.07395758920745,0.06279348949867639
1o_02-06mai_2024-05-03_-31.0_-54.5,1o_02-06mai,2024-05-02 08:00:00,-32.26880356195435,-51.68508846601814,896.1779289818205,296.9253500895558,0.06151218784714725
1o_02-06mai_2024-05-03_-31.0_-54.5,1o_02-06mai,2024-05-02 07:00:00,-32.313440840605665,-51.42457084825745,897.9203308386369,297.0162907433952,0.058478496064135355
1o_02-06mai_2024-05-03_-31.0_-54.5,1o_02-06mai,2024-05-02 06:00:00,-32.3226439337149,-51.18126531350528,896.46274075617,297.2861259555243,0.05472599988965703
1o_02-06mai_2024-05-03_-31.0_-54.5,1o_02-06mai,2024-05-02 05:00:00,-32.31810599933241,-50.979785102941094,893.8089411459372,297.6610336852135,0.055312128124475085
1o_02-06mai_2024-05-03_-31.0_-54.5,1o_02-06mai,2024-05-02 04:00:00,-32.31988344471363,-50.83939455709511,891.7610920111077,298.0412060330121,0.05681716155876086
1o_02-06mai_2024-05-03_-31.0_-54.5,1o_02-06mai,2024-05-02 03:00:00,-32.329401920534366,-50.7519491318909,890.4619772452995,298.36585422741535,0.05868665953833844
1o_02-06mai_2024-05-03_-31.0_-54.5,1o_02-06mai,2024-05-02 02:00:00,-32.34788073890967,-50.71175378615265,889.2484355137863,298.6345081912147,0.06096558951210595
1o_02-06mai_2024-05-03_-31.0_-54.5,1o_02-06mai,2024-05-02 01:00:00,-32.377083118974696,-50.71370160017769,887.710191968832,298.8609838489728,0.0637628731685037
1o_02-06mai_2024-05-03_-31.0_-54.5,1o_02-06mai,2024-05-02 00:00:00,-32.4187721364663,-50.751977536825656,885.7330459644144,299.03544077809516,0.06732356114910322
1o_02-06mai_2024-05-03_-31.0_-54.5,1o_02-06mai,2024-05-01 23:00:00,-32.458120347024355,-50.799330206398814,883.7489038378857,299.1715751136273,0.06926371485095237
1o_02-06mai_2024-05-03_-31.0_-54.5,1o_02-06mai,2024-05-01 22:00:00,-32.47735497309941,-50.83886800530903,882.0679389350371,299.39240280156514,0.07045724326751329
1o_02-06mai_2024-05-03_-31.0_-54.5,1o_02-06mai,2024-05-01 21:00:00,-32.47534880872041,-50.874774432152456,880.5603427954869,299.65591429718813,0.07099952689480092
1o_02-06mai_2024-05-03_-31.0_-54.5,1o_02-06mai,2024-05-01 20:00:00,-32.45010063760105,-50.91086265912643,879.1153455145038,299.95103860800356,0.07097667162492784
1o_02-06mai_2024-05-03_-31.0_-54.5,1o_02-06mai,2024-05-01 19:00:00,-32.399061170305735,-50.95140100353016,877.708804932685,300.2699223747084,0.07046204430927731
1o_02-06mai_2024-05-03_-31.0_-54.5,1o_02-06mai,2024-05-01 18:00:00,-32.31952359833454,-51.001725334450725,876.4765414189266,300.603952447451,0.06951180952569991
1o_02-06mai_2024-05-03_-31.0_-54.5,1o_02-06mai,2024-05-01 17:00:00,-32.23484025408119,-51.06467594022742,875.2400366718794,300.730239061549,0.06684177998120228
1o_02-06mai_2024-05-03_-31.0_-54.5,1o_02-06mai,2024-05-01 16:00:00,-32.17369317193393,-51.13388259274889,873.6153571694508,300.68154597270126,0.06543900137191141
1o_02-06mai_2024-05-03_-31.0_-54.5,1o_02-06mai,2024-05-01 15:00:00,-32.13934771202145,-51.20577870989491,871.5788957205231,300.66867283732904,0.06390938081000438
1o_02-06mai_2024-05-03_-31.0_-54.5,1o_02-06mai,2024-05-01 14:00:00,-32.13271974223359,-51.27661970328202,869.1479728145546,300.6790976269451,0.06222942864585522
1o_02-06mai_2024-05-03_-31.0_-54.5,1o_02-06mai,2024-05-01 13:00:00,-32.15030262574843,-51.34316069147259,866.2995909786307,300.7082260656455,0.060476431535893965
1o_02-06mai_2024-05-03_-31.0_-54.5,1o_02-06mai,2024-05-01 12:00:00,-32.18786888600012,-51.40219873928065,862.9346581747116,300.7478896355321,0.058789380963622594
1o_02-06mai_2024-05-03_-31.0_-54.5,1o_02-06mai,2024-05-01 11:00:00,-32.20961848478971,-51.459497895345926,859.6998753178624,300.9403590785007,0.06286536984907756
1o_02-06mai_2024-05-03_-31.0_-54.5,1o_02-06mai,2024-05-01 10:00:00,-32.19190995683892,-51.52564029798757,857.4420802926052,301.29396456394016,0.06616562555840179
1o_02-06mai_2024-05-03_-31.0_-54.5,1o_02-06mai,2024-05-01 09:00:00,-32.143607486967596,-51.60359228837689,856.2210583312609,301.6307585125665,0.06832600222026113
1o_02-06mai_2024-05-03_-31.0_-54.5,1o_02-06mai,2024-05-01 08:00:00,-32.07310307358707,-51.69505562923172,856.0666672328883,301.9329289370479,0.06916311996116202
1o_02-06mai_2024-05-03_-31.0_-54.5,1o_02-06mai,2024-05-01 07:00:00,-31.98783216276774,-51.79887476915997,857.417682853363,302.1577730552328,0.06943594896686679
1o_02-06mai_2024-05-03_-31.0_-54.5,1o_02-06mai,2024-05-01 06:00:00,-31.881762357311413,-51.90960913415291,858.8973991175753,302.2586847350331,0.0693585033758249
1o_02-06mai_2024-05-03_-31.0_-54.5,1o_02-06mai,2024-05-01 05:00:00,-31.75843917554355,-52.016049402330744,860.2581120147147,302.28701411199893,0.07828766729069005
1o_02-06mai_2024-05-03_-31.0_-54.5,1o_02-06mai,2024-05-01 04:00:00,-31.625280375904232,-52.11787709548099,861.4554540352764,302.32533531081316,0.08698768481896746
1o_02-06mai_2024-05-03_-31.0_-54.5,1o_02-06mai,2024-05-01 03:00:00,-31.486211401920812,-52.2244860278274,862.8501140191045,302.4447463134291,0.09502373785506169
1o_02-06mai_2024-05-03_-31.0_-54.5,1o_02-06mai,2024-05-01 02:00:00,-31.34580158347444,-52.34909564376675,864.041336894123,302.5720625843044,0.10087631658128816
1o_02-06mai_2024-05-03_-31.0_-54.5,1o_02-06mai,2024-05-01 01:00:00,-31.20584662413337,-52.50987995073407,862.5672297830937,302.7012279468637,0.10198691690898415
1o_02-06mai_2024-05-03_-31.0_-54.5,1o_02-06mai,2024-05-01 00:00:00,-31.07294611072016,-52.70665323625328,859.7413280650737,302.81108033037856,0.10011128709991124
1o_02-06mai_2024-05-03_-31.0_-54.5,1o_02-06mai,2024-04-30 23:00:00,-30.93005817248743,-52.92445265809038,859.7553031337295,302.8208170565867,0.11936726143459951
1o_02-06mai_2024-05-03_-31.0_-54.5,1o_02-06mai,2024-04-30 22:00:00,-30.7376255297027,-53.13399545655267,861.2640443090298,302.7839570051359,0.15054421954425465
1o_02-06mai_2024-05-03_-31.0_-54.5,1o_02-06mai,2024-04-30 21:00:00,-30.5056963074123,-53.39154785124699,866.333106168796,302.74209660837374,0.1756603246623378
1o_02-06mai_2024-05-03_-31.0_-54.5,1o_02-06mai,2024-04-30 20:00:00,-30.251248904305154,-53.72459513338317,875.2751995541756,302.6040258170358,0.1857070733762396
1o_02-06mai_2024-05-03_-31.0_-54.5,1o_02-06mai,2024-04-30 19:00:00,-29.99653347451874,-54.090964648721666,889.2234814888113,302.331832732361,0.17086835126560762
1o_02-06mai_2024-05-03_-31.0_-54.5,1o_02-06mai,2024-04-30 18:00:00,-29.720955586879317,-54.429644402460006,896.0337933872033,302.318546147268,0.12536329566796892
1o_02-06mai_2024-05-03_-31.0_-54.5,1o_02-06mai,2024-04-30 17:00:00,-29.41794583487255,-54.718973382096664,901.3882538608362,303.0017696681508,0.1053096223915877
1o_02-06mai_2024-05-03_-31.0_-54.5,1o_02-06mai,2024-04-30 16:00:00,-29.07244119450534,-54.98428271228838,899.9010936477761,303.6377477103448,0.11563782544986856
1o_02-06mai_2024-05-03_-31.0_-54.5,1o_02-06mai,2024-04-30 15:00:00,-28.680537615305465,-55.27368489977331,910.6922529331623,304.163419078302,0.12540378711109365
1o_02-06mai_2024-05-03_-31.0_-54.5,1o_02-06mai,2024-04-30 14:00:00,-28.208379714689936,-55.53523783612808,919.3259312086749,304.4236502447873,0.11848818013266912
1o_02-06mai_2024-05-03_-31.0_-54.5,1o_02-06mai,2024-04-30 13:00:00,-27.648668249767912,-55.77421853804622,914.2763486555928,305.031656452706,0.0937999640526628
1o_02-06mai_2024-05-03_-31.0_-54.5,1o_02-06mai,2024-04-30 12:00:00,-27.055125195720976,-56.022438033252335,915.3137031771688,305.6645208488609,0.06979051398756028
1o_02-06mai_2024-05-03_-31.0_-54.5,1o_02-06mai,2024-04-30 11:00:00,-26.464837133270706,-56.251823508092336,920.3898151357052,305.6004448713736,0.0409837729571793
1o_02-06mai_2024-05-03_-31.0_-54.5,1o_02-06mai,2024-04-30 10:00:00,-25.89524026420311,-56.426157477008005,915.153845350156,305.3924877892765,0.026177057402726613
1o_02-06mai_2024-05-03_-31.0_-54.5,1o_02-06mai,2024-04-30 09:00:00,-25.35941367931095,-56.584287561375476,916.348887318761,305.45133194802946,0.02150897790977778
1o_02-06mai_2024-05-03_-31.0_-54.5,1o_02-06mai,2024-04-30 08:00:00,-24.835928349942304,-56.69904202085724,919.2027075917472,305.2897119171732,0.02255740623305412
1o_02-06mai_2024-05-03_-31.0_-54.5,1o_02-06mai,2024-04-30 07:00:00,-24.31220955855919,-56.784411959269626,915.6541733778643,305.39112803025023,0.02387601491212085
1o_02-06mai_2024-05-03_-31.0_-54.5,1o_02-06mai,2024-04-30 06:00:00,-23.771864478241035,-56.86984271285057,913.5515309468245,305.6759085803854,0.02434698264268495
1o_02-06mai_2024-05-03_-31.0_-54.5,1o_02-06mai,2024-04-30 05:00:00,-23.212252998706166,-56.93596450387674,908.1609575262813,306.0293592736346,0.022191365740521517
1o_02-06mai_2024-05-03_-31.0_-54.5,1o_02-06mai,2024-04-30 04:00:00,-22.657698145660724,-56.97869771893198,907.3447965735611,306.3171054340216,0.02173010706480111
1o_02-06mai_2024-05-03_-31.0_-54.5,1o_02-06mai,2024-04-30 03:00:00,-22.115472350633326,-57.0141816851261,908.1104420804911,306.53129372538956,0.022154628956798962
1o_02-06mai_2024-05-03_-31.0_-54.5,1o_02-06mai,2024-04-30 02:00:00,-21.59253377981191,-57.022727802616,895.3885651150438,306.5998464955669,0.022886680042230895
1o_02-06mai_2024-05-03_-31.0_-54.5,1o_02-06mai,2024-04-30 01:00:00,-21.072412337163012,-57.03717016008494,892.4720629444541,306.90754588957105,0.023853929636914534
1o_02-06mai_2024-05-03_-31.0_-54.5,1o_02-06mai,2024-04-30 00:00:00,-20.571620856691457,-57.04057457925238,888.8740188912316,307.0909747405832,0.023817936839623594
1o_02-06mai_2024-05-03_-31.0_-54.5,1o_02-06mai,2024-04-29 23:00:00,-20.094241776931504,-57.05053604995503,884.7555162574791,307.2737107544074,0.023008478677123727
1o_02-06mai_2024-05-03_-31.0_-54.5,1o_02-06mai,2024-04-29 22:00:00,-19.649717189969714,-57.064854745299165,887.7935439188783,307.20386372866625,0.022588107356791284
1o_02-06mai_2024-05-03_-31.0_-54.5,1o_02-06mai,2024-04-29 21:00:00,-19.240573898390203,-57.07502087127585,886.8705763053625,307.0452727681414,0.022220305856745007
1o_02-06mai_2024-05-03_-31.0_-54.5,1o_02-06mai,2024-04-29 20:00:00,-18.860292071950692,-57.08843787236713,884.5187152145179,306.9183411041896,0.02195404237692078
1o_02-06mai_2024-05-03_-31.0_-54.5,1o_02-06mai,2024-04-29 19:00:00,-18.509626343039624,-57.10236236673145,880.6216935352429,306.7463563574851,0.02167461598612206
1o_02-06mai_2024-05-03_-31.0_-54.5,1o_02-06mai,2024-04-29 18:00:00,-18.184037392468614,-57.11900518086575,876.4070746868989,306.5030646694339,0.021150756476074777
1o_02-06mai_2024-05-03_-31.0_-54.5,1o_02-06mai,2024-04-29 17:00:00,-17.86317660249839,-57.130000083708204,871.4655183755915,306.39325760649325,0.02284574302512836
1o_02-06mai_2024-05-03_-31.0_-54.5,1o_02-06mai,2024-04-29 16:00:00,-17.545328957107724,-57.12302993942704,867.3757908078129,306.4182183948526,0.024738438279593572
1o_02-06mai_2024-05-03_-31.0_-54.5,1o_02-06mai,2024-04-29 15:00:00,-17.238740230141104,-57.095946128400634,863.8784383732476,306.4779235540014,0.026802754389819487
1o_02-06mai_2024-05-03_-31.0_-54.5,1o_02-06mai,2024-04-29 14:00:00,-16.938576658300498,-57.05070611911063,861.6241722821723,306.57627118109565,0.026789498600255344
1o_02-06mai_2024-05-03_-31.0_-54.5,1o_02-06mai,2024-04-29 13:00:00,-16.634866722550438,-56.988437464197794,861.0682288989781,306.6299749681872,0.02684243034288274
1o_02-06mai_2024-05-03_-31.0_-54.5,1o_02-06mai,2024-04-29 12:00:00,-16.31931153801197,-56.909608389221845,863.0834321672132,306.6600312391287,0.02659802202480864
1o_02-06mai_2024-05-03_-31.0_-54.5,1o_02-06mai,2024-04-29 11:00:00,-16.008595000924938,-56.8166167257655,864.8334647009065,306.5961650476831,0.034359582513350015
1o_02-06mai_2024-05-03_-31.0_-54.5,1o_02-06mai,2024-04-29 10:00:00,-15.715178050594632,-56.71143037476398,862.5185179100104,306.48982479620736,0.04393162205315465
1o_02-06mai_2024-05-03_-31.0_-54.5,1o_02-06mai,2024-04-29 09:00:00,-15.442167406572498,-56.589653500750835,858.3480693234375,306.4628534865566,0.05323290014932257
1o_02-06mai_2024-05-03_-31.0_-54.5,1o_02-06mai,2024-04-29 08:00:00,-15.197114751930092,-56.44374204033977,855.6458624279128,306.5537831278637,0.0621635668667042
1o_02-06mai_2024-05-03_-31.0_-54.5,1o_02-06mai,2024-04-29 07:00:00,-14.973633123457832,-56.27035547741997,854.9083352479029,306.78093485550414,0.07035228031559507
1o_02-06mai_2024-05-03_-31.0_-54.5,1o_02-06mai,2024-04-29 06:00:00,-14.765751777416595,-56.07130785789334,855.8614696782314,306.9189757960703,0.0785959729863803
1o_02-06mai_2024-05-03_-31.0_-54.5,1o_02-06mai,2024-04-29 05:00:00,-14.575089055972372,-55.869558522611996,858.8172234092419,306.91411467556173,0.07741941062733808
1o_02-06mai_2024-05-03_-31.0_-54.5,1o_02-06mai,2024-04-29 04:00:00,-14.411524194245398,-55.68565305945514,864.2939099285182,306.89304303703057,0.07621148346466483
1o_02-06mai_2024-05-03_-31.0_-54.5,1o_02-06mai,2024-04-29 03:00:00,-14.266221386405162,-55.508951343018815,867.8639229482873,306.74439525533,0.07374727873884977
1o_02-06mai_2024-05-03_-31.0_-54.5,1o_02-06mai,2024-04-29 02:00:00,-14.131762958571908,-55.33719752139352,870.0248174280521,306.59195495507896,0.07346281363942431
1o_02-06mai_2024-05-03_-31.0_-54.5,1o_02-06mai,2024-04-29 01:00:00,-14.000824549400553,-55.17376113068167,871.9575672952041,306.4342035584142,0.07314934849036092
1o_02-06mai_2024-05-03_-31.0_-54.5,1o_02-06mai,2024-04-29 00:00:00,-13.870733474719069,-55.02202065069394,872.9997146715685,306.30988877986755,0.07270436508761524
1o_02-06mai_2024-05-03_-31.0_-54.5,1o_02-06mai,2024-04-28 23:00:00,-13.751912094474076,-54.87934924200894,873.3204612693658,306.31560872570407,0.07392470301571533
1o_02-06mai_2024-05-03_-31.0_-54.5,1o_02-06mai,2024-04-28 22:00:00,-13.651169900929746,-54.74193859440522,873.388994143838,306.42353000863847,0.07481928005610591
1o_02-06mai_2024-05-03_-31.0_-54.5,1o_02-06mai,2024-04-28 21:00:00,-13.565980204002564,-54.605122021371216,873.1444359178832,306.5195412000643,0.07524567818842276
1o_02-06mai_2024-05-03_-31.0_-54.5,1o_02-06mai,2024-04-28 20:00:00,-13.494565628024697,-54.46911154104173,872.8430660700087,306.5561721899429,0.07654962456537423
1o_02-06mai_2024-05-03_-31.0_-54.5,1o_02-06mai,2024-04-28 19:00:00,-13.436247840172694,-54.33524879307034,873.0891524226404,306.5340491259252,0.07793080987993611
1o_02-06mai_2024-05-03_-31.0_-54.5,1o_02-06mai,2024-04-28 18:00:00,-13.390241682653645,-54.20422677194928,873.9490003687703,306.4844546589575,0.07936570814416113
1o_02-06mai_2024-05-03_-31.0_-54.5,1o_02-06mai,2024-04-28 17:00:00,-13.34422384882755,-54.067422986674316,875.55327745174,306.3877592912581,0.07872432142457694
1o_02-06mai_2024-05-03_-31.0_-54.5,1o_02-06mai,2024-04-28 16:00:00,-13.286742565606998,-53.91484605800072,878.0165904218861,306.2573622849468,0.07798716668008099
1o_02-06mai_2024-05-03_-31.0_-54.5,1o_02-06mai,2024-04-28 15:00:00,-13.219456382089167,-53.744347110738325,880.6810110887951,306.1251694496558,0.07777640253533492
1o_02-06mai_2024-05-03_-31.0_-54.5,1o_02-06mai,2024-04-28 14:00:00,-13.142374040620258,-53.555767365261275,882.3970767602748,306.01635955487495,0.07815332290811802
1o_02-06mai_2024-05-03_-31.0_-54.5,1o_02-06mai,2024-04-28 13:00:00,-13.056718687060634,-53.3485762753648,882.3745974168572,305.9270377948818,0.07919661215915702
1o_02-06mai_2024-05-03_-31.0_-54.5,1o_02-06mai,2024-04-28 12:00:00,-12.964498378525661,-53.117590366336515,881.3727416878022,305.8761212566832,0.07935051459597865
1o_02-06mai_2024-05-03_-31.0_-54.5,1o_02-06mai,2024-04-28 11:00:00,-12.873870689412524,-52.87015778822397,884.509274376296,305.82537103258227,0.07737520895368248
1o_02-06mai_2024-05-03_-31.0_-54.5,1o_02-06mai,2024-04-28 10:00:00,-12.786933288004589,-52.626598822324425,888.5913277659025,305.7271116976208,0.07450309494133733
1o_02-06mai_2024-05-03_-31.0_-54.5,1o_02-06mai,2024-04-28 09:00:00,-12.7045640752668,-52.38671818725749,889.3714658973479,305.67823017570976,0.06940711773961386
1o_02-06mai_2024-05-03_-31.0_-54.5,1o_02-06mai,2024-04-28 08:00:00,-12.63287618181515,-52.14180989581572,887.3869000648309,305.75794983365137,0.06263372999070059
1o_02-06mai_2024-05-03_-31.0_-54.5,1o_02-06mai,2024-04-28 07:00:00,-12.575521287189165,-51.88984910278784,884.753572934534,305.93666690528147,0.0556981867983025
1o_02-06mai_2024-05-03_-31.0_-54.5,1o_02-06mai,2024-04-28 06:00:00,-12.53382387144741,-51.630176786879446,884.5088335425406,306.1611313059108,0.04787827642965414
1o_02-06mai_2024-05-03_-31.0_-54.5,1o_02-06mai,2024-04-28 05:00:00,-12.508898367243246,-51.368921525109336,884.4748924273042,306.29467850353535,0.04612192838329644
1o_02-06mai_2024-05-03_-31.0_-54.5,1o_02-06mai,2024-04-28 04:00:00,-12.499692238635685,-51.11816100206427,883.5145731312176,306.32821206372427,0.04437717904377643
1o_02-06mai_2024-05-03_-31.0_-54.5,1o_02-06mai,2024-04-28 03:00:00,-12.503934309233061,-50.87701844435776,882.0619380413603,306.44154254349235,0.04351325671214963
1o_02-06mai_2024-05-03_-31.0_-54.5,1o_02-06mai,2024-04-28 02:00:00,-12.518698681176732,-50.642020151596704,881.0547521794343,306.5328219736755,0.04272672511153418
1o_02-06mai_2024-05-03_-31.0_-54.5,1o_02-06mai,2024-04-28 01:00:00,-12.544566051715998,-50.41279240978326,881.8618536308745,306.5816138795552,0.041010352103192364
1o_02-06mai_2024-05-03_-31.0_-54.5,1o_02-06mai,2024-04-28 00:00:00,-12.581958113960972,-50.19458983407019,884.1903339894233,306.56751071808884,0.0388678267361843
1o_02-06mai_2024-05-03_-31.0_-54.5,1o_02-06mai,2024-04-27 23:00:00,-12.6196712383249,-49.98926076192796,886.2002990709477,306.5059961987152,0.039862872208510286
1o_02-06mai_2024-05-03_-31.0_-54.5,1o_02-06mai,2024-04-27 22:00:00,-12.64953645382119,-49.79126239723288,886.20873176997,306.4126220188121,0.039330988807048675
1o_02-06mai_2024-05-03_-31.0_-54.5,1o_02-06mai,2024-04-27 21:00:00,-12.672410515452246,-49.598803143738074,883.9858248945831,306.35260751898267,0.03737220260651043
1o_02-06mai_2024-05-03_-31.0_-54.5,1o_02-06mai,2024-04-27 20:00:00,-12.686968214517812,-49.41453301207905,881.0375185038918,306.25486751550176,0.035849856167799135
1o_02-06mai_2024-05-03_-31.0_-54.5,1o_02-06mai,2024-04-27 19:00:00,-12.690737723567667,-49.23654241984938,879.113088949194,306.26082563444703,0.03562990267144746
1o_02-06mai_2024-05-03_-31.0_-54.5,1o_02-06mai,2024-04-27 18:00:00,-12.68003756111685,-49.07027818989913,878.0767734327159,306.24655880987126,0.03519740077500489
1o_02-06mai_2024-05-03_-31.0_-54.5,1o_02-06mai,2024-04-27 17:00:00,-12.65483385640875,-48.903021684855936,878.141009462706,306.12325430137867,0.03464045322851724
1o_02-06mai_2024-05-03_-31.0_-54.5,1o_02-06mai,2024-04-27 16:00:00,-12.6228717020171,-48.71246412706732,878.9891282289523,305.81258378743036,0.033522810837247084
1o_02-06mai_2024-05-03_-31.0_-54.5,1o_02-06mai,2024-04-27 15:00:00,-12.5901320461175,-48.49335496322899,880.26864248145,305.440448441605,0.03296104954463922
1o_02-06mai_2024-05-03_-31.0_-54.5,1o_02-06mai,2024-04-27 14:00:00,-12.561740639428708,-48.241618187209745,880.9160888046617,305.00455503430527,0.0313535927050741
1o_02-06mai_2024-05-03_-31.0_-54.5,1o_02-06mai,2024-04-27 13:00:00,-12.541660234595483,-47.95734290416406,879.9922499200842,304.56348417048287,0.02876722769950547
1o_02-06mai_2024-05-03_-31.0_-54.5,1o_02-06mai,2024-04-27 12:00:00,-12.52544660298107,-47.64473254288291,880.9652837746122,304.207946909352,0.026739357254735942
1o_02-06mai_2024-05-03_-31.0_-54.5,1o_02-06mai,2024-04-27 11:00:00,-12.51668416085555,-47.33442781142589,884.1576389615904,304.0804851351643,0.024799847198418403
1o_02-06mai_2024-05-03_-31.0_-54.5,1o_02-06mai,2024-04-27 10:00:00,-12.517319258724903,-47.01862713139427,882.4086044512999,304.4661451028377,0.02441208807016865
1o_02-06mai_2024-05-03_-31.0_-54.5,1o_02-06mai,2024-04-27 09:00:00,-12.520860312612612,-46.69173967793655,882.9790046350902,304.7970480030272,0.024526629327263565
1o_02-06mai_2024-05-03_-31.0_-54.5,1o_02-06mai,2024-04-27 08:00:00,-12.518093585874425,-46.34583599726468,874.3333525895653,304.96013872104305,0.02519699394809742
1o_02-06mai_2024-05-03_-31.0_-54.5,1o_02-06mai,2024-04-27 07:00:00,-12.519271909366669,-45.96510661985845,862.3002698327481,305.1697490067289,0.0264057627394292
1o_02-06mai_2024-05-03_-31.0_-54.5,1o_02-06mai,2024-04-27 06:00:00,-12.553496045648759,-45.578004704263485,865.0665816661572,305.26289246433834,0.028424598864174883
1o_02-06mai_2024-05-03_-31.0_-54.5,1o_02-06mai,2024-04-27 05:00:00,-12.6247334768487,-45.201037587902135,868.5952494098134,305.2513107859297,0.028906379443704416
1o_02-06mai_2024-05-03_-31.0_-54.5,1o_02-06mai,2024-04-27 04:00:00,-12.72079356471485,-44.853258165003574,870.7183580193017,305.29454356659113,0.02842973877121192
1o_02-06mai_2024-05-03_-31.0_-54.5,1o_02-06mai,2024-04-27 03:00:00,-12.815755191547645,-44.51011379405444,865.0824724036636,305.19563018809106,0.027084898140208678
1o_02-06mai_2024-05-03_-31.0_-54.5,1o_02-06mai,2024-04-27 02:00:00,-12.906378306779791,-44.14098854854097,860.4522209773139,305.2952199899312,0.025652062962866026
1o_02-06mai_2024-05-03_-31.0_-54.5,1o_02-06mai,2024-04-27 01:00:00,-12.996493333527004,-43.7866643267135,865.6227221713873,305.2659449554542,0.025806615830154447
1o_02-06mai_2024-05-03_-31.0_-54.5,1o_02-06mai,2024-04-27 00:00:00,-13.115498313121902,-43.42570482831731,864.65852077953,305.28792750054487,0.026761837649843162
1o_02-06mai_2024-05-03_-31.0_-54.5,1o_02-06mai,2024-04-26 23:00:00,-13.272301540900012,-43.05529845679727,865.0035376297769,305.291731115097,0.026481206158945707
1o_02-06mai_2024-05-03_-31.0_-54.5,1o_02-06mai,2024-04-26 22:00:00,-13.452374715220426,-42.68879793248873,850.4343170555773,305.11236781852494,0.02610160479570084
1o_02-06mai_2024-05-03_-31.0_-54.5,1o_02-06mai,2024-04-26 21:00:00,-13.667937795688726,-42.306594955509944,841.1156953761551,305.1154175327892,0.026868220310271196
1o_02-06mai_2024-05-03_-31.0_-54.5,1o_02-06mai,2024-04-26 20:00:00,-13.85659203318857,-41.98997468841048,840.1056432512281,305.27604816653144,0.02742285255535701
1o_02-06mai_2024-05-03_-31.0_-54.5,1o_02-06mai,2024-04-26 19:00:00,-14.055256533359897,-41.705297104952244,843.6905881868408,305.2712549721691,0.028493104006683555
1o_02-06mai_2024-05-03_-31.0_-54.5,1o_02-06mai,2024-04-26 18:00:00,-14.26749774367218,-41.43836533361256,842.8455711892544,305.68852221050446,0.0304426751330912
1o_02-06mai_2024-05-03_-31.0_-54.5,1o_02-06mai,2024-04-26 17:00:00,-14.466722699409427,-41.202549901196384,852.1010328017912,305.4429234868228,0.030705786059932183
1o_02-06mai_2024-05-03_-31.0_-54.5,1o_02-06mai,2024-04-26 16:00:00,-14.687349048451935,-40.94533098115428,847.8017558724241,304.4225094748323,0.030462315921465866
1o_02-06mai_2024-05-03_-31.0_-54.5,1o_02-06mai,2024-04-26 15:00:00,-14.941560671481396,-40.65078917626938,831.9468215299643,304.29534706431036,0.03144562793727
1o_02-06mai_2024-05-03_-31.0_-54.5,1o_02-06mai,2024-04-26 14:00:00,-15.177012021672395,-40.352633745542946,844.5634637098639,304.36655489525344,0.03356858764630984
1o_02-06mai_2024-05-03_-31.0_-54.5,1o_02-06mai,2024-04-26 13:00:00,-15.416146750555901,-40.033263184571574,852.5059746714257,303.3577670925681,0.036244844312212456
1o_02-06mai_2024-05-03_-31.0_-54.5,1o_02-06mai,2024-04-26 12:00:00,-15.645045894889812,-39.720902707015924,858.9403103472357,303.01638764945596,0.03927892472232172
1o_02-06mai_2024-05-03_-29.0_-50.0,1o_02-06mai,2024-05-03 12:00:00,-29.0,-50.0,850.0,298.8662685071491,0.10120798812972175
1o_02-06mai_2024-05-03_-29.0_-50.0,1o_02-06mai,2024-05-03 11:00:00,-28.980476656477883,-49.947666612643054,873.2751050422767,298.1968144998874,0.092141649013048
1o_02-06mai_2024-05-03_-29.0_-50.0,1o_02-06mai,2024-05-03 10:00:00,-28.989464391139897,-49.91488554722364,894.9216526989719,296.95672516017265,0.08270908434634634
1o_02-06mai_2024-05-03_-29.0_-50.0,1o_02-06mai,2024-05-03 09:00:00,-29.040291862718984,-49.88223420389852,916.0703452993638,295.67270392480464,0.07318181053192595
1o_02-06mai_2024-05-03_-29.0_-50.0,1o_02-06mai,2024-05-03 08:00:00,-29.15421816944445,-49.83874228137593,935.7095396156761,294.2760025029709,0.06448483776812357
1o_02-06mai_2024-05-03_-29.0_-50.0,1o_02-06mai,2024-05-03 07:00:00,-29.31022827694916,-49.821616070038864,949.3664240294829,293.42625163060757,0.057582000655964465
1o_02-06mai_2024-05-03_-29.0_-50.0,1o_02-06mai,2024-05-03 06:00:00,-29.494693963008633,-49.82772200446881,960.4917693067845,292.96487676656557,0.05141697484662038
1o_02-06mai_2024-05-03_-29.0_-50.0,1o_02-06mai,2024-05-03 05:00:00,-29.695293637452018,-49.853301643112935,970.2214746553177,292.77205395988403,0.052638634949571037
1o_02-06mai_2024-05-03_-29.0_-50.0,1o_02-06mai,2024-05-03 04:00:00,-29.918324748493493,-49.87486190189485,977.1413979770505,292.7535317759865,0.05523016456897131
1o_02-06mai_2024-05-03_-29.0_-50.0,1o_02-06mai,2024-05-03 03:00:00,-30.175439259262376,-49.85964454555092,980.6091646005142,292.8266484954707,0.05665009080534358
1o_02-06mai_2024-05-03_-29.0_-50.0,1o_02-06mai,2024-05-03 02:00:00,-30.462382094862036,-49.80590609920435,982.0653360113945,292.8398975954103,0.055888017703498695
1o_02-06mai_2024-05-03_-29.0_-50.0,1o_02-06mai,2024-05-03 01:00:00,-30.765328909523806,-49.74126668190222,982.3756069660498,292.7678509950891,0.05383769553645902
1o_02-06mai_2024-05-03_-29.0_-50.0,1o_02-06mai,2024-05-03 00:00:00,-31.07135045874736,-49.68083831683474,984.5410335318248,292.65367284480226,0.05345913294920711
1o_02-06mai_2024-05-03_-29.0_-50.0,1o_02-06mai,2024-05-02 23:00:00,-31.371380156139672,-49.61995035016928,986.6630015422407,292.6621167883912,0.0521699963846659
1o_02-06mai_2024-05-03_-29.0_-50.0,1o_02-06mai,2024-05-02 22:00:00,-31.69776431061663,-49.53716899786158,987.5395830680312,292.590032686667,0.04811221150882329
1o_02-06mai_2024-05-03_-29.0_-50.0,1o_02-06mai,2024-05-02 21:00:00,-32.05738232258227,-49.43711298683846,987.971112960182,292.20896908442546,0.04558370762648029
1o_02-06mai_2024-05-03_-29.0_-50.0,1o_02-06mai,2024-05-02 20:00:00,-32.45204925199894,-49.32389631605188,988.164118879809,291.67518749519724,0.04460727283451894
1o_02-06mai_2024-05-03_-29.0_-50.0,1o_02-06mai,2024-05-02 19:00:00,-32.860639054271424,-49.21130341089226,987.8829254397605,291.13820347281234,0.04743032342875324
1o_02-06mai_2024-05-03_-29.0_-50.0,1o_02-06mai,2024-05-02 18:00:00,-33.2559877788861,-49.09254395761553,987.5036501308078,290.77483528939314,0.054887974110292184
1o_02-06mai_2024-05-03_-29.0_-50.0,1o_02-06mai,2024-05-02 17:00:00,-33.611017336992525,-48.968455417099364,988.1311867511602,290.5558594391551,0.06279237387349607
1o_02-06mai_2024-05-03_-29.0_-50.0,1o_02-06mai,2024-05-02 16:00:00,-33.94799719107059,-48.83770514947019,988.154345143388,290.32951097236236,
1o_02-06mai_2024-05-03_-29.0_-50.0,1o_02-06mai,2024-05-02 15:00:00,-34.28365875925811,-48.709852826714,987.545915504236,290.0473766673096,
1o_02-06mai_2024-05-03_-29.0_-50.0,1o_02-06mai,2024-05-02 14:00:00,-34.6136078180115,-48.604369077491704,987.0297807239913,289.6975535126336,
1o_02-06mai_2024-05-03_-29.0_-50.0,1o_02-06mai,2024-05-02 13:00:00,-34.93076428373008,-48.51876828763455,986.4034303200551,289.4277287970474,
1o_02-06mai_2024-05-03_-29.0_-50.0,1o_02-06mai,2024-05-02 12:00:00,-35.241509459718856,-48.436103252545166,985.8588579866205,289.437981735741,
1o_02-06mai_2024-05-03_-29.0_-50.0,1o_02-06mai,2024-05-02 11:00:00,-35.52183799791717,-48.363098791262075,984.8818703720073,289.80201323640597,
1o_02-06mai_2024-05-03_-29.0_-50.0,1o_02-06mai,2024-05-02 10:00:00,-35.764854532529185,-48.318275980747,983.4879156187636,290.1185296751063,
1o_02-06mai_2024-05-03_-29.0_-50.0,1o_02-06mai,2024-05-02 09:00:00,-35.97685269820268,-48.30761780387759,982.3373332374808,290.3364383987535,
1o_02-06mai_2024-05-03_-29.0_-50.0,1o_02-06mai,2024-05-02 08:00:00,-36.16254358995294,-48.32936433065494,981.3995145682995,290.5078466162046,
1o_02-06mai_2024-05-03_-29.0_-50.0,1o_02-06mai,2024-05-02 07:00:00,-36.32935322917891,-48.38038359401145,980.4513363334848,290.64011530475386,
1o_02-06mai_2024-05-03_-29.0_-50.0,1o_02-06mai,2024-05-02 06:00:00,-36.48615345996423,-48.45620712549815,979.2449039180236,290.6646127192093,
1o_02-06mai_2024-05-03_-29.0_-50.0,1o_02-06mai,2024-05-02 05:00:00,-36.645497426908456,-48.55462513240195,978.2691935099035,290.58662251451454,
1o_02-06mai_2024-05-03_-29.0_-50.0,1o_02-06mai,2024-05-02 04:00:00,-36.81378422904243,-48.67712705780684,978.2044263357782,290.4334635243105,
1o_02-06mai_2024-05-03_-29.0_-50.0,1o_02-06mai,2024-05-02 03:00:00,-36.990076835473694,-48.83836846096329,979.1012506246414,290.36461971061203,
1o_02-06mai_2024-05-03_-29.0_-50.0,1o_02-06mai,2024-05-02 02:00:00,-37.16755372540272,-49.05034233834884,980.1505536800172,290.31688745178826,
1o_02-06mai_2024-05-03_-29.0_-50.0,1o_02-06mai,2024-05-02 01:00:00,-37.33634106601988,-49.31491040668076,980.7549262122267,290.2585202647419,
1o_02-06mai_2024-05-03_-29.0_-50.0,1o_02-06mai,2024-05-02 00:00:00,-37.48798212228084,-49.61785260202775,979.969660562247,290.1767334844676,
1o_02-06mai_2024-05-03_-29.0_-50.0,1o_02-06mai,2024-05-01 23:00:00,-37.63184863022344,-49.9452558711877,978.3055680832401,290.03212551018635,
1o_02-06mai_2024-05-03_-29.0_-50.0,1o_02-06mai,2024-05-01 22:00:00,-37.7748950326953,-50.29226816754356,976.0170934413485,289.83492286794973,
1o_02-06mai_2024-05-03_-29.0_-50.0,1o_02-06mai,2024-05-01 21:00:00,-37.90566382205328,-50.6718372912362,973.4099826392435,289.71081695845305,
1o_02-06mai_2024-05-05_-29.5_-52.0,1o_02-06mai,2024-05-05 12:00:00,-29.5,-52.0,850.0,304.13663492073425,0.14642053345839182
1o_02-06mai_2024-05-05_-29.5_-52.0,1o_02-06mai,2024-05-05 11:00:00,-29.169395615092707,-52.369801892847626,845.653507593366,304.3948783062002,0.1406725056896262
1o_02-06mai_2024-05-05_-29.5_-52.0,1o_02-06mai,2024-05-05 10:00:00,-28.79648497101745,-52.69644842245969,839.2891000618197,304.9556070937524,0.13304759398778127
1o_02-06mai_2024-05-05_-29.5_-52.0,1o_02-06mai,2024-05-05 09:00:00,-28.414350772503603,-52.964411289209,844.1018041537386,305.15839378516813,0.11986921803283314
1o_02-06mai_2024-05-05_-29.5_-52.0,1o_02-06mai,2024-05-05 08:00:00,-28.014810100377343,-53.1952860362391,849.9636844946135,305.39615480852467,0.10704587722270661
1o_02-06mai_2024-05-05_-29.5_-52.0,1o_02-06mai,2024-05-05 07:00:00,-27.617390724890395,-53.39354975754823,858.4558798051847,305.50327620805496,0.10027422204722491
1o_02-06mai_2024-05-05_-29.5_-52.0,1o_02-06mai,2024-05-05 06:00:00,-27.2521623186154,-53.557825172786494,872.4895738038451,305.2321590327681,0.09054754889283655
1o_02-06mai_2024-05-05_-29.5_-52.0,1o_02-06mai,2024-05-05 05:00:00,-26.920240490838314,-53.68562558222914,885.3420838243396,304.9198626192293,0.09020329711458523
1o_02-06mai_2024-05-05_-29.5_-52.0,1o_02-06mai,2024-05-05 04:00:00,-26.58913641669669,-53.77437270071801,888.8798842954455,305.04091035609105,0.09134656725249514
1o_02-06mai_2024-05-05_-29.5_-52.0,1o_02-06mai,2024-05-05 03:00:00,-26.25846445079354,-53.810595349647514,887.689070603942,305.29663277359595,0.0858105200478335
1o_02-06mai_2024-05-05_-29.5_-52.0,1o_02-06mai,2024-05-05 02:00:00,-25.952993248470303,-53.80826613478401,894.0707360344533,305.7077425432408,0.08216759369060762
1o_02-06mai_2024-05-05_-29.5_-52.0,1o_02-06mai,2024-05-05 01:00:00,-25.67939122472526,-53.77466466145149,904.684896884274,306.1444978691347,0.07555119705829393
1o_02-06mai_2024-05-05_-29.5_-52.0,1o_02-06mai,2024-05-05 00:00:00,-25.418724563631198,-53.726528497995076,907.6017943007214,306.61705452269337,0.06773371364979434
1o_02-06mai_2024-05-05_-29.5_-52.0,1o_02-06mai,2024-05-04 23:00:00,-25.144054196365442,-53.70078196173435,899.9271780454433,306.95554964237493,0.0637601921294142
1o_02-06mai_2024-05-05_-29.5_-52.0,1o_02-06mai,2024-05-04 22:00:00,-24.85095345676515,-53.70688661896254,893.7034249923407,307.01657410811356,0.0583449354745481
1o_02-06mai_2024-05-05_-29.5_-52.0,1o_02-06mai,2024-05-04 21:00:00,-24.572906158692295,-53.73060634664006,895.6859960593097,306.92752836265487,0.05543327491603852
1o_02-06mai_2024-05-05_-29.5_-52.0,1o_02-06mai,2024-05-04 20:00:00,-24.314846583297896,-53.77112133159531,900.5514907875744,306.868861366855,0.053428081959146
1o_02-06mai_2024-05-05_-29.5_-52.0,1o_02-06mai,2024-05-04 19:00:00,-24.070046328250726,-53.82959708992379,903.6707970365695,306.80396252729804,0.050187358839050324
1o_02-06mai_2024-05-05_-29.5_-52.0,1o_02-06mai,2024-05-04 18:00:00,-23.831548426098816,-53.89872021784924,902.9326164997793,306.8161231802115,0.04760111815367013
1o_02-06mai_2024-05-05_-29.5_-52.0,1o_02-06mai,2024-05-04 17:00:00,-23.583440506666424,-53.96335507262693,901.1842049385084,306.88845867224177,0.04923830444430052
1o_02-06mai_2024-05-05_-29.5_-52.0,1o_02-06mai,2024-05-04 16:00:00,-23.32267631431761,-54.022001517020854,900.3985802179111,306.877272977067,0.049140529504493
1o_02-06mai_2024-05-05_-29.5_-52.0,1o_02-06mai,2024-05-04 15:00:00,-23.055518741838597,-54.08144924816019,900.1129733352914,306.81044145760575,0.04918566500646543
1o_02-06mai_2024-05-05_-29.5_-52.0,1o_02-06mai,2024-05-04 14:00:00,-22.779295013283168,-54.14140559000621,898.8390159662475,306.5683653295833,0.04817426641670927
1o_02-06mai_2024-05-05_-29.5_-52.0,1o_02-06mai,2024-05-04 13:00:00,-22.49048745199244,-54.19994148624629,896.3856033805447,306.2235462935927,0.04510688539161399
1o_02-06mai_2024-05-05_-29.5_-52.0,1o_02-06mai,2024-05-04 12:00:00,-22.193975310303806,-54.25205439222646,895.3928132587762,305.8429422904035,0.043054333734870484
1o_02-06mai_2024-05-05_-29.5_-52.0,1o_02-06mai,2024-05-04 11:00:00,-21.905029280864486,-54.29797079430907,895.6142242610622,305.7843321272674,0.03584528281791814
1o_02-06mai_2024-05-05_-29.5_-52.0,1o_02-06mai,2024-05-04 10:00:00,-21.624183618746635,-54.348433464081516,895.1063265628682,306.0488657056692,0.030451084884630004
1o_02-06mai_2024-05-05_-29.5_-52.0,1o_02-06mai,2024-05-04 09:00:00,-21.34124657919042,-54.403715880721556,892.8932894323435,306.299871161096,0.027011255283976174
1o_02-06mai_2024-05-05_-29.5_-52.0,1o_02-06mai,2024-05-04 08:00:00,-21.058783553073777,-54.46114490889188,889.7943429970044,306.4474368100065,0.024324451093828574
1o_02-06mai_2024-05-05_-29.5_-52.0,1o_02-06mai,2024-05-04 07:00:00,-20.783864296666586,-54.519880541978,886.2668505103003,306.5209399111834,0.023158629094086905
1o_02-06mai_2024-05-05_-29.5_-52.0,1o_02-06mai,2024-05-04 06:00:00,-20.516179114958963,-54.57580910738835,883.2884498616834,306.6287774938542,0.022495323675938827
1o_02-06mai_2024-05-05_-29.5_-52.0,1o_02-06mai,2024-05-04 05:00:00,-20.24751021748182,-54.61778090410206,883.1577397815117,306.76605240316604,0.021790023467081775
1o_02-06mai_2024-05-05_-29.5_-52.0,1o_02-06mai,2024-05-04 04:00:00,-19.982537938035563,-54.63817585673771,884.9928494026351,306.8330226517513,0.02105648170815677
1o_02-06mai_2024-05-05_-29.5_-52.0,1o_02-06mai,2024-05-04 03:00:00,-19.72686604524778,-54.639397837332275,884.9737707155468,306.9727922899444,0.020399974877030973
1o_02-06mai_2024-05-05_-29.5_-52.0,1o_02-06mai,2024-05-04 02:00:00,-19.481772503991685,-54.6228281463498,883.9179047648968,307.19090536071275,0.01985070958402767
1o_02-06mai_2024-05-05_-29.5_-52.0,1o_02-06mai,2024-05-04 01:00:00,-19.25309403549963,-54.59426013270452,884.844571171325,307.4134121153129,0.01975894339653173
1o_02-06mai_2024-05-05_-29.5_-52.0,1o_02-06mai,2024-05-04 00:00:00,-19.05069953519607,-54.564913809880935,887.3362733614617,307.6091316246009,0.019806248435805272
1o_02-06mai_2024-05-05_-29.5_-52.0,1o_02-06mai,2024-05-03 23:00:00,-18.87193032628144,-54.545515937454205,889.1313461042223,307.66944725763625,0.020074611483752232
1o_02-06mai_2024-05-05_-29.5_-52.0,1o_02-06mai,2024-05-03 22:00:00,-18.70658640520611,-54.53637673950911,888.4861624903396,307.64979744044626,0.020407685819449958
1o_02-06mai_2024-05-05_-29.5_-52.0,1o_02-06mai,2024-05-03 21:00:00,-18.548963345644808,-54.53167311437059,886.1775662626493,307.67983632242084,0.020852140266692982
1o_02-06mai_2024-05-05_-29.5_-52.0,1o_02-06mai,2024-05-03 20:00:00,-18.3968521180343,-54.52943372514671,883.0063738835913,307.7140981439584,0.021401081299704618
1o_02-06mai_2024-05-05_-29.5_-52.0,1o_02-06mai,2024-05-03 19:00:00,-18.249864153282605,-54.52869803838038,879.8498228979298,307.6974906328506,0.022046439042545937
1o_02-06mai_2024-05-05_-29.5_-52.0,1o_02-06mai,2024-05-03 18:00:00,-18.109661787067044,-54.52946827190181,876.8768274274911,307.66983835099455,0.022786771309818696
1o_02-06mai_2024-05-05_-29.5_-52.0,1o_02-06mai,2024-05-03 17:00:00,-17.96921765057231,-54.53238555485708,873.6174790933372,307.57912126688024,0.022804986930287915
1o_02-06mai_2024-05-05_-29.5_-52.0,1o_02-06mai,2024-05-03 16:00:00,-17.819503566485942,-54.53942534356009,869.4734772357336,307.4895443612638,0.02278852748188958
1o_02-06mai_2024-05-05_-29.5_-52.0,1o_02-06mai,2024-05-03 15:00:00,-17.660036834693692,-54.55071252366858,864.2015335486617,307.4320632344867,0.022893980957710332
1o_02-06mai_2024-05-05_-29.5_-52.0,1o_02-06mai,2024-05-03 14:00:00,-17.485837815446402,-54.56537338918893,858.5434148344981,307.3292146673578,0.023119976920772833
1o_02-06mai_2024-05-05_-29.5_-52.0,1o_02-06mai,2024-05-03 13:00:00,-17.300206298183983,-54.58292155217426,852.5352748897676,307.22908660914754,0.023472857836977095
1o_02-06mai_2024-05-05_-29.5_-52.0,1o_02-06mai,2024-05-03 12:00:00,-17.10843378200494,-54.602416015059426,846.6961695909965,307.17260766961545,0.024187866842622953
1o_02-06mai_2024-05-05_-29.5_-52.0,1o_02-06mai,2024-05-03 11:00:00,-16.92191326033694,-54.603959113671394,841.8987541728942,307.1314173803547,0.026838575152553532
1o_02-06mai_2024-05-05_-29.5_-52.0,1o_02-06mai,2024-05-03 10:00:00,-16.741773589118033,-54.58178409794395,839.2320743096245,307.15229539275634,0.029009982316253034
1o_02-06mai_2024-05-05_-29.5_-52.0,1o_02-06mai,2024-05-03 09:00:00,-16.567251425605072,-54.542668371558406,839.5607182676997,307.1219133388654,0.030746634343294235
1o_02-06mai_2024-05-05_-29.5_-52.0,1o_02-06mai,2024-05-03 08:00:00,-16.393496461145197,-54.49161729727345,844.711197063126,307.0466305113596,0.031994326200429586
1o_02-06mai_2024-05-05_-29.5_-52.0,1o_02-06mai,2024-05-03 07:00:00,-16.208868557848373,-54.425620315361165,855.6982341899296,306.99291074684714,0.033115568641940145
1o_02-06mai_2024-05-05_-29.5_-52.0,1o_02-06mai,2024-05-03 06:00:00,-16.019841418661002,-54.33326628876924,863.3770061466195,306.85917603923076,0.03434853585182979
1o_02-06mai_2024-05-05_-29.5_-52.0,1o_02-06mai,2024-05-03 05:00:00,-15.83688580103873,-54.22908680471827,862.7877277538029,306.85984829603296,0.03383732157370052
1o_02-06mai_2024-05-05_-29.5_-52.0,1o_02-06mai,2024-05-03 04:00:00,-15.667609059064313,-54.13150656392621,857.2450346801384,307.07572735190683,0.03309940184999561
1o_02-06mai_2024-05-05_-29.5_-52.0,1o_02-06mai,2024-05-03 03:00:00,-15.510266852127222,-54.03457843215224,853.3674279401826,307.3265161737599,0.032022724926093066
1o_02-06mai_2024-05-05_-29.5_-52.0,1o_02-06mai,2024-05-03 02:00:00,-15.36166768000659,-53.93369080322962,851.848924098371,307.47227385723954,0.031038403063861027
1o_02-06mai_2024-05-05_-29.5_-52.0,1o_02-06mai,2024-05-03 01:00:00,-15.220992253047436,-53.82900050884002,852.0412769214992,307.53440779337865,0.030176716950597048
1o_02-06mai_2024-05-05_-29.5_-52.0,1o_02-06mai,2024-05-03 00:00:00,-15.08249590390589,-53.71969253051069,853.7148018980932,307.5773573877256,0.029326918178622433
1o_02-06mai_2024-05-05_-29.5_-52.0,1o_02-06mai,2024-05-02 23:00:00,-14.942210149208051,-53.60556459803119,856.0852544393956,307.6502664478879,0.02970703652291452
1o_02-06mai_2024-05-05_-29.5_-52.0,1o_02-06mai,2024-05-02 22:00:00,-14.803037978660234,-53.48813602142208,858.2668192357477,307.720273197515,0.030084474444570047
1o_02-06mai_2024-05-05_-29.5_-52.0,1o_02-06mai,2024-05-02 21:00:00,-14.668927429243434,-53.37153395867661,859.2200729672905,307.7713444592329,0.030127939724648018
1o_02-06mai_2024-05-05_-29.5_-52.0,1o_02-06mai,2024-05-02 20:00:00,-14.541563042693804,-53.25982005400242,857.8759094828027,307.77962740828326,0.029863400758112443
1o_02-06mai_2024-05-05_-29.5_-52.0,1o_02-06mai,2024-05-02 19:00:00,-14.416881347543372,-53.15108713404744,855.2536451724852,307.78300503375067,0.029746730644377894
1o_02-06mai_2024-05-05_-29.5_-52.0,1o_02-06mai,2024-05-02 18:00:00,-14.291663151963766,-53.041469133466755,853.3761445243555,307.7913260659621,0.029593557715365666
1o_02-06mai_2024-05-05_-29.5_-52.0,1o_02-06mai,2024-05-02 17:00:00,-14.159951725207918,-52.92049617469319,853.7669230227875,307.7061298607545,0.03010514164044978
1o_02-06mai_2024-05-05_-29.5_-52.0,1o_02-06mai,2024-05-02 16:00:00,-14.018604070446811,-52.776573100080626,854.591666307756,307.507843887123,0.02999827144184901
1o_02-06mai_2024-05-05_-29.5_-52.0,1o_02-06mai,2024-05-02 15:00:00,-13.867802414703691,-52.607447253546326,855.4318979359227,307.31534331730705,0.028964848920344514
1o_02-06mai_2024-05-05_-29.5_-52.0,1o_02-06mai,2024-05-02 14:00:00,-13.708512102255856,-52.4126986566508,856.1124613233616,307.1124732303281,0.027337437640175516
1o_02-06mai_2024-05-05_-29.5_-52.0,1o_02-06mai,2024-05-02 13:00:00,-13.54665595783489,-52.19216756546179,856.2405778606712,306.8884084703814,0.02578870412210052
1o_02-06mai_2024-05-05_-29.5_-52.0,1o_02-06mai,2024-05-02 12:00:00,-13.381714095312299,-51.94165675545607,855.3566522439004,306.6613164375987,0.024643566269582588
1o_02-06mai_2024-05-05_-29.5_-52.0,1o_02-06mai,2024-05-02 11:00:00,-13.21971519016843,-51.6689501753754,852.8839998333426,306.59858717487634,0.025755232081315402
1o_02-06mai_2024-05-05_-29.5_-52.0,1o_02-06mai,2024-05-02 10:00:00,-13.070004688260433,-51.37984559097325,849.592531688127,306.75962600176837,0.027244261204397734
1o_02-06mai_2024-05-05_-29.5_-52.0,1o_02-06mai,2024-05-02 09:00:00,-12.941692505025067,-51.08068793801185,848.0747846520063,307.0772991478619,0.027456047840146977
1o_02-06mai_2024-05-05_-29.5_-52.0,1o_02-06mai,2024-05-02 08:00:00,-12.839105554419868,-50.776386910161364,846.3993198593042,307.4067201138391,0.02569271293071256
1o_02-06mai_2024-05-05_-29.5_-52.0,1o_02-06mai,2024-05-02 07:00:00,-12.762058521343027,-50.47314579361281,842.6228892486702,307.7776488558721,0.02305120383415628
1o_02-06mai_2024-05-05_-29.5_-52.0,1o_02-06mai,2024-05-02 06:00:00,-12.71586196725734,-50.18932207406217,839.6505088007599,308.08612615393605,0.020473381785582605
1o_02-06mai_2024-05-05_-29.5_-52.0,1o_02-06mai,2024-05-02 05:00:00,-12.69082061284724,-49.933547101093055,841.3422820919329,308.0398439306977,0.020867596847737167
1o_02-06mai_2024-05-05_-29.5_-52.0,1o_02-06mai,2024-05-02 04:00:00,-12.67169668178748,-49.698945497527234,844.2382692222325,307.8278916294788,0.020481507459922273
1o_02-06mai_2024-05-05_-29.5_-52.0,1o_02-06mai,2024-05-02 03:00:00,-12.66121020021239,-49.4816993762008,846.6749858102771,307.7376211056973,0.019519125608715323
1o_02-06mai_2024-05-05_-29.5_-52.0,1o_02-06mai,2024-05-02 02:00:00,-12.663573853404044,-49.282041614929305,850.4945880990731,307.76024297333623,0.019017186830268974
1o_02-06mai_2024-05-05_-29.5_-52.0,1o_02-06mai,2024-05-02 01:00:00,-12.677684856768003,-49.105691201748215,856.2420534456643,307.81921547056254,0.018069365370408094
1o_02-06mai_2024-05-05_-29.5_-52.0,1o_02-06mai,2024-05-02 00:00:00,-12.697687375920129,-48.95220713532468,861.8665419828147,307.9589988332894,0.01675080381729537
1o_02-06mai_2024-05-05_-29.5_-52.0,1o_02-06mai,2024-05-01 23:00:00,-12.717909837824955,-48.811188321072166,865.5389480714209,308.0504742309461,0.01629906459592502
1o_02-06mai_2024-05-05_-29.5_-52.0,1o_02-06mai,2024-05-01 22:00:00,-12.735984369008074,-48.67346516412269,866.7958420852334,308.10888950737666,0.0157946307798361
1o_02-06mai_2024-05-05_-29.5_-52.0,1o_02-06mai,2024-05-01 21:00:00,-12.751864922193024,-48.536532869168845,867.5238691377554,308.1477465968323,0.015499465003327871
1o_02-06mai_2024-05-05_-29.5_-52.0,1o_02-06mai,2024-05-01 20:00:00,-12.765958837189311,-48.3988738094024,867.3267273245674,308.1697664661243,0.01503429795088482
1o_02-06mai_2024-05-05_-29.5_-52.0,1o_02-06mai,2024-05-01 19:00:00,-12.778764294055199,-48.26094053622927,865.3671769488728,308.13603386432123,0.014353108724078672
1o_02-06mai_2024-05-05_-29.5_-52.0,1o_02-06mai,2024-05-01 18:00:00,-12.790093997737232,-48.12244505484374,862.4550652444188,308.07698054917864,0.013458108434362334
1o_02-06mai_2024-05-05_-29.5_-52.0,1o_02-06mai,2024-05-01 17:00:00,-12.802367864214633,-47.97015802128057,859.6800900635384,307.83948332243966,0.014849045526923217
1o_02-06mai_2024-05-05_-29.5_-52.0,1o_02-06mai,2024-05-01 16:00:00,-12.820837583528597,-47.79153479479436,857.645409537095,307.4787455608422,0.016306182076109028
1o_02-06mai_2024-05-05_-29.5_-52.0,1o_02-06mai,2024-05-01 15:00:00,-12.847568528715675,-47.58781397925511,856.9656759027507,307.14644028915546,0.016767429648432836
1o_02-06mai_2024-05-05_-29.5_-52.0,1o_02-06mai,2024-05-01 14:00:00,-12.885601284822812,-47.36289534239878,857.3992247845907,306.847871565619,0.01604815343860733
1o_02-06mai_2024-05-05_-29.5_-52.0,1o_02-06mai,2024-05-01 13:00:00,-12.939412989853205,-47.10318999208786,859.8228578733344,306.61304820877115,0.015060447178835172
1o_02-06mai_2024-05-05_-29.5_-52.0,1o_02-06mai,2024-05-01 12:00:00,-13.002083962918014,-46.804719980686805,862.9702751266736,306.0436634180721,0.01444981035560524
1o_02-06mai_2024-05-05_-29.5_-52.0,1o_02-06mai,2024-05-01 11:00:00,-13.058057710257335,-46.510482847561974,860.9768612745547,305.6881583133973,0.014630901975353387
1o_02-06mai_2024-05-05_-29.5_-52.0,1o_02-06mai,2024-05-01 10:00:00,-13.126010490619471,-46.1835950494054,849.8162992756189,305.9716757545043,0.01565005664887896
1o_02-06mai_2024-05-05_-29.5_-52.0,1o_02-06mai,2024-05-01 09:00:00,-13.217583111456104,-45.84275273239334,844.2344932079765,305.9015353464554,0.016162450058795796
1o_02-06mai_2024-05-05_-29.5_-52.0,1o_02-06mai,2024-05-01 08:00:00,-13.321030883231227,-45.55173353509236,843.4613768788739,306.0164249291197,0.016209544381635334
1o_02-06mai_2024-05-05_-29.5_-52.0,1o_02-06mai,2024-05-01 07:00:00,-13.432150194076376,-45.27326817733005,842.9038411877757,306.14657091342985,0.015831861929586008
1o_02-06mai_2024-05-05_-29.5_-52.0,1o_02-06mai,2024-05-01 06:00:00,-13.54276828186622,-44.99817672268207,842.4836297816323,306.27184346581106,0.01517858020046263
1o_02-06mai_2024-05-05_-29.5_-52.0,1o_02-06mai,2024-05-01 05:00:00,-13.637260385904197,-44.72625974774573,843.466512378416,306.3808883913841,0.015042390244453266
1o_02-06mai_2024-05-05_-29.5_-52.0,1o_02-06mai,2024-05-01 04:00:00,-13.717204580155174,-44.460617731287925,844.610986729256,306.43325653277907,0.01455268138950647
1o_02-06mai_2024-05-05_-29.5_-52.0,1o_02-06mai,2024-05-01 03:00:00,-13.797854896555378,-44.19701255084912,842.8205481297173,306.56900450206234,0.013842994521612764
1o_02-06mai_2024-05-05_-29.5_-52.0,1o_02-06mai,2024-05-01 02:00:00,-13.885759912013174,-43.948770062211025,842.1187676633102,306.79428444355955,0.013236788549035849
1o_02-06mai_2024-05-05_-29.5_-52.0,1o_02-06mai,2024-05-01 01:00:00,-13.978164415027816,-43.723370219230965,842.7142943178887,306.9899348988083,0.012417867693712581
1o_02-06mai_2024-05-05_-29.5_-52.0,1o_02-06mai,2024-05-01 00:00:00,-14.07922085693862,-43.49539957037632,840.9754503044896,307.2762984131854,0.011531499391560127
1o_02-06mai_2024-05-05_-29.5_-52.0,1o_02-06mai,2024-04-30 23:00:00,-14.171193587348164,-43.25280250267315,838.2819304996285,307.55815574749107,0.011805001229575753
1o_02-06mai_2024-05-05_-29.5_-52.0,1o_02-06mai,2024-04-30 22:00:00,-14.240501082618998,-43.003831786910276,832.5649363808784,307.61081050336975,0.011749254322413399
1o_02-06mai_2024-05-05_-29.5_-52.0,1o_02-06mai,2024-04-30 21:00:00,-14.283794444132054,-42.759154740767464,821.2151766129784,307.71183291040455,0.011329414619767643
1o_02-06mai_2024-05-05_-29.5_-52.0,1o_02-06mai,2024-04-30 20:00:00,-14.29592333321448,-42.520037119087505,809.682846506428,308.161944811224,0.010871087131589116
1o_02-06mai_2024-05-05_-29.5_-52.0,1o_02-06mai,2024-04-30 19:00:00,-14.29008418289338,-42.28679240669312,804.1532113147613,308.4233523324874,0.010348866240164302
1o_02-06mai_2024-05-05_-29.5_-52.0,1o_02-06mai,2024-04-30 18:00:00,-14.275934887377,-42.067328404965444,804.0987699653936,308.41914483241766,0.009713029101248539
1o_02-06mai_2024-05-05_-29.5_-52.0,1o_02-06mai,2024-04-30 17:00:00,-14.259492747314367,-41.84915744009777,804.4238171098442,308.23145930980473,0.010289185033616458
1o_02-06mai_2024-05-05_-29.5_-52.0,1o_02-06mai,2024-04-30 16:00:00,-14.245960420012103,-41.61693789810266,802.9660028805308,307.747172643644,0.010771483059504764
1o_02-06mai_2024-05-05_-29.5_-52.0,1o_02-06mai,2024-04-30 15:00:00,-14.238160183783627,-41.38004111680242,797.8044923846287,307.14760910953305,0.010594352197943531
1o_02-06mai_2024-05-05_-29.5_-52.0,1o_02-06mai,2024-04-30 14:00:00,-14.238299552702383,-41.11609326399941,791.9525072408086,307.01421390508256,0.010170074644315194
1o_02-06mai_2024-05-05_-29.5_-52.0,1o_02-06mai,2024-04-30 13:00:00,-14.249512340893869,-40.825481188753685,795.319152649837,307.03063046574204,0.010086885438619669
1o_02-06mai_2024-05-05_-29.5_-52.0,1o_02-06mai,2024-04-30 12:00:00,-14.275450919666195,-40.540290557739596,800.7032906706206,306.1414754958584,0.010057540292502581
1o_02-06mai_2024-05-05_-29.5_-52.0,1o_02-06mai,2024-04-30 11:00:00,-14.317970451865508,-40.260351166075495,797.2279016845761,305.8272798673601,0.014303570287279459
1o_02-06mai_2024-05-05_-29.5_-52.0,1o_02-06mai,2024-04-30 10:00:00,-14.375036762150042,-39.957265333026434,798.0017981469226,306.66709289529575,0.017901973401931507
1o_02-06mai_2024-05-05_-29.5_-52.0,1o_02-06mai,2024-04-30 09:00:00,-14.445352711925667,-39.65466573408829,802.5559372172072,306.7958615968606,0.019461432242012185
1o_02-06mai_2024-05-05_-29.5_-52.0,1o_02-06mai,2024-04-30 08:00:00,-14.531060392503353,-39.37194130325175,806.2357962737452,306.71641864658744,0.018516442423243955
1o_02-06mai_2024-05-05_-29.5_-52.0,1o_02-06mai,2024-04-30 07:00:00,-14.63488298908381,-39.09736079595111,810.0982856906917,306.6709418280417,0.01698010405639084
1o_02-06mai_2024-05-05_-29.5_-52.0,1o_02-06mai,2024-04-30 06:00:00,-14.751624979160457,-38.842756406494296,812.1855728014126,306.32212715515163,0.014752320642595759
1o_02-06mai_2024-05-05_-29.5_-52.0,1o_02-06mai,2024-04-30 05:00:00,-14.87444943887801,-38.60706913612459,814.6961112230085,306.1909758076247,0.013681000397684134
1o_02-06mai_2024-05-05_-29.5_-52.0,1o_02-06mai,2024-04-30 04:00:00,-14.997867137609562,-38.38259134218735,816.0825965357537,306.3840755556816,0.012862466256822032
1o_02-06mai_2024-05-05_-29.5_-52.0,1o_02-06mai,2024-04-30 03:00:00,-15.120787924315874,-38.16664000062841,817.0436264123279,306.5763086999383,0.012421655109391559
1o_02-06mai_2024-05-05_-29.5_-52.0,1o_02-06mai,2024-04-30 02:00:00,-15.246901587731987,-37.95821204159067,817.2698178492084,306.6480602052248,0.01242613702926165
1o_02-06mai_2024-05-05_-29.5_-52.0,1o_02-06mai,2024-04-30 01:00:00,-15.382020717657747,-37.75598038067051,816.8546141319874,306.7255148410579,0.012661980945495033
1o_02-06mai_2024-05-05_-29.5_-52.0,1o_02-06mai,2024-04-30 00:00:00,-15.528866955914513,-37.55860798717931,816.248012251766,306.8644308939148,0.013198806578312208
1o_02-06mai_2024-05-05_-29.5_-52.0,1o_02-06mai,2024-04-29 23:00:00,-15.67432556953088,-37.3656932953571,815.8398140548968,306.89006899604635,0.013340637597382205
1o_02-06mai_2024-05-05_-29.5_-52.0,1o_02-06mai,2024-04-29 22:00:00,-15.807128718854088,-37.1827326039486,815.6899639334868,306.75382895025643,0.013260537749137756
1o_02-06mai_2024-05-05_-29.5_-52.0,1o_02-06mai,2024-04-29 21:00:00,-15.929732543291268,-37.01264227818285,815.5447203702586,306.5689584851764,0.013090576946472567
1o_02-06mai_2024-05-05_-29.5_-52.0,1o_02-06mai,2024-04-29 20:00:00,-16.04769667605663,-36.854409749524464,815.0288321945417,306.41433024659165,0.012949719557431011
1o_02-06mai_2024-05-05_-29.5_-52.0,1o_02-06mai,2024-04-29 19:00:00,-16.16531628528591,-36.707323490629605,813.6309524182224,306.3743910696433,0.012826732800518109
1o_02-06mai_2024-05-05_-29.5_-52.0,1o_02-06mai,2024-04-29 18:00:00,-16.28464999965149,-36.5698983312693,811.6708631436281,306.4605463558713,0.01272763460363175
1o_02-06mai_2024-05-05_-29.5_-52.0,1o_02-06mai,2024-04-29 17:00:00,-16.406583563894998,-36.433098464555194,809.5063125138412,306.6652173938568,0.01275357823829777
1o_02-06mai_2024-05-05_-29.5_-52.0,1o_02-06mai,2024-04-29 16:00:00,-16.530842375969648,-36.290751734451966,807.4522916829723,306.8871433709063,0.012690276203836968
1o_02-06mai_2024-05-05_-29.5_-52.0,1o_02-06mai,2024-04-29 15:00:00,-16.659801207264834,-36.14518434820122,805.4449604269676,307.0493003415192,0.012523819338635785
1o_02-06mai_2024-05-05_-29.5_-52.0,1o_02-06mai,2024-04-29 14:00:00,-16.796020215170053,-36.00023243823426,803.5104381992803,307.14931169100095,0.012305574031208097
1o_02-06mai_2024-05-05_-29.5_-52.0,1o_02-06mai,2024-04-29 13:00:00,-16.9399190036805,-35.858610768132934,801.581505949748,307.2705492688562,0.012317829729480414
1o_02-06mai_2024-05-05_-29.5_-52.0,1o_02-06mai,2024-04-29 12:00:00,-17.091719018552027,-35.72133231625692,799.9772752778476,307.38463024062025,0.012415793171595274
1o_02-06mai_2024-05-05_-29.5_-52.0,1o_02-06mai,2024-04-29 11:00:00,-17.239918293837018,-35.59108738606412,799.1670397843479,307.48081595422315,0.015990302288158384
1o_02-06mai_2024-05-05_-29.5_-52.0,1o_02-06mai,2024-04-29 10:00:00,-17.37833148492732,-35.474969714268966,799.0603405626163,307.4744755554777,0.01927514521216783
1o_02-06mai_2024-05-05_-29.5_-52.0,1o_02-06mai,2024-04-29 09:00:00,-17.507797263814247,-35.376618957064096,799.1907860331784,307.41434038121565,0.022337187118801737
1o_02-06mai_2024-05-05_-29.5_-52.0,1o_02-06mai,2024-04-29 08:00:00,-17.630804659438176,-35.298301535287116,799.3354091292568,307.3349538492333,0.025223531434051226
1o_02-06mai_2024-05-05_-29.5_-52.0,1o_02-06mai,2024-04-29 07:00:00,-17.750218401848933,-35.242167292853544,799.5802534459502,307.25700661359724,0.02799637533903577
1o_02-06mai_2024-05-05_-29.5_-52.0,1o_02-06mai,2024-04-29 06:00:00,-17.86870296974896,-35.20860045303051,799.9883877089386,307.1752020774058,0.030711699608824188
1o_02-06mai_2024-05-05_-29.5_-52.0,1o_02-06mai,2024-04-29 05:00:00,-17.984214379862042,-35.19260973272244,800.8131450076539,307.16169759689495,0.030980838001139814
1o_02-06mai_2024-05-05_-29.5_-52.0,1o_02-06mai,2024-04-29 04:00:00,-18.094178696577067,-35.190335287320316,802.0500647305175,307.1633595737577,0.031124970019320304
1o_02-06mai_2024-05-05_-29.5_-52.0,1o_02-06mai,2024-04-29 03:00:00,-18.200049271023595,-35.2025992655837,803.5084610647008,307.13514250547536,0.031214722101465406
1o_02-06mai_2024-05-05_-29.5_-52.0,1o_02-06mai,2024-04-29 02:00:00,-18.30336958076182,-35.23136374391011,805.0894713324918,307.0656310190313,0.031264529415825526
1o_02-06mai_2024-05-05_-29.5_-52.0,1o_02-06mai,2024-04-29 01:00:00,-18.40640496200649,-35.27224162115397,806.4018586946147,307.0378489256829,0.03125271233410544
1o_02-06mai_2024-05-05_-29.5_-52.0,1o_02-06mai,2024-04-29 00:00:00,-18.509446101611534,-35.326423780277715,807.3810897884653,307.04274887122926,0.031218486077762654
1o_02-06mai_2024-05-05_-29.5_-52.0,1o_02-06mai,2024-04-28 23:00:00,-18.61160192220692,-35.387885705301684,808.0459836648546,307.0014279604491,0.03140243164899307
1o_02-06mai_2024-05-05_-29.5_-52.0,1o_02-06mai,2024-04-28 22:00:00,-18.712746520343146,-35.45168287036906,808.490769847249,306.9002931099532,0.031607052495406365
1o_02-06mai_2024-05-05_-29.5_-52.0,1o_02-06mai,2024-04-28 21:00:00,-18.81437852622357,-35.51890453692285,808.7713992978454,306.7806217344697,0.031674392111938905
1o_02-06mai_2024-05-05_-29.5_-52.0,1o_02-06mai,2024-04-28 20:00:00,-18.91535523900839,-35.588865377869894,808.9333750223677,306.5549734312712,0.03160910734802802
1o_02-06mai_2024-05-05_-29.5_-52.0,1o_02-06mai,2024-04-28 19:00:00,-19.013993149304262,-35.662492593252296,809.0069198568796,306.3234164994325,0.031528699667092465
1o_02-06mai_2024-05-05_-29.5_-52.0,1o_02-06mai,2024-04-28 18:00:00,-19.10693454346401,-35.7416911719265,809.0494414178784,306.0408043519844,0.03148117707904555
1o_02-06mai_2024-05-05_-29.5_-52.0,1o_02-06mai,2024-04-28 17:00:00,-19.193660088174973,-35.82371413392418,808.918665878014,305.8665243790755,0.03164724863384354
1o_02-06mai_2024-05-05_-29.5_-52.0,1o_02-06mai,2024-04-28 16:00:00,-19.276978854419234,-35.902137115203125,808.4105103498288,305.8384530088712,0.03176041175575296
1o_02-06mai_2024-05-05_-29.5_-52.0,1o_02-06mai,2024-04-28 15:00:00,-19.355756216866645,-35.974324786446545,807.5297263478794,305.8066400422477,0.03181258560639204
1o_02-06mai_2024-05-05_-29.5_-52.0,1o_02-06mai,2024-04-28 14:00:00,-19.42967628696721,-36.03529450803629,806.3767521482257,305.72644583771586,0.031707519450444865
1o_02-06mai_2024-05-05_-29.5_-52.0,1o_02-06mai,2024-04-28 13:00:00,-19.498891048942934,-36.08150282403851,805.0698479704839,305.613060190978,0.031522796039804436
1o_02-06mai_2024-05-05_-29.5_-52.0,1o_02-06mai,2024-04-28 12:00:00,-19.563789621831344,-36.114474424530485,803.6779901501934,305.516763767933,0.031197538822597837
1o_02-06mai_2024-05-05_-30.5_-53.5,1o_02-06mai,2024-05-05 12:00:00,-30.5,-53.5,850.0,302.5285964905036,0.11581640442212422
1o_02-06mai_2024-05-05_-30.5_-53.5,1o_02-06mai,2024-05-05 11:00:00,-30.186108303583843,-54.00518597975867,848.8261223648964,302.8425421114716,0.13070759940206114
1o_02-06mai_2024-05-05_-30.5_-53.5,1o_02-06mai,2024-05-05 10:00:00,-29.86503522914093,-54.53181116961456,847.5060317909647,302.88215877758626,0.13505354172968256
1o_02-06mai_2024-05-05_-30.5_-53.5,1o_02-06mai,2024-05-05 09:00:00,-29.511156934226115,-55.07068930616373,845.4709578029265,303.4920065451966,0.13103676551897675
1o_02-06mai_2024-05-05_-30.5_-53.5,1o_02-06mai,2024-05-05 08:00:00,-29.117381477633256,-55.57581702410813,843.4044008476385,304.0398298794808,0.11610191766084958
1o_02-06mai_2024-05-05_-30.5_-53.5,1o_02-06mai,2024-05-05 07:00:00,-28.68865856403188,-56.04309722641481,844.5915159088671,304.28880134494227,0.10905643850988868
1o_02-06mai_2024-05-05_-30.5_-53.5,1o_02-06mai,2024-05-05 06:00:00,-28.21484394406346,-56.48475842086279,846.5087078508424,304.3685197553151,0.10233694634312154
1o_02-06mai_2024-05-05_-30.5_-53.5,1o_02-06mai,2024-05-05 05:00:00,-27.702951369362335,-56.911132217912915,847.9333692140709,304.2646981993802,0.10241058139965786
1o_02-06mai_2024-05-05_-30.5_-53.5,1o_02-06mai,2024-05-05 04:00:00,-27.153347662893587,-57.345744849134746,848.3890855655836,304.36966101408825,0.1016617022532148
1o_02-06mai_2024-05-05_-30.5_-53.5,1o_02-06mai,2024-05-05 03:00:00,-26.58125684534814,-57.7907004970211,846.5180523329971,304.7214634429427,0.10402337614995012
1o_02-06mai_2024-05-05_-30.5_-53.5,1o_02-06mai,2024-05-05 02:00:00,-26.012896251610332,-58.19153719181226,845.1737885376614,304.9092238796858,0.10681982087674284
1o_02-06mai_2024-05-05_-30.5_-53.5,1o_02-06mai,2024-05-05 01:00:00,-25.462890888612762,-58.54739308806546,844.7828913597976,304.75322109196475,0.10833203229790067
1o_02-06mai_2024-05-05_-30.5_-53.5,1o_02-06mai,2024-05-05 00:00:00,-24.911769041227707,-58.895141747790944,844.6223849695348,304.23307228490455,0.10510528277341964
1o_02-06mai_2024-05-05_-30.5_-53.5,1o_02-06mai,2024-05-04 23:00:00,-24.348702566355477,-59.23467459897196,843.9869157440662,303.6365738739541,0.10198910852363963
1o_02-06mai_2024-05-05_-30.5_-53.5,1o_02-06mai,2024-05-04 22:00:00,-23.795799461022675,-59.56309784484087,845.5170408402012,303.68848641323666,0.09903004572703686
1o_02-06mai_2024-05-05_-30.5_-53.5,1o_02-06mai,2024-05-04 21:00:00,-23.24166888492857,-59.87619327375145,847.0547745231414,303.8987624386045,0.09790448051955766
1o_02-06mai_2024-05-05_-30.5_-53.5,1o_02-06mai,2024-05-04 20:00:00,-22.67290511147669,-60.15212267303325,849.2735922220918,303.86615511496666,0.09616930724173506
1o_02-06mai_2024-05-05_-30.5_-53.5,1o_02-06mai,2024-05-04 19:00:00,-22.09728481648203,-60.40037363386278,852.4223329149619,303.77054855519884,0.09409207398807184
1o_02-06mai_2024-05-05_-30.5_-53.5,1o_02-06mai,2024-05-04 18:00:00,-21.53980692931488,-60.64257746858109,855.0416232305446,303.5563560352773,0.09439049386183568
1o_02-06mai_2024-05-05_-30.5_-53.5,1o_02-06mai,2024-05-04 17:00:00,-21.00810997429457,-60.86797928760797,856.8903236032256,303.31307372061775,0.09677079473666687
1o_02-06mai_2024-05-05_-30.5_-53.5,1o_02-06mai,2024-05-04 16:00:00,-20.508578546638603,-61.05835280406685,857.6378931034708,302.8917232014154,0.09726872902126318
1o_02-06mai_2024-05-05_-30.5_-53.5,1o_02-06mai,2024-05-04 15:00:00,-20.03179614877597,-61.22601450720865,859.4665875227815,302.7684869173477,0.09464336615712882
1o_02-06mai_2024-05-05_-30.5_-53.5,1o_02-06mai,2024-05-04 14:00:00,-19.595491075763157,-61.37847330113656,862.059310727894,302.6509206677115,0.0919475631309106
1o_02-06mai_2024-05-05_-30.5_-53.5,1o_02-06mai,2024-05-04 13:00:00,-19.20215883885692,-61.530480992694876,869.2375325898734,302.50540293356363,0.09123266919885524
1o_02-06mai_2024-05-05_-30.5_-53.5,1o_02-06mai,2024-05-04 12:00:00,-18.86297071033514,-61.6950271671987,881.0096363576198,302.274473609522,0.08830036277510932
1o_02-06mai_2024-05-05_-30.5_-53.5,1o_02-06mai,2024-05-04 11:00:00,-18.536785543583,-61.8906657170829,893.9542033772703,302.25673320972584,0.08203568483363206
1o_02-06mai_2024-05-05_-30.5_-53.5,1o_02-06mai,2024-05-04 10:00:00,-18.1896024326429,-62.11618705376508,897.2787460386162,302.07724677538454,0.07707290174493142
1o_02-06mai_2024-05-05_-30.5_-53.5,1o_02-06mai,2024-05-04 09:00:00,-17.833806006738303,-62.354748080734005,895.7049696454284,302.3733302870586,0.075048433202985
1o_02-06mai_2024-05-05_-30.5_-53.5,1o_02-06mai,2024-05-04 08:00:00,-17.471035826766222,-62.59380098088164,896.7852254471183,302.99009593452865,0.07655463067891778
1o_02-06mai_2024-05-05_-30.5_-53.5,1o_02-06mai,2024-05-04 07:00:00,-17.118243401171313,-62.829813954301216,901.2376017089131,303.28171002258125,0.07736326220568104
1o_02-06mai_2024-05-05_-30.5_-53.5,1o_02-06mai,2024-05-04 06:00:00,-16.773274389520534,-63.05919942743953,906.6061902349431,303.56509827019755,0.07544330653240695
1o_02-06mai_2024-05-05_-30.5_-53.5,1o_02-06mai,2024-05-04 05:00:00,-16.444791116678157,-63.262149705178246,910.8191225164857,303.614450330242,0.07286650231379485
1o_02-06mai_2024-05-05_-30.5_-53.5,1o_02-06mai,2024-05-04 04:00:00,-16.15935900798384,-63.42532634736659,914.9447478256209,303.6539071493018,0.07081505274674761
1o_02-06mai_2024-05-05_-30.5_-53.5,1o_02-06mai,2024-05-04 03:00:00,-15.927132155396391,-63.557467081429,917.8353788157755,303.6916108089407,0.06691246422723028
1o_02-06mai_2024-05-05_-30.5_-53.5,1o_02-06mai,2024-05-04 02:00:00,-15.738765701274739,-63.67234373336784,919.4300157510063,303.72394370607793,0.062493515593523105
1o_02-06mai_2024-05-05_-30.5_-53.5,1o_02-06mai,2024-05-04 01:00:00,-15.58402041893267,-63.776695728455024,920.2148320975001,303.7970736408519,0.062402724126514576
1o_02-06mai_2024-05-05_-30.5_-53.5,1o_02-06mai,2024-05-04 00:00:00,-15.461200302706631,-63.872515935610004,921.4203642417543,303.75430899759874,0.06279796456126387
1o_02-06mai_2024-05-05_-30.5_-53.5,1o_02-06mai,2024-05-03 23:00:00,-15.359193651681768,-63.96383730680125,924.3884849933766,303.8151507167,0.06396647811285745
1o_02-06mai_2024-05-05_-30.5_-53.5,1o_02-06mai,2024-05-03 22:00:00,-15.265666882359096,-64.05050062371876,928.2842878519825,304.07587792148945,0.06471604569855241
1o_02-06mai_2024-05-05_-30.5_-53.5,1o_02-06mai,2024-05-03 21:00:00,-15.176854609242223,-64.1307950743064,931.9186768591779,304.3637173979617,0.06506587580862636
1o_02-06mai_2024-05-05_-30.5_-53.5,1o_02-06mai,2024-05-03 20:00:00,-15.089384002793734,-64.20580715242545,935.1234369859903,304.699482864806,0.06502083875243363
1o_02-06mai_2024-05-05_-30.5_-53.5,1o_02-06mai,2024-05-03 19:00:00,-14.999569234585561,-64.2758692210712,937.5430099295882,305.07745704652694,0.06451481711422384
1o_02-06mai_2024-05-05_-30.5_-53.5,1o_02-06mai,2024-05-03 18:00:00,-14.907284017190513,-64.34263651646633,940.0440182661413,305.5205129206212,0.06497095180209744
1o_02-06mai_2024-05-05_-30.5_-53.5,1o_02-06mai,2024-05-03 17:00:00,-14.807015223351257,-64.40558580073461,942.8912244323814,305.6205438733462,0.06408870175032345
1o_02-06mai_2024-05-05_-30.5_-53.5,1o_02-06mai,2024-05-03 16:00:00,-14.693142609891781,-64.46421859130665,945.8777328730741,305.31981489027066,0.06239529852285492
1o_02-06mai_2024-05-05_-30.5_-53.5,1o_02-06mai,2024-05-03 15:00:00,-14.568382370485606,-64.52011598971959,948.7516076132794,304.9081885752612,0.060409662420277885
1o_02-06mai_2024-05-05_-30.5_-53.5,1o_02-06mai,2024-05-03 14:00:00,-14.436086809339177,-64.57332009371873,951.5448211676476,304.39558483437895,0.05862773928810281
1o_02-06mai_2024-05-05_-30.5_-53.5,1o_02-06mai,2024-05-03 13:00:00,-14.296999821960487,-64.62303242624019,954.0851352184078,303.7931185503107,0.05657456154337104
1o_02-06mai_2024-05-05_-30.5_-53.5,1o_02-06mai,2024-05-03 12:00:00,-14.152540649362377,-64.66881679828953,956.2905018912056,303.18898986203203,0.05540732761074296
1o_02-06mai_2024-05-05_-30.5_-53.5,1o_02-06mai,2024-05-03 11:00:00,-14.009183871374015,-64.7112273641321,957.8251555157643,302.94192658865575,0.05057704741489091
1o_02-06mai_2024-05-05_-30.5_-53.5,1o_02-06mai,2024-05-03 10:00:00,-13.87013955703899,-64.75420069305082,958.722368169283,303.06489994339495,0.04548496595767563
1o_02-06mai_2024-05-05_-30.5_-53.5,1o_02-06mai,2024-05-03 09:00:00,-13.734131267393998,-64.79951458327781,959.2873540884381,303.1941538675826,0.04020671206040255
1o_02-06mai_2024-05-05_-30.5_-53.5,1o_02-06mai,2024-05-03 08:00:00,-13.600843522938339,-64.84742540430045,959.512101572101,303.3553644783048,0.034785134944586724
1o_02-06mai_2024-05-05_-30.5_-53.5,1o_02-06mai,2024-05-03 07:00:00,-13.468628655820568,-64.89779027257453,959.3228344603917,303.5303147037993,0.0295253905849796
1o_02-06mai_2024-05-05_-30.5_-53.5,1o_02-06mai,2024-05-03 06:00:00,-13.336431051811863,-64.94917045709533,958.6537135029063,303.70786962286047,0.02509532323586571
1o_02-06mai_2024-05-05_-30.5_-53.5,1o_02-06mai,2024-05-03 05:00:00,-13.206265217697126,-64.99637494559828,957.6309525779499,303.8615374280399,0.02452305289249884
1o_02-06mai_2024-05-05_-30.5_-53.5,1o_02-06mai,2024-05-03 04:00:00,-13.082660804801646,-65.0352006507937,956.3794323768399,303.9938043304715,0.023792104305365155
1o_02-06mai_2024-05-05_-30.5_-53.5,1o_02-06mai,2024-05-03 03:00:00,-12.965558194637048,-65.06614560410873,954.9334850667403,304.1366251879563,0.02293624142983664
1o_02-06mai_2024-05-05_-30.5_-53.5,1o_02-06mai,2024-05-03 02:00:00,-12.855690085458695,-65.09036425189862,953.4460274440222,304.278509468079,0.021983618448819006
1o_02-06mai_2024-05-05_-30.5_-53.5,1o_02-06mai,2024-05-03 01:00:00,-12.753327084508795,-65.1090509165024,951.9955609123967,304.436950384884,0.02095607028867561
1o_02-06mai_2024-05-05_-30.5_-53.5,1o_02-06mai,2024-05-03 00:00:00,-12.659102481097952,-65.12276993937434,950.6377500799543,304.60752547275547,0.020128841336963247
1o_02-06mai_2024-05-05_-30.5_-53.5,1o_02-06mai,2024-05-02 23:00:00,-12.565331695171063,-65.13715657603854,949.434625377566,304.68562424063737,0.019883952030911634
1o_02-06mai_2024-05-05_-30.5_-53.5,1o_02-06mai,2024-05-02 22:00:00,-12.4637187931951,-65.15718597913514,948.4088789743756,304.66387187207175,0.019643832911030962
1o_02-06mai_2024-05-05_-30.5_-53.5,1o_02-06mai,2024-05-02 21:00:00,-12.354645782466049,-65.18129349699802,947.4773501407172,304.6456652528326,0.01940294146621867
1o_02-06mai_2024-05-05_-30.5_-53.5,1o_02-06mai,2024-05-02 20:00:00,-12.237926368682745,-65.20898964136897,946.5618920385722,304.6331387271272,0.01916195885080823
1o_02-06mai_2024-05-05_-30.5_-53.5,1o_02-06mai,2024-05-02 19:00:00,-12.113239921350814,-65.24036367005029,945.5064142842946,304.62078047712896,0.018925234385358595
1o_02-06mai_2024-05-05_-30.5_-53.5,1o_02-06mai,2024-05-02 18:00:00,-11.980533284981844,-65.27544221747046,944.1403602762425,304.6085419047557,0.018951926831531365
1o_02-06mai_2024-05-05_-30.5_-53.5,1o_02-06mai,2024-05-02 17:00:00,-11.838608481251715,-65.31307577812261,942.851801152202,304.4772797696337,0.01965275354228251
1o_02-06mai_2024-05-05_-30.5_-53.5,1o_02-06mai,2024-05-02 16:00:00,-11.685693961073017,-65.35340295226572,941.8579981697642,304.1458327591221,0.020243862655639842
1o_02-06mai_2024-05-05_-30.5_-53.5,1o_02-06mai,2024-05-02 15:00:00,-11.523387476901187,-65.39666675597822,941.4051470733488,303.8118226993378,0.020614441266776962
1o_02-06mai_2024-05-05_-30.5_-53.5,1o_02-06mai,2024-05-02 14:00:00,-11.352961233427793,-65.44290214900515,941.522724046561,303.4707789090199,0.020632923520874282
1o_02-06mai_2024-05-05_-30.5_-53.5,1o_02-06mai,2024-05-02 13:00:00,-11.176438968470007,-65.491244671915,942.3363724639322,303.1512598676622,0.020769694899640357
1o_02-06mai_2024-05-05_-30.5_-53.5,1o_02-06mai,2024-05-02 12:00:00,-10.995326137711256,-65.54130187736854,942.9945924733777,302.7619302944785,0.02155478814012407
1o_02-06mai_2024-05-05_-30.5_-53.5,1o_02-06mai,2024-05-02 11:00:00,-10.816257356842334,-65.58204192718205,942.8177062288269,302.6347375785141,0.02720288468565445
1o_02-06mai_2024-05-05_-30.5_-53.5,1o_02-06mai,2024-05-02 10:00:00,-10.641201589064735,-65.6034273096253,941.7608618390511,302.83716950705434,0.03241485681427379
1o_02-06mai_2024-05-05_-30.5_-53.5,1o_02-06mai,2024-05-02 09:00:00,-10.465925946450595,-65.60533209225348,940.2817105984218,303.08449630379016,0.037694731748355526
1o_02-06mai_2024-05-05_-30.5_-53.5,1o_02-06mai,2024-05-02 08:00:00,-10.28816137366172,-65.58804807367171,938.7754705550567,303.32934248525964,0.04413790926372525
1o_02-06mai_2024-05-05_-30.5_-53.5,1o_02-06mai,2024-05-02 07:00:00,-10.108081298531499,-65.55369115976613,937.1529917708289,303.540927554892,0.05116105676461392
1o_02-06mai_2024-05-05_-30.5_-53.5,1o_02-06mai,2024-05-02 06:00:00,-9.927667901662536,-65.5073038249115,935.0627588633703,303.71990306618227,0.05889522100008947
1o_02-06mai_2024-05-05_-30.5_-53.5,1o_02-06mai,2024-05-02 05:00:00,-9.759151112618694,-65.45667569965626,932.256896110986,303.9110794324667,0.05868892735171393
1o_02-06mai_2024-05-05_-30.5_-53.5,1o_02-06mai,2024-05-02 04:00:00,-9.609356242858487,-65.40089121921616,929.4876965859622,304.08113625382754,0.05852947833852143
1o_02-06mai_2024-05-05_-30.5_-53.5,1o_02-06mai,2024-05-02 03:00:00,-9.475987264423472,-65.33590783834758,927.2276776990377,304.2471842203157,0.05788208848289727
1o_02-06mai_2024-05-05_-30.5_-53.5,1o_02-06mai,2024-05-02 02:00:00,-9.358523910657942,-65.25936668645953,926.172802580015,304.4006646268446,0.056832605278666924
1o_02-06mai_2024-05-05_-30.5_-53.5,1o_02-06mai,2024-05-02 01:00:00,-9.257175412503148,-65.17134216954473,926.6003927978155,304.527522692221,0.055864612440429645
1o_02-06mai_2024-05-05_-30.5_-53.5,1o_02-06mai,2024-05-02 00:00:00,-9.169665251404934,-65.07301976459412,928.2339597432829,304.6442409240441,0.0549257104237407
1o_02-06mai_2024-05-05_-30.5_-53.5,1o_02-06mai,2024-05-01 23:00:00,-9.087119512471565,-64.97485051632539,930.3647732555479,304.64032150619926,0.05633402357313877
1o_02-06mai_2024-05-05_-30.5_-53.5,1o_02-06mai,2024-05-01 22:00:00,-9.003282209220282,-64.8814430719029,932.3266008061858,304.52059729606,0.057176390038375366
1o_02-06mai_2024-05-05_-30.5_-53.5,1o_02-06mai,2024-05-01 21:00:00,-8.91799925736271,-64.79220986993745,933.9388586562847,304.42351854993893,0.058194162559019574
1o_02-06mai_2024-05-05_-30.5_-53.5,1o_02-06mai,2024-05-01 20:00:00,-8.832079005699493,-64.70815481897473,935.2447016348274,304.37111623505604,0.059158204997548015
1o_02-06mai_2024-05-05_-30.5_-53.5,1o_02-06mai,2024-05-01 19:00:00,-8.746368949769412,-64.62970455497505,936.6171750098123,304.33259460604125,0.06008245962291634
1o_02-06mai_2024-05-05_-30.5_-53.5,1o_02-06mai,2024-05-01 18:00:00,-8.660188756993286,-64.55617866408846,938.0152537318099,304.3050443438557,0.061039955382335344
1o_02-06mai_2024-05-05_-30.5_-53.5,1o_02-06mai,2024-05-01 17:00:00,-8.568486608126838,-64.47916431499307,939.3493375338716,304.1113476773806,0.05958342272723457
1o_02-06mai_2024-05-05_-30.5_-53.5,1o_02-06mai,2024-05-01 16:00:00,-8.468484431089415,-64.39052112846666,940.4058777440742,303.73932975620767,0.05787439368053308
1o_02-06mai_2024-05-05_-30.5_-53.5,1o_02-06mai,2024-05-01 15:00:00,-8.360430161569454,-64.2892767595496,941.0145606977871,303.38036107721933,0.05550200342819045
1o_02-06mai_2024-05-05_-30.5_-53.5,1o_02-06mai,2024-05-01 14:00:00,-8.243619532101402,-64.17420457321266,941.1530445765045,303.0429743718605,0.052643875129602696
1o_02-06mai_2024-05-05_-30.5_-53.5,1o_02-06mai,2024-05-01 13:00:00,-8.117275821919373,-64.0431632736254,940.964894087507,302.72631392639136,0.050402709233935895
1o_02-06mai_2024-05-05_-30.5_-53.5,1o_02-06mai,2024-05-01 12:00:00,-7.981391930801034,-63.893644766141655,940.4528748172631,302.4840734269554,0.0483323247787734
1o_02-06mai_2024-05-05_-30.5_-53.5,1o_02-06mai,2024-05-01 11:00:00,-7.845042054655073,-63.73306649942715,939.2153525688648,302.43206475218193,0.05373483121036369
1o_02-06mai_2024-05-05_-30.5_-53.5,1o_02-06mai,2024-05-01 10:00:00,-7.717701573024046,-63.57197626513748,937.3776915955235,302.54808099683476,0.05870540088318513
1o_02-06mai_2024-05-05_-30.5_-53.5,1o_02-06mai,2024-05-01 09:00:00,-7.60015220838004,-63.41272336277669,935.4566310917062,302.6618331285853,0.06058968639927636
1o_02-06mai_2024-05-05_-30.5_-53.5,1o_02-06mai,2024-05-01 08:00:00,-7.491056488525646,-63.256130956145334,933.7593158756541,302.71794944688236,0.05978179071993076
1o_02-06mai_2024-05-05_-30.5_-53.5,1o_02-06mai,2024-05-01 07:00:00,-7.390272790739384,-63.102761492247225,932.2002438668911,302.7830396599006,0.05713834298202837
1o_02-06mai_2024-05-05_-30.5_-53.5,1o_02-06mai,2024-05-01 06:00:00,-7.296689331640696,-62.95228034871076,930.7370949898902,302.8930772636657,0.05183589722750258
1o_02-06mai_2024-05-05_-30.5_-53.5,1o_02-06mai,2024-05-01 05:00:00,-7.210415098554297,-62.80491778689358,928.8009316401915,302.9498849481155,0.05401460629423013
1o_02-06mai_2024-05-05_-30.5_-53.5,1o_02-06mai,2024-05-01 04:00:00,-7.13251372562694,-62.65967110527769,926.0314418988726,302.9493755806639,0.05570859878986223
1o_02-06mai_2024-05-05_-30.5_-53.5,1o_02-06mai,2024-05-01 03:00:00,-7.061983374814436,-62.51730508323803,922.082724396855,302.9954820331269,0.05680331590870406
1o_02-06mai_2024-05-05_-30.5_-53.5,1o_02-06mai,2024-05-01 02:00:00,-6.9989041504839165,-62.376889616613695,917.7486032813848,303.0319636890237,0.05719053174240232
1o_02-06mai_2024-05-05_-30.5_-53.5,1o_02-06mai,2024-05-01 01:00:00,-6.942843692155399,-62.23369035533291,913.7530574050162,303.11789738395373,0.05682925161672269
1o_02-06mai_2024-05-05_-30.5_-53.5,1o_02-06mai,2024-05-01 00:00:00,-6.8931049192072935,-62.088223817479765,910.3996866942086,303.2736558745148,0.056582665156690304
1o_02-06mai_2024-05-05_-30.5_-53.5,1o_02-06mai,2024-04-30 23:00:00,-6.849388623627121,-61.946022597706744,907.6704017936302,303.5263666595718,0.05737615059348914
1o_02-06mai_2024-05-05_-30.5_-53.5,1o_02-06mai,2024-04-30 22:00:00,-6.810152836774396,-61.81425465587247,905.9664943893911,303.82015277287735,0.057944586860882386
1o_02-06mai_2024-05-05_-30.5_-53.5,1o_02-06mai,2024-04-30 21:00:00,-6.7753779168257315,-61.69253992088024,904.7486458347146,304.05638458297346,0.05834666564243805
1o_02-06mai_2024-05-05_-30.5_-53.5,1o_02-06mai,2024-04-30 20:00:00,-6.742687330933462,-61.57876096119851,903.120375359033,304.25335232874863,0.0587028288541908
1o_02-06mai_2024-05-05_-30.5_-53.5,1o_02-06mai,2024-04-30 19:00:00,-6.709514143742409,-61.46963003284585,901.5044060870307,304.4766597145358,0.05945399895058674
1o_02-06mai_2024-05-05_-30.5_-53.5,1o_02-06mai,2024-04-30 18:00:00,-6.672729924899782,-61.36010426560298,899.1703013047611,304.7262904667691,0.060512983912034427
1o_02-06mai_2024-05-05_-30.5_-53.5,1o_02-06mai,2024-04-30 17:00:00,-6.627607227743791,-61.237380634938255,896.4048472221955,304.81162857169727,0.06243203832752191
1o_02-06mai_2024-05-05_-30.5_-53.5,1o_02-06mai,2024-04-30 16:00:00,-6.57427194766228,-61.09352487575954,893.6722195351999,304.69367153443375,0.06359733903458116
1o_02-06mai_2024-05-05_-30.5_-53.5,1o_02-06mai,2024-04-30 15:00:00,-6.515124100572516,-60.9299409237956,890.7931034031047,304.54764721026737,0.06394202753872648
1o_02-06mai_2024-05-05_-30.5_-53.5,1o_02-06mai,2024-04-30 14:00:00,-6.454658526785615,-60.75059574766102,889.4551731717377,304.36931930014237,0.06346324668348598
1o_02-06mai_2024-05-05_-30.5_-53.5,1o_02-06mai,2024-04-30 13:00:00,-6.39633782584658,-60.55483741937632,889.0200866846485,304.16636706855024,0.06350653756225311
1o_02-06mai_2024-05-05_-30.5_-53.5,1o_02-06mai,2024-04-30 12:00:00,-6.339596635828512,-60.3404502181551,888.6573589874098,304.04082013378013,0.06288232718698494
1o_02-06mai_2024-05-05_-30.5_-53.5,1o_02-06mai,2024-04-30 11:00:00,-6.283634595881792,-60.12032230985517,888.9900156231753,304.107841911089,0.055717753334470786
1o_02-06mai_2024-05-05_-30.5_-53.5,1o_02-06mai,2024-04-30 10:00:00,-6.233027886862966,-59.91250261315421,890.9044577316546,304.242740735813,0.04955357101241404
1o_02-06mai_2024-05-05_-30.5_-53.5,1o_02-06mai,2024-04-30 09:00:00,-6.191815854316809,-59.717698594204585,893.5714822858654,304.31894618723067,0.04450879305664257
1o_02-06mai_2024-05-05_-30.5_-53.5,1o_02-06mai,2024-04-30 08:00:00,-6.160622889855292,-59.53450624733841,897.1593272786648,304.3426585218371,0.0404853489870547
1o_02-06mai_2024-05-05_-30.5_-53.5,1o_02-06mai,2024-04-30 07:00:00,-6.137723825198553,-59.36390388295301,901.066120626022,304.3117236561396,0.037465424760240076
1o_02-06mai_2024-05-05_-30.5_-53.5,1o_02-06mai,2024-04-30 06:00:00,-6.119240396797483,-59.20554657305681,904.2875054085349,304.2561664099866,0.03545936794074682
1o_02-06mai_2024-05-05_-30.5_-53.5,1o_02-06mai,2024-04-30 05:00:00,-6.101611328192035,-59.05770728842828,906.3745024311304,304.2288033282597,0.03424854726837474
1o_02-06mai_2024-05-05_-30.5_-53.5,1o_02-06mai,2024-04-30 04:00:00,-6.08616299720147,-58.91870792815952,907.6594643490107,304.2657000346034,0.03273945576986788
1o_02-06mai_2024-05-05_-30.5_-53.5,1o_02-06mai,2024-04-30 03:00:00,-6.074519532010758,-58.78594682758543,907.6247254672397,304.3169582787888,0.03097896792822256
1o_02-06mai_2024-05-05_-30.5_-53.5,1o_02-06mai,2024-04-30 02:00:00,-6.066554147731086,-58.65744206172785,906.1335932518743,304.40877831329357,0.02900126164901147
1o_02-06mai_2024-05-05_-30.5_-53.5,1o_02-06mai,2024-04-30 01:00:00,-6.062086715679311,-58.53568741446668,903.5585705515919,304.5119665813865,0.026818309316261283
1o_02-06mai_2024-05-05_-30.5_-53.5,1o_02-06mai,2024-04-30 00:00:00,-6.062603284718463,-58.42060911068248,899.912015537847,304.6693170229097,0.02479052029705523
1o_02-06mai_2024-05-05_-30.5_-53.5,1o_02-06mai,2024-04-29 23:00:00,-6.0698984538572445,-58.31278106473715,896.8682782587044,304.89834899298035,0.024960528978133223
1o_02-06mai_2024-05-05_-30.5_-53.5,1o_02-06mai,2024-04-29 22:00:00,-6.080544388312018,-58.208929494298324,894.7951541528801,305.0992611325499,0.024898814219050776
1o_02-06mai_2024-05-05_-30.5_-53.5,1o_02-06mai,2024-04-29 21:00:00,-6.0916256512677975,-58.104341609065784,894.5659393957112,305.2941538951363,0.024614142290911113
1o_02-06mai_2024-05-05_-30.5_-53.5,1o_02-06mai,2024-04-29 20:00:00,-6.1015139821504185,-58.00009612700161,896.3093291321929,305.42564369358854,0.02409056393879406
1o_02-06mai_2024-05-05_-30.5_-53.5,1o_02-06mai,2024-04-29 19:00:00,-6.107899185939504,-57.895544221024686,899.326230620397,305.4627504489917,0.023317571798765233
1o_02-06mai_2024-05-05_-30.5_-53.5,1o_02-06mai,2024-04-29 18:00:00,-6.1081778482284435,-57.786410202399445,902.8928632725052,305.4279002808924,0.022284796678662528
1o_02-06mai_2024-05-05_-30.5_-53.5,1o_02-06mai,2024-04-29 17:00:00,-6.097041861734877,-57.66312065930836,906.5711948704771,305.1981307750214,0.022844835151028888
1o_02-06mai_2024-05-05_-30.5_-53.5,1o_02-06mai,2024-04-29 16:00:00,-6.070489903650622,-57.52018794362639,909.6367268783087,304.82628677929046,0.023151268858049828
1o_02-06mai_2024-05-05_-30.5_-53.5,1o_02-06mai,2024-04-29 15:00:00,-6.031122101927515,-57.35906665155772,912.3242642198203,304.5223469361939,0.02312037862196163
1o_02-06mai_2024-05-05_-30.5_-53.5,1o_02-06mai,2024-04-29 14:00:00,-5.9827163570371145,-57.182013390649686,915.3300248708064,304.26800642171287,0.022998654294585724
1o_02-06mai_2024-05-05_-30.5_-53.5,1o_02-06mai,2024-04-29 13:00:00,-5.928689204449799,-56.984400843523765,917.7424061134626,303.9545426530993,0.02292236451360307
1o_02-06mai_2024-05-05_-30.5_-53.5,1o_02-06mai,2024-04-29 12:00:00,-5.869968863579562,-56.765802812421576,919.462484489472,303.57182888671707,0.022306110538412253
1o_02-06mai_2024-05-05_-30.5_-53.5,1o_02-06mai,2024-04-29 11:00:00,-5.8158856357566,-56.542259638668185,920.8203190202681,303.3028510063088,0.031242864078137266
1o_02-06mai_2024-05-05_-30.5_-53.5,1o_02-06mai,2024-04-29 10:00:00,-5.771447855103149,-56.33214448206959,921.5373812388464,303.1914286667526,0.03787429417314887
1o_02-06mai_2024-05-05_-30.5_-53.5,1o_02-06mai,2024-04-29 09:00:00,-5.732267141947414,-56.13841730361325,922.1772700510535,303.06607602134125,0.042564612351444986
1o_02-06mai_2024-05-05_-30.5_-53.5,1o_02-06mai,2024-04-29 08:00:00,-5.695534687920017,-55.956475368730864,924.0180426458646,302.98549859366653,0.045377724186692774
1o_02-06mai_2024-05-05_-30.5_-53.5,1o_02-06mai,2024-04-29 07:00:00,-5.658676734483611,-55.778256001144435,926.5327411505881,302.95734501224393,0.046316762788733985
1o_02-06mai_2024-05-05_-30.5_-53.5,1o_02-06mai,2024-04-29 06:00:00,-5.622123428332619,-55.59880649240158,928.9083061933015,303.01772186183695,0.045354831539811236
1o_02-06mai_2024-05-05_-30.5_-53.5,1o_02-06mai,2024-04-29 05:00:00,-5.588410678829068,-55.40849118476504,930.7619517821832,303.3270797406658,0.044793705272380725
1o_02-06mai_2024-05-05_-30.5_-53.5,1o_02-06mai,2024-04-29 04:00:00,-5.561505133711782,-55.21184637751892,932.3015558420735,303.5769773885547,0.04587265980268916
1o_02-06mai_2024-05-05_-30.5_-53.5,1o_02-06mai,2024-04-29 03:00:00,-5.5410825531563415,-55.015675716803734,933.8567978834316,303.8368423776257,0.047682355715038836
1o_02-06mai_2024-05-05_-30.5_-53.5,1o_02-06mai,2024-04-29 02:00:00,-5.526655925231305,-54.82505559765689,935.9934871139513,304.0954115449171,0.050251216700466124
1o_02-06mai_2024-05-05_-30.5_-53.5,1o_02-06mai,2024-04-29 01:00:00,-5.518699839460407,-54.643217854653145,938.7945596171252,304.30403494739164,0.05250507982091913
1o_02-06mai_2024-05-05_-30.5_-53.5,1o_02-06mai,2024-04-29 00:00:00,-5.519170414093634,-54.4689589341225,940.7680809562862,304.4270197745392,0.05337297245242763
1o_02-06mai_2024-05-05_-30.5_-53.5,1o_02-06mai,2024-04-28 23:00:00,-5.523188523209535,-54.30486957307194,941.9019257083055,304.3811407353951,0.054314532326824226
1o_02-06mai_2024-05-05_-30.5_-53.5,1o_02-06mai,2024-04-28 22:00:00,-5.52642094140904,-54.1548483672714,942.2772034608049,304.15441861744824,0.056471337539021504
1o_02-06mai_2024-05-05_-30.5_-53.5,1o_02-06mai,2024-04-28 21:00:00,-5.528226856772322,-54.01913018878035,942.3492578670559,303.9224639153971,0.05970147672289811
1o_02-06mai_2024-05-05_-30.5_-53.5,1o_02-06mai,2024-04-28 20:00:00,-5.52872372862765,-53.89699628727749,942.1876781997828,303.7126598794987,0.0629457096762768
1o_02-06mai_2024-05-05_-30.5_-53.5,1o_02-06mai,2024-04-28 19:00:00,-5.528469933648619,-53.78655263799888,941.9121589919687,303.55182558037944,0.0661072866547796
1o_02-06mai_2024-05-05_-30.5_-53.5,1o_02-06mai,2024-04-28 18:00:00,-5.5272723953746326,-53.68748563402254,941.5400568527499,303.4041776327382,0.06929720574670502
1o_02-06mai_2024-05-05_-30.5_-53.5,1o_02-06mai,2024-04-28 17:00:00,-5.517057058905595,-53.5914888811933,941.3168352774798,303.09788367695444,0.07050217620176623
1o_02-06mai_2024-05-05_-30.5_-53.5,1o_02-06mai,2024-04-28 16:00:00,-5.489408616504955,-53.490292310218756,941.2908336555373,302.62277375228035,0.07192494113814801
1o_02-06mai_2024-05-05_-30.5_-53.5,1o_02-06mai,2024-04-28 15:00:00,-5.445989243495569,-53.38279034734879,941.4143623497196,302.1081578720655,0.07367210806825444
1o_02-06mai_2024-05-05_-30.5_-53.5,1o_02-06mai,2024-04-28 14:00:00,-5.387931831748005,-53.26572365712125,941.7738015384089,301.62381188332813,0.0756916775592079
1o_02-06mai_2024-05-05_-30.5_-53.5,1o_02-06mai,2024-04-28 13:00:00,-5.317230042854178,-53.13698748471124,942.175296275119,301.2064132834442,0.07706439552832413
1o_02-06mai_2024-05-05_-30.5_-53.5,1o_02-06mai,2024-04-28 12:00:00,-5.237349295544889,-52.99696408356598,941.80603015324,300.8808477897542,0.07799937654347534
1o_02-06mai_2024-05-05_-28.5_-51.0,1o_02-06mai,2024-05-05 12:00:00,-28.5,-51.0,850.0,306.17225608877436,0.08143345266580582
1o_02-06mai_2024-05-05_-28.5_-51.0,1o_02-06mai,2024-05-05 11:00:00,-28.066740697340567,-51.25863986616765,845.9153387385303,306.38922099807036,0.07918222845221815
1o_02-06mai_2024-05-05_-28.5_-51.0,1o_02-06mai,2024-05-05 10:00:00,-27.655024753222268,-51.47387364311179,850.0442661555659,306.69140347891334,0.06887467177005292
1o_02-06mai_2024-05-05_-28.5_-51.0,1o_02-06mai,2024-05-05 09:00:00,-27.267518800172905,-51.65805668046747,853.6302562131614,306.6664437432405,0.05743297833204379
1o_02-06mai_2024-05-05_-28.5_-51.0,1o_02-06mai,2024-05-05 08:00:00,-26.835035677780283,-51.79125094623843,832.6425331154923,306.94521842675204,0.04563582388182437
1o_02-06mai_2024-05-05_-28.5_-51.0,1o_02-06mai,2024-05-05 07:00:00,-26.435938035592123,-51.82871783877959,821.3019752913883,307.37729525088304,0.03841883408087536
1o_02-06mai_2024-05-05_-28.5_-51.0,1o_02-06mai,2024-05-05 06:00:00,-26.07815206853782,-51.84708815634441,823.8455397762591,307.6056338807478,0.035990717130492726
1o_02-06mai_2024-05-05_-28.5_-51.0,1o_02-06mai,2024-05-05 05:00:00,-25.743185735264934,-51.87415901164423,828.0834402408287,307.6647901555332,0.037392258539093955
1o_02-06mai_2024-05-05_-28.5_-51.0,1o_02-06mai,2024-05-05 04:00:00,-25.424582188462566,-51.88845375467473,827.8872225679975,307.68860708788975,0.03810578537520781
1o_02-06mai_2024-05-05_-28.5_-51.0,1o_02-06mai,2024-05-05 03:00:00,-25.12340710564357,-51.88428901806483,821.2434325873378,308.01497270357953,0.039237261502480913
1o_02-06mai_2024-05-05_-28.5_-51.0,1o_02-06mai,2024-05-05 02:00:00,-24.850844009112727,-51.86974801456021,818.6936063466383,308.3641892698712,0.03943093834472733
1o_02-06mai_2024-05-05_-28.5_-51.0,1o_02-06mai,2024-05-05 01:00:00,-24.608899041056777,-51.85219992418106,819.9867406260048,308.46220703346705,0.039652544860781735
1o_02-06mai_2024-05-05_-28.5_-51.0,1o_02-06mai,2024-05-05 00:00:00,-24.390549262969557,-51.83189953678614,820.672664062102,308.5346041331116,0.039802671755340926
1o_02-06mai_2024-05-05_-28.5_-51.0,1o_02-06mai,2024-05-04 23:00:00,-24.18562965545349,-51.816693299041496,821.2298777828031,308.64997641794287,0.04090761549589999
1o_02-06mai_2024-05-05_-28.5_-51.0,1o_02-06mai,2024-05-04 22:00:00,-23.987338441405342,-51.81415810859536,823.1251897674314,308.7233099778523,0.0415471442661866
1o_02-06mai_2024-05-05_-28.5_-51.0,1o_02-06mai,2024-05-04 21:00:00,-23.792478274871854,-51.82182036605731,825.736422793765,308.76165047485256,0.042243397979199654
1o_02-06mai_2024-05-05_-28.5_-51.0,1o_02-06mai,2024-05-04 20:00:00,-23.599044156503076,-51.8380776755111,827.5170166536403,308.79441926150974,0.04266985725666077
1o_02-06mai_2024-05-05_-28.5_-51.0,1o_02-06mai,2024-05-04 19:00:00,-23.40701002498231,-51.86395609221873,826.245345383305,308.83474595171765,0.04279332121838439
1o_02-06mai_2024-05-05_-28.5_-51.0,1o_02-06mai,2024-05-04 18:00:00,-23.22021816486424,-51.90459914008202,821.9362556374406,308.86881550274126,0.042514809773394946
1o_02-06mai_2024-05-05_-28.5_-51.0,1o_02-06mai,2024-05-04 17:00:00,-23.029594568892556,-51.94961903142496,816.5533763980953,308.8961150858838,0.0425102723562307
1o_02-06mai_2024-05-05_-28.5_-51.0,1o_02-06mai,2024-05-04 16:00:00,-22.82790837865873,-51.98422674413917,812.3647741993568,308.91487528906185,0.042465546990931066
1o_02-06mai_2024-05-05_-28.5_-51.0,1o_02-06mai,2024-05-04 15:00:00,-22.620152538266456,-52.00571470143231,810.4711445737588,308.9427693908774,0.04232481287694688
1o_02-06mai_2024-05-05_-28.5_-51.0,1o_02-06mai,2024-05-04 14:00:00,-22.40595726373022,-52.01175613641621,811.1686259056144,308.9399478231105,0.04213421155797459
1o_02-06mai_2024-05-05_-28.5_-51.0,1o_02-06mai,2024-05-04 13:00:00,-22.186898494917966,-52.00213358898386,812.5139508219353,308.8927530360895,0.04182451432264855
1o_02-06mai_2024-05-05_-28.5_-51.0,1o_02-06mai,2024-05-04 12:00:00,-21.96734749437557,-51.97755696337078,812.760620169467,308.829811578847,0.04129119172914385
1o_02-06mai_2024-05-05_-28.5_-51.0,1o_02-06mai,2024-05-04 11:00:00,-21.750620351430175,-51.947547240252334,812.4079474598396,308.82963575620585,0.039061142924181745
1o_02-06mai_2024-05-05_-28.5_-51.0,1o_02-06mai,2024-05-04 10:00:00,-21.541718412274765,-51.92045376348912,812.2894588636943,308.8843356768853,0.037088273150860857
1o_02-06mai_2024-05-05_-28.5_-51.0,1o_02-06mai,2024-05-04 09:00:00,-21.34301946239924,-51.89654046552006,812.1983824402558,308.93084512928095,0.035179311351028406
1o_02-06mai_2024-05-05_-28.5_-51.0,1o_02-06mai,2024-05-04 08:00:00,-21.15873307712496,-51.87630003500292,811.4794474791398,308.98282948957154,0.0333204770923206
1o_02-06mai_2024-05-05_-28.5_-51.0,1o_02-06mai,2024-05-04 07:00:00,-20.989870970069948,-51.85906376638213,810.7024039942609,309.0675473758499,0.031470903160756396
1o_02-06mai_2024-05-05_-28.5_-51.0,1o_02-06mai,2024-05-04 06:00:00,-20.838133325701644,-51.844847486339525,809.6234307094203,309.1359722458598,0.029174401346286634
1o_02-06mai_2024-05-05_-28.5_-51.0,1o_02-06mai,2024-05-04 05:00:00,-20.694429888760812,-51.831577399949055,808.085736290479,309.2340478655305,0.02890214591811673
1o_02-06mai_2024-05-05_-28.5_-51.0,1o_02-06mai,2024-05-04 04:00:00,-20.544381029510177,-51.815016318161355,805.9196915285968,309.36278446582935,0.02850524593797248
1o_02-06mai_2024-05-05_-28.5_-51.0,1o_02-06mai,2024-05-04 03:00:00,-20.382679502306694,-51.79211468568875,803.2030013475123,309.51704273712994,0.02790728687385136
1o_02-06mai_2024-05-05_-28.5_-51.0,1o_02-06mai,2024-05-04 02:00:00,-20.205178554029438,-51.76034413590625,800.1038504375043,309.70629316454284,0.027038417211862432
1o_02-06mai_2024-05-05_-28.5_-51.0,1o_02-06mai,2024-05-04 01:00:00,-20.01431906205826,-51.71708775276697,796.1295134836879,309.89512904563475,0.02630972748433416
1o_02-06mai_2024-05-05_-28.5_-51.0,1o_02-06mai,2024-05-04 00:00:00,-19.82165756812995,-51.66270279096407,790.5930783249985,310.0926290093781,0.025707950259209546
1o_02-06mai_2024-05-05_-28.5_-51.0,1o_02-06mai,2024-05-03 23:00:00,-19.64905240627146,-51.60171534406891,783.6059900696994,310.15481489316466,0.026147841509243326
1o_02-06mai_2024-05-05_-28.5_-51.0,1o_02-06mai,2024-05-03 22:00:00,-19.504385398876302,-51.54279341681587,776.2685427358775,310.2283889638442,0.02656499858180802
1o_02-06mai_2024-05-05_-28.5_-51.0,1o_02-06mai,2024-05-03 21:00:00,-19.378884742505303,-51.49137749110023,769.1018826043418,310.46508981809757,0.027006336163201444
1o_02-06mai_2024-05-05_-28.5_-51.0,1o_02-06mai,2024-05-03 20:00:00,-19.266270980163824,-51.44972349676236,762.6677005916563,310.7638072180413,0.027257739510556257
1o_02-06mai_2024-05-05_-28.5_-51.0,1o_02-06mai,2024-05-03 19:00:00,-19.161603972768333,-51.418416837837015,756.963580647147,311.07979479411455,0.027300447951178565
1o_02-06mai_2024-05-05_-28.5_-51.0,1o_02-06mai,2024-05-03 18:00:00,-19.063339129282244,-51.3975091276468,751.9961141923676,311.416904911666,0.027142248564551538
1o_02-06mai_2024-05-05_-28.5_-51.0,1o_02-06mai,2024-05-03 17:00:00,-18.96985684628868,-51.38522276681275,747.8607047174575,311.5109017580977,0.02770182133739923
1o_02-06mai_2024-05-05_-28.5_-51.0,1o_02-06mai,2024-05-03 16:00:00,-18.877527438413438,-51.38045717567916,744.2197814926034,311.21259007289996,0.027981699693914442
1o_02-06mai_2024-05-05_-28.5_-51.0,1o_02-06mai,2024-05-03 15:00:00,-18.784685218808225,-51.38469681538463,740.9719270167476,310.86387114061034,0.02795671285738947
1o_02-06mai_2024-05-05_-28.5_-51.0,1o_02-06mai,2024-05-03 14:00:00,-18.689739475381796,-51.399441198484986,738.0534576612878,310.4830567378793,0.027884436819043464
1o_02-06mai_2024-05-05_-28.5_-51.0,1o_02-06mai,2024-05-03 13:00:00,-18.59038243985909,-51.425119509863976,735.3316656037283,310.0828793437422,0.02765430387215301
1o_02-06mai_2024-05-05_-28.5_-51.0,1o_02-06mai,2024-05-03 12:00:00,-18.485682597410904,-51.462395851876956,732.8280491338872,309.73475943978036,0.02710890640387391
1o_02-06mai_2024-05-05_-28.5_-51.0,1o_02-06mai,2024-05-03 11:00:00,-18.378410279248428,-51.49643345350201,730.7161838580938,309.7489151266511,0.02671270303663181
1o_02-06mai_2024-05-05_-28.5_-51.0,1o_02-06mai,2024-05-03 10:00:00,-18.2746143718132,-51.51385986016972,729.1170645077526,310.10546552798183,0.02662990651916406
1o_02-06mai_2024-05-05_-28.5_-51.0,1o_02-06mai,2024-05-03 09:00:00,-18.175881124832117,-51.51702521583986,727.9508405111134,310.45590779221396,0.026816050445258637
1o_02-06mai_2024-05-05_-28.5_-51.0,1o_02-06mai,2024-05-03 08:00:00,-18.08176309646754,-51.508308243072484,727.1088333302338,310.8055999289815,0.027211009215997624
1o_02-06mai_2024-05-05_-28.5_-51.0,1o_02-06mai,2024-05-03 07:00:00,-17.99080196788541,-51.49036907987233,726.528802657269,311.13618242902663,0.027807826258291056
1o_02-06mai_2024-05-05_-28.5_-51.0,1o_02-06mai,2024-05-03 06:00:00,-17.89982585245105,-51.46331275035018,725.9491360907833,311.3847041926331,0.028898671774047577
1o_02-06mai_2024-05-05_-28.5_-51.0,1o_02-06mai,2024-05-03 05:00:00,-17.8051496554351,-51.43393554715242,725.0026900500382,311.50836098713035,0.0289756249916712
1o_02-06mai_2024-05-05_-28.5_-51.0,1o_02-06mai,2024-05-03 04:00:00,-17.706581880120236,-51.40888308335877,723.5274703438546,311.63458131523043,0.028961840152219788
1o_02-06mai_2024-05-05_-28.5_-51.0,1o_02-06mai,2024-05-03 03:00:00,-17.608610784980893,-51.38415369689943,721.8460696327724,311.7858063298276,0.028871020247764827
1o_02-06mai_2024-05-05_-28.5_-51.0,1o_02-06mai,2024-05-03 02:00:00,-17.51023786489848,-51.35839821743966,720.0630127871684,311.9693100978855,0.028685010542302738
1o_02-06mai_2024-05-05_-28.5_-51.0,1o_02-06mai,2024-05-03 01:00:00,-17.411333871214488,-51.33096856007924,718.5627564040814,312.2477698696627,0.028391352922400043
1o_02-06mai_2024-05-05_-28.5_-51.0,1o_02-06mai,2024-05-03 00:00:00,-17.311126074919702,-51.301364331976266,717.9218819480853,312.6116053373501,0.027969258619362978
1o_02-06mai_2024-05-05_-28.5_-51.0,1o_02-06mai,2024-05-02 23:00:00,-17.206984305074624,-51.27227673344737,718.3247351218863,312.813861758554,0.028001274868365383
1o_02-06mai_2024-05-05_-28.5_-51.0,1o_02-06mai,2024-05-02 22:00:00,-17.098600559847394,-51.253915074060046,719.3649592833121,312.98258419862395,0.02831803822317768
1o_02-06mai_2024-05-05_-28.5_-51.0,1o_02-06mai,2024-05-02 21:00:00,-16.98421641538467,-51.24578669012046,720.8560036301699,313.1974729419065,0.02847514154975244
1o_02-06mai_2024-05-05_-28.5_-51.0,1o_02-06mai,2024-05-02 20:00:00,-16.86405674784547,-51.24610192709415,722.0521114174851,313.30722091398735,0.028460554552228814
1o_02-06mai_2024-05-05_-28.5_-51.0,1o_02-06mai,2024-05-02 19:00:00,-16.738882688714096,-51.25231750969029,722.5142066411559,313.35804161002955,0.02827096919789655
1o_02-06mai_2024-05-05_-28.5_-51.0,1o_02-06mai,2024-05-02 18:00:00,-16.610366674902306,-51.260187379678776,722.5035567218468,313.3919266137358,0.027914558631210267
1o_02-06mai_2024-05-05_-28.5_-51.0,1o_02-06mai,2024-05-02 17:00:00,-16.475227862781974,-51.255729574303736,722.2036856569357,313.271751264733,0.028305120182000692
1o_02-06mai_2024-05-05_-28.5_-51.0,1o_02-06mai,2024-05-02 16:00:00,-16.326722630268552,-51.226969605243646,721.8029712407945,313.0647598581555,0.02892852969161175
1o_02-06mai_2024-05-05_-28.5_-51.0,1o_02-06mai,2024-05-02 15:00:00,-16.163879532857052,-51.176027492211524,721.5519620015164,312.8717066503833,0.028944258523454548
1o_02-06mai_2024-05-05_-28.5_-51.0,1o_02-06mai,2024-05-02 14:00:00,-15.986697243335605,-51.10777653094525,720.9784737855957,312.6906184890892,0.028227337044529833
1o_02-06mai_2024-05-05_-28.5_-51.0,1o_02-06mai,2024-05-02 13:00:00,-15.80022896796615,-51.02621665869248,720.2570939928637,312.51292644996306,0.026675516126460325
1o_02-06mai_2024-05-05_-28.5_-51.0,1o_02-06mai,2024-05-02 12:00:00,-15.610356338466135,-50.93464451748206,719.6912906220384,312.3573874432545,0.025623409100728765
1o_02-06mai_2024-05-05_-28.5_-51.0,1o_02-06mai,2024-05-02 11:00:00,-15.430466776270519,-50.83967085349991,719.0914919376265,312.30917542712064,0.025680087804253925
1o_02-06mai_2024-05-05_-28.5_-51.0,1o_02-06mai,2024-05-02 10:00:00,-15.270155996736367,-50.74205913215346,718.1151269293832,312.3817026348973,0.025815440155391948
1o_02-06mai_2024-05-05_-28.5_-51.0,1o_02-06mai,2024-05-02 09:00:00,-15.124322374297886,-50.637311133595944,717.3387337597833,312.5124059068792,0.025943506437788186
1o_02-06mai_2024-05-05_-28.5_-51.0,1o_02-06mai,2024-05-02 08:00:00,-14.987605309090403,-50.52058862414626,716.9136465029986,312.61201941303005,0.025983274964006136
1o_02-06mai_2024-05-05_-28.5_-51.0,1o_02-06mai,2024-05-02 07:00:00,-14.854156207904989,-50.38865416152903,716.4407175367252,312.72767734622795,0.02595282783417197
1o_02-06mai_2024-05-05_-28.5_-51.0,1o_02-06mai,2024-05-02 06:00:00,-14.713416653250329,-50.23819374056008,715.3403103439189,312.91649642143574,0.025738552052739932
1o_02-06mai_2024-05-05_-28.5_-51.0,1o_02-06mai,2024-05-02 05:00:00,-14.563939680245408,-50.06712487062967,713.2103062100686,313.15836486381795,0.02490841720890067
1o_02-06mai_2024-05-05_-28.5_-51.0,1o_02-06mai,2024-05-02 04:00:00,-14.418099812283312,-49.875399769455626,709.7861240466221,313.3752840446635,0.02442753936385937
1o_02-06mai_2024-05-05_-28.5_-51.0,1o_02-06mai,2024-05-02 03:00:00,-14.292310401573472,-49.64141336827126,704.10957092101,313.35918211948336,0.024111831527407434
1o_02-06mai_2024-05-05_-28.5_-51.0,1o_02-06mai,2024-05-02 02:00:00,-14.20185058535228,-49.34736539379179,694.8756220566034,312.5760293115941,0.023555345538660347
1o_02-06mai_2024-05-05_-28.5_-51.0,1o_02-06mai,2024-05-02 01:00:00,-14.161054696018272,-49.05275241996358,688.6101284876827,311.89151700087285,0.022886880742537467
1o_02-06mai_2024-05-05_-28.5_-51.0,1o_02-06mai,2024-05-02 00:00:00,-14.141796910889394,-48.794080303352224,684.5350386146795,312.3012364881799,0.022182386241885187
1o_02-06mai_2024-05-05_-28.5_-51.0,1o_02-06mai,2024-05-01 23:00:00,-14.129306384585508,-48.55346342505944,680.3269973752434,313.1289873615035,0.02164904723936251
1o_02-06mai_2024-05-05_-28.5_-51.0,1o_02-06mai,2024-05-01 22:00:00,-14.119491203892611,-48.31269253577387,675.6556632795281,313.8681890112827,0.021025872187422346
1o_02-06mai_2024-05-05_-28.5_-51.0,1o_02-06mai,2024-05-01 21:00:00,-14.104861675099226,-48.06858981973833,673.3633664583818,314.39437532561976,0.02023629354563322
1o_02-06mai_2024-05-05_-28.5_-51.0,1o_02-06mai,2024-05-01 20:00:00,-14.081250892088908,-47.83283305182505,675.3057236289073,314.28930478377424,0.01995562283676371
1o_02-06mai_2024-05-05_-28.5_-51.0,1o_02-06mai,2024-05-01 19:00:00,-14.053108020083597,-47.634894415728624,675.6782398118454,313.93255488239475,0.019913468169951157
1o_02-06mai_2024-05-05_-28.5_-51.0,1o_02-06mai,2024-05-01 18:00:00,-14.02596416892052,-47.47070659536968,673.244063533257,314.0008793358696,0.01987531138359506
1o_02-06mai_2024-05-05_-28.5_-51.0,1o_02-06mai,2024-05-01 17:00:00,-14.002636427081882,-47.288088498063765,670.7561810526332,314.5277180790079,0.01965285197672758
1o_02-06mai_2024-05-05_-28.5_-51.0,1o_02-06mai,2024-05-01 16:00:00,-13.989925338997253,-47.06678862318455,668.6644368501765,315.0686475683136,0.019504075766789468
1o_02-06mai_2024-05-05_-28.5_-51.0,1o_02-06mai,2024-05-01 15:00:00,-13.992099409305288,-46.82534180219047,665.9780472902763,315.4955544130927,0.01942116683533109
1o_02-06mai_2024-05-05_-28.5_-51.0,1o_02-06mai,2024-05-01 14:00:00,-14.006447747292055,-46.566772760857745,664.6318342178423,315.802096163335,0.019319745700480468
1o_02-06mai_2024-05-05_-28.5_-51.0,1o_02-06mai,2024-05-01 13:00:00,-14.025249912541016,-46.29854395968803,663.7173076964275,315.93405283603846,0.01931157399239206
1o_02-06mai_2024-05-05_-28.5_-51.0,1o_02-06mai,2024-05-01 12:00:00,-14.044522492669767,-46.02626790152081,662.2808537106739,316.3836848877478,0.019576817085839616
1o_02-06mai_2024-05-05_-28.5_-51.0,1o_02-06mai,2024-05-01 11:00:00,-14.062891045423674,-45.7459723787249,661.9545409603463,316.6308251591496,0.018963353945791617
1o_02-06mai_2024-05-05_-28.5_-51.0,1o_02-06mai,2024-05-01 10:00:00,-14.075540220467898,-45.46239598454233,661.0152276280245,316.54581858363713,0.018880129487323597
1o_02-06mai_2024-05-05_-28.5_-51.0,1o_02-06mai,2024-05-01 09:00:00,-14.079821473770018,-45.17239568620584,659.7664512843596,316.5953504889033,0.018803094975724004
1o_02-06mai_2024-05-05_-28.5_-51.0,1o_02-06mai,2024-05-01 08:00:00,-14.070248203414824,-44.87719536934847,659.0193548714385,316.7280519511007,0.018467319199752415
1o_02-06mai_2024-05-05_-28.5_-51.0,1o_02-06mai,2024-05-01 07:00:00,-14.043672324773704,-44.57857141091855,659.1510792704424,316.84846170068323,0.01819332460341161
1o_02-06mai_2024-05-05_-28.5_-51.0,1o_02-06mai,2024-05-01 06:00:00,-14.003279373902195,-44.27997134555991,658.2849990946294,316.87641269156154,0.01851756137641221
1o_02-06mai_2024-05-05_-28.5_-51.0,1o_02-06mai,2024-05-01 05:00:00,-13.972879949917605,-43.982718459783214,658.2119683024708,316.8519622302372,0.0184664032983771
1o_02-06mai_2024-05-05_-28.5_-51.0,1o_02-06mai,2024-05-01 04:00:00,-13.963476673286708,-43.685526726845225,658.4571028128188,316.6909368050105,0.01824010090415414
1o_02-06mai_2024-05-05_-28.5_-51.0,1o_02-06mai,2024-05-01 03:00:00,-13.960479594705323,-43.38843668376311,657.3695300690962,316.5056671222096,0.017788270459562567
1o_02-06mai_2024-05-05_-28.5_-51.0,1o_02-06mai,2024-05-01 02:00:00,-13.949111478096308,-43.086544938669874,656.1230437064213,316.47523301091536,0.01763326166178738
1o_02-06mai_2024-05-05_-28.5_-51.0,1o_02-06mai,2024-05-01 01:00:00,-13.914975401178522,-42.788796078910984,658.0649283017977,316.35825833207235,0.018027030383488393
1o_02-06mai_2024-05-05_-28.5_-51.0,1o_02-06mai,2024-05-01 00:00:00,-13.853770685118969,-42.496337864185605,657.9474299611925,316.15441982335193,0.01879927640701074
1o_02-06mai_2024-05-05_-28.5_-51.0,1o_02-06mai,2024-04-30 23:00:00,-13.792034449089872,-42.19440927019499,659.0892442031029,316.3294554881242,0.018996408464998754
1o_02-06mai_2024-05-05_-28.5_-51.0,1o_02-06mai,2024-04-30 22:00:00,-13.742468260774446,-41.881704348107,658.75271977723,316.73448515920165,0.019376483131663808
1o_02-06mai_2024-05-05_-28.5_-51.0,1o_02-06mai,2024-04-30 21:00:00,-13.706807169693171,-41.55690013010948,660.1432828055295,316.95116981442453,0.020556239824209205
1o_02-06mai_2024-05-05_-28.5_-51.0,1o_02-06mai,2024-04-30 20:00:00,-13.68528675909805,-41.219686254041804,652.7060011761093,316.90189616728725,0.02243268995838592
1o_02-06mai_2024-05-05_-28.5_-51.0,1o_02-06mai,2024-04-30 19:00:00,-13.693335314396187,-40.87845881713381,656.1336909525388,317.4651223075508,0.024097183767055157
1o_02-06mai_2024-05-05_-28.5_-51.0,1o_02-06mai,2024-04-30 18:00:00,-13.691049021966544,-40.518031433126254,650.6190194460471,316.808723645526,0.02665891953824663
1o_02-06mai_2024-05-05_-28.5_-51.0,1o_02-06mai,2024-04-30 17:00:00,-13.717075430331466,-40.153423309938695,651.2053817328735,317.47886112794384,0.025412651161651194
1o_02-06mai_2024-05-05_-28.5_-51.0,1o_02-06mai,2024-04-30 16:00:00,-13.765371304735622,-39.793739122111056,649.6704566834944,317.50007580962784,0.025614258135703175
1o_02-06mai_2024-05-05_-28.5_-51.0,1o_02-06mai,2024-04-30 15:00:00,-13.837974242016077,-39.447566398974054,649.2306186369781,317.73155702706634,0.025350315001763473
1o_02-06mai_2024-05-05_-28.5_-51.0,1o_02-06mai,2024-04-30 14:00:00,-13.918801393595947,-39.10563660075323,647.0996843686104,317.9135190330781,0.025605216846177718
1o_02-06mai_2024-05-05_-28.5_-51.0,1o_02-06mai,2024-04-30 13:00:00,-13.998296163740077,-38.759239940892435,646.3251153082907,318.09279538792185,0.02537291535762464
1o_02-06mai_2024-05-05_-28.5_-51.0,1o_02-06mai,2024-04-30 12:00:00,-14.081974278852847,-38.4183437377931,644.3258745502663,318.2632639933148,0.02460422273045499
1o_02-06mai_2024-05-05_-28.5_-51.0,1o_02-06mai,2024-04-30 11:00:00,-14.183709294771488,-38.0749208652793,643.0832371111179,318.63523850030145,0.022206785350288045
1o_02-06mai_2024-05-05_-28.5_-51.0,1o_02-06mai,2024-04-30 10:00:00,-14.300391504376018,-37.726807973654154,641.6800760315757,318.775459588835,0.02035791487005264
1o_02-06mai_2024-05-05_-28.5_-51.0,1o_02-06mai,2024-04-30 09:00:00,-14.427204268141239,-37.38998573250487,640.9991098792282,318.8822664968379,0.01870184905624289
1o_02-06mai_2024-05-05_-28.5_-51.0,1o_02-06mai,2024-04-30 08:00:00,-14.559796960717973,-37.07044180490364,640.6150174407147,318.92443311411273,0.017316384172847935
1o_02-06mai_2024-05-05_-28.5_-51.0,1o_02-06mai,2024-04-30 07:00:00,-14.696823884795057,-36.76589826550313,639.9392449965226,318.9823541590297,0.015825650256737822
1o_02-06mai_2024-05-05_-28.5_-51.0,1o_02-06mai,2024-04-30 06:00:00,-14.835764885717099,-36.47505380150531,638.7367293617576,319.0776958168512,0.014563655370552323
1o_02-06mai_2024-05-05_-28.5_-51.0,1o_02-06mai,2024-04-30 05:00:00,-14.97773149996187,-36.19149642257327,636.971640557754,319.21328685297146,0.0146129162554792
1o_02-06mai_2024-05-05_-28.5_-51.0,1o_02-06mai,2024-04-30 04:00:00,-15.126924647892709,-35.91300593379801,634.8817363156165,319.3833220525545,0.014653396864207746
1o_02-06mai_2024-05-05_-28.5_-51.0,1o_02-06mai,2024-04-30 03:00:00,-15.286524202505902,-35.64143561628383,632.7114169244678,319.52990649805963,0.014927160491801494
1o_02-06mai_2024-05-05_-28.5_-51.0,1o_02-06mai,2024-04-30 02:00:00,-15.460515710540497,-35.377379988010205,630.687838839467,319.67017372517444,0.01548583407438244
1o_02-06mai_2024-05-05_-28.5_-51.0,1o_02-06mai,2024-04-30 01:00:00,-15.652026979130712,-35.12005504435209,628.9840980601482,319.81081561582835,0.01635756444162103
1o_02-06mai_2024-05-05_-28.5_-51.0,1o_02-06mai,2024-04-30 00:00:00,-15.86327555901866,-34.865930345763935,627.6756064699957,319.9144114663412,0.017421769966164707
1o_02-06mai_2024-05-05_-28.5_-51.0,1o_02-06mai,2024-04-29 23:00:00,-16.083411783164372,-34.6126282180255,626.1216394678423,319.9531189256035,0.01739194556950163
1o_02-06mai_2024-05-05_-28.5_-51.0,1o_02-06mai,2024-04-29 22:00:00,-16.29889748255896,-34.36995011853616,624.8954997186821,319.99088199243255,
1o_02-06mai_2024-05-05_-28.5_-51.0,1o_02-06mai,2024-04-29 21:00:00,-16.511233660966848,-34.14715989465863,623.2317111265673,320.0543444353394,
1o_02-06mai_2024-05-05_-31.0_-54.5,1o_02-06mai,2024-05-05 12:00:00,-31.0,-54.5,850.0,301.70207292076674,0.0861278548836708
1o_02-06mai_2024-05-05_-31.0_-54.5,1o_02-06mai,2024-05-05 11:00:00,-30.6732281907894,-54.92292247825319,851.4628836301829,301.78262750470464,0.0902000571940601
1o_02-06mai_2024-05-05_-31.0_-54.5,1o_02-06mai,2024-05-05 10:00:00,-30.320507313976158,-55.37409748947576,851.9228158168954,301.9450866007314,0.09402240982150258
1o_02-06mai_2024-05-05_-31.0_-54.5,1o_02-06mai,2024-05-05 09:00:00,-29.924203054791615,-55.86801858678537,851.8030071536532,302.6327526555442,0.09459220670360449
1o_02-06mai_2024-05-05_-31.0_-54.5,1o_02-06mai,2024-05-05 08:00:00,-29.493422463226903,-56.35946754134642,850.8302914642612,303.1982853514759,0.09461821676147351
1o_02-06mai_2024-05-05_-31.0_-54.5,1o_02-06mai,2024-05-05 07:00:00,-29.0404729004843,-56.80943196787221,849.9173323081725,303.44133413708,0.08768064444201187
1o_02-06mai_2024-05-05_-31.0_-54.5,1o_02-06mai,2024-05-05 06:00:00,-28.58583831197244,-57.19960131236098,847.3992035785657,303.3961827003321,0.08512002119712281
1o_02-06mai_2024-05-05_-31.0_-54.5,1o_02-06mai,2024-05-05 05:00:00,-28.153758472550606,-57.54518851723463,846.0159761794156,303.26801831404924,0.08593307171045445
1o_02-06mai_2024-05-05_-31.0_-54.5,1o_02-06mai,2024-05-05 04:00:00,-27.726315041088405,-57.86906962229972,845.245719793712,303.1567070544083,0.083719206188469
1o_02-06mai_2024-05-05_-31.0_-54.5,1o_02-06mai,2024-05-05 03:00:00,-27.289037205905725,-58.19157547792128,843.9139490470575,303.3010204764559,0.0820308269803389
1o_02-06mai_2024-05-05_-31.0_-54.5,1o_02-06mai,2024-05-05 02:00:00,-26.83287226572276,-58.514691814691226,843.7887936688352,303.5413163297994,0.08213760350049235
1o_02-06mai_2024-05-05_-31.0_-54.5,1o_02-06mai,2024-05-05 01:00:00,-26.353921757884585,-58.83829317642455,843.2913639867768,303.669412119952,0.08680307192211374
1o_02-06mai_2024-05-05_-31.0_-54.5,1o_02-06mai,2024-05-05 00:00:00,-25.865207113972804,-59.15456881628791,841.9931124225981,303.6455856615392,0.09050680996512378
1o_02-06mai_2024-05-05_-31.0_-54.5,1o_02-06mai,2024-05-04 23:00:00,-25.373378159555745,-59.45988463254977,840.0101807020176,303.5138909053512,0.09541619584054735
1o_02-06mai_2024-05-05_-31.0_-54.5,1o_02-06mai,2024-05-04 22:00:00,-24.86905348245935,-59.75030378468742,837.2204018841458,303.3842248487809,0.09530204608760906
1o_02-06mai_2024-05-05_-31.0_-54.5,1o_02-06mai,2024-05-04 21:00:00,-24.372958255909207,-60.020506589668884,832.948872656265,303.5235435700602,0.09411713530845343
1o_02-06mai_2024-05-05_-31.0_-54.5,1o_02-06mai,2024-05-04 20:00:00,-23.89794737632085,-60.272628224178625,829.6756671600622,303.93052620928415,0.09085828552899165
1o_02-06mai_2024-05-05_-31.0_-54.5,1o_02-06mai,2024-05-04 19:00:00,-23.443181801180664,-60.50874698621463,826.8846235727991,304.2866224602282,0.09056940157480654
1o_02-06mai_2024-05-05_-31.0_-54.5,1o_02-06mai,2024-05-04 18:00:00,-23.005938307272768,-60.73070184930419,822.7925473914346,304.4267687564119,0.09165996894200779
1o_02-06mai_2024-05-05_-31.0_-54.5,1o_02-06mai,2024-05-04 17:00:00,-22.593265220670418,-60.94579196432755,818.6316396193364,304.6143888406006,0.09603524230933494
1o_02-06mai_2024-05-05_-31.0_-54.5,1o_02-06mai,2024-05-04 16:00:00,-22.213765471309976,-61.15229253466832,815.8882774099701,304.5610303187911,0.1005642579964593
1o_02-06mai_2024-05-05_-31.0_-54.5,1o_02-06mai,2024-05-04 15:00:00,-21.869856296673532,-61.34261753373112,814.5596859747047,304.233901520874,0.10420135421063703
1o_02-06mai_2024-05-05_-31.0_-54.5,1o_02-06mai,2024-05-04 14:00:00,-21.5631367528798,-61.50757591548353,813.9844733330931,303.7553135776257,0.10538439166117458
1o_02-06mai_2024-05-05_-31.0_-54.5,1o_02-06mai,2024-05-04 13:00:00,-21.289969593046145,-61.64219075129684,814.5800762006406,303.2361838854745,0.10834748614484112
1o_02-06mai_2024-05-05_-31.0_-54.5,1o_02-06mai,2024-05-04 12:00:00,-21.052850704091046,-61.74076001299503,817.0224785441787,302.52119867382004,0.11128435900592865
1o_02-06mai_2024-05-05_-31.0_-54.5,1o_02-06mai,2024-05-04 11:00:00,-20.82255161619251,-61.809587752610234,820.8425991655737,302.17562420971797,0.09879223049679894
1o_02-06mai_2024-05-05_-31.0_-54.5,1o_02-06mai,2024-05-04 10:00:00,-20.55087670030054,-61.85745674202072,827.4872945208699,302.4104272238093,0.08698865552651286
1o_02-06mai_2024-05-05_-31.0_-54.5,1o_02-06mai,2024-05-04 09:00:00,-20.210121753830684,-61.88511268818825,839.1229853693543,302.6927456560866,0.07678712950683994
1o_02-06mai_2024-05-05_-31.0_-54.5,1o_02-06mai,2024-05-04 08:00:00,-19.762869753604125,-61.91989672845576,855.823978137616,303.1609244069855,0.07157114879964464
1o_02-06mai_2024-05-05_-31.0_-54.5,1o_02-06mai,2024-05-04 07:00:00,-19.313179079479212,-62.02131425224013,873.1101913257689,302.9850002918612,0.06998668676258392
1o_02-06mai_2024-05-05_-31.0_-54.5,1o_02-06mai,2024-05-04 06:00:00,-18.862174805039743,-62.161436816174216,885.8694248709483,303.11761916610953,0.07531783843684352
1o_02-06mai_2024-05-05_-31.0_-54.5,1o_02-06mai,2024-05-04 05:00:00,-18.3902491075538,-62.34699968228656,893.4145837833881,303.0455022167162,0.07299390928939656
1o_02-06mai_2024-05-05_-31.0_-54.5,1o_02-06mai,2024-05-04 04:00:00,-17.935238811341428,-62.570880716289274,895.2950188140401,302.9277180094059,0.0710081585814997
1o_02-06mai_2024-05-05_-31.0_-54.5,1o_02-06mai,2024-05-04 03:00:00,-17.527940465677627,-62.81988332700774,892.91295097565,302.97560080838286,0.07212228761617319
1o_02-06mai_2024-05-05_-31.0_-54.5,1o_02-06mai,2024-05-04 02:00:00,-17.173966593512706,-63.069950524499546,893.531427272187,303.2883474319925,0.07266813723440224
1o_02-06mai_2024-05-05_-31.0_-54.5,1o_02-06mai,2024-05-04 01:00:00,-16.878660805266065,-63.29711525557471,896.1326293973314,303.36015339580126,0.07180534504227498
1o_02-06mai_2024-05-05_-31.0_-54.5,1o_02-06mai,2024-05-04 00:00:00,-16.63731586758049,-63.49485122804641,899.0679118057487,303.35771660445084,0.07446553634984576
1o_02-06mai_2024-05-05_-31.0_-54.5,1o_02-06mai,2024-05-03 23:00:00,-16.443544855494633,-63.670432174922034,903.1102438327514,303.24614876645376,0.08037556227912504
1o_02-06mai_2024-05-05_-31.0_-54.5,1o_02-06mai,2024-05-03 22:00:00,-16.280785378093665,-63.83852407634051,907.7164444837274,303.1436231077354,0.0807657820073103
1o_02-06mai_2024-05-05_-31.0_-54.5,1o_02-06mai,2024-05-03 21:00:00,-16.141401516469397,-64.00141820147293,910.6393113937041,303.26911039547883,0.08113780794624353
1o_02-06mai_2024-05-05_-31.0_-54.5,1o_02-06mai,2024-05-03 20:00:00,-16.01757661835326,-64.15427288063917,913.4226369717999,303.4845024336176,0.08282145116707669
1o_02-06mai_2024-05-05_-31.0_-54.5,1o_02-06mai,2024-05-03 19:00:00,-15.907294391304077,-64.29021622926209,916.2537750012926,303.51948897727965,0.08555731306903437
1o_02-06mai_2024-05-05_-31.0_-54.5,1o_02-06mai,2024-05-03 18:00:00,-15.802145207771712,-64.4174337166208,919.2619779257274,303.50181273247665,0.0892681415817199
1o_02-06mai_2024-05-05_-31.0_-54.5,1o_02-06mai,2024-05-03 17:00:00,-15.686665563420238,-64.53760255138525,921.4778268074692,303.33039451856337,0.08934380716179972
1o_02-06mai_2024-05-05_-31.0_-54.5,1o_02-06mai,2024-05-03 16:00:00,-15.554526013624951,-64.65173972120589,922.8297532117643,303.4841428652634,0.08853214889505634
1o_02-06mai_2024-05-05_-31.0_-54.5,1o_02-06mai,2024-05-03 15:00:00,-15.411403471350669,-64.7594681953032,924.6049651873018,303.5637956402363,0.08727045285736228
1o_02-06mai_2024-05-05_-31.0_-54.5,1o_02-06mai,2024-05-03 14:00:00,-15.257510199260398,-64.86393685734888,928.4175021198394,303.7510362530287,0.08521056373904923
1o_02-06mai_2024-05-05_-31.0_-54.5,1o_02-06mai,2024-05-03 13:00:00,-15.09301622879785,-64.96472957020737,932.7331629470232,303.8352449368739,0.08185599818279399
1o_02-06mai_2024-05-05_-31.0_-54.5,1o_02-06mai,2024-05-03 12:00:00,-14.913978552179811,-65.06330285322218,936.9827549779708,303.9008911201595,0.07843533475566408
1o_02-06mai_2024-05-05_-31.0_-54.5,1o_02-06mai,2024-05-03 11:00:00,-14.73217548974611,-65.15373738967251,941.1894569658506,303.7643738160885,0.07156207038347244
1o_02-06mai_2024-05-05_-31.0_-54.5,1o_02-06mai,2024-05-03 10:00:00,-14.558612172624713,-65.2357693454926,944.6085432435825,303.6405207760311,0.06458775971197936
1o_02-06mai_2024-05-05_-31.0_-54.5,1o_02-06mai,2024-05-03 09:00:00,-14.392223055169461,-65.31571009378337,947.0077841330628,303.5779999430118,0.0570383596676527
1o_02-06mai_2024-05-05_-31.0_-54.5,1o_02-06mai,2024-05-03 08:00:00,-14.235926931088612,-65.3996123180035,949.6218811695828,303.54372307126744,0.04987962246949363
1o_02-06mai_2024-05-05_-31.0_-54.5,1o_02-06mai,2024-05-03 07:00:00,-14.092027868008872,-65.48906462012903,952.6532610142476,303.4705437671105,0.04353059171414839
1o_02-06mai_2024-05-05_-31.0_-54.5,1o_02-06mai,2024-05-03 06:00:00,-13.96254964838152,-65.5848734356105,955.459539161765,303.3084762283836,0.03815485117154012
1o_02-06mai_2024-05-05_-31.0_-54.5,1o_02-06mai,2024-05-03 05:00:00,-13.84649987402174,-65.67493544200164,957.6457450361153,303.2457107456705,0.03721856375953623
1o_02-06mai_2024-05-05_-31.0_-54.5,1o_02-06mai,2024-05-03 04:00:00,-13.739023422743495,-65.75226264352652,959.3299502502983,303.42210182176007,0.03610812369162258
1o_02-06mai_2024-05-05_-31.0_-54.5,1o_02-06mai,2024-05-03 03:00:00,-13.63655774456849,-65.81485945951816,960.8072193998994,303.6727820878391,0.03472380905958766
1o_02-06mai_2024-05-05_-31.0_-54.5,1o_02-06mai,2024-05-03 02:00:00,-13.538415331589619,-65.86312723472638,962.225053293,303.9388732614733,0.03306060234695005
1o_02-06mai_2024-05-05_-31.0_-54.5,1o_02-06mai,2024-05-03 01:00:00,-13.443548414697648,-65.89858111886483,963.590806003799,304.22513302507684,0.031406238372401744
1o_02-06mai_2024-05-05_-31.0_-54.5,1o_02-06mai,2024-05-03 00:00:00,-13.35216105241142,-65.91919171244822,964.9036533513805,304.5300218043785,0.029654600164136236
1o_02-06mai_2024-05-05_-31.0_-54.5,1o_02-06mai,2024-05-02 23:00:00,-13.257821720325675,-65.93296054280319,965.8956515338382,304.66100864041897,0.030660385570648683
1o_02-06mai_2024-05-05_-31.0_-54.5,1o_02-06mai,2024-05-02 22:00:00,-13.153337524243073,-65.94902723625351,966.5375704508637,304.65687631314074,0.031243211804606486
1o_02-06mai_2024-05-05_-31.0_-54.5,1o_02-06mai,2024-05-02 21:00:00,-13.039395148810273,-65.96948432369486,967.1540556302309,304.7066898758077,0.031368590078480973
1o_02-06mai_2024-05-05_-31.0_-54.5,1o_02-06mai,2024-05-02 20:00:00,-12.91726974874961,-65.99671606114592,967.7164706143848,304.80454719678295,0.031014112761905223
1o_02-06mai_2024-05-05_-31.0_-54.5,1o_02-06mai,2024-05-02 19:00:00,-12.789242061203684,-66.0351028154933,968.2496192908222,305.0986418833509,0.030329946646415466
1o_02-06mai_2024-05-05_-31.0_-54.5,1o_02-06mai,2024-05-02 18:00:00,-12.65717723572151,-66.08702775913711,968.469376509542,305.37770476490317,0.030635514961155227
1o_02-06mai_2024-05-05_-31.0_-54.5,1o_02-06mai,2024-05-02 17:00:00,-12.523972366599946,-66.14589309864479,968.4533596236057,305.0016806420935,0.03266855254807757
1o_02-06mai_2024-05-05_-31.0_-54.5,1o_02-06mai,2024-05-02 16:00:00,-12.391106010657026,-66.20570898036398,968.3760189640357,304.2042226105398,0.034078455357085154
1o_02-06mai_2024-05-05_-31.0_-54.5,1o_02-06mai,2024-05-02 15:00:00,-12.256923550259906,-66.26359440744025,968.2414037437799,303.4410624720603,0.034763193672719905
1o_02-06mai_2024-05-05_-31.0_-54.5,1o_02-06mai,2024-05-02 14:00:00,-12.120744204813064,-66.31794479438344,968.2824125108879,302.82626940007253,0.0346389293894809
1o_02-06mai_2024-05-05_-31.0_-54.5,1o_02-06mai,2024-05-02 13:00:00,-11.98164092177466,-66.36957039070037,968.5043555617625,302.24681422656425,0.03387579370459101
1o_02-06mai_2024-05-05_-31.0_-54.5,1o_02-06mai,2024-05-02 12:00:00,-11.838690056871119,-66.41972796325874,968.8818412023584,301.6282679247622,0.033701028862115436
1o_02-06mai_2024-05-05_-31.0_-54.5,1o_02-06mai,2024-05-02 11:00:00,-11.69802878551688,-66.46538356682998,969.4050630706124,301.3810874737189,0.03410793159025148
1o_02-06mai_2024-05-05_-31.0_-54.5,1o_02-06mai,2024-05-02 10:00:00,-11.565761657930665,-66.50353044720792,970.0352279921044,301.4904900789126,0.03434193449741194
1o_02-06mai_2024-05-05_-31.0_-54.5,1o_02-06mai,2024-05-02 09:00:00,-11.440847316703495,-66.53370412634553,970.7471565202306,301.5783712459866,0.03452162398102874
1o_02-06mai_2024-05-05_-31.0_-54.5,1o_02-06mai,2024-05-02 08:00:00,-11.323340758210447,-66.55570578893914,971.5683482129765,301.6722153439611,0.0347613619962651
1o_02-06mai_2024-05-05_-31.0_-54.5,1o_02-06mai,2024-05-02 07:00:00,-11.211857781965692,-66.56923570300088,972.3868401250159,301.7503035729338,0.03541089831741732
1o_02-06mai_2024-05-05_-31.0_-54.5,1o_02-06mai,2024-05-02 06:00:00,-11.105344758096292,-66.57430373870938,973.015848082027,301.83681599722024,0.03649522857692128
1o_02-06mai_2024-05-05_-31.0_-54.5,1o_02-06mai,2024-05-02 05:00:00,-11.003763771861944,-66.57039612847888,973.5154353621521,302.0482064828905,0.03594839504988112
1o_02-06mai_2024-05-05_-31.0_-54.5,1o_02-06mai,2024-05-02 04:00:00,-10.908092617349016,-66.55691078708705,973.9982904123914,302.3710789185608,0.03536468265368104
1o_02-06mai_2024-05-05_-31.0_-54.5,1o_02-06mai,2024-05-02 03:00:00,-10.817978162968242,-66.53385170569628,974.4788858529087,302.66914397377167,0.03472957711316562
1o_02-06mai_2024-05-05_-31.0_-54.5,1o_02-06mai,2024-05-02 02:00:00,-10.733303079432451,-66.50152169311393,974.9253638881901,302.925954818928,0.03401226164990745
1o_02-06mai_2024-05-05_-31.0_-54.5,1o_02-06mai,2024-05-02 01:00:00,-10.65400854643111,-66.46130994906123,975.3423017739485,303.15450789708495,0.033169353746972656
1o_02-06mai_2024-05-05_-31.0_-54.5,1o_02-06mai,2024-05-02 00:00:00,-10.580601954979624,-66.41527066857492,975.7187111339884,303.354024142572,0.03215787026422929
1o_02-06mai_2024-05-05_-31.0_-54.5,1o_02-06mai,2024-05-01 23:00:00,-10.51107469917283,-66.3718149559106,976.0077412888965,303.5062525464077,0.033661683484040424
1o_02-06mai_2024-05-05_-31.0_-54.5,1o_02-06mai,2024-05-01 22:00:00,-10.442316317035923,-66.33746287512821,976.2380967356896,303.69644579134706,0.03517333142899641
1o_02-06mai_2024-05-05_-31.0_-54.5,1o_02-06mai,2024-05-01 21:00:00,-10.373824249855963,-66.31146122270768,976.4994463058165,303.91440701958305,0.036557407783462455
1o_02-06mai_2024-05-05_-31.0_-54.5,1o_02-06mai,2024-05-01 20:00:00,-10.304935534097556,-66.29293585051663,976.8283251467647,304.14092339549586,0.037780814516299874
1o_02-06mai_2024-05-05_-31.0_-54.5,1o_02-06mai,2024-05-01 19:00:00,-10.235062078706937,-66.28124555715945,977.2487072929679,304.3675745232201,0.03883642753857599
1o_02-06mai_2024-05-05_-31.0_-54.5,1o_02-06mai,2024-05-01 18:00:00,-10.164071130337827,-66.2758403718059,977.65242207702,304.58705294219055,0.03972366497399055
1o_02-06mai_2024-05-05_-31.0_-54.5,1o_02-06mai,2024-05-01 17:00:00,-10.091018678718877,-66.27022851019186,978.0141705157146,304.2869620093163,0.03988920473779968
1o_02-06mai_2024-05-05_-31.0_-54.5,1o_02-06mai,2024-05-01 16:00:00,-10.015101601075902,-66.25802501542532,978.3488734944923,303.48561118314257,0.0400637985520296
1o_02-06mai_2024-05-05_-31.0_-54.5,1o_02-06mai,2024-05-01 15:00:00,-9.936370690136998,-66.23882943870827,978.6195515129273,302.7029927553115,0.04025889640228565
1o_02-06mai_2024-05-05_-31.0_-54.5,1o_02-06mai,2024-05-01 14:00:00,-9.854776701521558,-66.21234361201071,978.7654547893428,301.9590839938515,0.0404894974357445
1o_02-06mai_2024-05-05_-31.0_-54.5,1o_02-06mai,2024-05-01 13:00:00,-9.76998626594477,-66.17856771021268,978.7695458542416,301.2346783359798,0.040773678780110324
1o_02-06mai_2024-05-05_-31.0_-54.5,1o_02-06mai,2024-05-01 12:00:00,-9.681497380412246,-66.13744980644418,978.6433540137535,300.53350615592495,0.04105339986370876
1o_02-06mai_2024-05-05_-31.0_-54.5,1o_02-06mai,2024-05-01 11:00:00,-9.592611226569472,-66.09302884781097,978.3743232490775,300.2936581530973,0.04037483173202508
1o_02-06mai_2024-05-05_-31.0_-54.5,1o_02-06mai,2024-05-01 10:00:00,-9.50649823071352,-66.04956757633389,977.8742554980596,300.47969246434843,0.0403922023875076
1o_02-06mai_2024-05-05_-31.0_-54.5,1o_02-06mai,2024-05-01 09:00:00,-9.423261178489017,-66.00716495097035,977.2748343439563,300.6392750933376,0.041105623312792425
1o_02-06mai_2024-05-05_-31.0_-54.5,1o_02-06mai,2024-05-01 08:00:00,-9.343563801608761,-65.96581728049988,976.7886768229619,300.770330410654,0.04263276368639492
1o_02-06mai_2024-05-05_-31.0_-54.5,1o_02-06mai,2024-05-01 07:00:00,-9.267556351659076,-65.9253310001767,976.4279906116969,300.8842853862725,0.044836956947531634
1o_02-06mai_2024-05-05_-31.0_-54.5,1o_02-06mai,2024-05-01 06:00:00,-9.195224198061627,-65.88540451099875,976.1654759486,300.99047454498657,0.047654281814279165
1o_02-06mai_2024-05-05_-31.0_-54.5,1o_02-06mai,2024-05-01 05:00:00,-9.125457865342517,-65.84513926179729,976.1451692094979,301.25497856678084,0.04585826237773134
1o_02-06mai_2024-05-05_-31.0_-54.5,1o_02-06mai,2024-05-01 04:00:00,-9.057879106130624,-65.80384235761801,976.5051643295826,301.67387532259073,0.043818313777484054
1o_02-06mai_2024-05-05_-31.0_-54.5,1o_02-06mai,2024-05-01 03:00:00,-8.993041500018958,-65.76158750434811,977.2059417371274,302.1053541010751,0.04159336634012936
1o_02-06mai_2024-05-05_-31.0_-54.5,1o_02-06mai,2024-05-01 02:00:00,-8.931307571471002,-65.71889974643379,978.1272557647756,302.5468669416574,0.03953744732844905
1o_02-06mai_2024-05-05_-31.0_-54.5,1o_02-06mai,2024-05-01 01:00:00,-8.873479315479694,-65.6757769179466,979.2006489951353,302.9710184988919,0.03746704036635557
1o_02-06mai_2024-05-05_-31.0_-54.5,1o_02-06mai,2024-05-01 00:00:00,-8.820051414628336,-65.63242018362466,980.4244182642809,303.37687251952104,0.03540862382861534
1o_02-06mai_2024-05-05_-31.0_-54.5,1o_02-06mai,2024-04-30 23:00:00,-8.770555919349617,-65.58950936766735,981.6148802890159,303.58364462469234,0.03544048545129138
1o_02-06mai_2024-05-05_-31.0_-54.5,1o_02-06mai,2024-04-30 22:00:00,-8.723582552535804,-65.54749347751772,982.5916568366949,303.6180170258299,0.035069923905695306
1o_02-06mai_2024-05-05_-31.0_-54.5,1o_02-06mai,2024-04-30 21:00:00,-8.678491724220423,-65.50607425906927,983.3215069561837,303.66727395701565,0.03432030212821809
1o_02-06mai_2024-05-05_-31.0_-54.5,1o_02-06mai,2024-04-30 20:00:00,-8.634620326412929,-65.4657800997611,983.7830032755008,303.7481008958094,0.03320342204062112
1o_02-06mai_2024-05-05_-31.0_-54.5,1o_02-06mai,2024-04-30 19:00:00,-8.591799643108828,-65.4273029371531,983.9534408094247,303.869543638022,0.03172965527462346
1o_02-06mai_2024-05-05_-31.0_-54.5,1o_02-06mai,2024-04-30 18:00:00,-8.549747623107985,-65.39074417527239,983.8447525871594,304.0481751759683,0.029915518824607728
1o_02-06mai_2024-05-05_-31.0_-54.5,1o_02-06mai,2024-04-30 17:00:00,-8.509594169064437,-65.35619892193606,983.6064374464198,303.9675718336505,0.031142988770231896
1o_02-06mai_2024-05-05_-31.0_-54.5,1o_02-06mai,2024-04-30 16:00:00,-8.472631436686326,-65.32397841952975,983.4341206262386,303.5847660050494,0.032101412294673365
1o_02-06mai_2024-05-05_-31.0_-54.5,1o_02-06mai,2024-04-30 15:00:00,-8.438740548656089,-65.29442928751543,983.4234632405315,303.197421979127,0.03280294083455915
1o_02-06mai_2024-05-05_-31.0_-54.5,1o_02-06mai,2024-04-30 14:00:00,-8.407825341722923,-65.26763908763314,983.6147266778628,302.8006860074162,0.0332667574029632
1o_02-06mai_2024-05-05_-31.0_-54.5,1o_02-06mai,2024-04-30 13:00:00,-8.379856038384597,-65.24368927595154,984.0376408172629,302.390299771412,0.033613675617845354
1o_02-06mai_2024-05-05_-31.0_-54.5,1o_02-06mai,2024-04-30 12:00:00,-8.354746478976441,-65.22254801152363,984.7023586224574,301.9610013209005,0.0339828086316241
1o_02-06mai_2024-05-05_-31.0_-54.5,1o_02-06mai,2024-04-30 11:00:00,-8.331490064416489,-65.20184982777494,985.3836346125895,301.81278992211566,0.03945737018684847
1o_02-06mai_2024-05-05_-31.0_-54.5,1o_02-06mai,2024-04-30 10:00:00,-8.308633957520593,-65.1788013493782,985.8651536913671,301.974362258761,0.04501905667053526
1o_02-06mai_2024-05-05_-31.0_-54.5,1o_02-06mai,2024-04-30 09:00:00,-8.285775150709922,-65.15282164541189,986.1478695333248,302.14275877150794,0.05063750514694695
1o_02-06mai_2024-05-05_-31.0_-54.5,1o_02-06mai,2024-04-30 08:00:00,-8.262442881140464,-65.12328868685168,986.2324446489422,302.3171588897067,0.056282611872884136
1o_02-06mai_2024-05-05_-31.0_-54.5,1o_02-06mai,2024-04-30 07:00:00,-8.238102198675046,-65.0895275921814,986.120253106782,302.49667693973424,0.0620281634003858
1o_02-06mai_2024-05-05_-31.0_-54.5,1o_02-06mai,2024-04-30 06:00:00,-8.212447875254616,-65.05118743320843,985.8304759545708,302.68713994216387,0.06787130858902102
1o_02-06mai_2024-05-05_-31.0_-54.5,1o_02-06mai,2024-04-30 05:00:00,-8.189628118676197,-65.00994790932914,985.5279844238737,302.9046559584294,0.06720684461224208
1o_02-06mai_2024-05-05_-31.0_-54.5,1o_02-06mai,2024-04-30 04:00:00,-8.17472299830038,-64.96897639695909,985.3580748316875,303.15344649454727,0.06654327009644555
1o_02-06mai_2024-05-05_-31.0_-54.5,1o_02-06mai,2024-04-30 03:00:00,-8.168380849374172,-64.92929519281637,985.3410415665606,303.43054463700315,0.06589828719600738
1o_02-06mai_2024-05-05_-31.0_-54.5,1o_02-06mai,2024-04-30 02:00:00,-8.170800335334656,-64.89171797441277,985.4467200947332,303.7069172451527,0.0652765126424711
1o_02-06mai_2024-05-05_-31.0_-54.5,1o_02-06mai,2024-04-30 01:00:00,-8.182314646457026,-64.85705831339655,985.6434262859113,303.96844473787456,0.06465916389576197
1o_02-06mai_2024-05-05_-31.0_-54.5,1o_02-06mai,2024-04-30 00:00:00,-8.203472632097997,-64.82624803990825,985.9000160962598,304.2001287232484,0.06400393285668998
1o_02-06mai_2024-05-05_-31.0_-54.5,1o_02-06mai,2024-04-29 23:00:00,-8.227090813515265,-64.79923969108154,986.0848472057742,304.26017073519887,0.06326163765833015
1o_02-06mai_2024-05-05_-31.0_-54.5,1o_02-06mai,2024-04-29 22:00:00,-8.244710333839691,-64.77451274183213,986.1068515440476,304.21284770663186,0.06270535310783727
1o_02-06mai_2024-05-05_-31.0_-54.5,1o_02-06mai,2024-04-29 21:00:00,-8.255605197843336,-64.75132664794296,985.9802356370368,304.18828796733294,0.0623903724262616
1o_02-06mai_2024-05-05_-31.0_-54.5,1o_02-06mai,2024-04-29 20:00:00,-8.259025361485726,-64.72881816899869,985.7388051688263,304.18030748636045,0.06226909825518276
1o_02-06mai_2024-05-05_-31.0_-54.5,1o_02-06mai,2024-04-29 19:00:00,-8.255009681873998,-64.70660900052665,985.424805331718,304.1782734515108,0.0622822828358094
1o_02-06mai_2024-05-05_-31.0_-54.5,1o_02-06mai,2024-04-29 18:00:00,-8.243632330423944,-64.68453852721922,985.0592038147256,304.17522017742255,0.062488642530267396
1o_02-06mai_2024-05-05_-31.0_-54.5,1o_02-06mai,2024-04-29 17:00:00,-8.228155369166755,-64.66302170776657,984.7984931201502,303.8921445816626,0.06168764404809779
1o_02-06mai_2024-05-05_-31.0_-54.5,1o_02-06mai,2024-04-29 16:00:00,-8.211852393360381,-64.64255625181735,984.7646106986537,303.32355733748454,0.060809744433933034
1o_02-06mai_2024-05-05_-31.0_-54.5,1o_02-06mai,2024-04-29 15:00:00,-8.194826910887135,-64.62316785949623,984.9275496675384,302.736703763209,0.05985011731482525
1o_02-06mai_2024-05-05_-31.0_-54.5,1o_02-06mai,2024-04-29 14:00:00,-8.177258521851796,-64.60495733179425,985.2564526589713,302.12828124125485,0.05880314041689162
1o_02-06mai_2024-05-05_-31.0_-54.5,1o_02-06mai,2024-04-29 13:00:00,-8.15937801684712,-64.5880799289867,985.7218556225233,301.495894267946,0.05766366936998251
1o_02-06mai_2024-05-05_-31.0_-54.5,1o_02-06mai,2024-04-29 12:00:00,-8.141446760410279,-64.57272899529376,986.2975097427401,300.8381331280443,0.05642794972269014
1o_02-06mai_2024-05-05_-31.0_-54.5,1o_02-06mai,2024-04-29 11:00:00,-8.125741523305352,-64.56119491048239,986.8434941645696,300.5946685689547,0.05837510523673836
1o_02-06mai_2024-05-05_-31.0_-54.5,1o_02-06mai,2024-04-29 10:00:00,-8.114049812648178,-64.55558702967085,987.2412619897668,300.8112661738666,0.060180389093598664
1o_02-06mai_2024-05-05_-31.0_-54.5,1o_02-06mai,2024-04-29 09:00:00,-8.106128585219414,-64.55592082969426,987.4947734813658,301.0492344487774,0.061926643024961106
1o_02-06mai_2024-05-05_-31.0_-54.5,1o_02-06mai,2024-04-29 08:00:00,-8.101758781778887,-64.56217919629317,987.6068291849625,301.30038016657227,0.0637012398355291
1o_02-06mai_2024-05-05_-31.0_-54.5,1o_02-06mai,2024-04-29 07:00:00,-8.100736089979664,-64.57430954478842,987.5786728691692,301.55679791949825,0.0655918191512045
1o_02-06mai_2024-05-05_-31.0_-54.5,1o_02-06mai,2024-04-29 06:00:00,-8.10286426993447,-64.59222572714779,987.4096034372835,301.81084926361416,0.0676823807424759
1o_02-06mai_2024-05-05_-31.0_-54.5,1o_02-06mai,2024-04-29 05:00:00,-8.108340358619513,-64.61217547198052,987.2299645040307,301.9971156284324,0.06860128476612815
1o_02-06mai_2024-05-05_-31.0_-54.5,1o_02-06mai,2024-04-29 04:00:00,-8.117771771968881,-64.63040583017624,987.1692381017731,302.1198105541954,0.06945400204875465
1o_02-06mai_2024-05-05_-31.0_-54.5,1o_02-06mai,2024-04-29 03:00:00,-8.131374852672653,-64.64670849161394,987.2233543676937,302.241166906589,0.07021047615463875
1o_02-06mai_2024-05-05_-31.0_-54.5,1o_02-06mai,2024-04-29 02:00:00,-8.149301214879744,-64.66086294873642,987.3890843510826,302.3615515313616,0.07084021324172637
1o_02-06mai_2024-05-05_-31.0_-54.5,1o_02-06mai,2024-04-29 01:00:00,-8.171638490458763,-64.67264285839394,987.6643276079101,302.48126493813425,0.07131272010530279
1o_02-06mai_2024-05-05_-31.0_-54.5,1o_02-06mai,2024-04-29 00:00:00,-8.198408999737685,-64.68182726716446,988.0484002947837,302.600531769332,0.07159795229670149
1o_02-06mai_2024-05-05_-31.0_-54.5,1o_02-06mai,2024-04-28 23:00:00,-8.222382510936002,-64.68531544369007,988.4225681953207,302.73558940628004,0.0721930036900684
1o_02-06mai_2024-05-05_-31.0_-54.5,1o_02-06mai,2024-04-28 22:00:00,-8.23627867796042,-64.68052704689507,988.6816729899981,302.89995721688814,0.07264235318524406
1o_02-06mai_2024-05-05_-31.0_-54.5,1o_02-06mai,2024-04-28 21:00:00,-8.240063941454093,-64.66770850265114,988.8379061083477,303.07035240809967,0.07311553971754016
1o_02-06mai_2024-05-05_-31.0_-54.5,1o_02-06mai,2024-04-28 20:00:00,-8.233752449850174,-64.64688620863056,988.8994188444997,303.2366279130804,0.07377131304451623
1o_02-06mai_2024-05-05_-31.0_-54.5,1o_02-06mai,2024-04-28 19:00:00,-8.217410037167058,-64.61786252884609,988.8697344776893,303.38819704320025,0.07475094678043652
1o_02-06mai_2024-05-05_-31.0_-54.5,1o_02-06mai,2024-04-28 18:00:00,-8.191158842928584,-64.58023269645551,988.7476274106751,303.5136682212304,0.07617142885922558
1o_02-06mai_2024-05-05_-31.0_-54.5,1o_02-06mai,2024-04-28 17:00:00,-8.160624276280906,-64.54016198059888,988.6599743068595,303.23471650652886,0.07423536936923256
1o_02-06mai_2024-05-05_-31.0_-54.5,1o_02-06mai,2024-04-28 16:00:00,-8.13139935293794,-64.50425295996534,988.7266691213886,302.5931497888536,0.07239341215669845
1o_02-06mai_2024-05-05_-31.0_-54.5,1o_02-06mai,2024-04-28 15:00:00,-8.103659991944683,-64.47248647668918,988.9242445528076,301.96270883574044,0.07088151015495849
1o_02-06mai_2024-05-05_-31.0_-54.5,1o_02-06mai,2024-04-28 14:00:00,-8.07759606994373,-64.44477780580024,989.2219086325041,301.3338186655668,0.06950833840539611
1o_02-06mai_2024-05-05_-31.0_-54.5,1o_02-06mai,2024-04-28 13:00:00,-8.053334815792574,-64.4210878811762,989.6039687939112,300.70293500509274,0.06822242169477466
1o_02-06mai_2024-05-05_-31.0_-54.5,1o_02-06mai,2024-04-28 12:00:00,-8.031038335054557,-64.40142254073731,990.0599734332135,300.06855076742494,0.06699977832892892
1o_02-06mai_2024-05-05_-29.0_-50.0,1o_02-06mai,2024-05-05 12:00:00,-29.0,-50.0,850.0,304.91814978122807,0.07953332447343402
1o_02-06mai_2024-05-05_-29.0_-50.0,1o_02-06mai,2024-05-05 11:00:00,-28.601012250275573,-50.31301146449521,846.5854232235018,305.3901983388405,0.06863868586907074
1o_02-06mai_2024-05-05_-29.0_-50.0,1o_02-06mai,2024-05-05 10:00:00,-28.17165192880815,-50.526962007712456,839.5815475339141,306.04606157472233,0.06612855790209334
1o_02-06mai_2024-05-05_-29.0_-50.0,1o_02-06mai,2024-05-05 09:00:00,-27.76523930393611,-50.6693990113941,837.3240241369783,306.2870557054793,0.06211124643341389
1o_02-06mai_2024-05-05_-29.0_-50.0,1o_02-06mai,2024-05-05 08:00:00,-27.383014357730897,-50.77888019204765,835.8043110752684,306.4680623805425,0.05908690999221149
1o_02-06mai_2024-05-05_-29.0_-50.0,1o_02-06mai,2024-05-05 07:00:00,-27.01188406228756,-50.85587080290068,829.7999565624993,306.6881112795721,0.05646730504880923
1o_02-06mai_2024-05-05_-29.0_-50.0,1o_02-06mai,2024-05-05 06:00:00,-26.659830946799676,-50.87338103395894,819.3691081170231,306.96194318099657,0.0541654163090423
1o_02-06mai_2024-05-05_-29.0_-50.0,1o_02-06mai,2024-05-05 05:00:00,-26.358733504824347,-50.86982426301728,819.9672489663164,307.166938647194,0.053867237917343394
1o_02-06mai_2024-05-05_-29.0_-50.0,1o_02-06mai,2024-05-05 04:00:00,-26.10839913227737,-50.86460627022647,822.048971635836,307.25196914540385,0.05247669486522992
1o_02-06mai_2024-05-05_-29.0_-50.0,1o_02-06mai,2024-05-05 03:00:00,-25.889638891558846,-50.85051510026259,823.5977679083645,307.4149184977658,0.051609119978916096
1o_02-06mai_2024-05-05_-29.0_-50.0,1o_02-06mai,2024-05-05 02:00:00,-25.683493686597924,-50.849063019948595,824.7301157290938,307.5367368575293,0.04961515968010293
1o_02-06mai_2024-05-05_-29.0_-50.0,1o_02-06mai,2024-05-05 01:00:00,-25.485805416868335,-50.86118386763136,823.8683940327242,307.6337394648497,0.04681085936081593
1o_02-06mai_2024-05-05_-29.0_-50.0,1o_02-06mai,2024-05-05 00:00:00,-25.2978400803088,-50.8778346166597,822.2852091630957,307.83157975476587,0.04593155784846627
1o_02-06mai_2024-05-05_-29.0_-50.0,1o_02-06mai,2024-05-04 23:00:00,-25.11505752687228,-50.90014140645974,821.0224605112099,308.0820553685976,0.046550626575236016
1o_02-06mai_2024-05-05_-29.0_-50.0,1o_02-06mai,2024-05-04 22:00:00,-24.93125762351873,-50.938264046025424,819.9020207489028,308.37885639422024,0.046591937795379984
1o_02-06mai_2024-05-05_-29.0_-50.0,1o_02-06mai,2024-05-04 21:00:00,-24.744738338126922,-50.99123753015045,819.0564147382445,308.6021886591499,0.04614770707860707
1o_02-06mai_2024-05-05_-29.0_-50.0,1o_02-06mai,2024-05-04 20:00:00,-24.55584389406718,-51.05530199092457,819.6467685984012,308.7561831422299,0.04725568541783201
1o_02-06mai_2024-05-05_-29.0_-50.0,1o_02-06mai,2024-05-04 19:00:00,-24.36338215534935,-51.12966493875406,822.2165730436071,308.8548855527453,0.04801364753135492
1o_02-06mai_2024-05-05_-29.0_-50.0,1o_02-06mai,2024-05-04 18:00:00,-24.1688618261508,-51.2155262241091,824.245633263867,308.92396584359193,0.048268803827909997
1o_02-06mai_2024-05-05_-29.0_-50.0,1o_02-06mai,2024-05-04 17:00:00,-23.962299976751556,-51.30254311555073,825.4555164895986,308.83713114799724,0.048761124661469465
1o_02-06mai_2024-05-05_-29.0_-50.0,1o_02-06mai,2024-05-04 16:00:00,-23.734824412471497,-51.37666502078608,827.9501373666529,308.67252622203324,0.04942181385700849
1o_02-06mai_2024-05-05_-29.0_-50.0,1o_02-06mai,2024-05-04 15:00:00,-23.484528009228256,-51.43481299488687,832.0627475936612,308.545040197576,0.04941728419695139
1o_02-06mai_2024-05-05_-29.0_-50.0,1o_02-06mai,2024-05-04 14:00:00,-23.20977091372818,-51.47987242742377,838.4206344588758,308.4613852953387,0.04860383053271667
1o_02-06mai_2024-05-05_-29.0_-50.0,1o_02-06mai,2024-05-04 13:00:00,-22.911112817066613,-51.50818043224231,846.4480762366028,308.314638400858,0.047640765394826916
1o_02-06mai_2024-05-05_-29.0_-50.0,1o_02-06mai,2024-05-04 12:00:00,-22.594867051746657,-51.512688545049976,852.7620873133279,308.1309794298448,0.04660166038210473
1o_02-06mai_2024-05-05_-29.0_-50.0,1o_02-06mai,2024-05-04 11:00:00,-22.2849538679227,-51.50406030417661,855.2259855366416,307.9615041457481,0.0446523590423548
1o_02-06mai_2024-05-05_-29.0_-50.0,1o_02-06mai,2024-05-04 10:00:00,-21.992537954002163,-51.48608558837651,854.7564078831747,307.93297379458573,0.042623593762463614
1o_02-06mai_2024-05-05_-29.0_-50.0,1o_02-06mai,2024-05-04 09:00:00,-21.722117907252294,-51.4550914116259,853.8028588790033,307.94406687195857,0.040432271229707904
1o_02-06mai_2024-05-05_-29.0_-50.0,1o_02-06mai,2024-05-04 08:00:00,-21.46848090514106,-51.409586622817194,852.2337022346562,307.99669006466524,0.03815093637268116
1o_02-06mai_2024-05-05_-29.0_-50.0,1o_02-06mai,2024-05-04 07:00:00,-21.22569327736648,-51.346653555314106,847.9849550237457,308.09650049519746,0.03561537793038593
1o_02-06mai_2024-05-05_-29.0_-50.0,1o_02-06mai,2024-05-04 06:00:00,-20.99145249820034,-51.2618890175314,840.7358630966534,308.3090630921722,0.03260242556546269
1o_02-06mai_2024-05-05_-29.0_-50.0,1o_02-06mai,2024-05-04 05:00:00,-20.763393506085624,-51.16295198133235,831.5676870964569,308.48311453432524,0.03260557862104409
1o_02-06mai_2024-05-05_-29.0_-50.0,1o_02-06mai,2024-05-04 04:00:00,-20.54609943829133,-51.06791245407891,821.234654147413,308.5340966246888,0.03269493462126051
1o_02-06mai_2024-05-05_-29.0_-50.0,1o_02-06mai,2024-05-04 03:00:00,-20.343803741654902,-50.977948983155876,810.1444137023908,308.6682116084042,0.03272398761855186
1o_02-06mai_2024-05-05_-29.0_-50.0,1o_02-06mai,2024-05-04 02:00:00,-20.166716001261406,-50.89745370635618,799.5490289549942,308.97846479158613,0.032461482059478866
1o_02-06mai_2024-05-05_-29.0_-50.0,1o_02-06mai,2024-05-04 01:00:00,-20.01498589052415,-50.82566163308607,790.2592577521899,309.38587132038634,0.03235455687763869
1o_02-06mai_2024-05-05_-29.0_-50.0,1o_02-06mai,2024-05-04 00:00:00,-19.88723262761999,-50.760095345889674,782.180088856634,309.7600551941573,0.03233985227677816
1o_02-06mai_2024-05-05_-29.0_-50.0,1o_02-06mai,2024-05-03 23:00:00,-19.775481841091196,-50.7036618709832,775.183033126025,310.0595260715034,0.03282695106844767
1o_02-06mai_2024-05-05_-29.0_-50.0,1o_02-06mai,2024-05-03 22:00:00,-19.66808427492997,-50.65784973791335,769.0898358198147,310.3306866528813,0.033284385794544034
1o_02-06mai_2024-05-05_-29.0_-50.0,1o_02-06mai,2024-05-03 21:00:00,-19.56186935381967,-50.61843625255386,763.741701498702,310.61432572156764,0.03368458292287013
1o_02-06mai_2024-05-05_-29.0_-50.0,1o_02-06mai,2024-05-03 20:00:00,-19.45655656445756,-50.58231067682085,759.1375849181242,310.91846004869603,0.03413395424004378
1o_02-06mai_2024-05-05_-29.0_-50.0,1o_02-06mai,2024-05-03 19:00:00,-19.35319438143289,-50.544783440129265,754.9406567272847,311.264033487352,0.03468197278589042
1o_02-06mai_2024-05-05_-29.0_-50.0,1o_02-06mai,2024-05-03 18:00:00,-19.253456757081597,-50.502195276136995,751.050350852772,311.66686558189184,0.03522100997624418
1o_02-06mai_2024-05-05_-29.0_-50.0,1o_02-06mai,2024-05-03 17:00:00,-19.157256510267686,-50.45603080306464,747.2696663473497,311.70378675667496,0.0355543693875107
1o_02-06mai_2024-05-05_-29.0_-50.0,1o_02-06mai,2024-05-03 16:00:00,-19.06485962070422,-50.41299132202936,743.3245558125772,311.3291001557224,0.03570475901177931
1o_02-06mai_2024-05-05_-29.0_-50.0,1o_02-06mai,2024-05-03 15:00:00,-18.978811606124285,-50.376446025327155,739.1737004618113,310.98132991183024,0.03572970785492742
1o_02-06mai_2024-05-05_-29.0_-50.0,1o_02-06mai,2024-05-03 14:00:00,-18.901974766549664,-50.35065859931526,735.0095993706452,310.63194292275915,0.03569489070826314
1o_02-06mai_2024-05-05_-29.0_-50.0,1o_02-06mai,2024-05-03 13:00:00,-18.835729375238106,-50.33801567239266,730.9573191643453,310.3099616821144,0.03565365169957082
1o_02-06mai_2024-05-05_-29.0_-50.0,1o_02-06mai,2024-05-03 12:00:00,-18.78041907772108,-50.34117762306021,727.1169737312681,310.01687093702185,0.035644214722681186
1o_02-06mai_2024-05-05_-29.0_-50.0,1o_02-06mai,2024-05-03 11:00:00,-18.732510534483414,-50.34913235012611,723.6627228680462,310.14044424994506,0.03481085537671581
1o_02-06mai_2024-05-05_-29.0_-50.0,1o_02-06mai,2024-05-03 10:00:00,-18.688383912429043,-50.34527302924839,720.6606531680719,310.64463060218645,0.03413296616922745
1o_02-06mai_2024-05-05_-29.0_-50.0,1o_02-06mai,2024-05-03 09:00:00,-18.64757981457658,-50.328697183336224,718.0176682179507,311.1185177507507,0.033556115150277344
1o_02-06mai_2024-05-05_-29.0_-50.0,1o_02-06mai,2024-05-03 08:00:00,-18.609990181140756,-50.29933339248551,715.6642489048627,311.5597381456737,0.03302320747585896
1o_02-06mai_2024-05-05_-29.0_-50.0,1o_02-06mai,2024-05-03 07:00:00,-18.57592021174423,-50.257856461500275,713.5607426656862,311.96760239315483,0.03248533249718499
1o_02-06mai_2024-05-05_-29.0_-50.0,1o_02-06mai,2024-05-03 06:00:00,-18.544884771791107,-50.206189206279525,711.7075946168313,312.33261054746123,0.03173914812918777
1o_02-06mai_2024-05-05_-29.0_-50.0,1o_02-06mai,2024-05-03 05:00:00,-18.510449405358596,-50.15890642376307,709.9807281638136,312.5894529739329,0.03240215087113034
1o_02-06mai_2024-05-05_-29.0_-50.0,1o_02-06mai,2024-05-03 04:00:00,-18.467549051115352,-50.127956041402165,708.3228080653724,312.8284666933982,0.03307998811137283
1o_02-06mai_2024-05-05_-29.0_-50.0,1o_02-06mai,2024-05-03 03:00:00,-18.413918614949285,-50.112029519502315,706.811373775005,313.0884379679163,0.03374354661224574
1o_02-06mai_2024-05-05_-29.0_-50.0,1o_02-06mai,2024-05-03 02:00:00,-18.347111026443084,-50.10885520643387,705.4635746927124,313.3162910129186,0.03433576940161718
1o_02-06mai_2024-05-05_-29.0_-50.0,1o_02-06mai,2024-05-03 01:00:00,-18.26443899812248,-50.115032201977144,704.3003890022608,313.4793378444622,0.03476810965510741
1o_02-06mai_2024-05-05_-29.0_-50.0,1o_02-06mai,2024-05-03 00:00:00,-18.164185937387476,-50.125563518860105,703.3853850059375,313.5663486201057,0.03493439043629915
1o_02-06mai_2024-05-05_-29.0_-50.0,1o_02-06mai,2024-05-02 23:00:00,-18.046522644673974,-50.13019233985291,702.90882036118,313.6016307949514,0.03452427208219488
1o_02-06mai_2024-05-05_-29.0_-50.0,1o_02-06mai,2024-05-02 22:00:00,-17.912415384797622,-50.123488656870265,702.9065614564885,313.6186885393554,0.03419325067184518
1o_02-06mai_2024-05-05_-29.0_-50.0,1o_02-06mai,2024-05-02 21:00:00,-17.767023556280726,-50.10764518173983,703.0933605757332,313.68682482355604,0.03379707562277862
1o_02-06mai_2024-05-05_-29.0_-50.0,1o_02-06mai,2024-05-02 20:00:00,-17.611733582640362,-50.08363994881396,703.2664384773884,313.75427526362813,0.03318655366992416
1o_02-06mai_2024-05-05_-29.0_-50.0,1o_02-06mai,2024-05-02 19:00:00,-17.44870216288051,-50.054724047143495,703.0419188766514,313.8501878917377,0.03240478994443608
1o_02-06mai_2024-05-05_-29.0_-50.0,1o_02-06mai,2024-05-02 18:00:00,-17.28630644240199,-50.026270589343646,702.3366970479249,313.89041125013676,0.03155179083836416
1o_02-06mai_2024-05-05_-29.0_-50.0,1o_02-06mai,2024-05-02 17:00:00,-17.121741478610197,-49.99673204938631,701.2467692159852,313.8574299047285,0.031622390028347595
1o_02-06mai_2024-05-05_-29.0_-50.0,1o_02-06mai,2024-05-02 16:00:00,-16.948403132222055,-49.957022440179095,700.4384510640143,313.735754460647,0.03136354715827748
1o_02-06mai_2024-05-05_-29.0_-50.0,1o_02-06mai,2024-05-02 15:00:00,-16.764364302676576,-49.90696996857548,700.2627288299968,313.68499436500286,0.03065966817902993
1o_02-06mai_2024-05-05_-29.0_-50.0,1o_02-06mai,2024-05-02 14:00:00,-16.56838741164892,-49.84253638058097,701.0230347160632,313.833306976766,0.029470246715890883
1o_02-06mai_2024-05-05_-29.0_-50.0,1o_02-06mai,2024-05-02 13:00:00,-16.36119846022895,-49.757080671029506,702.3408117177509,314.18477721487443,0.027547140247483986
1o_02-06mai_2024-05-05_-29.0_-50.0,1o_02-06mai,2024-05-02 12:00:00,-16.145248509651044,-49.6378916642729,702.6649654386433,314.5897249283907,0.024846943506942554
1o_02-06mai_2024-05-05_-29.0_-50.0,1o_02-06mai,2024-05-02 11:00:00,-15.932825489961163,-49.46739931168603,703.429434462403,315.0073156121226,0.02358105985428175
1o_02-06mai_2024-05-05_-29.0_-50.0,1o_02-06mai,2024-05-02 10:00:00,-15.732058848978406,-49.25186526650542,703.12198126013,314.9489370176247,0.02276909911593468
1o_02-06mai_2024-05-05_-29.0_-50.0,1o_02-06mai,2024-05-02 09:00:00,-15.534038885140099,-49.00880304350132,699.400362823529,314.39775859138615,0.02248475713582195
1o_02-06mai_2024-05-05_-29.0_-50.0,1o_02-06mai,2024-05-02 08:00:00,-15.344008087015407,-48.75024707063708,696.0363559364052,313.9997959702041,0.021703442188943083
1o_02-06mai_2024-05-05_-29.0_-50.0,1o_02-06mai,2024-05-02 07:00:00,-15.158991073630432,-48.48706526475951,691.9546997959078,313.56731322361156,0.02056447202938495
1o_02-06mai_2024-05-05_-29.0_-50.0,1o_02-06mai,2024-05-02 06:00:00,-14.996211507939181,-48.24336330196804,687.3582434029471,313.2687001180877,0.01991476904487415
1o_02-06mai_2024-05-05_-29.0_-50.0,1o_02-06mai,2024-05-02 05:00:00,-14.861820359300474,-48.01095173276189,684.3891741000743,313.48329978159444,0.01960986592744702
1o_02-06mai_2024-05-05_-29.0_-50.0,1o_02-06mai,2024-05-02 04:00:00,-14.75103516805512,-47.781984742253506,681.142447916082,313.5727835295324,0.01985686174272565
1o_02-06mai_2024-05-05_-29.0_-50.0,1o_02-06mai,2024-05-02 03:00:00,-14.654095342671896,-47.54720858512307,675.2429051089904,314.07593652792616,0.019977279076509338
1o_02-06mai_2024-05-05_-29.0_-50.0,1o_02-06mai,2024-05-02 02:00:00,-14.567877346897994,-47.2976606905232,672.6932327772845,314.5309755155804,0.019993109590035245
1o_02-06mai_2024-05-05_-29.0_-50.0,1o_02-06mai,2024-05-02 01:00:00,-14.490863062288042,-47.026978447929224,673.0481372715159,314.41604596941943,0.02035595775642124
1o_02-06mai_2024-05-05_-29.0_-50.0,1o_02-06mai,2024-05-02 00:00:00,-14.427056340986486,-46.74747589069064,670.2280956528404,314.2321537519094,0.02079125704793751
1o_02-06mai_2024-05-05_-29.0_-50.0,1o_02-06mai,2024-05-01 23:00:00,-14.379105883510272,-46.473922339122296,667.8420678703313,314.5429845714495,0.021315345442144133
1o_02-06mai_2024-05-05_-29.0_-50.0,1o_02-06mai,2024-05-01 22:00:00,-14.332125572583422,-46.21716645865584,666.0145821394362,314.74248503465475,0.02138128123718446
1o_02-06mai_2024-05-05_-29.0_-50.0,1o_02-06mai,2024-05-01 21:00:00,-14.292714464931136,-45.96696689434095,664.1276350631123,314.9511583330631,0.021452305455311127
1o_02-06mai_2024-05-05_-29.0_-50.0,1o_02-06mai,2024-05-01 20:00:00,-14.270207482520687,-45.71766494316301,662.0259929826068,314.98618417489234,0.021560994514945184
1o_02-06mai_2024-05-05_-29.0_-50.0,1o_02-06mai,2024-05-01 19:00:00,-14.264543963783549,-45.47338932755649,660.1253111692407,315.1742641607295,0.021903518897471632
1o_02-06mai_2024-05-05_-29.0_-50.0,1o_02-06mai,2024-05-01 18:00:00,-14.2722788949333,-45.224706804710344,657.6002367996306,315.66717056426154,0.022114048624384423
1o_02-06mai_2024-05-05_-29.0_-50.0,1o_02-06mai,2024-05-01 17:00:00,-14.28493745912072,-44.93891082142094,655.3206056025087,316.63585050346126,0.022408056324362213
1o_02-06mai_2024-05-05_-29.0_-50.0,1o_02-06mai,2024-05-01 16:00:00,-14.298337437349774,-44.62051499151973,654.7935240179389,317.1254988524788,0.022055862663819422
1o_02-06mai_2024-05-05_-29.0_-50.0,1o_02-06mai,2024-05-01 15:00:00,-14.317201233164408,-44.29515265264219,652.4215653603112,316.98646615934337,0.02169722069838903
1o_02-06mai_2024-05-05_-29.0_-50.0,1o_02-06mai,2024-05-01 14:00:00,-14.344313820841013,-43.956507403540655,651.417843876384,317.07383093428234,0.02189906696847777
1o_02-06mai_2024-05-05_-29.0_-50.0,1o_02-06mai,2024-05-01 13:00:00,-14.382739758244632,-43.60528740298429,648.3896726953084,316.98950255026125,0.02202543550113724
1o_02-06mai_2024-05-05_-29.0_-50.0,1o_02-06mai,2024-05-01 12:00:00,-14.43120534832373,-43.244900536483186,645.9793067349575,317.0761464413854,0.022208045636627077
1o_02-06mai_2024-05-05_-29.0_-50.0,1o_02-06mai,2024-05-01 11:00:00,-14.481415330758967,-42.89152688422205,644.478326773353,317.2123041788181,0.022832898874813545
1o_02-06mai_2024-05-05_-29.0_-50.0,1o_02-06mai,2024-05-01 10:00:00,-14.52831755354911,-42.554957015523314,644.5586682266284,317.32338016289776,0.02321895319435621
1o_02-06mai_2024-05-05_-29.0_-50.0,1o_02-06mai,2024-05-01 09:00:00,-14.581883701262809,-42.21630074968189,644.9895253073598,317.6072818553946,0.023225309263757644
1o_02-06mai_2024-05-05_-29.0_-50.0,1o_02-06mai,2024-05-01 08:00:00,-14.646280038868767,-41.86891149244006,645.6020013849247,317.61867078463223,0.02305185188962556
1o_02-06mai_2024-05-05_-29.0_-50.0,1o_02-06mai,2024-05-01 07:00:00,-14.723188272923357,-41.51369156805356,642.5187217026433,317.76256343527785,0.022663608293365778
1o_02-06mai_2024-05-05_-29.0_-50.0,1o_02-06mai,2024-05-01 06:00:00,-14.818627284594358,-41.15576209854807,641.5351461251952,317.8904151116553,0.0219585914648751
1o_02-06mai_2024-05-05_-29.0_-50.0,1o_02-06mai,2024-05-01 05:00:00,-14.910135914710091,-40.79718840304226,637.0061804816795,317.8758577973293,0.02236264723060453
1o_02-06mai_2024-05-05_-29.0_-50.0,1o_02-06mai,2024-05-01 04:00:00,-14.998945676405926,-40.437012244189006,634.8544698444234,318.1795986945227,0.0230416148248602
1o_02-06mai_2024-05-05_-29.0_-50.0,1o_02-06mai,2024-05-01 03:00:00,-15.088531566754424,-40.06944246794586,632.6369122422516,318.3518691317746,0.02369122836979333
1o_02-06mai_2024-05-05_-29.0_-50.0,1o_02-06mai,2024-05-01 02:00:00,-15.17686852588036,-39.69302397433287,629.3079190371675,318.4078413341096,0.02339141483143616
1o_02-06mai_2024-05-05_-29.0_-50.0,1o_02-06mai,2024-05-01 01:00:00,-15.265494783913825,-39.306435546750585,625.0573998533499,318.7022500571456,0.020957168731274716
1o_02-06mai_2024-05-05_-29.0_-50.0,1o_02-06mai,2024-05-01 00:00:00,-15.35828075526211,-38.9201939204764,622.0395976329819,318.9829071223983,0.018577701668504237
1o_02-06mai_2024-05-05_-29.0_-50.0,1o_02-06mai,2024-04-30 23:00:00,-15.458695861533181,-38.52871652090757,617.7044025116268,319.303561106326,0.01858372482383039
1o_02-06mai_2024-05-05_-29.0_-50.0,1o_02-06mai,2024-04-30 22:00:00,-15.574913400761517,-38.135073649726664,614.1809698231627,319.65812079261093,0.01867762631197158
1o_02-06mai_2024-05-05_-29.0_-50.0,1o_02-06mai,2024-04-30 21:00:00,-15.706334202325547,-37.742146453789076,611.6448199540692,319.90334166554965,0.019206779948506083
1o_02-06mai_2024-05-05_-29.0_-50.0,1o_02-06mai,2024-04-30 20:00:00,-15.85237977788527,-37.348549169748956,609.5887476652535,320.04655629434626,0.019687768401053123
1o_02-06mai_2024-05-05_-29.0_-50.0,1o_02-06mai,2024-04-30 19:00:00,-16.012938497113982,-36.954690907814076,607.2929841954914,320.18032875776237,0.020276235038900383
1o_02-06mai_2024-05-05_-29.0_-50.0,1o_02-06mai,2024-04-30 18:00:00,-16.189937891825373,-36.56406590461103,605.0518249529341,320.3657944728031,0.021228658252870108
1o_02-06mai_2024-05-05_-29.0_-50.0,1o_02-06mai,2024-04-30 17:00:00,-16.380480108180816,-36.17845880338267,603.6548187954558,320.64410394110763,0.0227579953782262
1o_02-06mai_2024-05-05_-29.0_-50.0,1o_02-06mai,2024-04-30 16:00:00,-16.582905599136414,-35.80378356594956,602.224992671741,320.89869227785744,0.023705347909922146
1o_02-06mai_2024-05-05_-29.0_-50.0,1o_02-06mai,2024-04-30 15:00:00,-16.795048815164503,-35.44121989014518,600.8534471001508,321.13414357128426,0.024463942247127526
1o_02-06mai_2024-05-05_-29.0_-50.0,1o_02-06mai,2024-04-30 14:00:00,-17.014131088393757,-35.086801209005166,599.7637376170939,321.30176108229324,0.025301824561612465
1o_02-06mai_2024-05-05_-29.0_-50.0,1o_02-06mai,2024-04-30 13:00:00,-17.238727347679294,-34.735350401566016,598.1810534022128,321.3832255128658,0.025975683328537818
1o_02-06mai_2024-05-05_-29.0_-50.0,1o_02-06mai,2024-04-30 12:00:00,-17.47080543187454,-34.38396168244456,596.1614282090756,321.43090396695357,
1o_02-06mai_2024-05-05_-29.0_-50.0,1o_02-06mai,2024-04-30 11:00:00,-17.714277686432382,-34.03747046558362,593.7417931100064,321.4571007261652,
2o_11-13mai_2024-05-12_-29.5_-52.0,2o_11-13mai,2024-05-12 12:00:00,-29.5,-52.0,850.0,301.40286729682117,0.08366551705532603
2o_11-13mai_2024-05-12_-29.5_-52.0,2o_11-13mai,2024-05-12 11:00:00,-29.273341287923525,-52.31639623023096,849.3341606575732,301.77523384361183,0.10741030705898691
2o_11-13mai_2024-05-12_-29.5_-52.0,2o_11-13mai,2024-05-12 10:00:00,-29.03674692175562,-52.612301748371685,863.0051370899473,302.15038511781614,0.12587532025675874
2o_11-13mai_2024-05-12_-29.5_-52.0,2o_11-13mai,2024-05-12 09:00:00,-28.823327387090796,-52.86560883989987,884.9297005035442,300.8406571017643,0.1438116941632738
2o_11-13mai_2024-05-12_-29.5_-52.0,2o_11-13mai,2024-05-12 08:00:00,-28.619209040802726,-53.10422498605349,897.8548323594845,300.0192763475822,0.15742154336778372
2o_11-13mai_2024-05-12_-29.5_-52.0,2o_11-13mai,2024-05-12 07:00:00,-28.4067243780867,-53.313161295764026,906.0359153055474,299.64270194138163,0.16515290797867233
2o_11-13mai_2024-05-12_-29.5_-52.0,2o_11-13mai,2024-05-12 06:00:00,-28.178327676871298,-53.47341927227578,910.0391042482343,299.5918914563961,0.17065732792643248
2o_11-13mai_2024-05-12_-29.5_-52.0,2o_11-13mai,2024-05-12 05:00:00,-27.954224659954043,-53.59575307358564,910.9510801842146,299.90478834119807,0.17224572114499057
2o_11-13mai_2024-05-12_-29.5_-52.0,2o_11-13mai,2024-05-12 04:00:00,-27.748727348475846,-53.71773929800974,912.2716665416564,300.32474453487964,0.17379869323377375
2o_11-13mai_2024-05-12_-29.5_-52.0,2o_11-13mai,2024-05-12 03:00:00,-27.564133640178078,-53.85822456879313,914.9795243168958,300.61769786881734,0.17021819143488706
2o_11-13mai_2024-05-12_-29.5_-52.0,2o_11-13mai,2024-05-12 02:00:00,-27.402115371677024,-54.02671973699685,918.5726504287453,300.7977097115096,0.17247138840296253
2o_11-13mai_2024-05-12_-29.5_-52.0,2o_11-13mai,2024-05-12 01:00:00,-27.272558140750284,-54.2054843615867,920.2100642366677,300.7844704317688,0.1798980083100822
2o_11-13mai_2024-05-12_-29.5_-52.0,2o_11-13mai,2024-05-12 00:00:00,-27.17481601298885,-54.37968766500868,920.0838003819499,300.652809042932,0.1906854256006417
2o_11-13mai_2024-05-12_-29.5_-52.0,2o_11-13mai,2024-05-11 23:00:00,-27.080017073299487,-54.54973579502639,920.4697597876117,300.7121189461702,0.19485339403844787
2o_11-13mai_2024-05-12_-29.5_-52.0,2o_11-13mai,2024-05-11 22:00:00,-26.966624089648768,-54.723793665041505,923.8478671432711,300.99346198757445,0.1953015379845333
2o_11-13mai_2024-05-12_-29.5_-52.0,2o_11-13mai,2024-05-11 21:00:00,-26.842633422735176,-54.90307880229584,929.6086024859374,301.08996638094806,0.18914659983652654
2o_11-13mai_2024-05-12_-29.5_-52.0,2o_11-13mai,2024-05-11 20:00:00,-26.712986904146792,-55.09651550882141,936.089593957421,301.0514969956816,0.18547838482965223
2o_11-13mai_2024-05-12_-29.5_-52.0,2o_11-13mai,2024-05-11 19:00:00,-26.576948353824037,-55.29308539696872,937.9668996166515,300.89908958884115,0.18212928553358568
2o_11-13mai_2024-05-12_-29.5_-52.0,2o_11-13mai,2024-05-11 18:00:00,-26.4166655000786,-55.496102707222434,937.0740093360247,301.0182784925637,0.1745910876827085
2o_11-13mai_2024-05-12_-29.5_-52.0,2o_11-13mai,2024-05-11 17:00:00,-26.221557035245443,-55.66922698339308,936.1826901533913,301.4975746071244,0.1667119669735516
2o_11-13mai_2024-05-12_-29.5_-52.0,2o_11-13mai,2024-05-11 16:00:00,-25.9909606539213,-55.795905255923,933.5867453140319,302.1459537540886,0.16242611164484236
2o_11-13mai_2024-05-12_-29.5_-52.0,2o_11-13mai,2024-05-11 15:00:00,-25.72287488458101,-55.89191464114948,931.5363238724965,302.62553226530315,0.1518567629863131
2o_11-13mai_2024-05-12_-29.5_-52.0,2o_11-13mai,2024-05-11 14:00:00,-25.42105029614182,-55.97023300334825,930.5881213099225,302.91629719282923,0.13861193178976536
2o_11-13mai_2024-05-12_-29.5_-52.0,2o_11-13mai,2024-05-11 13:00:00,-25.091325950664285,-56.04567526295831,930.2126627067421,303.208089151037,0.13121273101036848
2o_11-13mai_2024-05-12_-29.5_-52.0,2o_11-13mai,2024-05-11 12:00:00,-24.734452820441785,-56.14138594414394,931.0440591208737,303.226278695267,0.12494496812754424
2o_11-13mai_2024-05-12_-29.5_-52.0,2o_11-13mai,2024-05-11 11:00:00,-24.382059120520694,-56.24404378559291,933.8590744583591,303.13755352316673,0.10942618123636029
2o_11-13mai_2024-05-12_-29.5_-52.0,2o_11-13mai,2024-05-11 10:00:00,-24.070318503361413,-56.33265870799759,937.7697196159198,303.0297162778163,0.09917162896102473
2o_11-13mai_2024-05-12_-29.5_-52.0,2o_11-13mai,2024-05-11 09:00:00,-23.792544187458265,-56.41848778305476,938.6970444384979,303.0470741062088,0.08882632166865943
2o_11-13mai_2024-05-12_-29.5_-52.0,2o_11-13mai,2024-05-11 08:00:00,-23.522280121559902,-56.52131843599807,936.2777378710896,303.4582375495469,0.08016945566054376
2o_11-13mai_2024-05-12_-29.5_-52.0,2o_11-13mai,2024-05-11 07:00:00,-23.250281675815934,-56.63240686357292,934.191558682221,304.00229067516585,0.07402650185655837
2o_11-13mai_2024-05-12_-29.5_-52.0,2o_11-13mai,2024-05-11 06:00:00,-22.980421247922557,-56.71360091358324,935.842394170422,304.28316867271457,0.06492532796328947
2o_11-13mai_2024-05-12_-29.5_-52.0,2o_11-13mai,2024-05-11 05:00:00,-22.717509366429145,-56.74447822244198,939.1027584143936,304.37035733468707,0.054892175934583134
2o_11-13mai_2024-05-12_-29.5_-52.0,2o_11-13mai,2024-05-11 04:00:00,-22.4621059636351,-56.750153000036526,940.6272284519222,304.5868047256875,0.04656134294588518
2o_11-13mai_2024-05-12_-29.5_-52.0,2o_11-13mai,2024-05-11 03:00:00,-22.207662982684223,-56.74949168722024,940.3733935440403,304.8523122047734,0.044916271236774385
2o_11-13mai_2024-05-12_-29.5_-52.0,2o_11-13mai,2024-05-11 02:00:00,-21.948380738624163,-56.74901322552955,937.4018735512152,305.0821950100543,0.04323780680849158
2o_11-13mai_2024-05-12_-29.5_-52.0,2o_11-13mai,2024-05-11 01:00:00,-21.678135277711974,-56.756268904204724,932.396415924409,305.3036002488111,0.0421304125520655
2o_11-13mai_2024-05-12_-29.5_-52.0,2o_11-13mai,2024-05-11 00:00:00,-21.41186251855223,-56.77757180358228,928.5028777655222,305.41866188068104,0.04287712260961589
2o_11-13mai_2024-05-12_-29.5_-52.0,2o_11-13mai,2024-05-10 23:00:00,-21.17154467136742,-56.797587322669386,924.7047508251718,305.56315791367064,0.04285045556890762
2o_11-13mai_2024-05-12_-29.5_-52.0,2o_11-13mai,2024-05-10 22:00:00,-20.94870137729867,-56.79970126456031,922.0281443552049,305.7966398432226,0.04228776911968521
2o_11-13mai_2024-05-12_-29.5_-52.0,2o_11-13mai,2024-05-10 21:00:00,-20.738272624094584,-56.78351515432782,923.1063381707013,305.86944084567693,0.042108035264950675
2o_11-13mai_2024-05-12_-29.5_-52.0,2o_11-13mai,2024-05-10 20:00:00,-20.53989345680035,-56.751087886233655,927.0801084060259,305.8527117153493,0.04164598164472337
2o_11-13mai_2024-05-12_-29.5_-52.0,2o_11-13mai,2024-05-10 19:00:00,-20.354090561550862,-56.708592492770755,931.8995874842215,305.74364496112986,0.04097361442021738
2o_11-13mai_2024-05-12_-29.5_-52.0,2o_11-13mai,2024-05-10 18:00:00,-20.17495301134754,-56.66198895039538,936.6056829628614,305.7602661591448,0.04023119637570132
2o_11-13mai_2024-05-12_-29.5_-52.0,2o_11-13mai,2024-05-10 17:00:00,-20.00456491199719,-56.609313582739404,940.7548055800737,305.46604166080556,0.04224667469520573
2o_11-13mai_2024-05-12_-29.5_-52.0,2o_11-13mai,2024-05-10 16:00:00,-19.846969096512364,-56.544391031814165,943.2617212086119,304.8460549561229,0.04352416748638852
2o_11-13mai_2024-05-12_-29.5_-52.0,2o_11-13mai,2024-05-10 15:00:00,-19.703657402019893,-56.46134675683927,943.898763856883,304.25995703193576,0.04366274240227623
2o_11-13mai_2024-05-12_-29.5_-52.0,2o_11-13mai,2024-05-10 14:00:00,-19.57676814939554,-56.35520548153924,944.0079559598222,303.71409638541803,0.04224171069118216
2o_11-13mai_2024-05-12_-29.5_-52.0,2o_11-13mai,2024-05-10 13:00:00,-19.470407325232234,-56.22306184046576,943.9898037360399,303.154747719611,0.03939092669140782
2o_11-13mai_2024-05-12_-29.5_-52.0,2o_11-13mai,2024-05-10 12:00:00,-19.381587387795673,-56.06699573428388,944.5305358788622,302.5191645684524,0.036588703767282786
2o_11-13mai_2024-05-12_-29.5_-52.0,2o_11-13mai,2024-05-10 11:00:00,-19.304898884233182,-55.91128171070002,945.0786093662414,302.2192543818585,0.034638273437218946
2o_11-13mai_2024-05-12_-29.5_-52.0,2o_11-13mai,2024-05-10 10:00:00,-19.230373050983268,-55.77518496100766,944.803061447354,302.54202380733466,0.034486025241668036
2o_11-13mai_2024-05-12_-29.5_-52.0,2o_11-13mai,2024-05-10 09:00:00,-19.168215335701497,-55.656017173226275,944.1084063773446,302.8673037882547,0.03582492213500044
2o_11-13mai_2024-05-12_-29.5_-52.0,2o_11-13mai,2024-05-10 08:00:00,-19.12673922665349,-55.551777845518764,943.4731776633399,303.1700456396157,0.03849579923208006
2o_11-13mai_2024-05-12_-29.5_-52.0,2o_11-13mai,2024-05-10 07:00:00,-19.115728501978268,-55.45978718423087,943.3570289961493,303.42860280319894,0.04213200464193126
2o_11-13mai_2024-05-12_-29.5_-52.0,2o_11-13mai,2024-05-10 06:00:00,-19.143778045250098,-55.37806489698781,944.4688194626469,303.64938396854416,0.04590460290448183
2o_11-13mai_2024-05-12_-29.5_-52.0,2o_11-13mai,2024-05-10 05:00:00,-19.188648693849622,-55.315386511414204,946.5097762903912,303.89537070492844,0.04498033161318088
2o_11-13mai_2024-05-12_-29.5_-52.0,2o_11-13mai,2024-05-10 04:00:00,-19.224269348789548,-55.27820096606624,948.9397162529107,304.21024816663385,0.04476642761752736
2o_11-13mai_2024-05-12_-29.5_-52.0,2o_11-13mai,2024-05-10 03:00:00,-19.25034308711752,-55.265653806448846,951.5222291352691,304.47673728573045,0.04522011106627915
2o_11-13mai_2024-05-12_-29.5_-52.0,2o_11-13mai,2024-05-10 02:00:00,-19.266746758527866,-55.2769906922264,954.0797927387838,304.71520797298376,0.046350788462584995
2o_11-13mai_2024-05-12_-29.5_-52.0,2o_11-13mai,2024-05-10 01:00:00,-19.273203693059028,-55.31172861913119,956.5061139689079,304.9506144372001,0.048187648220265146
2o_11-13mai_2024-05-12_-29.5_-52.0,2o_11-13mai,2024-05-10 00:00:00,-19.26930992454714,-55.3698917851102,958.7002366764661,305.209279344549,0.05075491126701872
2o_11-13mai_2024-05-12_-29.5_-52.0,2o_11-13mai,2024-05-09 23:00:00,-19.254793817143685,-55.438616445994754,960.5469779806534,305.4218823807872,0.054981723386110334
2o_11-13mai_2024-05-12_-29.5_-52.0,2o_11-13mai,2024-05-09 22:00:00,-19.230057515170365,-55.50318179313562,962.0985834527847,305.5565172074508,0.05896615055026374
2o_11-13mai_2024-05-12_-29.5_-52.0,2o_11-13mai,2024-05-09 21:00:00,-19.19572663437855,-55.56091721116195,963.5941723539855,305.6689270468784,0.06330234955132212
2o_11-13mai_2024-05-12_-29.5_-52.0,2o_11-13mai,2024-05-09 20:00:00,-19.15222192875153,-55.60993495374385,965.2541064972776,305.7984833363977,0.06698621143323194
2o_11-13mai_2024-05-12_-29.5_-52.0,2o_11-13mai,2024-05-09 19:00:00,-19.099445388553598,-55.64964277116327,967.0737212420546,305.9759781170537,0.06983653195630085
2o_11-13mai_2024-05-12_-29.5_-52.0,2o_11-13mai,2024-05-09 18:00:00,-19.037231750478707,-55.67969798322084,968.9743897408463,306.2115354414659,0.07168487742302344
2o_11-13mai_2024-05-12_-29.5_-52.0,2o_11-13mai,2024-05-09 17:00:00,-18.960079821563255,-55.69824240969986,970.8354548076176,306.0666327299165,0.06972542105113021
2o_11-13mai_2024-05-12_-29.5_-52.0,2o_11-13mai,2024-05-09 16:00:00,-18.864729602994586,-55.70320658167858,972.552699207503,305.45124843872406,0.06652912522958172
2o_11-13mai_2024-05-12_-29.5_-52.0,2o_11-13mai,2024-05-09 15:00:00,-18.75358392468717,-55.694290343305475,974.1112847270557,304.81754849636184,0.06236962952447292
2o_11-13mai_2024-05-12_-29.5_-52.0,2o_11-13mai,2024-05-09 14:00:00,-18.628828813487132,-55.672070693742356,975.5753089079341,304.13127666090145,0.05653316123636823
2o_11-13mai_2024-05-12_-29.5_-52.0,2o_11-13mai,2024-05-09 13:00:00,-18.49207234353689,-55.63832722716882,977.0103817038934,303.3842106099203,0.05061256581342072
2o_11-13mai_2024-05-12_-29.5_-52.0,2o_11-13mai,2024-05-09 12:00:00,-18.343995951405546,-55.59474559459813,978.5150215267928,302.60761116479273,0.04512356862960551
2o_11-13mai_2024-05-12_-29.5_-52.0,2o_11-13mai,2024-05-09 11:00:00,-18.200062188838967,-55.544203031913895,980.0556717952471,302.39829685407875,0.03441693196427471
2o_11-13mai_2024-05-12_-29.5_-52.0,2o_11-13mai,2024-05-09 10:00:00,-18.07442650389566,-55.485262628477294,981.7124477372364,302.7495770250861,0.02621289271752268
2o_11-13mai_2024-05-12_-29.5_-52.0,2o_11-13mai,2024-05-09 09:00:00,-17.967764403618826,-55.41578684041039,983.0521053111877,303.09555729814963,0.019847887497809136
2o_11-13mai_2024-05-12_-29.5_-52.0,2o_11-13mai,2024-05-09 08:00:00,-17.87760762660054,-55.33513985905941,983.5757919006145,303.4280550286037,0.014783360595454039
2o_11-13mai_2024-05-12_-29.5_-52.0,2o_11-13mai,2024-05-09 07:00:00,-17.80071897593649,-55.24286637216481,982.8425284831486,303.76954407988933,0.010670746668644647
2o_11-13mai_2024-05-12_-29.5_-52.0,2o_11-13mai,2024-05-09 06:00:00,-17.73311515706521,-55.13881422724119,980.1615299910626,304.03361192587306,0.007279413613802026
2o_11-13mai_2024-05-12_-29.5_-52.0,2o_11-13mai,2024-05-09 05:00:00,-17.664316428978246,-55.02703809931038,974.8641227624057,304.3443976258469,0.006499569875399935
2o_11-13mai_2024-05-12_-29.5_-52.0,2o_11-13mai,2024-05-09 04:00:00,-17.5865666838293,-54.911445039103256,966.9958325739633,304.8706579263095,0.005728454509422368
2o_11-13mai_2024-05-12_-29.5_-52.0,2o_11-13mai,2024-05-09 03:00:00,-17.498001598359057,-54.7901641178732,958.3453311865863,305.3833414729565,0.004961078507136939
2o_11-13mai_2024-05-12_-29.5_-52.0,2o_11-13mai,2024-05-09 02:00:00,-17.406189548596004,-54.6669181186025,949.7631542907754,305.86164860851187,0.004310091389272907
2o_11-13mai_2024-05-12_-29.5_-52.0,2o_11-13mai,2024-05-09 01:00:00,-17.321510701944757,-54.5491668593005,943.7987846722424,306.3322246976049,0.0037760596969971033
2o_11-13mai_2024-05-12_-29.5_-52.0,2o_11-13mai,2024-05-09 00:00:00,-17.24593193956792,-54.443981160881044,941.9083930868504,306.6857118490893,0.0033234580174642046
2o_11-13mai_2024-05-12_-29.5_-52.0,2o_11-13mai,2024-05-08 23:00:00,-17.174190058760523,-54.347442602487995,940.5267163972509,306.81968114127824,0.0032220866390259314
2o_11-13mai_2024-05-12_-29.5_-52.0,2o_11-13mai,2024-05-08 22:00:00,-17.092626947435768,-54.253292499702205,938.3117914454465,306.9485871551808,0.0031400358602884175
2o_11-13mai_2024-05-12_-29.5_-52.0,2o_11-13mai,2024-05-08 21:00:00,-17.00029518517182,-54.15677400335494,934.6454760258756,307.1438528536382,0.0030831144751093105
2o_11-13mai_2024-05-12_-29.5_-52.0,2o_11-13mai,2024-05-08 20:00:00,-16.8960539323891,-54.05255795607723,930.091476623868,307.3903160619041,0.0030616250253362436
2o_11-13mai_2024-05-12_-29.5_-52.0,2o_11-13mai,2024-05-08 19:00:00,-16.77866323442999,-53.942860331135485,925.6767796475763,307.7140764218448,0.003161216869058667
2o_11-13mai_2024-05-12_-29.5_-52.0,2o_11-13mai,2024-05-08 18:00:00,-16.653597739418668,-53.83436311937621,924.264592936931,307.793311564714,0.0033278165029260345
2o_11-13mai_2024-05-12_-29.5_-52.0,2o_11-13mai,2024-05-08 17:00:00,-16.531154687399688,-53.72051099361335,923.6874066909852,307.324318354328,0.003713825620083918
2o_11-13mai_2024-05-12_-29.5_-52.0,2o_11-13mai,2024-05-08 16:00:00,-16.41551468547614,-53.59763620524062,921.8111403848366,306.4801608488486,0.004016601973155587
2o_11-13mai_2024-05-12_-29.5_-52.0,2o_11-13mai,2024-05-08 15:00:00,-16.309496832132737,-53.46319036305145,920.2120789459615,305.6450839314376,0.004214792596291026
2o_11-13mai_2024-05-12_-29.5_-52.0,2o_11-13mai,2024-05-08 14:00:00,-16.218001140552378,-53.31278616430457,921.1996397775345,304.8259868336869,0.0043021986449763875
2o_11-13mai_2024-05-12_-29.5_-52.0,2o_11-13mai,2024-05-08 13:00:00,-16.14918361333806,-53.14623751546588,924.8265026587206,303.9334524360795,0.004304757703284894
2o_11-13mai_2024-05-12_-29.5_-52.0,2o_11-13mai,2024-05-08 12:00:00,-16.08581777766669,-52.94001651272457,930.1497445539122,302.97119951384354,0.004267364518883359
2o_11-13mai_2024-05-12_-29.5_-52.0,2o_11-13mai,2024-05-08 11:00:00,-15.998544153753707,-52.71151813842572,932.6651868523754,302.5749857231537,0.006144018985480632
2o_11-13mai_2024-05-12_-29.5_-52.0,2o_11-13mai,2024-05-08 10:00:00,-15.898388408710478,-52.4937185782509,931.9469076874376,302.97724760798593,0.008025971229663925
2o_11-13mai_2024-05-12_-29.5_-52.0,2o_11-13mai,2024-05-08 09:00:00,-15.798563095258702,-52.290475992955365,931.4766751121382,303.4974955498513,0.009933625282811538
2o_11-13mai_2024-05-12_-29.5_-52.0,2o_11-13mai,2024-05-08 08:00:00,-15.694244128087782,-52.09843430953461,934.0612793282941,304.15736953092255,0.01168044959563467
2o_11-13mai_2024-05-12_-29.5_-52.0,2o_11-13mai,2024-05-08 07:00:00,-15.600443244424962,-51.92871661957035,941.25115719881,304.7807893822534,0.013230297836229447
2o_11-13mai_2024-05-12_-29.5_-52.0,2o_11-13mai,2024-05-08 06:00:00,-15.52820008563414,-51.768960090641826,948.5602081206022,305.0689636333269,0.014695977228156461
2o_11-13mai_2024-05-12_-29.5_-52.0,2o_11-13mai,2024-05-08 05:00:00,-15.472407872214099,-51.60597493741976,954.276691071107,305.1637084317556,0.014234769122025693
2o_11-13mai_2024-05-12_-29.5_-52.0,2o_11-13mai,2024-05-08 04:00:00,-15.422685074725024,-51.43445173450635,957.8818182141196,305.31056435712696,0.013778440843354119
2o_11-13mai_2024-05-12_-29.5_-52.0,2o_11-13mai,2024-05-08 03:00:00,-15.380106147944229,-51.26444663284727,960.3320610214937,305.40570964700106,0.013288724918630552
2o_11-13mai_2024-05-12_-29.5_-52.0,2o_11-13mai,2024-05-08 02:00:00,-15.345010341413696,-51.10257723003048,961.3027077864066,305.64236698243275,0.012771723831686512
2o_11-13mai_2024-05-12_-29.5_-52.0,2o_11-13mai,2024-05-08 01:00:00,-15.316811088759678,-50.94939571472705,960.5513361869189,306.0709394480254,0.012297539470960914
2o_11-13mai_2024-05-12_-29.5_-52.0,2o_11-13mai,2024-05-08 00:00:00,-15.297007536172229,-50.81027060265468,959.8102842704362,306.60258988491825,0.011996903757901627
2o_11-13mai_2024-05-12_-29.5_-52.0,2o_11-13mai,2024-05-07 23:00:00,-15.282378001004668,-50.6824876448771,959.2717199121361,306.9404452310704,0.011746660672829255
2o_11-13mai_2024-05-12_-29.5_-52.0,2o_11-13mai,2024-05-07 22:00:00,-15.26659877938235,-50.56183065385804,956.6155756527253,307.0574630578618,0.011415180321269053
2o_11-13mai_2024-05-12_-29.5_-52.0,2o_11-13mai,2024-05-07 21:00:00,-15.249291175777842,-50.44454884989989,951.6625225543514,307.2449136464627,0.011012573867246203
2o_11-13mai_2024-05-12_-29.5_-52.0,2o_11-13mai,2024-05-07 20:00:00,-15.231101164689807,-50.3274634862784,942.0069222713155,307.51186251158305,0.010547184432900224
2o_11-13mai_2024-05-12_-29.5_-52.0,2o_11-13mai,2024-05-07 19:00:00,-15.213014406399108,-50.208848814783074,926.4589616152062,307.9833932467476,0.010067676723656556
2o_11-13mai_2024-05-12_-29.5_-52.0,2o_11-13mai,2024-05-07 18:00:00,-15.199158462925086,-50.08670154725111,912.6091175921289,308.44318193876074,0.009654524166881617
2o_11-13mai_2024-05-12_-29.5_-52.0,2o_11-13mai,2024-05-07 17:00:00,-15.192355428810172,-49.95220996224943,902.3776344552434,308.1867891427032,0.00957874027146881
2o_11-13mai_2024-05-12_-29.5_-52.0,2o_11-13mai,2024-05-07 16:00:00,-15.189604817171976,-49.80013013058325,896.8852459140583,307.34158364811725,0.009384770741648838
2o_11-13mai_2024-05-12_-29.5_-52.0,2o_11-13mai,2024-05-07 15:00:00,-15.188397122954203,-49.635995977620425,895.3642260897287,306.46594693053044,0.009037713925012162
2o_11-13mai_2024-05-12_-29.5_-52.0,2o_11-13mai,2024-05-07 14:00:00,-15.18435125505097,-49.462270214984976,893.268297428655,305.6973522374943,0.008544540532580714
2o_11-13mai_2024-05-12_-29.5_-52.0,2o_11-13mai,2024-05-07 13:00:00,-15.17467611839001,-49.26267575934608,888.8644963918829,305.08602357094264,0.007998057542456022
2o_11-13mai_2024-05-12_-29.5_-52.0,2o_11-13mai,2024-05-07 12:00:00,-15.156987298398196,-49.02492959971692,883.5389167629924,304.4568190390779,0.0072696662400417895
2o_11-13mai_2024-05-12_-29.5_-52.0,2o_11-13mai,2024-05-07 11:00:00,-15.142960795010362,-48.7619612550059,880.7263110879375,304.050505105585,0.009344688088485728
2o_11-13mai_2024-05-12_-29.5_-52.0,2o_11-13mai,2024-05-07 10:00:00,-15.138021851345226,-48.47880416824368,875.1431632406902,304.1965920375553,0.011630321484312901
2o_11-13mai_2024-05-12_-29.5_-52.0,2o_11-13mai,2024-05-07 09:00:00,-15.125690503042629,-48.15443296412713,867.0903523508384,304.5086451926585,0.013502386393259999
2o_11-13mai_2024-05-12_-29.5_-52.0,2o_11-13mai,2024-05-07 08:00:00,-15.122206725059966,-47.821523069181296,857.5057602109849,304.6020694398343,0.015517918803981089
2o_11-13mai_2024-05-12_-29.5_-52.0,2o_11-13mai,2024-05-07 07:00:00,-15.121865281214872,-47.461384817857024,852.4698223310198,305.2597454936315,0.017817851720154244
2o_11-13mai_2024-05-12_-29.5_-52.0,2o_11-13mai,2024-05-07 06:00:00,-15.11138305408407,-47.16114820010274,860.0449377245604,305.2039272169212,0.02004090874608483
2o_11-13mai_2024-05-12_-29.5_-52.0,2o_11-13mai,2024-05-07 05:00:00,-15.11107767748306,-46.86173086699224,851.6331600891137,305.61946277445867,0.02044061636589722
2o_11-13mai_2024-05-12_-29.5_-52.0,2o_11-13mai,2024-05-07 04:00:00,-15.113448123809809,-46.506394217114924,841.7393317439902,305.94615264357293,0.020481068621023713
2o_11-13mai_2024-05-12_-29.5_-52.0,2o_11-13mai,2024-05-07 03:00:00,-15.126482102253261,-46.172820785901635,840.570812762531,306.33557886219637,0.020553793723069046
2o_11-13mai_2024-05-12_-29.5_-52.0,2o_11-13mai,2024-05-07 02:00:00,-15.154376011898322,-45.83906253363715,844.3096544235408,306.4903336313691,0.02018957182724977
2o_11-13mai_2024-05-12_-29.5_-52.0,2o_11-13mai,2024-05-07 01:00:00,-15.181701005678534,-45.48879298500088,846.5417575141742,306.53198999801515,0.020138780305792536
2o_11-13mai_2024-05-12_-29.5_-52.0,2o_11-13mai,2024-05-07 00:00:00,-15.20683831708731,-45.12889154438249,849.0786340584649,306.5215739677744,0.020600361980041858
2o_11-13mai_2024-05-12_-29.5_-52.0,2o_11-13mai,2024-05-06 23:00:00,-15.239940109435125,-44.77548154030961,849.5153244636908,306.467417904788,0.021806994438033987
2o_11-13mai_2024-05-12_-29.5_-52.0,2o_11-13mai,2024-05-06 22:00:00,-15.276440533734482,-44.44552114739673,849.1790757688007,306.6227380871331,0.022586686559941813
2o_11-13mai_2024-05-12_-29.5_-52.0,2o_11-13mai,2024-05-06 21:00:00,-15.316393773617555,-44.13953255884788,852.8008513107018,306.59216027268474,0.02297496398277741
2o_11-13mai_2024-05-12_-29.5_-52.0,2o_11-13mai,2024-05-06 20:00:00,-15.37444682888298,-43.85061848246357,853.8399330645985,306.6204569712615,0.023091278990004387
2o_11-13mai_2024-05-12_-29.5_-52.0,2o_11-13mai,2024-05-06 19:00:00,-15.439795544239164,-43.57665018192544,850.7368658131023,306.43388717488847,0.0229641194380531
2o_11-13mai_2024-05-12_-29.5_-52.0,2o_11-13mai,2024-05-06 18:00:00,-15.49536118234543,-43.31914022947646,849.1427046087191,306.41567715284316,0.022701401710936053
2o_11-13mai_2024-05-12_-29.5_-52.0,2o_11-13mai,2024-05-06 17:00:00,-15.541186862813136,-43.051273712130765,843.8902452181379,306.39982852998236,0.02250722094765279
2o_11-13mai_2024-05-12_-29.5_-52.0,2o_11-13mai,2024-05-06 16:00:00,-15.594818366775751,-42.769684527827245,825.6406655411868,306.0962249157386,0.022244648801572946
2o_11-13mai_2024-05-12_-29.5_-52.0,2o_11-13mai,2024-05-06 15:00:00,-15.656344386536519,-42.49692688416627,818.7182622030185,305.81640453258274,0.02207983673654868
2o_11-13mai_2024-05-12_-29.5_-52.0,2o_11-13mai,2024-05-06 14:00:00,-15.71700771068288,-42.23896255727411,823.0742622535928,304.96720814373066,0.02194376629413254
2o_11-13mai_2024-05-12_-29.5_-52.0,2o_11-13mai,2024-05-06 13:00:00,-15.77723891789026,-41.98234561714334,824.5510473869741,304.2240053135922,0.022050195419065586
2o_11-13mai_2024-05-12_-29.5_-52.0,2o_11-13mai,2024-05-06 12:00:00,-15.843377886076926,-41.70357730655473,822.3859520709631,304.03978342405134,0.023237235998818318
2o_11-13mai_2024-05-12_-29.5_-52.0,2o_11-13mai,2024-05-06 11:00:00,-15.915788969616464,-41.40291356196029,822.5015354909358,304.1787718066782,0.02655342790226138
2o_11-13mai_2024-05-12_-29.5_-52.0,2o_11-13mai,2024-05-06 10:00:00,-15.994235129613816,-41.07069393516198,819.9386300565825,304.36236195798875,0.02991075840032879
2o_11-13mai_2024-05-12_-29.5_-52.0,2o_11-13mai,2024-05-06 09:00:00,-16.06892520191457,-40.73229475140882,823.3545174149176,304.64909255070273,0.03256822780175923
2o_11-13mai_2024-05-12_-29.5_-52.0,2o_11-13mai,2024-05-06 08:00:00,-16.13132952953221,-40.40263424129403,830.9080087431298,304.3395566761746,0.033955191492878484
2o_11-13mai_2024-05-12_-29.5_-52.0,2o_11-13mai,2024-05-06 07:00:00,-16.196256570181273,-40.0783940403131,833.8824274333248,304.0760557738968,0.0334561702433756
2o_11-13mai_2024-05-12_-29.5_-52.0,2o_11-13mai,2024-05-06 06:00:00,-16.26433764314376,-39.76215499370514,834.4520940929814,303.8880567304005,0.03165239940864284
2o_11-13mai_2024-05-12_-29.5_-52.0,2o_11-13mai,2024-05-06 05:00:00,-16.33560594453516,-39.44696549144785,837.3109300843522,303.90451350492907,0.03034518449513991
2o_11-13mai_2024-05-12_-29.5_-52.0,2o_11-13mai,2024-05-06 04:00:00,-16.417318527877683,-39.126627764539535,844.353817172572,303.99810299652285,0.029580929132374055
2o_11-13mai_2024-05-12_-29.5_-52.0,2o_11-13mai,2024-05-06 03:00:00,-16.507082366600876,-38.803853147789,856.2055982464304,303.9404263100086,0.029706586259656893
2o_11-13mai_2024-05-12_-29.5_-52.0,2o_11-13mai,2024-05-06 02:00:00,-16.5978043097932,-38.48849109367765,863.1383026301302,303.53514782338465,0.029849190826302715
2o_11-13mai_2024-05-12_-29.5_-52.0,2o_11-13mai,2024-05-06 01:00:00,-16.69144455276204,-38.15904263689334,866.2607536505438,303.33237471550945,0.029777624744734183
2o_11-13mai_2024-05-12_-29.5_-52.0,2o_11-13mai,2024-05-06 00:00:00,-16.798628797392663,-37.81421917247157,868.0826835587826,303.08485408454953,0.02940692606864098
2o_11-13mai_2024-05-12_-29.5_-52.0,2o_11-13mai,2024-05-05 23:00:00,-16.917054724744883,-37.469798960132294,870.8139128056348,303.1041464339065,0.029217415328467982
2o_11-13mai_2024-05-12_-29.5_-52.0,2o_11-13mai,2024-05-05 22:00:00,-17.033499914714294,-37.13050940612856,873.5045162610859,303.12601631715506,0.029554170986623014
2o_11-13mai_2024-05-12_-29.5_-52.0,2o_11-13mai,2024-05-05 21:00:00,-17.142102389731367,-36.79324612040221,875.97861776738,303.0481557147323,0.03010068950543137
2o_11-13mai_2024-05-12_-29.5_-52.0,2o_11-13mai,2024-05-05 20:00:00,-17.245574071873854,-36.45347504692571,877.4514178065957,302.9798711240705,0.030677869228877015
2o_11-13mai_2024-05-12_-29.5_-52.0,2o_11-13mai,2024-05-05 19:00:00,-17.349123332521806,-36.11553347371161,878.4565947541956,302.85286845109647,0.030710359072292397
2o_11-13mai_2024-05-12_-29.5_-52.0,2o_11-13mai,2024-05-05 18:00:00,-17.453822518773123,-35.78474023902121,879.4771418615857,302.77247476453374,0.030671094303746614
2o_11-13mai_2024-05-12_-29.5_-52.0,2o_11-13mai,2024-05-05 17:00:00,-17.56330391624839,-35.45570379701714,880.7484235502121,302.71350353790115,0.030692392270610422
2o_11-13mai_2024-05-12_-29.5_-52.0,2o_11-13mai,2024-05-05 16:00:00,-17.674070349175455,-35.1252809587613,880.25215594463,302.62112092549654,0.030880685944849256
2o_11-13mai_2024-05-12_-29.5_-52.0,2o_11-13mai,2024-05-05 15:00:00,-17.784667551043135,-34.79323565940586,878.9548893331989,302.59784229564247,0.031172642147554448
2o_11-13mai_2024-05-12_-29.5_-52.0,2o_11-13mai,2024-05-05 14:00:00,-17.894167484270767,-34.454745202045686,878.5697069988049,302.56903773401484,
2o_11-13mai_2024-05-12_-29.5_-52.0,2o_11-13mai,2024-05-05 13:00:00,-18.007052263623773,-34.10944627757895,878.2573945254235,302.4282790097122,
2o_11-13mai_2024-05-12_-30.5_-53.5,2o_11-13mai,2024-05-12 12:00:00,-30.5,-53.5,850.0,298.9683052968536,0.034115760690636106
2o_11-13mai_2024-05-12_-30.5_-53.5,2o_11-13mai,2024-05-12 11:00:00,-30.36913811713569,-53.21605127293181,862.3534295033743,298.4152894316876,0.04052537531690439
2o_11-13mai_2024-05-12_-30.5_-53.5,2o_11-13mai,2024-05-12 10:00:00,-30.270612658754867,-52.91021318207424,867.5376234446638,297.67087481685286,0.05089988411288249
2o_11-13mai_2024-05-12_-30.5_-53.5,2o_11-13mai,2024-05-12 09:00:00,-30.180008661741805,-52.62871765850872,871.559775064118,297.7586548329468,0.06452481794712302
2o_11-13mai_2024-05-12_-30.5_-53.5,2o_11-13mai,2024-05-12 08:00:00,-30.10449198652568,-52.359932258437496,878.0109083193187,297.5877616502213,0.07944940123253535
2o_11-13mai_2024-05-12_-30.5_-53.5,2o_11-13mai,2024-05-12 07:00:00,-30.044714596605537,-52.09001528214326,881.0426071739905,297.35740878030276,0.09369947530534392
2o_11-13mai_2024-05-12_-30.5_-53.5,2o_11-13mai,2024-05-12 06:00:00,-29.99104489656424,-51.8268304115119,882.3099449418396,297.2814264362445,0.10922872625836653
2o_11-13mai_2024-05-12_-30.5_-53.5,2o_11-13mai,2024-05-12 05:00:00,-29.93803988800929,-51.5977495709442,884.361702542868,297.3653317634037,0.11703493987247847
2o_11-13mai_2024-05-12_-30.5_-53.5,2o_11-13mai,2024-05-12 04:00:00,-29.883634275189692,-51.421619134804956,888.3652005931241,297.4348223902139,0.12331253634711367
2o_11-13mai_2024-05-12_-30.5_-53.5,2o_11-13mai,2024-05-12 03:00:00,-29.82952821534054,-51.28809888321437,891.4955433589655,297.4106604233282,0.12952032087959342
2o_11-13mai_2024-05-12_-30.5_-53.5,2o_11-13mai,2024-05-12 02:00:00,-29.7781157037575,-51.20090911990344,894.998389748731,297.4949677599654,0.13571394175611426
2o_11-13mai_2024-05-12_-30.5_-53.5,2o_11-13mai,2024-05-12 01:00:00,-29.731121949426683,-51.155610988569585,899.1152322579418,297.51860760356647,0.141758925411281
2o_11-13mai_2024-05-12_-30.5_-53.5,2o_11-13mai,2024-05-12 00:00:00,-29.684980577854525,-51.137552293413584,903.3986521275363,297.455846717549,0.14760874613462666
2o_11-13mai_2024-05-12_-30.5_-53.5,2o_11-13mai,2024-05-11 23:00:00,-29.651007359529125,-51.133521361915314,907.2034478011823,297.3209992772076,0.16798537196337393
2o_11-13mai_2024-05-12_-30.5_-53.5,2o_11-13mai,2024-05-11 22:00:00,-29.645068123480367,-51.13205904459687,910.571187540873,297.1229724943452,0.1871719056306052
2o_11-13mai_2024-05-12_-30.5_-53.5,2o_11-13mai,2024-05-11 21:00:00,-29.670339451380325,-51.13123750724873,913.7180467008244,296.9094866223182,0.20411139762606872
2o_11-13mai_2024-05-12_-30.5_-53.5,2o_11-13mai,2024-05-11 20:00:00,-29.727207927720137,-51.131624626543974,916.769278257498,296.7158939150379,0.21785343323363218
2o_11-13mai_2024-05-12_-30.5_-53.5,2o_11-13mai,2024-05-11 19:00:00,-29.812733264592026,-51.13334859571952,919.9381759548236,296.56561553032674,0.22776303553921975
2o_11-13mai_2024-05-12_-30.5_-53.5,2o_11-13mai,2024-05-11 18:00:00,-29.921209344948664,-51.123629486182914,924.7641603990663,296.3041338641201,0.23411047921499384
2o_11-13mai_2024-05-12_-30.5_-53.5,2o_11-13mai,2024-05-11 17:00:00,-30.02446909485336,-51.1110381918925,931.2388958565216,295.96957679505715,0.21269208339255605
2o_11-13mai_2024-05-12_-30.5_-53.5,2o_11-13mai,2024-05-11 16:00:00,-30.108713045785475,-51.09742357338868,939.8016895688514,295.4701558083404,0.18950096847629713
2o_11-13mai_2024-05-12_-30.5_-53.5,2o_11-13mai,2024-05-11 15:00:00,-30.18109750094792,-51.076828610790216,949.1854969034836,294.86488640808705,0.1700535572399567
2o_11-13mai_2024-05-12_-30.5_-53.5,2o_11-13mai,2024-05-11 14:00:00,-30.24680623520336,-51.04601664090053,958.1824395020772,294.29442376894747,0.1529705220676816
2o_11-13mai_2024-05-12_-30.5_-53.5,2o_11-13mai,2024-05-11 13:00:00,-30.30812497635879,-50.99720740950642,965.762044241429,293.78237492707785,0.13728345241134868
2o_11-13mai_2024-05-12_-30.5_-53.5,2o_11-13mai,2024-05-11 12:00:00,-30.366000785056357,-50.92459108406161,971.8296537659791,293.37274710122784,0.12086138134116518
2o_11-13mai_2024-05-12_-30.5_-53.5,2o_11-13mai,2024-05-11 11:00:00,-30.416794755007768,-50.82081916156796,977.036712251034,293.0960997802333,0.10072718771547276
2o_11-13mai_2024-05-12_-30.5_-53.5,2o_11-13mai,2024-05-11 10:00:00,-30.456701453101463,-50.68494637209545,981.2677645146573,292.9419128227382,0.08338174784159105
2o_11-13mai_2024-05-12_-30.5_-53.5,2o_11-13mai,2024-05-11 09:00:00,-30.49249202590776,-50.510418486194645,985.7997551816721,292.9713415277483,0.06812935641902101
2o_11-13mai_2024-05-12_-30.5_-53.5,2o_11-13mai,2024-05-11 08:00:00,-30.525642587621334,-50.28455291292348,990.8891862666238,293.0767803685179,0.05497234588908111
2o_11-13mai_2024-05-12_-30.5_-53.5,2o_11-13mai,2024-05-11 07:00:00,-30.55248130379642,-49.990007453897896,994.6483720979155,293.20497578870135,0.04442652444708581
2o_11-13mai_2024-05-12_-30.5_-53.5,2o_11-13mai,2024-05-11 06:00:00,-30.570299831982325,-49.64529357620503,994.6807063541604,293.2058084530497,0.03611993655585672
2o_11-13mai_2024-05-12_-30.5_-53.5,2o_11-13mai,2024-05-11 05:00:00,-30.588917084548463,-49.27495008444809,993.9532810551659,293.1798834053342,0.035745386520293555
2o_11-13mai_2024-05-12_-30.5_-53.5,2o_11-13mai,2024-05-11 04:00:00,-30.619070193310478,-48.892227465483344,992.1482484282695,292.9339810386177,0.036192595751993635
2o_11-13mai_2024-05-12_-30.5_-53.5,2o_11-13mai,2024-05-11 03:00:00,-30.66008688613363,-48.519206718189466,991.0315534164112,292.4824162218808,0.033954953583570036
2o_11-13mai_2024-05-12_-30.5_-53.5,2o_11-13mai,2024-05-11 02:00:00,-30.713223055438245,-48.1670515114994,989.5461505335355,291.9901885450271,0.029979660073418735
2o_11-13mai_2024-05-12_-30.5_-53.5,2o_11-13mai,2024-05-11 01:00:00,-30.783508215260564,-47.84222685202132,988.0817175154743,291.4483614536505,0.028006054946966424
2o_11-13mai_2024-05-12_-30.5_-53.5,2o_11-13mai,2024-05-11 00:00:00,-30.84650522012134,-47.54687629701781,985.415539603646,291.041794488565,0.028911827800965947
2o_11-13mai_2024-05-12_-30.5_-53.5,2o_11-13mai,2024-05-10 23:00:00,-30.877076016549843,-47.280673900682075,982.769312393943,290.7571158817877,0.03687208021021699
2o_11-13mai_2024-05-12_-30.5_-53.5,2o_11-13mai,2024-05-10 22:00:00,-30.866984411314984,-47.036926656303,980.0880939635184,290.61087169360525,0.04382668089917835
2o_11-13mai_2024-05-12_-30.5_-53.5,2o_11-13mai,2024-05-10 21:00:00,-30.824414064935237,-46.817269167720994,977.6968534570209,290.5447686691124,0.0502968664302243
2o_11-13mai_2024-05-12_-30.5_-53.5,2o_11-13mai,2024-05-10 20:00:00,-30.75731510633708,-46.627859080413174,975.7473919405095,290.51358200916695,0.056741838254208234
2o_11-13mai_2024-05-12_-30.5_-53.5,2o_11-13mai,2024-05-10 19:00:00,-30.674155092784265,-46.479022375378676,973.4427116018045,290.5238295454695,0.06489906518305573
2o_11-13mai_2024-05-12_-30.5_-53.5,2o_11-13mai,2024-05-10 18:00:00,-30.58273222996731,-46.37310112994999,971.3340475333341,290.5595065816794,0.07461612217875291
2o_11-13mai_2024-05-12_-30.5_-53.5,2o_11-13mai,2024-05-10 17:00:00,-30.500081928301842,-46.28715686265819,969.4690734440152,290.49682930685736,0.07055259444536974
2o_11-13mai_2024-05-12_-30.5_-53.5,2o_11-13mai,2024-05-10 16:00:00,-30.43676155064641,-46.199830496185584,967.1665554302776,290.44743801701895,0.06502720433717349
2o_11-13mai_2024-05-12_-30.5_-53.5,2o_11-13mai,2024-05-10 15:00:00,-30.390451607165158,-46.10976115377775,964.3873430660942,290.4289845420888,0.05822323247496381
2o_11-13mai_2024-05-12_-30.5_-53.5,2o_11-13mai,2024-05-10 14:00:00,-30.360083045164252,-46.01742361110252,961.2400375432425,290.38471677828863,0.05034067506462859
2o_11-13mai_2024-05-12_-30.5_-53.5,2o_11-13mai,2024-05-10 13:00:00,-30.345122639852864,-45.92251990974185,957.556689960444,290.30853548360096,0.04162736724504453
2o_11-13mai_2024-05-12_-30.5_-53.5,2o_11-13mai,2024-05-10 12:00:00,-30.344620373126492,-45.82519553685093,952.8715762368955,290.1919936920778,0.032408780579113554
2o_11-13mai_2024-05-12_-30.5_-53.5,2o_11-13mai,2024-05-10 11:00:00,-30.359828626099347,-45.74018327334208,947.5760238035579,290.13229599057007,0.028774094788235633
2o_11-13mai_2024-05-12_-30.5_-53.5,2o_11-13mai,2024-05-10 10:00:00,-30.391901872327356,-45.68146520869862,942.4243080951976,290.17002887655053,0.0256158278293482
2o_11-13mai_2024-05-12_-30.5_-53.5,2o_11-13mai,2024-05-10 09:00:00,-30.44056800968794,-45.648354137952474,937.4732044760957,290.18931006420513,0.022611317602847646
2o_11-13mai_2024-05-12_-30.5_-53.5,2o_11-13mai,2024-05-10 08:00:00,-30.505299860315198,-45.640123654615024,932.5577015383487,290.17753336500385,0.019772173420772598
2o_11-13mai_2024-05-12_-30.5_-53.5,2o_11-13mai,2024-05-10 07:00:00,-30.58579571093745,-45.656100348012316,927.807264170302,290.14801963375476,0.01711592611408924
2o_11-13mai_2024-05-12_-30.5_-53.5,2o_11-13mai,2024-05-10 06:00:00,-30.682446156784163,-45.69538151094782,923.2268061307229,290.09014139830066,0.014679829628487082
2o_11-13mai_2024-05-12_-30.5_-53.5,2o_11-13mai,2024-05-10 05:00:00,-30.793940842489203,-45.76094886765152,918.7329057070551,290.61313132875733,0.014812579158679886
2o_11-13mai_2024-05-12_-30.5_-53.5,2o_11-13mai,2024-05-10 04:00:00,-30.91981845195217,-45.85071835322991,915.0222505334739,291.2789426067123,0.015001851037365819
2o_11-13mai_2024-05-12_-30.5_-53.5,2o_11-13mai,2024-05-10 03:00:00,-31.059418311881462,-45.96287498414969,911.9449462608504,291.718730781176,0.015117180479895066
2o_11-13mai_2024-05-12_-30.5_-53.5,2o_11-13mai,2024-05-10 02:00:00,-31.21299205467594,-46.097315166416315,909.6684415434669,291.99542560360777,0.015142305060872012
2o_11-13mai_2024-05-12_-30.5_-53.5,2o_11-13mai,2024-05-10 01:00:00,-31.381821030757035,-46.25248094553298,908.0056229455624,292.03745658685534,0.015067190689051133
2o_11-13mai_2024-05-12_-30.5_-53.5,2o_11-13mai,2024-05-10 00:00:00,-31.56927403768232,-46.429380368027445,906.7859565280784,291.91687983290626,0.014601859321865992
2o_11-13mai_2024-05-12_-30.5_-53.5,2o_11-13mai,2024-05-09 23:00:00,-31.769079546005756,-46.636459260283154,905.9173893208842,291.807453994453,0.01404274026066386
2o_11-13mai_2024-05-12_-30.5_-53.5,2o_11-13mai,2024-05-09 22:00:00,-31.970847663217807,-46.88223723111512,904.7813329199221,291.95199360891337,0.013173955415554139
2o_11-13mai_2024-05-12_-30.5_-53.5,2o_11-13mai,2024-05-09 21:00:00,-32.17450596634234,-47.167058389947485,902.8563549092954,292.1696088929452,0.012134376561004526
2o_11-13mai_2024-05-12_-30.5_-53.5,2o_11-13mai,2024-05-09 20:00:00,-32.37587139748401,-47.48637696265411,898.8093060169545,292.2935389385267,0.011088625043558262
2o_11-13mai_2024-05-12_-30.5_-53.5,2o_11-13mai,2024-05-09 19:00:00,-32.56873625489357,-47.83642468445922,892.610400448234,292.499919640512,0.010209819291683044
2o_11-13mai_2024-05-12_-30.5_-53.5,2o_11-13mai,2024-05-09 18:00:00,-32.755611561531744,-48.21773334170321,886.7394708986367,292.80835875501566,0.009407675185880962
2o_11-13mai_2024-05-12_-30.5_-53.5,2o_11-13mai,2024-05-09 17:00:00,-32.93801731383041,-48.6242627107521,883.227369016346,292.8434705165715,0.009258552376815233
2o_11-13mai_2024-05-12_-30.5_-53.5,2o_11-13mai,2024-05-09 16:00:00,-33.10887681155508,-49.04600992412088,879.418424417747,292.5727084525352,0.00900807568077121
2o_11-13mai_2024-05-12_-30.5_-53.5,2o_11-13mai,2024-05-09 15:00:00,-33.26660744215493,-49.481273655518294,875.0535610575562,292.21966391685964,0.008758244223266626
2o_11-13mai_2024-05-12_-30.5_-53.5,2o_11-13mai,2024-05-09 14:00:00,-33.41958803104587,-49.93222282630029,869.5074228526654,292.22429880334266,0.00849607379285483
2o_11-13mai_2024-05-12_-30.5_-53.5,2o_11-13mai,2024-05-09 13:00:00,-33.59125563880425,-50.41095437554149,862.9156576525273,292.8782754287816,0.008215723093193194
2o_11-13mai_2024-05-12_-30.5_-53.5,2o_11-13mai,2024-05-09 12:00:00,-33.7976719520834,-50.92872207978917,855.4144464471518,293.4321435040258,
2o_11-13mai_2024-05-12_-30.5_-53.5,2o_11-13mai,2024-05-09 11:00:00,-34.038175569686956,-51.489344864832304,852.1272852507662,293.73164414158407,
2o_11-13mai_2024-05-12_-30.5_-53.5,2o_11-13mai,2024-05-09 10:00:00,-34.27239036615688,-52.05235688832838,852.0593173293091,293.2267443121296,
2o_11-13mai_2024-05-12_-30.5_-53.5,2o_11-13mai,2024-05-09 09:00:00,-34.47226532973358,-52.616370219181164,849.4199882566764,292.6693692466828,
2o_11-13mai_2024-05-12_-30.5_-53.5,2o_11-13mai,2024-05-09 08:00:00,-34.66621988391563,-53.174235204509166,843.4960336595075,292.72481449036934,
2o_11-13mai_2024-05-12_-30.5_-53.5,2o_11-13mai,2024-05-09 07:00:00,-34.89273435132246,-53.73707660898405,835.164920503947,292.45691656185693,
2o_11-13mai_2024-05-12_-30.5_-53.5,2o_11-13mai,2024-05-09 06:00:00,-35.120376277730024,-54.322712988761154,830.2074263064819,291.78091904144213,
2o_11-13mai_2024-05-12_-30.5_-53.5,2o_11-13mai,2024-05-09 05:00:00,-35.34500049568874,-54.90401428469075,828.8057624270518,291.38979654173494,
2o_11-13mai_2024-05-12_-30.5_-53.5,2o_11-13mai,2024-05-09 04:00:00,-35.58083960059794,-55.46078053299084,823.2626839234482,291.2320893698846,
2o_11-13mai_2024-05-12_-30.5_-53.5,2o_11-13mai,2024-05-09 03:00:00,-35.84257969057677,-56.0110272538272,815.576409879436,291.37691633855206,
2o_11-13mai_2024-05-12_-30.5_-53.5,2o_11-13mai,2024-05-09 02:00:00,-36.15261705035913,-56.56710026663515,808.8642167683652,291.45228676261485,
2o_11-13mai_2024-05-12_-30.5_-53.5,2o_11-13mai,2024-05-09 01:00:00,-36.52356123028893,-57.14158907909198,801.2659775463413,291.3390188482461,
2o_11-13mai_2024-05-12_-30.5_-53.5,2o_11-13mai,2024-05-09 00:00:00,-36.95710777906052,-57.74076135023993,795.852315127423,291.48883626566624,
2o_11-13mai_2024-05-12_-30.5_-53.5,2o_11-13mai,2024-05-08 23:00:00,-37.41035857860469,-58.35784750688969,791.2117928561132,291.2897729428024,
2o_11-13mai_2024-05-12_-30.5_-53.5,2o_11-13mai,2024-05-08 22:00:00,-37.84165964310417,-59.01895205540944,779.0911091078185,290.4680887552854,
2o_11-13mai_2024-05-12_-28.5_-51.0,2o_11-13mai,2024-05-12 12:00:00,-28.5,-51.0,850.0,303.86607120267064,0.0889308899641037
2o_11-13mai_2024-05-12_-28.5_-51.0,2o_11-13mai,2024-05-12 11:00:00,-28.108373788052866,-51.42610529901171,850.8264372029587,304.0608411504875,0.0942106071396423
2o_11-13mai_2024-05-12_-28.5_-51.0,2o_11-13mai,2024-05-12 10:00:00,-27.729433060111297,-51.88876944417404,860.9588853546686,304.83036856304705,0.0949740381987995
2o_11-13mai_2024-05-12_-28.5_-51.0,2o_11-13mai,2024-05-12 09:00:00,-27.38576890213313,-52.26375988591595,867.1967142240392,304.4220160654556,0.09636966101531023
2o_11-13mai_2024-05-12_-28.5_-51.0,2o_11-13mai,2024-05-12 08:00:00,-27.048089396883732,-52.56503739032811,871.1157205288852,304.6107823705705,0.09010266731474148
2o_11-13mai_2024-05-12_-28.5_-51.0,2o_11-13mai,2024-05-12 07:00:00,-26.73183566864056,-52.77229314720173,878.0983065536477,304.5351413500955,0.07997886322508489
2o_11-13mai_2024-05-12_-28.5_-51.0,2o_11-13mai,2024-05-12 06:00:00,-26.45797086429346,-52.92021894795541,874.9092157545922,304.2812667260857,0.06323188033868313
2o_11-13mai_2024-05-12_-28.5_-51.0,2o_11-13mai,2024-05-12 05:00:00,-26.21504797976421,-53.07248843940296,874.5463685655949,304.7508126064978,0.054235318431124516
2o_11-13mai_2024-05-12_-28.5_-51.0,2o_11-13mai,2024-05-12 04:00:00,-25.98909667678963,-53.22294234974562,882.1250204458817,304.90496905459486,0.053412582285678245
2o_11-13mai_2024-05-12_-28.5_-51.0,2o_11-13mai,2024-05-12 03:00:00,-25.781074054020742,-53.36048048326255,895.0138191787464,304.9505325366227,0.05285429242941604
2o_11-13mai_2024-05-12_-28.5_-51.0,2o_11-13mai,2024-05-12 02:00:00,-25.584215837349515,-53.49709193715088,907.2569844331555,305.27396460983243,0.05166061189310269
2o_11-13mai_2024-05-12_-28.5_-51.0,2o_11-13mai,2024-05-12 01:00:00,-25.396793783390407,-53.63019198600476,911.9927244051199,305.7153334286524,0.05081460772247245
2o_11-13mai_2024-05-12_-28.5_-51.0,2o_11-13mai,2024-05-12 00:00:00,-25.207224559569195,-53.74584433176892,908.1009583785592,306.022522458768,0.04994110777060892
2o_11-13mai_2024-05-12_-28.5_-51.0,2o_11-13mai,2024-05-11 23:00:00,-25.003619696532752,-53.86005887787969,907.4678954786634,306.49251911479604,0.046258105417083084
2o_11-13mai_2024-05-12_-28.5_-51.0,2o_11-13mai,2024-05-11 22:00:00,-24.789417942400913,-53.964000077964634,912.7205569665888,306.68114587554186,0.04095877070223816
2o_11-13mai_2024-05-12_-28.5_-51.0,2o_11-13mai,2024-05-11 21:00:00,-24.57849252273615,-54.04870196648588,919.3624806248201,306.75444142801194,0.03638769741835811
2o_11-13mai_2024-05-12_-28.5_-51.0,2o_11-13mai,2024-05-11 20:00:00,-24.379461961447337,-54.11997388964735,924.2562748979487,306.7838260939972,0.03153724411162992
2o_11-13mai_2024-05-12_-28.5_-51.0,2o_11-13mai,2024-05-11 19:00:00,-24.1909106268247,-54.195007696752754,928.8244837894653,306.7483523164801,0.02622671507709525
2o_11-13mai_2024-05-12_-28.5_-51.0,2o_11-13mai,2024-05-11 18:00:00,-24.02052055068581,-54.276623697510495,932.3430321765672,306.74570506655897,0.02090151253603027
2o_11-13mai_2024-05-12_-28.5_-51.0,2o_11-13mai,2024-05-11 17:00:00,-23.864671819234943,-54.374209475877414,935.1824170427996,306.656925663034,0.021297056884391798
2o_11-13mai_2024-05-12_-28.5_-51.0,2o_11-13mai,2024-05-11 16:00:00,-23.708382655183406,-54.49775461886021,937.067654745242,306.29246409631367,0.020054539936196273
2o_11-13mai_2024-05-12_-28.5_-51.0,2o_11-13mai,2024-05-11 15:00:00,-23.535995616345232,-54.64369540311666,937.7228751163088,305.76869784219434,0.016512827277658057
2o_11-13mai_2024-05-12_-28.5_-51.0,2o_11-13mai,2024-05-11 14:00:00,-23.329725313487355,-54.80411370893668,936.8772590347816,305.225929359768,0.011742196400562734
2o_11-13mai_2024-05-12_-28.5_-51.0,2o_11-13mai,2024-05-11 13:00:00,-23.085366608894358,-54.96916214594769,935.5662866672653,304.7078605562673,0.009852831372920739
2o_11-13mai_2024-05-12_-28.5_-51.0,2o_11-13mai,2024-05-11 12:00:00,-22.803020500407346,-55.13860407926303,932.0556618424766,304.2111004049477,0.008258130234837381
2o_11-13mai_2024-05-12_-28.5_-51.0,2o_11-13mai,2024-05-11 11:00:00,-22.50676788596942,-55.29525341607613,927.1946268492018,304.1855962599969,0.008373002731144377
2o_11-13mai_2024-05-12_-28.5_-51.0,2o_11-13mai,2024-05-11 10:00:00,-22.228445856269474,-55.42788230032114,922.6909794935698,304.41286496041204,0.009096139083216789
2o_11-13mai_2024-05-12_-28.5_-51.0,2o_11-13mai,2024-05-11 09:00:00,-21.97332048247969,-55.53971790820265,916.5354681203561,304.4632945584728,0.009894068180083619
2o_11-13mai_2024-05-12_-28.5_-51.0,2o_11-13mai,2024-05-11 08:00:00,-21.713291625462386,-55.63203012664627,914.3246613248313,304.69318717700185,0.01047661680688595
2o_11-13mai_2024-05-12_-28.5_-51.0,2o_11-13mai,2024-05-11 07:00:00,-21.442324723263717,-55.703498863311054,916.4707545250727,305.0491320011055,0.011193178328264719
2o_11-13mai_2024-05-12_-28.5_-51.0,2o_11-13mai,2024-05-11 06:00:00,-21.167592066921014,-55.74536451998764,920.4957792603575,305.4395253851848,0.011431527720827795
2o_11-13mai_2024-05-12_-28.5_-51.0,2o_11-13mai,2024-05-11 05:00:00,-20.908044353739548,-55.769830942283484,923.6106811565996,305.75255664624063,0.01149578915242442
2o_11-13mai_2024-05-12_-28.5_-51.0,2o_11-13mai,2024-05-11 04:00:00,-20.668769137346025,-55.798100215041224,923.5628508667686,305.94721648785645,0.011859147691828149
2o_11-13mai_2024-05-12_-28.5_-51.0,2o_11-13mai,2024-05-11 03:00:00,-20.441217169786466,-55.82564437046834,921.2488193077451,306.05289984846246,0.01213185831534195
2o_11-13mai_2024-05-12_-28.5_-51.0,2o_11-13mai,2024-05-11 02:00:00,-20.222628394065502,-55.847058282916514,917.4496559121071,306.06232368968244,0.01222718749578769
2o_11-13mai_2024-05-12_-28.5_-51.0,2o_11-13mai,2024-05-11 01:00:00,-20.01212690130604,-55.86297349726415,912.6793807899007,306.06435481584435,0.012287833904619079
2o_11-13mai_2024-05-12_-28.5_-51.0,2o_11-13mai,2024-05-11 00:00:00,-19.804433068581076,-55.875439571802886,907.9852034387643,306.13352487785835,0.01228971244158603
2o_11-13mai_2024-05-12_-28.5_-51.0,2o_11-13mai,2024-05-10 23:00:00,-19.597162757346844,-55.87899237500877,905.02862359415,306.28943895831105,0.012056341921428737
2o_11-13mai_2024-05-12_-28.5_-51.0,2o_11-13mai,2024-05-10 22:00:00,-19.393197489449808,-55.867949802696494,903.9885898688184,306.44860677995405,0.011758589948858518
2o_11-13mai_2024-05-12_-28.5_-51.0,2o_11-13mai,2024-05-10 21:00:00,-19.193050422239626,-55.84334310575791,903.6168126938367,306.60413172058304,0.011435613344252318
2o_11-13mai_2024-05-12_-28.5_-51.0,2o_11-13mai,2024-05-10 20:00:00,-18.9961781001408,-55.80602206792134,903.7639439695282,306.70019780490736,0.011043184435888382
2o_11-13mai_2024-05-12_-28.5_-51.0,2o_11-13mai,2024-05-10 19:00:00,-18.802539001568494,-55.75702764752065,904.34112097295,306.73619208494955,0.010531627245808039
2o_11-13mai_2024-05-12_-28.5_-51.0,2o_11-13mai,2024-05-10 18:00:00,-18.613362494335494,-55.697404333994726,905.2176416273674,306.7536189943736,0.009477626225568648
2o_11-13mai_2024-05-12_-28.5_-51.0,2o_11-13mai,2024-05-10 17:00:00,-18.43066290905533,-55.62469614915499,906.1609786500911,306.6613500143197,0.00989042519220805
2o_11-13mai_2024-05-12_-28.5_-51.0,2o_11-13mai,2024-05-10 16:00:00,-18.250341705231566,-55.54148096120742,906.5142925015722,306.4698052962875,0.010032477392995068
2o_11-13mai_2024-05-12_-28.5_-51.0,2o_11-13mai,2024-05-10 15:00:00,-18.06705572267507,-55.45564677242564,906.2706637425566,306.2210787605676,0.011003834454718852
2o_11-13mai_2024-05-12_-28.5_-51.0,2o_11-13mai,2024-05-10 14:00:00,-17.878701533052826,-55.37170488724556,907.2425150317697,305.9113798689707,0.012024733403642332
2o_11-13mai_2024-05-12_-28.5_-51.0,2o_11-13mai,2024-05-10 13:00:00,-17.67686004787585,-55.28668480669237,911.1868153146668,305.48503971021745,0.01204990172978048
2o_11-13mai_2024-05-12_-28.5_-51.0,2o_11-13mai,2024-05-10 12:00:00,-17.452496646983278,-55.18432523576882,918.1219943608497,304.98569715983547,0.011339047646811201
2o_11-13mai_2024-05-12_-28.5_-51.0,2o_11-13mai,2024-05-10 11:00:00,-17.224262256067117,-55.03433962679931,920.0979501744604,305.0799344862994,0.010494153329553745
2o_11-13mai_2024-05-12_-28.5_-51.0,2o_11-13mai,2024-05-10 10:00:00,-17.03089624132977,-54.84976108309636,911.0096152971821,305.4254316612932,0.009902527233259814
2o_11-13mai_2024-05-12_-28.5_-51.0,2o_11-13mai,2024-05-10 09:00:00,-16.88193688821053,-54.64667898321988,901.8637949437054,305.4782791464808,0.010400953732810702
2o_11-13mai_2024-05-12_-28.5_-51.0,2o_11-13mai,2024-05-10 08:00:00,-16.76937792069574,-54.464477862733865,899.8961700341281,305.66754979509125,0.011505432816838827
2o_11-13mai_2024-05-12_-28.5_-51.0,2o_11-13mai,2024-05-10 07:00:00,-16.676528967740865,-54.288702494385184,898.3708552821183,305.98115678302,0.012612239616071665
2o_11-13mai_2024-05-12_-28.5_-51.0,2o_11-13mai,2024-05-10 06:00:00,-16.60074322681823,-54.112610267232135,895.8367961751203,306.31937158740953,0.01367794371415252
2o_11-13mai_2024-05-12_-28.5_-51.0,2o_11-13mai,2024-05-10 05:00:00,-16.54080771566239,-53.92709840059215,892.9820261790308,306.52897059440534,0.013560120317879737
2o_11-13mai_2024-05-12_-28.5_-51.0,2o_11-13mai,2024-05-10 04:00:00,-16.500625853997917,-53.739271711372666,890.7233019008859,306.5272234117187,0.013803327101161006
2o_11-13mai_2024-05-12_-28.5_-51.0,2o_11-13mai,2024-05-10 03:00:00,-16.476098662282123,-53.55793398779165,888.6271362415805,306.601169683969,0.01389260450306344
2o_11-13mai_2024-05-12_-28.5_-51.0,2o_11-13mai,2024-05-10 02:00:00,-16.46053643637493,-53.39194627462783,887.684062382429,306.7483535955833,0.01371435932052692
2o_11-13mai_2024-05-12_-28.5_-51.0,2o_11-13mai,2024-05-10 01:00:00,-16.44812637360695,-53.241361695096934,891.0187314994271,306.9831930397015,0.013320576726973603
2o_11-13mai_2024-05-12_-28.5_-51.0,2o_11-13mai,2024-05-10 00:00:00,-16.430733889092522,-53.10156873108124,896.5209183900032,307.2463473261271,0.013058643744384228
2o_11-13mai_2024-05-12_-28.5_-51.0,2o_11-13mai,2024-05-09 23:00:00,-16.40372628657029,-52.96818936478623,902.6993620187445,307.4358619320193,0.013262981077407629
2o_11-13mai_2024-05-12_-28.5_-51.0,2o_11-13mai,2024-05-09 22:00:00,-16.3761330213609,-52.84189769986448,907.8395802862528,307.5700079021504,0.013295898434293801
2o_11-13mai_2024-05-12_-28.5_-51.0,2o_11-13mai,2024-05-09 21:00:00,-16.352128320454252,-52.72447234286029,911.6837313777855,307.7125261369515,0.013183558592575357
2o_11-13mai_2024-05-12_-28.5_-51.0,2o_11-13mai,2024-05-09 20:00:00,-16.337775420276138,-52.61281329564832,913.6615502909356,307.91919617410747,0.012953700293782592
2o_11-13mai_2024-05-12_-28.5_-51.0,2o_11-13mai,2024-05-09 19:00:00,-16.33438971246593,-52.506462188293995,913.8872295863058,308.2171110171917,0.012623083170954405
2o_11-13mai_2024-05-12_-28.5_-51.0,2o_11-13mai,2024-05-09 18:00:00,-16.341440439762216,-52.40343529452138,913.6156077183236,308.5149441663157,0.012479373889638991
2o_11-13mai_2024-05-12_-28.5_-51.0,2o_11-13mai,2024-05-09 17:00:00,-16.354822530659753,-52.29349095462032,913.4990539441158,308.2973557987839,0.012729690793359874
2o_11-13mai_2024-05-12_-28.5_-51.0,2o_11-13mai,2024-05-09 16:00:00,-16.374556996887986,-52.16753141584693,913.452991124606,307.54564819676625,0.012910652863320549
2o_11-13mai_2024-05-12_-28.5_-51.0,2o_11-13mai,2024-05-09 15:00:00,-16.404896585592457,-52.02904643113653,914.5519275397186,306.60319062312453,0.013022713970112622
2o_11-13mai_2024-05-12_-28.5_-51.0,2o_11-13mai,2024-05-09 14:00:00,-16.446201379653534,-51.87593041233478,915.5003350834345,305.7233019290901,0.01306939484807823
2o_11-13mai_2024-05-12_-28.5_-51.0,2o_11-13mai,2024-05-09 13:00:00,-16.498596394864535,-51.70679558132576,912.0905719081951,305.0049655627352,0.013162206331405081
2o_11-13mai_2024-05-12_-28.5_-51.0,2o_11-13mai,2024-05-09 12:00:00,-16.556667841344414,-51.52475838981726,907.3499945855141,304.13750287938234,0.013542282650405182
2o_11-13mai_2024-05-12_-28.5_-51.0,2o_11-13mai,2024-05-09 11:00:00,-16.61225411493815,-51.35283856320607,904.6537817923677,303.63546014794724,0.012786602435215528
2o_11-13mai_2024-05-12_-28.5_-51.0,2o_11-13mai,2024-05-09 10:00:00,-16.664241704534668,-51.1954366192805,904.2515507150415,303.74489142587527,0.011856706220781218
2o_11-13mai_2024-05-12_-28.5_-51.0,2o_11-13mai,2024-05-09 09:00:00,-16.71983854292251,-51.05358813603812,902.467473781911,304.00249851940504,0.010798171372988413
2o_11-13mai_2024-05-12_-28.5_-51.0,2o_11-13mai,2024-05-09 08:00:00,-16.786311802051163,-50.927561634641584,899.2514041580713,304.3354005096094,0.009760719696026947
2o_11-13mai_2024-05-12_-28.5_-51.0,2o_11-13mai,2024-05-09 07:00:00,-16.86458949122747,-50.81467828192362,897.3105941551555,304.5511551135283,0.008656774869680773
2o_11-13mai_2024-05-12_-28.5_-51.0,2o_11-13mai,2024-05-09 06:00:00,-16.95893510562601,-50.70887432616479,897.1318734589419,304.661054709517,0.007389152020912548
2o_11-13mai_2024-05-12_-28.5_-51.0,2o_11-13mai,2024-05-09 05:00:00,-17.051043753729967,-50.59675293135263,897.9643779350492,304.87135591279946,0.007241953971340774
2o_11-13mai_2024-05-12_-28.5_-51.0,2o_11-13mai,2024-05-09 04:00:00,-17.120676458127992,-50.474533390143534,899.0662671927101,305.34096743562407,0.00699265718794454
2o_11-13mai_2024-05-12_-28.5_-51.0,2o_11-13mai,2024-05-09 03:00:00,-17.16257590849365,-50.349456530733704,900.1662910421276,305.59289520901996,0.006676806425278407
2o_11-13mai_2024-05-12_-28.5_-51.0,2o_11-13mai,2024-05-09 02:00:00,-17.18134338144547,-50.22855627341141,901.3032576244403,305.7755401786182,0.006352569449891435
2o_11-13mai_2024-05-12_-28.5_-51.0,2o_11-13mai,2024-05-09 01:00:00,-17.184122362751797,-50.11434055159305,901.9773622039559,306.05498493010447,0.006086206635312257
2o_11-13mai_2024-05-12_-28.5_-51.0,2o_11-13mai,2024-05-09 00:00:00,-17.18120099220989,-50.00966664296845,901.9448826417046,306.42685063634144,0.0057494185781249265
2o_11-13mai_2024-05-12_-28.5_-51.0,2o_11-13mai,2024-05-08 23:00:00,-17.176159776145376,-49.91225870262126,900.9834701978725,306.69016061757964,0.005457768092309149
2o_11-13mai_2024-05-12_-28.5_-51.0,2o_11-13mai,2024-05-08 22:00:00,-17.16401979776321,-49.81752564462261,898.8287623753879,306.80442625307296,0.005133470685523059
2o_11-13mai_2024-05-12_-28.5_-51.0,2o_11-13mai,2024-05-08 21:00:00,-17.143477732650613,-49.72730958783152,895.7355335159152,306.92985174347825,0.004777579317076497
2o_11-13mai_2024-05-12_-28.5_-51.0,2o_11-13mai,2024-05-08 20:00:00,-17.113739962093497,-49.64149629695136,893.1179774728627,307.0226064022419,0.004382099600110229
2o_11-13mai_2024-05-12_-28.5_-51.0,2o_11-13mai,2024-05-08 19:00:00,-17.07607594144503,-49.56196617324144,891.3030048159048,307.16453905756134,0.003934474045640166
2o_11-13mai_2024-05-12_-28.5_-51.0,2o_11-13mai,2024-05-08 18:00:00,-17.03126844128067,-49.49078270193363,890.2953759313102,307.3730040134944,0.0034223966675399017
2o_11-13mai_2024-05-12_-28.5_-51.0,2o_11-13mai,2024-05-08 17:00:00,-16.97439045660097,-49.41584259064331,889.6551149207231,307.1222944281235,0.003371203920324491
2o_11-13mai_2024-05-12_-28.5_-51.0,2o_11-13mai,2024-05-08 16:00:00,-16.900397731502267,-49.3227661472751,888.7593499330698,306.3592376123574,0.0033080474095963305
2o_11-13mai_2024-05-12_-28.5_-51.0,2o_11-13mai,2024-05-08 15:00:00,-16.809935194648446,-49.21061628460059,887.3622875202377,305.5993062300126,0.0032362702792549094
2o_11-13mai_2024-05-12_-28.5_-51.0,2o_11-13mai,2024-05-08 14:00:00,-16.700602143473024,-49.07367115576267,882.8250870681957,304.79837956048726,0.0031466165589051627
2o_11-13mai_2024-05-12_-28.5_-51.0,2o_11-13mai,2024-05-08 13:00:00,-16.562241355574283,-48.88783939072432,873.7993458025956,303.92793497072915,0.0029964944710389164
2o_11-13mai_2024-05-12_-28.5_-51.0,2o_11-13mai,2024-05-08 12:00:00,-16.397686788168,-48.62136396464257,866.9425081575965,302.7864039732784,0.0027945212623279024
2o_11-13mai_2024-05-12_-28.5_-51.0,2o_11-13mai,2024-05-08 11:00:00,-16.249671971401533,-48.33080768241514,866.1388056501777,302.18614420464615,0.004509139223106979
2o_11-13mai_2024-05-12_-28.5_-51.0,2o_11-13mai,2024-05-08 10:00:00,-16.12765194998602,-48.027126166598315,861.7134497096382,302.4009692950171,0.0062104059271840435
2o_11-13mai_2024-05-12_-28.5_-51.0,2o_11-13mai,2024-05-08 09:00:00,-16.032313338121767,-47.725983523076444,860.632026303277,302.52949840749545,0.008248427477174886
2o_11-13mai_2024-05-12_-28.5_-51.0,2o_11-13mai,2024-05-08 08:00:00,-15.964807336044132,-47.432919308296704,859.8988301583516,302.9604402935963,0.010033939182793375
2o_11-13mai_2024-05-12_-28.5_-51.0,2o_11-13mai,2024-05-08 07:00:00,-15.91934143937587,-47.140771563287,863.051956419376,303.4550767058145,0.011967685723328783
2o_11-13mai_2024-05-12_-28.5_-51.0,2o_11-13mai,2024-05-08 06:00:00,-15.88918051916452,-46.8565669896409,862.3143347349583,303.74069103136003,0.014670387848826787
2o_11-13mai_2024-05-12_-28.5_-51.0,2o_11-13mai,2024-05-08 05:00:00,-15.857969449738437,-46.55064354277095,857.8537992049055,304.0247122863832,0.014568893252179882
2o_11-13mai_2024-05-12_-28.5_-51.0,2o_11-13mai,2024-05-08 04:00:00,-15.826217371128376,-46.23640196556032,859.6654963338605,304.2306396815281,0.014291554057288878
2o_11-13mai_2024-05-12_-28.5_-51.0,2o_11-13mai,2024-05-08 03:00:00,-15.798524608572654,-45.943960914943766,864.6293199957876,304.3997387955079,0.013726762802146972
2o_11-13mai_2024-05-12_-28.5_-51.0,2o_11-13mai,2024-05-08 02:00:00,-15.762509660706748,-45.65859072634552,865.0249888300955,304.74083646425083,0.012924113809271857
2o_11-13mai_2024-05-12_-28.5_-51.0,2o_11-13mai,2024-05-08 01:00:00,-15.722157767207298,-45.375291120080206,867.0639215979814,305.02262419476443,0.012294203998746277
2o_11-13mai_2024-05-12_-28.5_-51.0,2o_11-13mai,2024-05-08 00:00:00,-15.685920410337562,-45.10153175505584,871.9677029138027,305.3302199595681,0.011809076213755808
2o_11-13mai_2024-05-12_-28.5_-51.0,2o_11-13mai,2024-05-07 23:00:00,-15.6606449720379,-44.82901486706778,876.8896305767689,305.44937554475126,0.012004279979304425
2o_11-13mai_2024-05-12_-28.5_-51.0,2o_11-13mai,2024-05-07 22:00:00,-15.64162896007532,-44.55208585665584,877.5761414196824,305.46478345134017,0.012155513325448564
2o_11-13mai_2024-05-12_-28.5_-51.0,2o_11-13mai,2024-05-07 21:00:00,-15.623043698538787,-44.27849544125213,870.7240525789339,305.69808661096897,0.012143509099990651
2o_11-13mai_2024-05-12_-28.5_-51.0,2o_11-13mai,2024-05-07 20:00:00,-15.606693230606316,-44.011917111731734,865.7067679886908,306.05847344525205,0.012225647621283083
2o_11-13mai_2024-05-12_-28.5_-51.0,2o_11-13mai,2024-05-07 19:00:00,-15.5927976484152,-43.75678536665687,864.6382956321996,306.40052806902884,0.0122317597630832
2o_11-13mai_2024-05-12_-28.5_-51.0,2o_11-13mai,2024-05-07 18:00:00,-15.571799201716903,-43.507119473451475,863.3045742030179,306.781048843718,0.012145637773104383
2o_11-13mai_2024-05-12_-28.5_-51.0,2o_11-13mai,2024-05-07 17:00:00,-15.561560901566137,-43.24803881295143,861.7048920003716,306.2508260126619,0.01274231184080273
2o_11-13mai_2024-05-12_-28.5_-51.0,2o_11-13mai,2024-05-07 16:00:00,-15.583612435906415,-42.971535545668765,849.0993526956607,304.8832181205045,0.013267762588900483
2o_11-13mai_2024-05-12_-28.5_-51.0,2o_11-13mai,2024-05-07 15:00:00,-15.614648143995332,-42.66806759223855,831.1672418145599,304.43910768130974,0.013842296482461382
2o_11-13mai_2024-05-12_-28.5_-51.0,2o_11-13mai,2024-05-07 14:00:00,-15.641136624036637,-42.3644319632099,831.5365295342489,304.39328651456145,0.014446296145183807
2o_11-13mai_2024-05-12_-28.5_-51.0,2o_11-13mai,2024-05-07 13:00:00,-15.68284597748916,-42.064399226555,834.4199232706043,303.1440499537144,0.014741627873672846
2o_11-13mai_2024-05-12_-28.5_-51.0,2o_11-13mai,2024-05-07 12:00:00,-15.730343208738539,-41.75969060726096,831.8010502353605,302.6173423801712,0.014954785391968525
2o_11-13mai_2024-05-12_-28.5_-51.0,2o_11-13mai,2024-05-07 11:00:00,-15.785983910218267,-41.45051470722412,831.8703800382466,302.8575314896602,0.019452626302340306
2o_11-13mai_2024-05-12_-28.5_-51.0,2o_11-13mai,2024-05-07 10:00:00,-15.853258303262185,-41.134605532831976,833.377076637888,302.7056561017214,0.024267712012721075
2o_11-13mai_2024-05-12_-28.5_-51.0,2o_11-13mai,2024-05-07 09:00:00,-15.925517523169685,-40.782734444399765,836.3262377308209,302.8972333984531,0.029567202487675415
2o_11-13mai_2024-05-12_-28.5_-51.0,2o_11-13mai,2024-05-07 08:00:00,-16.004550306858413,-40.42141279069814,846.6163035816082,302.5710171584548,0.03341147412384763
2o_11-13mai_2024-05-12_-28.5_-51.0,2o_11-13mai,2024-05-07 07:00:00,-16.100844948306037,-40.060338560252795,849.2702335796049,302.1100437413905,0.03485979496212553
2o_11-13mai_2024-05-12_-28.5_-51.0,2o_11-13mai,2024-05-07 06:00:00,-16.21597319432405,-39.70405627607976,849.5268841283798,302.2591508003759,0.03415084682372714
2o_11-13mai_2024-05-12_-28.5_-51.0,2o_11-13mai,2024-05-07 05:00:00,-16.33059779041589,-39.363514954517804,852.969092658155,302.1712611195921,0.031802168486420986
2o_11-13mai_2024-05-12_-28.5_-51.0,2o_11-13mai,2024-05-07 04:00:00,-16.427690716740187,-39.0452569624204,859.3453621146832,302.1339154785054,0.030063131432188275
2o_11-13mai_2024-05-12_-28.5_-51.0,2o_11-13mai,2024-05-07 03:00:00,-16.513193431052123,-38.72869887390337,864.1023549867417,302.0040845426612,0.028887127335250562
2o_11-13mai_2024-05-12_-28.5_-51.0,2o_11-13mai,2024-05-07 02:00:00,-16.596630117901736,-38.402757990672164,864.0956693579643,301.9005717678196,0.027969812806709935
2o_11-13mai_2024-05-12_-28.5_-51.0,2o_11-13mai,2024-05-07 01:00:00,-16.684044657232523,-38.07611950728002,865.266639721141,301.8120930923777,0.027713366110822955
2o_11-13mai_2024-05-12_-28.5_-51.0,2o_11-13mai,2024-05-07 00:00:00,-16.780635655997397,-37.74471417894521,866.0921031016813,301.5634003785554,0.028021632758056775
2o_11-13mai_2024-05-12_-28.5_-51.0,2o_11-13mai,2024-05-06 23:00:00,-16.878107722002305,-37.40354510245467,866.7695450257866,301.5259438214341,0.027774273093429398
2o_11-13mai_2024-05-12_-28.5_-51.0,2o_11-13mai,2024-05-06 22:00:00,-16.96019093244067,-37.0531145669741,867.5436568176847,301.5367951015565,0.027603438754172555
2o_11-13mai_2024-05-12_-28.5_-51.0,2o_11-13mai,2024-05-06 21:00:00,-17.02284210434677,-36.69703264753641,868.1794424067153,301.42878725445314,0.027369622218364868
2o_11-13mai_2024-05-12_-28.5_-51.0,2o_11-13mai,2024-05-06 20:00:00,-17.065001599576398,-36.33675046860643,867.8263608571251,301.3149538688134,0.02749671333585781
2o_11-13mai_2024-05-12_-28.5_-51.0,2o_11-13mai,2024-05-06 19:00:00,-17.093932737548275,-35.981379828947524,867.4722497780139,301.2114665014473,0.02793951361074466
2o_11-13mai_2024-05-12_-28.5_-51.0,2o_11-13mai,2024-05-06 18:00:00,-17.11407952827343,-35.63456959422397,867.5766869824023,301.23383931979487,0.02919371829470316
2o_11-13mai_2024-05-12_-28.5_-51.0,2o_11-13mai,2024-05-06 17:00:00,-17.137222407074812,-35.275000364735064,866.2836098046491,301.2873228234175,0.02952472472245535
2o_11-13mai_2024-05-12_-28.5_-51.0,2o_11-13mai,2024-05-06 16:00:00,-17.1673513476826,-34.88411041565995,863.6920012735089,301.3868930850402,0.02922184318384128
2o_11-13mai_2024-05-12_-28.5_-51.0,2o_11-13mai,2024-05-06 15:00:00,-17.196743813235383,-34.45956053844182,860.0723840907245,301.5685904604671,
2o_11-13mai_2024-05-12_-28.5_-51.0,2o_11-13mai,2024-05-06 14:00:00,-17.22211646762461,-34.010680901740564,856.1480720658669,301.8916838435636,
2o_11-13mai_2024-05-12_-31.0_-54.5,2o_11-13mai,2024-05-12 12:00:00,-31.0,-54.5,850.0,299.2363117018921,0.0338198428766595
2o_11-13mai_2024-05-12_-31.0_-54.5,2o_11-13mai,2024-05-12 11:00:00,-30.89474799468602,-54.32692239943568,855.4007436624629,298.7293212523188,0.03739739645620387
2o_11-13mai_2024-05-12_-31.0_-54.5,2o_11-13mai,2024-05-12 10:00:00,-30.771717729435974,-54.098850834627925,854.0528698715608,298.5900987272065,0.040113298049638105
2o_11-13mai_2024-05-12_-31.0_-54.5,2o_11-13mai,2024-05-12 09:00:00,-30.633556265001793,-53.80620211810041,857.7609218131247,298.3516097451952,0.04746814042431357
2o_11-13mai_2024-05-12_-31.0_-54.5,2o_11-13mai,2024-05-12 08:00:00,-30.5017549950154,-53.45828928836621,867.0604182150533,297.6855070620099,0.05574693833664269
2o_11-13mai_2024-05-12_-31.0_-54.5,2o_11-13mai,2024-05-12 07:00:00,-30.408096419016413,-53.08728541760896,879.4428260132958,296.80300471094165,0.06538561176568934
2o_11-13mai_2024-05-12_-31.0_-54.5,2o_11-13mai,2024-05-12 06:00:00,-30.338598328719453,-52.70547283591547,878.8255096416459,296.53501298124934,0.08204671230880262
2o_11-13mai_2024-05-12_-31.0_-54.5,2o_11-13mai,2024-05-12 05:00:00,-30.279386660692754,-52.36156999852101,883.5448859172564,296.77044901834506,0.09117416222599659
2o_11-13mai_2024-05-12_-31.0_-54.5,2o_11-13mai,2024-05-12 04:00:00,-30.25055982906032,-52.023651729249806,882.6309597398457,296.58949756380724,0.09700505572167882
2o_11-13mai_2024-05-12_-31.0_-54.5,2o_11-13mai,2024-05-12 03:00:00,-30.226224952408046,-51.7100675055217,887.9487856656727,296.87461952862714,0.10338236322421224
2o_11-13mai_2024-05-12_-31.0_-54.5,2o_11-13mai,2024-05-12 02:00:00,-30.206644510133437,-51.40483702544306,909.781814736345,296.36260648371416,0.10531472258543238
2o_11-13mai_2024-05-12_-31.0_-54.5,2o_11-13mai,2024-05-12 01:00:00,-30.18308829982385,-51.07343966983193,932.4667748673527,295.1152223874039,0.10896349627075483
2o_11-13mai_2024-05-12_-31.0_-54.5,2o_11-13mai,2024-05-12 00:00:00,-30.147753447954788,-50.79011949907312,949.1468503712974,294.40861129410877,0.10381668316987763
2o_11-13mai_2024-05-12_-31.0_-54.5,2o_11-13mai,2024-05-11 23:00:00,-30.12382360857458,-50.568232254338625,960.3937690171467,294.0226700826163,0.10540511521852709
2o_11-13mai_2024-05-12_-31.0_-54.5,2o_11-13mai,2024-05-11 22:00:00,-30.130489087065648,-50.38283150766104,967.3904278182298,293.96973109489534,0.10594976658772041
2o_11-13mai_2024-05-12_-31.0_-54.5,2o_11-13mai,2024-05-11 21:00:00,-30.17004758804318,-50.208173662063025,974.6205518179939,294.03242038755894,0.10618788933767495
2o_11-13mai_2024-05-12_-31.0_-54.5,2o_11-13mai,2024-05-11 20:00:00,-30.242902665413492,-50.0200631070483,980.4367984312921,294.0081763926813,0.10912430145993438
2o_11-13mai_2024-05-12_-31.0_-54.5,2o_11-13mai,2024-05-11 19:00:00,-30.34298967730295,-49.80009756385086,983.3616141302908,294.027064164378,0.10735293627786596
2o_11-13mai_2024-05-12_-31.0_-54.5,2o_11-13mai,2024-05-11 18:00:00,-30.456596696707727,-49.544557269998975,984.2813073908171,294.16947614795794,0.10111159266651902
2o_11-13mai_2024-05-12_-31.0_-54.5,2o_11-13mai,2024-05-11 17:00:00,-30.562146542542614,-49.261024491790934,985.2542870590718,294.2439688902085,0.07928076160744671
2o_11-13mai_2024-05-12_-31.0_-54.5,2o_11-13mai,2024-05-11 16:00:00,-30.651922648727805,-48.970965262489685,985.6711040388855,294.21927184224734,0.06339909697588969
2o_11-13mai_2024-05-12_-31.0_-54.5,2o_11-13mai,2024-05-11 15:00:00,-30.729443279146928,-48.665727633587565,985.9970230381743,294.1569058376287,0.05419844737976576
2o_11-13mai_2024-05-12_-31.0_-54.5,2o_11-13mai,2024-05-11 14:00:00,-30.79701262314135,-48.34151258399682,986.1161901166829,294.08626348739983,0.05458082108487357
2o_11-13mai_2024-05-12_-31.0_-54.5,2o_11-13mai,2024-05-11 13:00:00,-30.85186632113085,-48.00563097091496,987.364828035121,293.9685955405919,0.057356874653510824
2o_11-13mai_2024-05-12_-31.0_-54.5,2o_11-13mai,2024-05-11 12:00:00,-30.889291234668317,-47.6514589097298,988.3329769375309,293.6906041189414,0.059382274552434146
2o_11-13mai_2024-05-12_-31.0_-54.5,2o_11-13mai,2024-05-11 11:00:00,-30.89590976996859,-47.26692923143488,989.8318420088069,293.43099049488563,0.054795975612766314
2o_11-13mai_2024-05-12_-31.0_-54.5,2o_11-13mai,2024-05-11 10:00:00,-30.870000947478246,-46.87185238292728,990.3951324600115,293.0235878031382,0.04967582946213872
2o_11-13mai_2024-05-12_-31.0_-54.5,2o_11-13mai,2024-05-11 09:00:00,-30.812072078739963,-46.481004460878715,991.4917591650814,292.5943355108764,0.043163658849709054
2o_11-13mai_2024-05-12_-31.0_-54.5,2o_11-13mai,2024-05-11 08:00:00,-30.737044686874885,-46.11397398532801,991.7661217012007,292.12524117563004,0.036350048653716584
2o_11-13mai_2024-05-12_-31.0_-54.5,2o_11-13mai,2024-05-11 07:00:00,-30.65761550374379,-45.777423081351166,992.8727356995604,291.5764630315868,0.02828854645942863
2o_11-13mai_2024-05-12_-31.0_-54.5,2o_11-13mai,2024-05-11 06:00:00,-30.57304529484239,-45.45910548629479,994.0764117272865,291.1471334788815,0.019258618750375798
2o_11-13mai_2024-05-12_-31.0_-54.5,2o_11-13mai,2024-05-11 05:00:00,-30.481548276572287,-45.15117762376511,995.3192301922508,290.88141289146637,0.023829686940301312
2o_11-13mai_2024-05-12_-31.0_-54.5,2o_11-13mai,2024-05-11 04:00:00,-30.390963979406003,-44.85285500760893,996.0308887789033,290.763674059442,0.031121789476186174
2o_11-13mai_2024-05-12_-31.0_-54.5,2o_11-13mai,2024-05-11 03:00:00,-30.31007203534683,-44.57023859422097,997.5564933421525,290.6889717817761,0.04146421324885913
2o_11-13mai_2024-05-12_-31.0_-54.5,2o_11-13mai,2024-05-11 02:00:00,-30.238913265227406,-44.297246950251655,998.1559746316487,290.656890238586,0.05352193191231382
2o_11-13mai_2024-05-12_-31.0_-54.5,2o_11-13mai,2024-05-11 01:00:00,-30.179065188885176,-44.03386707360807,998.3636667243378,290.5473614560403,0.06442538864128552
2o_11-13mai_2024-05-12_-31.0_-54.5,2o_11-13mai,2024-05-11 00:00:00,-30.13328619264722,-43.794324190737505,997.8642516489036,290.5110775365197,0.07478863192285644
2o_11-13mai_2024-05-12_-31.0_-54.5,2o_11-13mai,2024-05-10 23:00:00,-30.098183504252358,-43.5935693386754,996.7305981211041,290.7151578056499,0.07036227648872187
2o_11-13mai_2024-05-12_-31.0_-54.5,2o_11-13mai,2024-05-10 22:00:00,-30.072146119814896,-43.42875677435125,995.9174832412223,290.9434891815297,0.06472634910757082
2o_11-13mai_2024-05-12_-31.0_-54.5,2o_11-13mai,2024-05-10 21:00:00,-30.05759489845955,-43.28960401137808,995.1063234320332,291.0758590578228,0.05849471190078137
2o_11-13mai_2024-05-12_-31.0_-54.5,2o_11-13mai,2024-05-10 20:00:00,-30.05513224991794,-43.174495292532,994.2637631121654,291.16390416330614,0.051700044102483945
2o_11-13mai_2024-05-12_-31.0_-54.5,2o_11-13mai,2024-05-10 19:00:00,-30.065210572667382,-43.08238068839864,993.1960735703911,291.2164537262983,0.0444957424191122
2o_11-13mai_2024-05-12_-31.0_-54.5,2o_11-13mai,2024-05-10 18:00:00,-30.087726915700003,-43.01134382587148,991.9319036503197,291.23969611754745,0.0370472621857371
2o_11-13mai_2024-05-12_-31.0_-54.5,2o_11-13mai,2024-05-10 17:00:00,-30.12088784301787,-42.95497228576511,990.5430214934471,291.19849326656185,0.03497941713257288
2o_11-13mai_2024-05-12_-31.0_-54.5,2o_11-13mai,2024-05-10 16:00:00,-30.16280274947445,-42.90847927392555,989.1532850263384,291.10989639835833,0.03312097301712401
2o_11-13mai_2024-05-12_-31.0_-54.5,2o_11-13mai,2024-05-10 15:00:00,-30.21302577949823,-42.87248988080725,987.782012501649,291.01052387009815,0.031468757422446515
2o_11-13mai_2024-05-12_-31.0_-54.5,2o_11-13mai,2024-05-10 14:00:00,-30.271148885924763,-42.847669596903174,986.4621806307878,290.8983696258352,0.030014793827061678
2o_11-13mai_2024-05-12_-31.0_-54.5,2o_11-13mai,2024-05-10 13:00:00,-30.33656835680308,-42.83490562379748,985.2709213683361,290.7879420879194,0.028750908763175414
2o_11-13mai_2024-05-12_-31.0_-54.5,2o_11-13mai,2024-05-10 12:00:00,-30.408537650496314,-42.834844251324576,984.2672277489374,290.6708123903926,0.02767187854448487
2o_11-13mai_2024-05-12_-31.0_-54.5,2o_11-13mai,2024-05-10 11:00:00,-30.488825425386487,-42.85147637091647,983.3633600232727,290.6469402047745,0.025505341864533265
2o_11-13mai_2024-05-12_-31.0_-54.5,2o_11-13mai,2024-05-10 10:00:00,-30.58006342464636,-42.8877460119087,982.4332785743876,290.70776667397826,0.023322541631309906
2o_11-13mai_2024-05-12_-31.0_-54.5,2o_11-13mai,2024-05-10 09:00:00,-30.68299347390096,-42.94274399870867,981.4706305427251,290.73243521737606,0.021108024683010488
2o_11-13mai_2024-05-12_-31.0_-54.5,2o_11-13mai,2024-05-10 08:00:00,-30.798260888909482,-43.01543257519573,980.4077544432719,290.6878398411134,0.018882131032884813
2o_11-13mai_2024-05-12_-31.0_-54.5,2o_11-13mai,2024-05-10 07:00:00,-30.927519498940956,-43.105229507438274,979.4854303692123,290.62535483132973,0.016819147714311478
2o_11-13mai_2024-05-12_-31.0_-54.5,2o_11-13mai,2024-05-10 06:00:00,-31.07184377726363,-43.21110028844017,978.7312239105736,290.50519431613,0.014951309620129988
2o_11-13mai_2024-05-12_-31.0_-54.5,2o_11-13mai,2024-05-10 05:00:00,-31.23167507825364,-43.33883106140608,978.0970686210862,290.5601156665927,0.015538776763352613
2o_11-13mai_2024-05-12_-31.0_-54.5,2o_11-13mai,2024-05-10 04:00:00,-31.404187530562773,-43.4936456600067,977.22959484332,290.74766810300497,0.015899971426175417
2o_11-13mai_2024-05-12_-31.0_-54.5,2o_11-13mai,2024-05-10 03:00:00,-31.586556320016392,-43.67721766770723,975.748150625401,290.86286388783503,0.0156751344566987
2o_11-13mai_2024-05-12_-31.0_-54.5,2o_11-13mai,2024-05-10 02:00:00,-31.7718583756714,-43.889086325520935,973.532642895919,290.8220097495051,0.014842901173274421
2o_11-13mai_2024-05-12_-31.0_-54.5,2o_11-13mai,2024-05-10 01:00:00,-31.957910853059314,-44.125745188232266,971.0418954414198,290.6524081177786,0.013952287388834765
2o_11-13mai_2024-05-12_-31.0_-54.5,2o_11-13mai,2024-05-10 00:00:00,-32.14849673848281,-44.381982839510904,968.633207569304,290.393595976477,0.01303125281213232
2o_11-13mai_2024-05-12_-31.0_-54.5,2o_11-13mai,2024-05-09 23:00:00,-32.344602223153835,-44.66018437406197,967.7824031489134,290.29335035075627,0.01232469370342136
2o_11-13mai_2024-05-12_-31.0_-54.5,2o_11-13mai,2024-05-09 22:00:00,-32.5457055545565,-44.969455142257374,967.2405504611011,290.47753964336704,0.011488094642185937
2o_11-13mai_2024-05-12_-31.0_-54.5,2o_11-13mai,2024-05-09 21:00:00,-32.7532026940978,-45.31989357771137,966.8043964603606,290.6567418129018,0.010630443999595686
2o_11-13mai_2024-05-12_-31.0_-54.5,2o_11-13mai,2024-05-09 20:00:00,-32.96182939430676,-45.71425070048633,965.9910214028226,290.5979063630865,0.009744366184603311
2o_11-13mai_2024-05-12_-31.0_-54.5,2o_11-13mai,2024-05-09 19:00:00,-33.16032514531308,-46.14063432482774,963.9828716566801,290.2357788053556,0.009501169983000966
2o_11-13mai_2024-05-12_-31.0_-54.5,2o_11-13mai,2024-05-09 18:00:00,-33.33571819211794,-46.58097222739157,960.0559579253182,289.76148900209324,0.009780535346748305
2o_11-13mai_2024-05-12_-31.0_-54.5,2o_11-13mai,2024-05-09 17:00:00,-33.496707722599425,-47.03256799115147,956.6146309059709,289.53881567592396,0.01033482846506596
2o_11-13mai_2024-05-12_-31.0_-54.5,2o_11-13mai,2024-05-09 16:00:00,-33.65776259138435,-47.502782639571265,954.1333951324677,289.55654061278676,0.010588736838946438
2o_11-13mai_2024-05-12_-31.0_-54.5,2o_11-13mai,2024-05-09 15:00:00,-33.82779411592332,-47.99431447444072,953.4007647535865,289.5395006362414,
2o_11-13mai_2024-05-12_-31.0_-54.5,2o_11-13mai,2024-05-09 14:00:00,-33.99800712772169,-48.51122678500075,952.1517570625048,289.3842727198734,
2o_11-13mai_2024-05-12_-31.0_-54.5,2o_11-13mai,2024-05-09 13:00:00,-34.158289574514725,-49.04034586379801,948.6593057584961,288.90420115831046,
2o_11-13mai_2024-05-12_-31.0_-54.5,2o_11-13mai,2024-05-09 12:00:00,-34.313716962572286,-49.565840050757814,944.0792307593282,288.2226560997306,
2o_11-13mai_2024-05-12_-31.0_-54.5,2o_11-13mai,2024-05-09 11:00:00,-34.479772657312644,-50.08110288960692,940.371804610351,287.8595872902416,
2o_11-13mai_2024-05-12_-31.0_-54.5,2o_11-13mai,2024-05-09 10:00:00,-34.663966466909024,-50.59917687835644,939.1758365372337,287.7915433339278,
2o_11-13mai_2024-05-12_-31.0_-54.5,2o_11-13mai,2024-05-09 09:00:00,-34.86871721542764,-51.14253538449925,938.2873903730158,287.6122180215142,
2o_11-13mai_2024-05-12_-31.0_-54.5,2o_11-13mai,2024-05-09 08:00:00,-35.09529581510401,-51.73134538271937,936.982563977312,287.26740116052076,
2o_11-13mai_2024-05-12_-31.0_-54.5,2o_11-13mai,2024-05-09 07:00:00,-35.32953743793973,-52.33884264826442,933.0309092697318,286.4886511259737,
2o_11-13mai_2024-05-12_-31.0_-54.5,2o_11-13mai,2024-05-09 06:00:00,-35.548506579925956,-52.944231882996526,924.9189023434216,285.8279739288672,
2o_11-13mai_2024-05-12_-31.0_-54.5,2o_11-13mai,2024-05-09 05:00:00,-35.77900429489161,-53.53653419693422,917.0503084070632,285.5931828368765,
2o_11-13mai_2024-05-12_-31.0_-54.5,2o_11-13mai,2024-05-09 04:00:00,-36.03856955339128,-54.11573334221114,912.7447634695028,285.72933810866544,
2o_11-13mai_2024-05-12_-31.0_-54.5,2o_11-13mai,2024-05-09 03:00:00,-36.335644449983846,-54.70924902410523,912.7562497800825,285.77886687336803,
2o_11-13mai_2024-05-12_-31.0_-54.5,2o_11-13mai,2024-05-09 02:00:00,-36.64598919725045,-55.321415797396945,909.260233243832,285.6213773581989,
2o_11-13mai_2024-05-12_-31.0_-54.5,2o_11-13mai,2024-05-09 01:00:00,-36.970357840833486,-55.94090338286772,906.6694494777854,285.4504980830709,
2o_11-13mai_2024-05-12_-31.0_-54.5,2o_11-13mai,2024-05-09 00:00:00,-37.331017212908286,-56.57898100318129,906.8385916790926,284.81452555643097,
2o_11-13mai_2024-05-12_-31.0_-54.5,2o_11-13mai,2024-05-08 23:00:00,-37.73829661787414,-57.25204108133308,905.4171955578422,284.31484920248334,
2o_11-13mai_2024-05-12_-29.0_-50.0,2o_11-13mai,2024-05-12 12:00:00,-29.0,-50.0,850.0,302.18438215731493,0.12204978697829776
2o_11-13mai_2024-05-12_-29.0_-50.0,2o_11-13mai,2024-05-12 11:00:00,-28.66228029355921,-50.30071700336641,854.8242531869296,302.46491634145144,0.11235763187151189
2o_11-13mai_2024-05-12_-29.0_-50.0,2o_11-13mai,2024-05-12 10:00:00,-28.363669449815465,-50.617993242498095,856.7795466736599,302.69819998467955,0.10643069685549836
2o_11-13mai_2024-05-12_-29.0_-50.0,2o_11-13mai,2024-05-12 09:00:00,-28.09738679389608,-50.97224777402519,862.5514474639073,303.13462228671335,0.10110085111672919
2o_11-13mai_2024-05-12_-29.0_-50.0,2o_11-13mai,2024-05-12 08:00:00,-27.873932661066206,-51.291740387685735,866.8831509067866,303.10430030180794,0.104939726276637
2o_11-13mai_2024-05-12_-29.0_-50.0,2o_11-13mai,2024-05-12 07:00:00,-27.66762686343492,-51.55142556052913,877.1985354668224,303.1234447756052,0.1056671595152307
2o_11-13mai_2024-05-12_-29.0_-50.0,2o_11-13mai,2024-05-12 06:00:00,-27.49621287056176,-51.71064109697589,887.2979486818715,302.70012183032975,0.10298174075391436
2o_11-13mai_2024-05-12_-29.0_-50.0,2o_11-13mai,2024-05-12 05:00:00,-27.357148270668574,-51.824708086184074,893.4672690031082,302.4490446696675,0.09778567290880477
2o_11-13mai_2024-05-12_-29.0_-50.0,2o_11-13mai,2024-05-12 04:00:00,-27.226496204502695,-51.95343113670237,894.2503782129058,302.51174703434094,0.09284725136008584
2o_11-13mai_2024-05-12_-29.0_-50.0,2o_11-13mai,2024-05-12 03:00:00,-27.087202106150393,-52.1088048021579,890.6296306524354,302.9574789641775,0.08705865265350259
2o_11-13mai_2024-05-12_-29.0_-50.0,2o_11-13mai,2024-05-12 02:00:00,-26.935893592313086,-52.28686913250251,887.4158223011788,303.7516548337781,0.08259418656794447
2o_11-13mai_2024-05-12_-29.0_-50.0,2o_11-13mai,2024-05-12 01:00:00,-26.788726093437905,-52.46739399698285,890.6374842331312,303.9880562123534,0.08105095760293964
2o_11-13mai_2024-05-12_-29.0_-50.0,2o_11-13mai,2024-05-12 00:00:00,-26.6561903736761,-52.63397507141464,893.0295828337765,304.01376736323624,0.08096694194381282
2o_11-13mai_2024-05-12_-29.0_-50.0,2o_11-13mai,2024-05-11 23:00:00,-26.52081291711873,-52.80657853101539,892.7817200986193,304.24720240037544,0.0765878484782215
2o_11-13mai_2024-05-12_-29.0_-50.0,2o_11-13mai,2024-05-11 22:00:00,-26.36696419046065,-52.9765665830906,892.6014220911351,304.67483793951027,0.07052669817380626
2o_11-13mai_2024-05-12_-29.0_-50.0,2o_11-13mai,2024-05-11 21:00:00,-26.19951940995944,-53.13977119093888,895.9219854322919,304.9145572959048,0.06524390685426265
2o_11-13mai_2024-05-12_-29.0_-50.0,2o_11-13mai,2024-05-11 20:00:00,-26.016737253167094,-53.30646325464618,903.4205629328004,305.0351249954083,0.06357620773148523
2o_11-13mai_2024-05-12_-29.0_-50.0,2o_11-13mai,2024-05-11 19:00:00,-25.81472562395277,-53.476467320050354,914.8748725403211,305.2108250844297,0.06133294832506628
2o_11-13mai_2024-05-12_-29.0_-50.0,2o_11-13mai,2024-05-11 18:00:00,-25.60332266622527,-53.638085260103345,926.8375016861319,305.3350593685343,0.057307555227148116
2o_11-13mai_2024-05-12_-29.0_-50.0,2o_11-13mai,2024-05-11 17:00:00,-25.390307304722597,-53.78327009748758,930.4117142137208,305.28825522893993,0.05813310371538329
2o_11-13mai_2024-05-12_-29.0_-50.0,2o_11-13mai,2024-05-11 16:00:00,-25.14975419060918,-53.91287836833246,928.1110621414019,305.1969964073209,0.0574327267274413
2o_11-13mai_2024-05-12_-29.0_-50.0,2o_11-13mai,2024-05-11 15:00:00,-24.89297557418878,-54.020311653352124,931.6080588644533,304.9034638273297,0.05499080148528018
2o_11-13mai_2024-05-12_-29.0_-50.0,2o_11-13mai,2024-05-11 14:00:00,-24.674297854415425,-54.118089615873366,935.3007767866388,304.4188131195609,0.0537927683569726
2o_11-13mai_2024-05-12_-29.0_-50.0,2o_11-13mai,2024-05-11 13:00:00,-24.485175808792825,-54.23219542206331,936.6569316309232,303.97825585002585,0.05354978087018748
2o_11-13mai_2024-05-12_-29.0_-50.0,2o_11-13mai,2024-05-11 12:00:00,-24.31116123642469,-54.37944502499689,936.9132924108003,303.5483099908917,0.050650300764274334
2o_11-13mai_2024-05-12_-29.0_-50.0,2o_11-13mai,2024-05-11 11:00:00,-24.140303882942817,-54.544341265405116,937.8365040225593,303.44031271673975,0.04291200373260079
2o_11-13mai_2024-05-12_-29.0_-50.0,2o_11-13mai,2024-05-11 10:00:00,-23.96821380340918,-54.69212671606342,938.4516948818623,303.6009814919584,0.03514748115402865
2o_11-13mai_2024-05-12_-29.0_-50.0,2o_11-13mai,2024-05-11 09:00:00,-23.794178137304748,-54.8208867845054,938.5432723262809,303.7663569900738,0.03453755600330355
2o_11-13mai_2024-05-12_-29.0_-50.0,2o_11-13mai,2024-05-11 08:00:00,-23.62300874664973,-54.930184949115414,938.7994185399566,303.9768080683947,0.03400031669464651
2o_11-13mai_2024-05-12_-29.0_-50.0,2o_11-13mai,2024-05-11 07:00:00,-23.460332031671893,-55.02821612047171,938.6884702491243,304.2022337721615,0.03145791052609549
2o_11-13mai_2024-05-12_-29.0_-50.0,2o_11-13mai,2024-05-11 06:00:00,-23.306201752634042,-55.12564529917295,938.9671492499587,304.46161542588385,0.02794846352696917
2o_11-13mai_2024-05-12_-29.0_-50.0,2o_11-13mai,2024-05-11 05:00:00,-23.157027521921624,-55.226561961644315,939.2934019911213,304.7113164377344,0.026547826950605757
2o_11-13mai_2024-05-12_-29.0_-50.0,2o_11-13mai,2024-05-11 04:00:00,-23.005016849257647,-55.323518518074565,939.2416222680251,304.9637829496116,0.0265539119260579
2o_11-13mai_2024-05-12_-29.0_-50.0,2o_11-13mai,2024-05-11 03:00:00,-22.854677870456047,-55.41247094388385,938.7776153850338,305.1869103728688,0.025392912878190326
2o_11-13mai_2024-05-12_-29.0_-50.0,2o_11-13mai,2024-05-11 02:00:00,-22.70953032838679,-55.49165608883328,937.3663029238793,305.44013321839617,0.02308299079683785
2o_11-13mai_2024-05-12_-29.0_-50.0,2o_11-13mai,2024-05-11 01:00:00,-22.567290484337985,-55.56580176743764,935.9786093150852,305.70839700448477,0.021046766851166944
2o_11-13mai_2024-05-12_-29.0_-50.0,2o_11-13mai,2024-05-11 00:00:00,-22.415582913230907,-55.640722768117136,934.4050656880214,305.9713331820347,0.021195017377694147
2o_11-13mai_2024-05-12_-29.0_-50.0,2o_11-13mai,2024-05-10 23:00:00,-22.252544797382516,-55.71774863609467,933.3374357127292,306.09648441450406,0.023233715716640436
2o_11-13mai_2024-05-12_-29.0_-50.0,2o_11-13mai,2024-05-10 22:00:00,-22.072625133772323,-55.792687698861776,933.998333856401,306.2659533777851,0.024186940029700538
2o_11-13mai_2024-05-12_-29.0_-50.0,2o_11-13mai,2024-05-10 21:00:00,-21.884501846931325,-55.85611884695862,936.1467303632433,306.380921625109,0.023720758492521615
2o_11-13mai_2024-05-12_-29.0_-50.0,2o_11-13mai,2024-05-10 20:00:00,-21.7000793308887,-55.900310514783506,938.7984828940665,306.4254987741379,0.022379338215615142
2o_11-13mai_2024-05-12_-29.0_-50.0,2o_11-13mai,2024-05-10 19:00:00,-21.5203475523389,-55.922893095306605,940.9506301969406,306.48420369602854,0.021561533568050052
2o_11-13mai_2024-05-12_-29.0_-50.0,2o_11-13mai,2024-05-10 18:00:00,-21.3446200839427,-55.926138528070844,942.571902614868,306.6193913863214,0.02000690000736728
2o_11-13mai_2024-05-12_-29.0_-50.0,2o_11-13mai,2024-05-10 17:00:00,-21.17848406567276,-55.909535952456146,943.6917549444754,306.33944145313285,0.022668942454650096
2o_11-13mai_2024-05-12_-29.0_-50.0,2o_11-13mai,2024-05-10 16:00:00,-21.02834813732511,-55.87181855729826,944.5643194625895,305.65757114741155,0.023607225043016267
2o_11-13mai_2024-05-12_-29.0_-50.0,2o_11-13mai,2024-05-10 15:00:00,-20.89470373078359,-55.811659179451276,945.1454506571538,304.99674125676324,0.024340411645827013
2o_11-13mai_2024-05-12_-29.0_-50.0,2o_11-13mai,2024-05-10 14:00:00,-20.77694839017293,-55.72669503765774,945.1172929936613,304.372461243333,0.02406344290752224
2o_11-13mai_2024-05-12_-29.0_-50.0,2o_11-13mai,2024-05-10 13:00:00,-20.672684008121223,-55.61581540139675,944.36145284284,303.7300160718146,0.02235211004550736
2o_11-13mai_2024-05-12_-29.0_-50.0,2o_11-13mai,2024-05-10 12:00:00,-20.57683650409156,-55.47908966089477,943.0424492690593,303.1205951054627,0.01959507829698801
2o_11-13mai_2024-05-12_-29.0_-50.0,2o_11-13mai,2024-05-10 11:00:00,-20.478173465037045,-55.34756848778299,941.516090196278,302.9682127752357,0.023277234718703348
2o_11-13mai_2024-05-12_-29.0_-50.0,2o_11-13mai,2024-05-10 10:00:00,-20.379707109802585,-55.240479315276936,939.4706542659134,303.258861701947,0.027619133064443527
2o_11-13mai_2024-05-12_-29.0_-50.0,2o_11-13mai,2024-05-10 09:00:00,-20.290322010203724,-55.15287877116725,936.8744031911651,303.54557093865236,0.032435024735671114
2o_11-13mai_2024-05-12_-29.0_-50.0,2o_11-13mai,2024-05-10 08:00:00,-20.22146489210055,-55.081130742424435,934.0296153900317,303.80390976525536,0.03765269955164289
2o_11-13mai_2024-05-12_-29.0_-50.0,2o_11-13mai,2024-05-10 07:00:00,-20.18554428158399,-55.021058557714106,931.4614355123858,304.03891065309546,0.04318962181269994
2o_11-13mai_2024-05-12_-29.0_-50.0,2o_11-13mai,2024-05-10 06:00:00,-20.18938787021248,-54.97229464105949,929.4745157552692,304.23059678048446,0.049306096355354115
2o_11-13mai_2024-05-12_-29.0_-50.0,2o_11-13mai,2024-05-10 05:00:00,-20.21404448112313,-54.94658239416599,928.9794683651621,304.42016402262595,0.04959638818871737
2o_11-13mai_2024-05-12_-29.0_-50.0,2o_11-13mai,2024-05-10 04:00:00,-20.237897977229704,-54.94993298168402,929.3431288171564,304.5742998374175,0.05027719633735295
2o_11-13mai_2024-05-12_-29.0_-50.0,2o_11-13mai,2024-05-10 03:00:00,-20.259036819943123,-54.980543382862564,929.860814745138,304.670108565315,0.051771029614398105
2o_11-13mai_2024-05-12_-29.0_-50.0,2o_11-13mai,2024-05-10 02:00:00,-20.273240353223652,-55.03728166548866,930.0291832449166,304.7268500457269,0.05450872933904091
2o_11-13mai_2024-05-12_-29.0_-50.0,2o_11-13mai,2024-05-10 01:00:00,-20.276500520118013,-55.12337788498025,929.9707624985706,304.85522623766315,0.05907039026147062
2o_11-13mai_2024-05-12_-29.0_-50.0,2o_11-13mai,2024-05-10 00:00:00,-20.260809128401426,-55.24249271393644,929.0199673754247,305.0075098976256,0.06604319626986858
2o_11-13mai_2024-05-12_-29.0_-50.0,2o_11-13mai,2024-05-09 23:00:00,-20.217217863739897,-55.37709558470546,927.8182545442132,305.1024729432327,0.07491254013526728
2o_11-13mai_2024-05-12_-29.0_-50.0,2o_11-13mai,2024-05-09 22:00:00,-20.14884363124894,-55.500565634139406,929.4333956904512,305.07017430034733,0.0832338778317688
2o_11-13mai_2024-05-12_-29.0_-50.0,2o_11-13mai,2024-05-09 21:00:00,-20.064547167708493,-55.605847089795496,933.3894812219686,304.9392111861655,0.08949024870319026
2o_11-13mai_2024-05-12_-29.0_-50.0,2o_11-13mai,2024-05-09 20:00:00,-19.973696428391108,-55.691828552456656,937.886987613376,304.8076092417146,0.09466509260990441
2o_11-13mai_2024-05-12_-29.0_-50.0,2o_11-13mai,2024-05-09 19:00:00,-19.879929965333776,-55.76073135940744,942.65710308903,304.73978439382637,0.09941791896122024
2o_11-13mai_2024-05-12_-29.0_-50.0,2o_11-13mai,2024-05-09 18:00:00,-19.787384489113467,-55.81472275299924,947.4155201141983,304.72882288226543,0.1041981765854464
2o_11-13mai_2024-05-12_-29.0_-50.0,2o_11-13mai,2024-05-09 17:00:00,-19.690310803068325,-55.85669613021093,951.7403944039283,304.5963450192559,0.10517020783678474
2o_11-13mai_2024-05-12_-29.0_-50.0,2o_11-13mai,2024-05-09 16:00:00,-19.580107282023693,-55.88910544827039,955.6480230034457,304.3485043225045,0.10588188512823435
2o_11-13mai_2024-05-12_-29.0_-50.0,2o_11-13mai,2024-05-09 15:00:00,-19.455224848971756,-55.91285176098948,959.6349181978046,304.03282452699887,0.1045675138312925
2o_11-13mai_2024-05-12_-29.0_-50.0,2o_11-13mai,2024-05-09 14:00:00,-19.31341267084456,-55.92702963408143,963.4373112804979,303.68594295629316,0.09940904109782127
2o_11-13mai_2024-05-12_-29.0_-50.0,2o_11-13mai,2024-05-09 13:00:00,-19.150921686939334,-55.92905160675831,967.0369346290852,303.2717330260734,0.0927948518893463
2o_11-13mai_2024-05-12_-29.0_-50.0,2o_11-13mai,2024-05-09 12:00:00,-18.969315272471288,-55.9110662054271,970.2269330345702,302.7617677449461,0.08449590264216297
2o_11-13mai_2024-05-12_-29.0_-50.0,2o_11-13mai,2024-05-09 11:00:00,-18.79066050972124,-55.8732167141409,972.5825196091663,302.65453016523463,0.06585126020024867
2o_11-13mai_2024-05-12_-29.0_-50.0,2o_11-13mai,2024-05-09 10:00:00,-18.63448613502391,-55.82422016610884,974.1393384735636,303.0373719749568,0.04904816762692966
2o_11-13mai_2024-05-12_-29.0_-50.0,2o_11-13mai,2024-05-09 09:00:00,-18.499403877949778,-55.76853042592751,975.322125622925,303.3981350095903,0.03547088122762922
2o_11-13mai_2024-05-12_-29.0_-50.0,2o_11-13mai,2024-05-09 08:00:00,-18.384216837640434,-55.70653421531532,976.5706959640244,303.7420537431798,0.024905638647006387
2o_11-13mai_2024-05-12_-29.0_-50.0,2o_11-13mai,2024-05-09 07:00:00,-18.28929173855797,-55.637171744319794,978.1520441796288,304.03966309543597,0.01663597598825927
2o_11-13mai_2024-05-12_-29.0_-50.0,2o_11-13mai,2024-05-09 06:00:00,-18.212847567797343,-55.55905991699758,980.1738625255434,304.26822249969297,0.009985190684551908
2o_11-13mai_2024-05-12_-29.0_-50.0,2o_11-13mai,2024-05-09 05:00:00,-18.149777633842966,-55.47643928488552,982.5735646612989,304.4888841499384,0.008698617781833472
2o_11-13mai_2024-05-12_-29.0_-50.0,2o_11-13mai,2024-05-09 04:00:00,-18.096607481234642,-55.39410698695468,984.2133600668237,304.83402183140083,0.007851474036442369
2o_11-13mai_2024-05-12_-29.0_-50.0,2o_11-13mai,2024-05-09 03:00:00,-18.048698457394817,-55.31129139281071,984.9320375721804,305.31215886552053,0.007064977644957389
2o_11-13mai_2024-05-12_-29.0_-50.0,2o_11-13mai,2024-05-09 02:00:00,-18.00180429271331,-55.228476517644516,984.7393316228777,305.8714426948887,0.006321863396479479
2o_11-13mai_2024-05-12_-29.0_-50.0,2o_11-13mai,2024-05-09 01:00:00,-17.956343256265665,-55.15157492711979,983.6754393825665,306.3343536031479,0.00567888677530054
2o_11-13mai_2024-05-12_-29.0_-50.0,2o_11-13mai,2024-05-09 00:00:00,-17.9129977138748,-55.0832127891798,981.6992481658954,306.7621963812189,0.005080144765970718
2o_11-13mai_2024-05-12_-29.0_-50.0,2o_11-13mai,2024-05-08 23:00:00,-17.863151677189197,-55.02612639376324,978.7338842119487,306.99964226071035,0.004809703018327031
2o_11-13mai_2024-05-12_-29.0_-50.0,2o_11-13mai,2024-05-08 22:00:00,-17.797925218554003,-54.98028207726335,974.4889411539765,307.07228413490463,0.004534753007607584
2o_11-13mai_2024-05-12_-29.0_-50.0,2o_11-13mai,2024-05-08 21:00:00,-17.715311240819794,-54.94212201299291,969.1557989598582,307.18972045212826,0.004251038864470543
2o_11-13mai_2024-05-12_-29.0_-50.0,2o_11-13mai,2024-05-08 20:00:00,-17.614810207914783,-54.9076440050574,962.680336881778,307.31915058639674,0.00395490281044917
2o_11-13mai_2024-05-12_-29.0_-50.0,2o_11-13mai,2024-05-08 19:00:00,-17.493753738685456,-54.873820827278294,954.8463354873301,307.4634262157117,0.003641657728671371
2o_11-13mai_2024-05-12_-29.0_-50.0,2o_11-13mai,2024-05-08 18:00:00,-17.351185045419566,-54.83593336404078,945.6775721864061,307.6305028528476,0.0033059532716624073
2o_11-13mai_2024-05-12_-29.0_-50.0,2o_11-13mai,2024-05-08 17:00:00,-17.18201558375499,-54.77672943550855,935.7300255357062,307.4230613939583,0.0035803842894195454
2o_11-13mai_2024-05-12_-29.0_-50.0,2o_11-13mai,2024-05-08 16:00:00,-16.985894823281775,-54.68012951920074,927.0123082982717,306.8964972916391,0.0038848919177717637
2o_11-13mai_2024-05-12_-29.0_-50.0,2o_11-13mai,2024-05-08 15:00:00,-16.774825759101493,-54.56426656936022,926.2621161217695,306.30159635802045,0.004144728243540163
2o_11-13mai_2024-05-12_-29.0_-50.0,2o_11-13mai,2024-05-08 14:00:00,-16.570094182314257,-54.45084970961114,932.0399005119713,305.56837903713824,0.004342881028194055
2o_11-13mai_2024-05-12_-29.0_-50.0,2o_11-13mai,2024-05-08 13:00:00,-16.3742646589582,-54.34238079921502,933.521098570544,304.87800230141005,0.004535465269560304
2o_11-13mai_2024-05-12_-29.0_-50.0,2o_11-13mai,2024-05-08 12:00:00,-16.168973433010947,-54.23447705167479,931.9326445311182,304.40768258672273,0.004664393338384611
2o_11-13mai_2024-05-12_-29.0_-50.0,2o_11-13mai,2024-05-08 11:00:00,-15.960394136260978,-54.120839731161176,926.388321195466,304.31666927848477,0.007011177634035647
2o_11-13mai_2024-05-12_-29.0_-50.0,2o_11-13mai,2024-05-08 10:00:00,-15.771447598121082,-53.99866261878077,916.9082012947227,304.4767326723285,0.009140715857753733
2o_11-13mai_2024-05-12_-29.0_-50.0,2o_11-13mai,2024-05-08 09:00:00,-15.608324231076876,-53.8666935516512,911.1402946436505,304.52637163731964,0.011309178881139253
2o_11-13mai_2024-05-12_-29.0_-50.0,2o_11-13mai,2024-05-08 08:00:00,-15.461234924275772,-53.73498514349791,912.5489906564808,304.7119564720355,0.013210101334507273
2o_11-13mai_2024-05-12_-29.0_-50.0,2o_11-13mai,2024-05-08 07:00:00,-15.317495119938075,-53.60134853501844,914.4364051890434,305.1081141081144,0.014846095466312345
2o_11-13mai_2024-05-12_-29.0_-50.0,2o_11-13mai,2024-05-08 06:00:00,-15.171343076224444,-53.46207906196694,913.8693719827362,305.5933368476877,0.016194905525684256
2o_11-13mai_2024-05-12_-29.0_-50.0,2o_11-13mai,2024-05-08 05:00:00,-15.030565121711403,-53.31969866357754,914.6369363074533,305.82963825113063,0.015975197840001173
2o_11-13mai_2024-05-12_-29.0_-50.0,2o_11-13mai,2024-05-08 04:00:00,-14.900790972762017,-53.16807519752161,916.5545341920384,305.9995008228343,0.015978179941101515
2o_11-13mai_2024-05-12_-29.0_-50.0,2o_11-13mai,2024-05-08 03:00:00,-14.785094002331823,-53.01280166276703,915.8098420686815,306.1795395330556,0.015941910588962254
2o_11-13mai_2024-05-12_-29.0_-50.0,2o_11-13mai,2024-05-08 02:00:00,-14.684450998706268,-52.84932486742678,913.5726969250821,306.35980298710086,0.01568643236784579
2o_11-13mai_2024-05-12_-29.0_-50.0,2o_11-13mai,2024-05-08 01:00:00,-14.592410538306073,-52.67857932112393,911.865163310934,306.5317079536927,0.015228515111719965
2o_11-13mai_2024-05-12_-29.0_-50.0,2o_11-13mai,2024-05-08 00:00:00,-14.506635225638776,-52.505467568690804,912.2828296700981,306.69125591685344,0.01459953572554294
2o_11-13mai_2024-05-12_-29.0_-50.0,2o_11-13mai,2024-05-07 23:00:00,-14.427518033434152,-52.33498450334403,913.5821370759679,306.8518932068185,0.014283347544908278
2o_11-13mai_2024-05-12_-29.0_-50.0,2o_11-13mai,2024-05-07 22:00:00,-14.357672140184729,-52.16965551410402,914.8345852845409,306.997457015592,0.013868815823541093
2o_11-13mai_2024-05-12_-29.0_-50.0,2o_11-13mai,2024-05-07 21:00:00,-14.293098474395308,-52.00876801868448,915.6203343888662,307.07565096752376,0.013349479700505849
2o_11-13mai_2024-05-12_-29.0_-50.0,2o_11-13mai,2024-05-07 20:00:00,-14.234040325975977,-51.85604592376769,915.6966268965533,307.1247966803436,0.012752582276577749
2o_11-13mai_2024-05-12_-29.0_-50.0,2o_11-13mai,2024-05-07 19:00:00,-14.179613681301815,-51.713403716693115,915.3160662408908,307.1921049765392,0.012191025042132769
2o_11-13mai_2024-05-12_-29.0_-50.0,2o_11-13mai,2024-05-07 18:00:00,-14.129122992249151,-51.578135981474404,914.4851932335928,307.3148547918405,0.011756798714911348
2o_11-13mai_2024-05-12_-29.0_-50.0,2o_11-13mai,2024-05-07 17:00:00,-14.082713211511363,-51.44451182724193,913.893761153957,307.26806957864994,0.011927693944766397
2o_11-13mai_2024-05-12_-29.0_-50.0,2o_11-13mai,2024-05-07 16:00:00,-14.040834898204322,-51.30459400638875,914.752373074652,306.9487003941932,0.012070028555211198
2o_11-13mai_2024-05-12_-29.0_-50.0,2o_11-13mai,2024-05-07 15:00:00,-14.000156280240214,-51.15752299543426,917.315211854194,306.5939010818299,0.01217991129501156
2o_11-13mai_2024-05-12_-29.0_-50.0,2o_11-13mai,2024-05-07 14:00:00,-13.958384834485717,-51.00331101463481,919.5643701522246,306.1805085666534,0.012258873342380332
2o_11-13mai_2024-05-12_-29.0_-50.0,2o_11-13mai,2024-05-07 13:00:00,-13.915137588205496,-50.83397414162757,921.9279283126947,305.75737745657284,0.012458467255970869
2o_11-13mai_2024-05-12_-29.0_-50.0,2o_11-13mai,2024-05-07 12:00:00,-13.8720614198455,-50.634220901678816,924.7480147516302,305.28359159087194,0.01235732398033563
2o_11-13mai_2024-05-12_-29.0_-50.0,2o_11-13mai,2024-05-07 11:00:00,-13.84095159166556,-50.413629427316295,927.8363981587357,305.0709717742868,0.01462689735077913
2o_11-13mai_2024-05-12_-29.0_-50.0,2o_11-13mai,2024-05-07 10:00:00,-13.828855791339807,-50.18613700652262,930.0741720646346,305.03591788120906,0.01688384281665501
2o_11-13mai_2024-05-12_-29.0_-50.0,2o_11-13mai,2024-05-07 09:00:00,-13.830218043910007,-49.93824439174397,932.2909869908706,305.1103605141061,0.018992761097302274
2o_11-13mai_2024-05-12_-29.0_-50.0,2o_11-13mai,2024-05-07 08:00:00,-13.83515282982367,-49.675492871968906,932.8329368278244,305.2761184704171,0.020818529907971457
2o_11-13mai_2024-05-12_-29.0_-50.0,2o_11-13mai,2024-05-07 07:00:00,-13.848455031366562,-49.400131828329926,931.2958729252607,305.5168323305497,0.022407343461249504
2o_11-13mai_2024-05-12_-29.0_-50.0,2o_11-13mai,2024-05-07 06:00:00,-13.877962112526964,-49.13804953686975,926.3200282394026,305.65066869227803,0.023846500681943064
2o_11-13mai_2024-05-12_-29.0_-50.0,2o_11-13mai,2024-05-07 05:00:00,-13.940369181647194,-48.89879727766949,918.3722385228086,305.8420140819639,0.02272289142825288
2o_11-13mai_2024-05-12_-29.0_-50.0,2o_11-13mai,2024-05-07 04:00:00,-14.008644278538096,-48.67460933318667,914.6806406841149,305.88834902384815,0.021863777353474254
2o_11-13mai_2024-05-12_-29.0_-50.0,2o_11-13mai,2024-05-07 03:00:00,-14.068896275695181,-48.461240608878114,910.8515329728589,305.8725329906753,0.02118902726396528
2o_11-13mai_2024-05-12_-29.0_-50.0,2o_11-13mai,2024-05-07 02:00:00,-14.12670677933373,-48.23234222293789,910.0925077748474,306.1207792045598,0.020422741811248615
2o_11-13mai_2024-05-12_-29.0_-50.0,2o_11-13mai,2024-05-07 01:00:00,-14.188198141987888,-48.01187603817887,905.7490131264797,306.1567867835114,0.019613402345962847
2o_11-13mai_2024-05-12_-29.0_-50.0,2o_11-13mai,2024-05-07 00:00:00,-14.233831029998845,-47.802223804856915,890.5575957976681,306.27686228002034,0.0194139852240432
2o_11-13mai_2024-05-12_-29.0_-50.0,2o_11-13mai,2024-05-06 23:00:00,-14.290176862961383,-47.55273051327925,871.5191420334417,306.59166321378524,0.018903578279483888
2o_11-13mai_2024-05-12_-29.0_-50.0,2o_11-13mai,2024-05-06 22:00:00,-14.350283990007844,-47.303667366197125,882.1924675973831,306.44536283708993,0.01840208057912462
2o_11-13mai_2024-05-12_-29.0_-50.0,2o_11-13mai,2024-05-06 21:00:00,-14.401369021614657,-47.116871582848226,894.7803116939201,306.38672886238305,0.018209956683679192
2o_11-13mai_2024-05-12_-29.0_-50.0,2o_11-13mai,2024-05-06 20:00:00,-14.450296634127472,-46.94896828077852,901.0508641753153,306.81266648757577,0.018071575285730952
2o_11-13mai_2024-05-12_-29.0_-50.0,2o_11-13mai,2024-05-06 19:00:00,-14.491922779297576,-46.77423244579738,901.1577678082591,307.05017666635104,0.017917771893188883
2o_11-13mai_2024-05-12_-29.0_-50.0,2o_11-13mai,2024-05-06 18:00:00,-14.52715436851273,-46.59439519002147,895.082309910366,307.3103359091554,0.017748288879186603
2o_11-13mai_2024-05-12_-29.0_-50.0,2o_11-13mai,2024-05-06 17:00:00,-14.561955669786602,-46.39883946415987,882.0697685720959,307.11784333071444,0.018746372288425045
2o_11-13mai_2024-05-12_-29.0_-50.0,2o_11-13mai,2024-05-06 16:00:00,-14.598668777882365,-46.178489170305745,876.7869786605428,306.17292527880255,0.019605871505384564
2o_11-13mai_2024-05-12_-29.0_-50.0,2o_11-13mai,2024-05-06 15:00:00,-14.63839105907919,-45.943135315246955,875.7536269377772,305.3208490030668,0.020129728410502985
2o_11-13mai_2024-05-12_-29.0_-50.0,2o_11-13mai,2024-05-06 14:00:00,-14.675738300110629,-45.69675452114735,876.4657402723058,304.50545449559013,0.02029534827514008
2o_11-13mai_2024-05-12_-29.0_-50.0,2o_11-13mai,2024-05-06 13:00:00,-14.70215874784982,-45.4422386039042,880.1744609541316,303.7756386396608,0.02015684310160202
2o_11-13mai_2024-05-12_-29.0_-50.0,2o_11-13mai,2024-05-06 12:00:00,-14.720393900979046,-45.17173014976951,881.2944247990515,303.1919230309492,0.019612626124680076
2o_11-13mai_2024-05-12_-29.0_-50.0,2o_11-13mai,2024-05-06 11:00:00,-14.73496887366211,-44.88413748680459,885.1145644229707,302.8612604592212,0.01936245160806693
2o_11-13mai_2024-05-12_-29.0_-50.0,2o_11-13mai,2024-05-06 10:00:00,-14.762139601871162,-44.59819245418937,884.4712508399099,302.85727462598186,0.019553311809298785
2o_11-13mai_2024-05-12_-29.0_-50.0,2o_11-13mai,2024-05-06 09:00:00,-14.809306295236171,-44.30792366576639,886.1362483936546,302.68854515269913,0.02005398460528735
2o_11-13mai_2024-05-12_-29.0_-50.0,2o_11-13mai,2024-05-06 08:00:00,-14.873550780126484,-44.01855592318614,893.8109785358018,302.41020550471677,0.020912868018319014
2o_11-13mai_2024-05-12_-29.0_-50.0,2o_11-13mai,2024-05-06 07:00:00,-14.951080241299813,-43.73437207351004,898.1273746609263,302.1789214199875,0.021920600742596306
2o_11-13mai_2024-05-12_-29.0_-50.0,2o_11-13mai,2024-05-06 06:00:00,-15.030658015099865,-43.45175736936343,899.386764453164,302.0701346911036,0.023188246986442763
2o_11-13mai_2024-05-12_-29.0_-50.0,2o_11-13mai,2024-05-06 05:00:00,-15.108430754753876,-43.16791967212565,896.6559818219113,302.12475508656826,0.023779481781131394
2o_11-13mai_2024-05-12_-29.0_-50.0,2o_11-13mai,2024-05-06 04:00:00,-15.177963389591344,-42.881395185258995,884.2194513681634,302.34036277891045,0.024275562372728293
2o_11-13mai_2024-05-12_-29.0_-50.0,2o_11-13mai,2024-05-06 03:00:00,-15.272539575325123,-42.56774477189499,871.3564948563304,302.0490262768212,0.024943111529712337
2o_11-13mai_2024-05-12_-29.0_-50.0,2o_11-13mai,2024-05-06 02:00:00,-15.396061440892211,-42.23722562039912,872.535078951985,301.9537426782173,0.02558864048427768
2o_11-13mai_2024-05-12_-29.0_-50.0,2o_11-13mai,2024-05-06 01:00:00,-15.517341718068188,-41.94051652677982,874.3610927011166,301.8937478811553,0.02607748382995489
2o_11-13mai_2024-05-12_-29.0_-50.0,2o_11-13mai,2024-05-06 00:00:00,-15.649875560074765,-41.654363914012826,874.1374009929397,301.8747069766663,0.027133018858237757
2o_11-13mai_2024-05-12_-29.0_-50.0,2o_11-13mai,2024-05-05 23:00:00,-15.789103794155618,-41.376135816856404,876.1586576360679,302.1016867788179,0.02833854024965986
2o_11-13mai_2024-05-12_-29.0_-50.0,2o_11-13mai,2024-05-05 22:00:00,-15.91329216723016,-41.11469764544204,875.7732325881138,302.45968602704056,0.02920175550480464
2o_11-13mai_2024-05-12_-29.0_-50.0,2o_11-13mai,2024-05-05 21:00:00,-16.025006097381482,-40.861798271929615,879.530930163876,302.589365765865,0.029888532794888446
2o_11-13mai_2024-05-12_-29.0_-50.0,2o_11-13mai,2024-05-05 20:00:00,-16.131320150560395,-40.63378262826272,893.2244332692374,302.45286529569466,0.030343839879206285
2o_11-13mai_2024-05-12_-29.0_-50.0,2o_11-13mai,2024-05-05 19:00:00,-16.250468930399897,-40.43105577107515,900.2666416606567,302.3308851864121,0.030353734870398913
2o_11-13mai_2024-05-12_-29.0_-50.0,2o_11-13mai,2024-05-05 18:00:00,-16.393084467877415,-40.22451154636261,898.2828927982249,302.4670252701959,0.029643177744733573
2o_11-13mai_2024-05-12_-29.0_-50.0,2o_11-13mai,2024-05-05 17:00:00,-16.553758071492734,-40.019780097434925,897.1308922533087,302.2546527901068,0.029785928490547363
2o_11-13mai_2024-05-12_-29.0_-50.0,2o_11-13mai,2024-05-05 16:00:00,-16.715441170347344,-39.822290098334626,902.6235207617536,301.60417741385413,0.03060419165053216
2o_11-13mai_2024-05-12_-29.0_-50.0,2o_11-13mai,2024-05-05 15:00:00,-16.8744949233039,-39.62319209437841,908.3167064964858,301.06689147554374,0.031159967724070453
2o_11-13mai_2024-05-12_-29.0_-50.0,2o_11-13mai,2024-05-05 14:00:00,-17.027976484966082,-39.419225753525815,912.4627481045245,300.634483498062,0.03080420212726272
2o_11-13mai_2024-05-12_-29.0_-50.0,2o_11-13mai,2024-05-05 13:00:00,-17.17774525900877,-39.223720819656876,918.7372850145472,300.46340766950647,0.029667854065826723
2o_11-13mai_2024-05-12_-29.0_-50.0,2o_11-13mai,2024-05-05 12:00:00,-17.32256994540869,-39.02448694864021,923.6138829051721,300.2469181691758,0.028110523357931457
2o_11-13mai_2024-05-13_-29.5_-52.0,2o_11-13mai,2024-05-13 12:00:00,-29.5,-52.0,850.0,295.76348061370305,0.06502367680271466
2o_11-13mai_2024-05-13_-29.5_-52.0,2o_11-13mai,2024-05-13 11:00:00,-29.657864152685192,-52.03022608520152,867.2595603956157,295.29532933500974,0.05840093931349948
2o_11-13mai_2024-05-13_-29.5_-52.0,2o_11-13mai,2024-05-13 10:00:00,-29.86583328640809,-52.10453436026362,882.4044924714541,294.4000385490682,0.052710907527230934
2o_11-13mai_2024-05-13_-29.5_-52.0,2o_11-13mai,2024-05-13 09:00:00,-30.121062428483118,-52.20564531334961,887.4943177796919,293.7886787994377,0.04752655617225075
2o_11-13mai_2024-05-13_-29.5_-52.0,2o_11-13mai,2024-05-13 08:00:00,-30.421069860864403,-52.325371615642304,874.0507677187262,293.7688167920202,0.041125296448239965
2o_11-13mai_2024-05-13_-29.5_-52.0,2o_11-13mai,2024-05-13 07:00:00,-30.703274838924056,-52.48174733316426,865.6857741396838,294.80180370249553,0.035152799655815775
2o_11-13mai_2024-05-13_-29.5_-52.0,2o_11-13mai,2024-05-13 06:00:00,-30.944881522391377,-52.62460407842623,865.8587065565947,295.1741579158605,0.03139601976199878
2o_11-13mai_2024-05-13_-29.5_-52.0,2o_11-13mai,2024-05-13 05:00:00,-31.15644851719756,-52.746214185856765,860.6036711505088,295.3000229186664,0.03071457323736022
2o_11-13mai_2024-05-13_-29.5_-52.0,2o_11-13mai,2024-05-13 04:00:00,-31.337306885120064,-52.86055500052713,850.4225272423242,295.7007006473347,0.029838388774715303
2o_11-13mai_2024-05-13_-29.5_-52.0,2o_11-13mai,2024-05-13 03:00:00,-31.482062958304585,-52.97867356970768,847.7056954256899,296.23673059617215,0.028743242139292465
2o_11-13mai_2024-05-13_-29.5_-52.0,2o_11-13mai,2024-05-13 02:00:00,-31.6020123124179,-53.07425839327569,850.9639966115823,296.2905585778671,0.027664900374958695
2o_11-13mai_2024-05-13_-29.5_-52.0,2o_11-13mai,2024-05-13 01:00:00,-31.700710213199443,-53.12592891530174,859.7297125217841,296.0814093857096,0.026830292802291038
2o_11-13mai_2024-05-13_-29.5_-52.0,2o_11-13mai,2024-05-13 00:00:00,-31.797705071973496,-53.10542434214182,873.6177377457512,295.55652110166596,0.026067426187959836
2o_11-13mai_2024-05-13_-29.5_-52.0,2o_11-13mai,2024-05-12 23:00:00,-31.902381354291265,-52.968187677529556,890.1530134857136,294.4718267911703,0.0254450340280698
2o_11-13mai_2024-05-13_-29.5_-52.0,2o_11-13mai,2024-05-12 22:00:00,-32.008153721131045,-52.702380746951334,905.9052540141807,293.3358344264058,0.025339075588782387
2o_11-13mai_2024-05-13_-29.5_-52.0,2o_11-13mai,2024-05-12 21:00:00,-32.11069989057242,-52.33288282620391,920.2608117600683,292.6276759517827,0.025661105790142587
2o_11-13mai_2024-05-13_-29.5_-52.0,2o_11-13mai,2024-05-12 20:00:00,-32.190404955692344,-51.87593945464325,932.8747286519774,292.0969409899381,0.02609161884907712
2o_11-13mai_2024-05-13_-29.5_-52.0,2o_11-13mai,2024-05-12 19:00:00,-32.226813490767235,-51.347008034776096,936.2269923305311,292.2152821854118,0.027582486525037524
2o_11-13mai_2024-05-13_-29.5_-52.0,2o_11-13mai,2024-05-12 18:00:00,-32.22039727533005,-50.78119050543695,941.1836224420246,292.4035311985218,0.029077235688024165
2o_11-13mai_2024-05-13_-29.5_-52.0,2o_11-13mai,2024-05-12 17:00:00,-32.204188656585416,-50.23110088513068,951.585065626923,292.34826726987933,0.02949728078382305
2o_11-13mai_2024-05-13_-29.5_-52.0,2o_11-13mai,2024-05-12 16:00:00,-32.20043722432887,-49.72271628706091,962.7525873111532,292.31257056197984,0.030803613299687383
2o_11-13mai_2024-05-13_-29.5_-52.0,2o_11-13mai,2024-05-12 15:00:00,-32.22196724949674,-49.20366273592212,964.9817997606674,291.96951875193093,0.033146743840916024
2o_11-13mai_2024-05-13_-29.5_-52.0,2o_11-13mai,2024-05-12 14:00:00,-32.28775108834217,-48.70318376154574,964.5138309243932,291.4970943887691,0.03570234502140311
2o_11-13mai_2024-05-13_-29.5_-52.0,2o_11-13mai,2024-05-12 13:00:00,-32.39089419435203,-48.238569244663196,961.5320160472054,291.0900253813039,0.03669927676637606
2o_11-13mai_2024-05-13_-29.5_-52.0,2o_11-13mai,2024-05-12 12:00:00,-32.51716282113672,-47.81360047331389,957.0196172627018,290.7647558796605,0.03721168178648508
2o_11-13mai_2024-05-13_-29.5_-52.0,2o_11-13mai,2024-05-12 11:00:00,-32.65806547996994,-47.42607959140916,954.2270864334052,290.55150247945267,0.0352910168222624
2o_11-13mai_2024-05-13_-29.5_-52.0,2o_11-13mai,2024-05-12 10:00:00,-32.80330877491822,-47.08589364589885,952.6636666884449,290.5687381577284,0.03414793258623682
2o_11-13mai_2024-05-13_-29.5_-52.0,2o_11-13mai,2024-05-12 09:00:00,-32.95683101417281,-46.78874722360408,951.4823877377172,290.56999827688975,0.033503725796863414
2o_11-13mai_2024-05-13_-29.5_-52.0,2o_11-13mai,2024-05-12 08:00:00,-33.12307143487831,-46.52627056470556,950.7584692407248,290.468106444192,0.03194572576401847
2o_11-13mai_2024-05-13_-29.5_-52.0,2o_11-13mai,2024-05-12 07:00:00,-33.30419163177131,-46.29747348710584,949.6291689595206,290.2705212403923,0.029846195569140813
2o_11-13mai_2024-05-13_-29.5_-52.0,2o_11-13mai,2024-05-12 06:00:00,-33.49840352557873,-46.1099558860315,948.0126210787757,290.15829633553585,0.027494452410896573
2o_11-13mai_2024-05-13_-29.5_-52.0,2o_11-13mai,2024-05-12 05:00:00,-33.69982291050886,-45.96741943128929,946.0359977195886,290.09178152124207,0.02706842554021386
2o_11-13mai_2024-05-13_-29.5_-52.0,2o_11-13mai,2024-05-12 04:00:00,-33.90608660463514,-45.86473348233693,943.5085701308014,289.9053066959895,
2o_11-13mai_2024-05-13_-29.5_-52.0,2o_11-13mai,2024-05-12 03:00:00,-34.115389326864964,-45.79587033000807,939.8633598316434,289.63969611325086,
2o_11-13mai_2024-05-13_-29.5_-52.0,2o_11-13mai,2024-05-12 02:00:00,-34.326463524829414,-45.758677131973194,936.3603446722623,289.42506188232187,
2o_11-13mai_2024-05-13_-29.5_-52.0,2o_11-13mai,2024-05-12 01:00:00,-34.5375682259301,-45.75925102602028,933.7618807836938,289.3953311594625,
2o_11-13mai_2024-05-13_-29.5_-52.0,2o_11-13mai,2024-05-12 00:00:00,-34.745332157808,-45.80688467154466,931.966616875087,289.5041576092101,
2o_11-13mai_2024-05-13_-29.5_-52.0,2o_11-13mai,2024-05-11 23:00:00,-34.94292754917782,-45.89391934410739,930.53380255233,289.51444143316996,
2o_11-13mai_2024-05-13_-29.5_-52.0,2o_11-13mai,2024-05-11 22:00:00,-35.12756143409941,-46.00007691113795,928.8021708736169,289.3168582034742,
2o_11-13mai_2024-05-13_-29.5_-52.0,2o_11-13mai,2024-05-11 21:00:00,-35.3001414683036,-46.119881735010225,926.7857818327506,289.092002907417,
2o_11-13mai_2024-05-13_-29.5_-52.0,2o_11-13mai,2024-05-11 20:00:00,-35.45887546610437,-46.25873290383892,924.5119998180232,288.9889801365265,
2o_11-13mai_2024-05-13_-29.5_-52.0,2o_11-13mai,2024-05-11 19:00:00,-35.60583338025772,-46.42164967298952,922.6710982781763,289.0366390978137,
2o_11-13mai_2024-05-13_-29.5_-52.0,2o_11-13mai,2024-05-11 18:00:00,-35.74321379654451,-46.61638155004688,921.2366833271221,289.2314553475405,
2o_11-13mai_2024-05-13_-29.5_-52.0,2o_11-13mai,2024-05-11 17:00:00,-35.86934271164856,-46.82802483845579,919.8916049808478,289.30391480419485,
2o_11-13mai_2024-05-13_-29.5_-52.0,2o_11-13mai,2024-05-11 16:00:00,-35.97979386014582,-47.035261673983776,918.1768386463121,289.2215858604968,
2o_11-13mai_2024-05-13_-29.5_-52.0,2o_11-13mai,2024-05-11 15:00:00,-36.07107679370227,-47.24016903147711,915.6137080458959,289.1526865833268,
2o_11-13mai_2024-05-13_-29.5_-52.0,2o_11-13mai,2024-05-11 14:00:00,-36.14309341766399,-47.44377100676336,912.3688573998189,289.08103070892474,
2o_11-13mai_2024-05-13_-29.5_-52.0,2o_11-13mai,2024-05-11 13:00:00,-36.19687347037408,-47.645939068588206,909.1195886375249,289.0339181984434,
2o_11-13mai_2024-05-13_-29.5_-52.0,2o_11-13mai,2024-05-11 12:00:00,-36.233238628194805,-47.844717728103156,906.4313028794693,289.0206013938959,
2o_11-13mai_2024-05-13_-29.5_-52.0,2o_11-13mai,2024-05-11 11:00:00,-36.26453981113913,-48.03151728327607,904.3526106879485,288.9820834094643,
2o_11-13mai_2024-05-13_-29.5_-52.0,2o_11-13mai,2024-05-11 10:00:00,-36.29942335068686,-48.19954435842686,903.4269551786812,288.87872456428,
2o_11-13mai_2024-05-13_-29.5_-52.0,2o_11-13mai,2024-05-11 09:00:00,-36.33469982692596,-48.349935671520264,903.7667109953699,288.7687840950257,
2o_11-13mai_2024-05-13_-29.5_-52.0,2o_11-13mai,2024-05-11 08:00:00,-36.36721085830928,-48.48423029463008,905.4295817690121,288.66742405366256,
2o_11-13mai_2024-05-13_-29.5_-52.0,2o_11-13mai,2024-05-11 07:00:00,-36.391626724445445,-48.60326239285835,908.0384732721019,288.59351075951923,
2o_11-13mai_2024-05-13_-29.5_-52.0,2o_11-13mai,2024-05-11 06:00:00,-36.401801474390346,-48.707228030395974,911.2171501976246,288.5705217899912,
2o_11-13mai_2024-05-13_-29.5_-52.0,2o_11-13mai,2024-05-11 05:00:00,-36.403061321831366,-48.795215653788595,914.6107503171078,288.57482258222257,
2o_11-13mai_2024-05-13_-29.5_-52.0,2o_11-13mai,2024-05-11 04:00:00,-36.40920239058043,-48.87101821694385,918.0151528807536,288.5919457632927,
2o_11-13mai_2024-05-13_-29.5_-52.0,2o_11-13mai,2024-05-11 03:00:00,-36.421497135945074,-48.935278089948135,921.516039165735,288.5939732013798,
2o_11-13mai_2024-05-13_-29.5_-52.0,2o_11-13mai,2024-05-11 02:00:00,-36.44112014704108,-48.98816838289569,925.20326946488,288.58123837957584,
2o_11-13mai_2024-05-13_-29.5_-52.0,2o_11-13mai,2024-05-11 01:00:00,-36.46940734182362,-49.031301341960166,929.041399022623,288.55566026666736,
2o_11-13mai_2024-05-13_-29.5_-52.0,2o_11-13mai,2024-05-11 00:00:00,-36.506666861527684,-49.06632744319853,933.0219481929623,288.51957719908285,
2o_11-13mai_2024-05-13_-29.5_-52.0,2o_11-13mai,2024-05-10 23:00:00,-36.55376931147681,-49.10233443564381,936.6953632640889,288.4843165699533,
2o_11-13mai_2024-05-13_-29.5_-52.0,2o_11-13mai,2024-05-10 22:00:00,-36.61164626068013,-49.14921811560429,939.7691177599505,288.4623847576106,
2o_11-13mai_2024-05-13_-29.5_-52.0,2o_11-13mai,2024-05-10 21:00:00,-36.680823883719185,-49.207458452906884,942.3290410130164,288.43526322172113,
2o_11-13mai_2024-05-13_-29.5_-52.0,2o_11-13mai,2024-05-10 20:00:00,-36.76211477034445,-49.27714358891233,944.4563835130524,288.4004590552106,
2o_11-13mai_2024-05-13_-29.5_-52.0,2o_11-13mai,2024-05-10 19:00:00,-36.855336042712196,-49.35964093770146,945.7773345570768,288.31985313570954,
2o_11-13mai_2024-05-13_-29.5_-52.0,2o_11-13mai,2024-05-10 18:00:00,-36.96020082566376,-49.45440590337177,946.3936669026626,288.20017719979273,
2o_11-13mai_2024-05-13_-29.5_-52.0,2o_11-13mai,2024-05-10 17:00:00,-37.08050418283477,-49.5708994053376,946.6078533046328,288.05003233457967,
2o_11-13mai_2024-05-13_-29.5_-52.0,2o_11-13mai,2024-05-10 16:00:00,-37.21819699940465,-49.72088968205735,946.5433080061014,287.8791913666074,
2o_11-13mai_2024-05-13_-29.5_-52.0,2o_11-13mai,2024-05-10 15:00:00,-37.37516030960674,-49.904220072545804,946.3748530653585,287.69849053304614,
2o_11-13mai_2024-05-13_-29.5_-52.0,2o_11-13mai,2024-05-10 14:00:00,-37.55204435124729,-50.122382915050295,946.3504686618426,287.48573986563264,
2o_11-13mai_2024-05-13_-29.5_-52.0,2o_11-13mai,2024-05-10 13:00:00,-37.74892736099311,-50.37625984391965,945.8609670328739,287.1950076869917,
2o_11-13mai_2024-05-13_-29.5_-52.0,2o_11-13mai,2024-05-10 12:00:00,-37.962434696279615,-50.66348323769439,944.571527549734,286.78113700713203,
2o_11-13mai_2024-05-13_-30.5_-53.5,2o_11-13mai,2024-05-13 12:00:00,-30.5,-53.5,850.0,293.11205846920063,0.04554824075765079
2o_11-13mai_2024-05-13_-30.5_-53.5,2o_11-13mai,2024-05-13 11:00:00,-30.70398539831898,-53.54341996057445,847.3617022447148,293.45933018469526,0.040828815968250484
2o_11-13mai_2024-05-13_-30.5_-53.5,2o_11-13mai,2024-05-13 10:00:00,-30.903808541523837,-53.60848719222495,846.9864648993008,293.84899925282895,0.03765282821874583
2o_11-13mai_2024-05-13_-30.5_-53.5,2o_11-13mai,2024-05-13 09:00:00,-31.10893288501381,-53.68821947183228,846.904557623635,293.96725112875765,0.03511059346030088
2o_11-13mai_2024-05-13_-30.5_-53.5,2o_11-13mai,2024-05-13 08:00:00,-31.326826395164332,-53.76947103217464,847.807281182531,293.81396219433117,0.03275976624999013
2o_11-13mai_2024-05-13_-30.5_-53.5,2o_11-13mai,2024-05-13 07:00:00,-31.54441050048825,-53.8268059884443,851.875810511702,293.4430514200372,0.03034112112316781
2o_11-13mai_2024-05-13_-30.5_-53.5,2o_11-13mai,2024-05-13 06:00:00,-31.76225626491501,-53.842960081995436,857.1792592006426,292.9875435460443,0.026797688375322662
2o_11-13mai_2024-05-13_-30.5_-53.5,2o_11-13mai,2024-05-13 05:00:00,-31.978013435044115,-53.82606856024811,862.2788022783958,292.76465347762894,0.025105326259869113
2o_11-13mai_2024-05-13_-30.5_-53.5,2o_11-13mai,2024-05-13 04:00:00,-32.18305348130837,-53.773970609071405,868.0570013478404,292.61107175259133,0.023784308900342443
2o_11-13mai_2024-05-13_-30.5_-53.5,2o_11-13mai,2024-05-13 03:00:00,-32.38096760730491,-53.67990892331615,877.2998186496156,292.2415060190674,0.022838960803211534
2o_11-13mai_2024-05-13_-30.5_-53.5,2o_11-13mai,2024-05-13 02:00:00,-32.57065215152205,-53.54561669702959,891.310486069397,291.58847722452435,0.022271276100639805
2o_11-13mai_2024-05-13_-30.5_-53.5,2o_11-13mai,2024-05-13 01:00:00,-32.75692517885999,-53.36361894523854,907.1948763879666,290.7745962026444,0.021776675713617015
2o_11-13mai_2024-05-13_-30.5_-53.5,2o_11-13mai,2024-05-13 00:00:00,-32.93068020153249,-53.12639295468679,916.7161122215897,290.2061202459673,0.02107421830637219
2o_11-13mai_2024-05-13_-30.5_-53.5,2o_11-13mai,2024-05-12 23:00:00,-33.07984497873278,-52.82757439699016,918.8469250680164,290.00990237693065,0.02006061920300793
2o_11-13mai_2024-05-13_-30.5_-53.5,2o_11-13mai,2024-05-12 22:00:00,-33.203303457761955,-52.46221687302018,921.2436471844933,290.1329970067558,0.02047889755837909
2o_11-13mai_2024-05-13_-30.5_-53.5,2o_11-13mai,2024-05-12 21:00:00,-33.311450076581714,-52.024578204429474,919.637269010184,290.2833395337231,0.02307855309015945
2o_11-13mai_2024-05-13_-30.5_-53.5,2o_11-13mai,2024-05-12 20:00:00,-33.389282491355566,-51.56289299584917,915.897672167062,290.47031616474686,0.026439590996777174
2o_11-13mai_2024-05-13_-30.5_-53.5,2o_11-13mai,2024-05-12 19:00:00,-33.435451368428765,-51.09748436899024,911.0400903980293,290.80613198026975,0.029261723385191264
2o_11-13mai_2024-05-13_-30.5_-53.5,2o_11-13mai,2024-05-12 18:00:00,-33.4500651995347,-50.6435476692101,907.4535283964038,291.0478287778421,0.03294693055579986
2o_11-13mai_2024-05-13_-30.5_-53.5,2o_11-13mai,2024-05-12 17:00:00,-33.45015639057684,-50.214377022656464,906.6689524856406,291.13749927118033,0.03471489386625867
2o_11-13mai_2024-05-13_-30.5_-53.5,2o_11-13mai,2024-05-12 16:00:00,-33.46376703653096,-49.80645022241363,904.9776686241954,291.0358348238224,0.035754318551240755
2o_11-13mai_2024-05-13_-30.5_-53.5,2o_11-13mai,2024-05-12 15:00:00,-33.492065757754425,-49.42057992605508,904.402049320469,290.9776764698753,0.03664854730039796
2o_11-13mai_2024-05-13_-30.5_-53.5,2o_11-13mai,2024-05-12 14:00:00,-33.53152271909262,-49.04933790421995,903.4037372437147,290.76780579393665,0.0376068401420847
2o_11-13mai_2024-05-13_-30.5_-53.5,2o_11-13mai,2024-05-12 13:00:00,-33.58259946904382,-48.699928084244284,903.3258649938987,290.4859682041245,0.037570738262523114
2o_11-13mai_2024-05-13_-30.5_-53.5,2o_11-13mai,2024-05-12 12:00:00,-33.653766012241775,-48.37452716020639,903.393119623721,290.20352632992535,0.03584877538271371
2o_11-13mai_2024-05-13_-30.5_-53.5,2o_11-13mai,2024-05-12 11:00:00,-33.74864532672882,-48.080851311501824,903.3511505685664,289.9449213490645,0.033185194653904126
2o_11-13mai_2024-05-13_-30.5_-53.5,2o_11-13mai,2024-05-12 10:00:00,-33.859649657291136,-47.82583196098521,901.7055042406802,289.8441944818739,
2o_11-13mai_2024-05-13_-30.5_-53.5,2o_11-13mai,2024-05-12 09:00:00,-33.98377861674474,-47.61241902381978,898.9586282248778,289.84669357192,
2o_11-13mai_2024-05-13_-30.5_-53.5,2o_11-13mai,2024-05-12 08:00:00,-34.11952143561403,-47.438048340734476,894.619707142234,289.8564718464614,
2o_11-13mai_2024-05-13_-30.5_-53.5,2o_11-13mai,2024-05-12 07:00:00,-34.26680465037586,-47.29824671585372,889.5121706151577,289.85287727741485,
2o_11-13mai_2024-05-13_-30.5_-53.5,2o_11-13mai,2024-05-12 06:00:00,-34.42885090222266,-47.188550206992794,883.9910478587414,289.73660604299636,
2o_11-13mai_2024-05-13_-30.5_-53.5,2o_11-13mai,2024-05-12 05:00:00,-34.60598306974145,-47.10766904758947,877.8975339319106,289.5003447132844,
2o_11-13mai_2024-05-13_-30.5_-53.5,2o_11-13mai,2024-05-12 04:00:00,-34.788736228918964,-47.06847688450428,871.158349858853,289.33239317293595,
2o_11-13mai_2024-05-13_-30.5_-53.5,2o_11-13mai,2024-05-12 03:00:00,-34.97373877289629,-47.07423978754991,864.3935041625084,289.23156737392253,
2o_11-13mai_2024-05-13_-30.5_-53.5,2o_11-13mai,2024-05-12 02:00:00,-35.159622184859124,-47.12135459778575,858.477920283056,289.1809355488941,
2o_11-13mai_2024-05-13_-30.5_-53.5,2o_11-13mai,2024-05-12 01:00:00,-35.3470829337698,-47.198877424101,854.1874736752475,289.18518529076294,
2o_11-13mai_2024-05-13_-30.5_-53.5,2o_11-13mai,2024-05-12 00:00:00,-35.54564325606815,-47.290254615733616,851.3163865865141,289.27712336795094,
2o_11-13mai_2024-05-13_-30.5_-53.5,2o_11-13mai,2024-05-11 23:00:00,-35.75248485745466,-47.4014206192965,848.9404011229864,289.51761101347313,
2o_11-13mai_2024-05-13_-30.5_-53.5,2o_11-13mai,2024-05-11 22:00:00,-35.949489924707756,-47.56091970134083,846.0565679313768,289.85279549079553,
2o_11-13mai_2024-05-13_-30.5_-53.5,2o_11-13mai,2024-05-11 21:00:00,-36.12627196387866,-47.78631139120111,842.183579678802,290.1323484875493,
2o_11-13mai_2024-05-13_-30.5_-53.5,2o_11-13mai,2024-05-11 20:00:00,-36.28369811887638,-48.070888961500586,838.8272105968832,290.3701768813425,
2o_11-13mai_2024-05-13_-30.5_-53.5,2o_11-13mai,2024-05-11 19:00:00,-36.42714325330633,-48.380555804036135,837.6572064960789,290.5915275825966,
2o_11-13mai_2024-05-13_-30.5_-53.5,2o_11-13mai,2024-05-11 18:00:00,-36.5669206334727,-48.67522403314782,838.0789909691794,290.6227508058414,
2o_11-13mai_2024-05-13_-30.5_-53.5,2o_11-13mai,2024-05-11 17:00:00,-36.69590748447325,-48.95344382157969,837.6515713151202,290.479459645075,
2o_11-13mai_2024-05-13_-30.5_-53.5,2o_11-13mai,2024-05-11 16:00:00,-36.80561353837874,-49.22863067598336,836.9994924845938,290.33134386295893,
2o_11-13mai_2024-05-13_-30.5_-53.5,2o_11-13mai,2024-05-11 15:00:00,-36.902067515650295,-49.500003996369834,836.4668234867611,290.408607305088,
2o_11-13mai_2024-05-13_-30.5_-53.5,2o_11-13mai,2024-05-11 14:00:00,-37.000728323821605,-49.75094037310523,835.0458987333038,290.4972591076178,
2o_11-13mai_2024-05-13_-30.5_-53.5,2o_11-13mai,2024-05-11 13:00:00,-37.11102820853431,-49.99030799728426,833.3071371384173,290.538505431421,
2o_11-13mai_2024-05-13_-30.5_-53.5,2o_11-13mai,2024-05-11 12:00:00,-37.2307770873321,-50.240779190725654,831.7452399475579,290.3964115380734,
2o_11-13mai_2024-05-13_-30.5_-53.5,2o_11-13mai,2024-05-11 11:00:00,-37.35104183337653,-50.51760692613774,829.4711033635206,290.16147411647114,
2o_11-13mai_2024-05-13_-30.5_-53.5,2o_11-13mai,2024-05-11 10:00:00,-37.4651473520313,-50.8150935845484,826.8779802415562,290.0041966232758,
2o_11-13mai_2024-05-13_-30.5_-53.5,2o_11-13mai,2024-05-11 09:00:00,-37.56898445834533,-51.11771562156432,824.6068280897179,289.9287880471225,
2o_11-13mai_2024-05-13_-30.5_-53.5,2o_11-13mai,2024-05-11 08:00:00,-37.66024059615531,-51.42546556779502,822.5831064929765,289.96139139340215,
2o_11-13mai_2024-05-13_-30.5_-53.5,2o_11-13mai,2024-05-11 07:00:00,-37.74044454750995,-51.74258714914297,820.2245378878677,290.05603831296213,
2o_11-13mai_2024-05-13_-30.5_-53.5,2o_11-13mai,2024-05-11 06:00:00,-37.811742729793814,-52.078399469735814,817.8083370182121,290.37197406423115,
2o_11-13mai_2024-05-13_-30.5_-53.5,2o_11-13mai,2024-05-11 05:00:00,-37.87151609004858,-52.42695573828816,815.5637337875454,290.6078786823518,
2o_11-13mai_2024-05-13_-30.5_-53.5,2o_11-13mai,2024-05-11 04:00:00,-37.92712401141802,-52.7730997913321,813.9161956235376,290.8957114555017,
2o_11-13mai_2024-05-13_-30.5_-53.5,2o_11-13mai,2024-05-11 03:00:00,-37.98357069755314,-53.11654810226936,813.0461011195315,291.2779372601064,
2o_11-13mai_2024-05-13_-28.5_-51.0,2o_11-13mai,2024-05-13 12:00:00,-28.5,-51.0,850.0,298.2716932287957,0.13659843802452087
2o_11-13mai_2024-05-13_-28.5_-51.0,2o_11-13mai,2024-05-13 11:00:00,-28.611456782083874,-51.1279777125911,857.7634116858011,298.13805125850325,0.11149543259741677
2o_11-13mai_2024-05-13_-28.5_-51.0,2o_11-13mai,2024-05-13 10:00:00,-28.730055981456818,-51.256878234282304,868.016048297165,297.7421041225388,0.0894975387352165
2o_11-13mai_2024-05-13_-28.5_-51.0,2o_11-13mai,2024-05-13 09:00:00,-28.860784140587125,-51.39320006561375,880.4290436301476,297.13270125981495,0.07063294588861509
2o_11-13mai_2024-05-13_-28.5_-51.0,2o_11-13mai,2024-05-13 08:00:00,-29.005810459174626,-51.546408904187906,893.5403462259388,296.35968435875776,0.05533068347882167
2o_11-13mai_2024-05-13_-28.5_-51.0,2o_11-13mai,2024-05-13 07:00:00,-29.15895065200757,-51.74117035395488,907.4329228742738,295.6140236733448,0.04428749078639269
2o_11-13mai_2024-05-13_-28.5_-51.0,2o_11-13mai,2024-05-13 06:00:00,-29.324641104323128,-52.01054248307776,921.8578896077063,294.7512021395904,0.04058904898149478
2o_11-13mai_2024-05-13_-28.5_-51.0,2o_11-13mai,2024-05-13 05:00:00,-29.4867048703201,-52.312124972495326,929.689833469872,294.0655621381688,0.051411015956687206
2o_11-13mai_2024-05-13_-28.5_-51.0,2o_11-13mai,2024-05-13 04:00:00,-29.63328141378454,-52.587585312881366,936.1169730150837,293.76887228923516,0.05514257036693462
2o_11-13mai_2024-05-13_-28.5_-51.0,2o_11-13mai,2024-05-13 03:00:00,-29.759721106343928,-52.828062680770415,943.84125974591,293.4283282002746,0.056543561580930025
2o_11-13mai_2024-05-13_-28.5_-51.0,2o_11-13mai,2024-05-13 02:00:00,-29.866555129058522,-53.035788714471344,950.5704518731367,293.0848180983478,0.05703449798464755
2o_11-13mai_2024-05-13_-28.5_-51.0,2o_11-13mai,2024-05-13 01:00:00,-29.956474012839912,-53.22665735301925,956.6072631253157,292.94259726076234,0.05749626593433257
2o_11-13mai_2024-05-13_-28.5_-51.0,2o_11-13mai,2024-05-13 00:00:00,-30.025590467266568,-53.41195222456627,961.2149483780298,292.88909660375595,0.05864932264269198
2o_11-13mai_2024-05-13_-28.5_-51.0,2o_11-13mai,2024-05-12 23:00:00,-30.08020594470985,-53.55587919185372,963.4209044760528,292.82763253089126,0.054755214867433254
2o_11-13mai_2024-05-13_-28.5_-51.0,2o_11-13mai,2024-05-12 22:00:00,-30.124227838029704,-53.635264439673264,964.0281500643641,292.741991660357,0.05105151883061806
2o_11-13mai_2024-05-13_-28.5_-51.0,2o_11-13mai,2024-05-12 21:00:00,-30.156381701672643,-53.659013758168555,963.4270796645295,292.76164401201805,0.04776967420124268
2o_11-13mai_2024-05-13_-28.5_-51.0,2o_11-13mai,2024-05-12 20:00:00,-30.17485781354671,-53.63255697389897,962.6390233110458,292.8642982439428,0.04505769430733762
2o_11-13mai_2024-05-13_-28.5_-51.0,2o_11-13mai,2024-05-12 19:00:00,-30.178969107212875,-53.56094592893755,963.1588248104358,292.99849264269153,0.04300063862442672
2o_11-13mai_2024-05-13_-28.5_-51.0,2o_11-13mai,2024-05-12 18:00:00,-30.170924710771384,-53.45196127548194,966.3851346007605,293.10723402032215,0.041617772682906486
2o_11-13mai_2024-05-13_-28.5_-51.0,2o_11-13mai,2024-05-12 17:00:00,-30.16070886918162,-53.31417399732933,970.5023301706809,292.9942699036942,0.04186102105170928
2o_11-13mai_2024-05-13_-28.5_-51.0,2o_11-13mai,2024-05-12 16:00:00,-30.160860528980052,-53.15407601440026,974.6849431049577,292.70039788946525,0.0415949719893823
2o_11-13mai_2024-05-13_-28.5_-51.0,2o_11-13mai,2024-05-12 15:00:00,-30.172565326199273,-52.96947786640858,975.8385542892803,292.46269261385555,0.04107721316682091
2o_11-13mai_2024-05-13_-28.5_-51.0,2o_11-13mai,2024-05-12 14:00:00,-30.19723304932183,-52.75456987091873,975.2999382253098,292.3330473872214,0.0401549709861759
2o_11-13mai_2024-05-13_-28.5_-51.0,2o_11-13mai,2024-05-12 13:00:00,-30.238987564263116,-52.51806989751823,974.3484949383877,292.17014731049454,0.03881541776036068
2o_11-13mai_2024-05-13_-28.5_-51.0,2o_11-13mai,2024-05-12 12:00:00,-30.299631343743275,-52.26958641144376,972.0595570412768,292.0128831639688,0.03723453434854679
2o_11-13mai_2024-05-13_-28.5_-51.0,2o_11-13mai,2024-05-12 11:00:00,-30.36780984008809,-51.99874531538845,967.5676073137747,292.1957966320273,0.0454423293874147
2o_11-13mai_2024-05-13_-28.5_-51.0,2o_11-13mai,2024-05-12 10:00:00,-30.427942552583687,-51.727239905631194,972.5161522981713,292.4175374030673,0.053145108050742164
2o_11-13mai_2024-05-13_-28.5_-51.0,2o_11-13mai,2024-05-12 09:00:00,-30.483616128935545,-51.50422818676001,986.8630117340085,292.07643178347047,0.059097826531202456
2o_11-13mai_2024-05-13_-28.5_-51.0,2o_11-13mai,2024-05-12 08:00:00,-30.57393399899745,-51.26379120961873,997.7785885480085,291.7253538274663,0.05986674787387513
2o_11-13mai_2024-05-13_-28.5_-51.0,2o_11-13mai,2024-05-12 07:00:00,-30.705683187486322,-50.92019375073864,999.2596299551786,291.78902836036525,0.053865252361061565
2o_11-13mai_2024-05-13_-28.5_-51.0,2o_11-13mai,2024-05-12 06:00:00,-30.832287095868967,-50.58562238299661,999.8381914772137,291.5697580292916,0.04997029858517887
2o_11-13mai_2024-05-13_-28.5_-51.0,2o_11-13mai,2024-05-12 05:00:00,-30.989714838917,-50.192076102828516,1000.0,291.86383438105565,0.04366136171998404
2o_11-13mai_2024-05-13_-28.5_-51.0,2o_11-13mai,2024-05-12 04:00:00,-31.185024363299792,-49.79509315042282,1000.0,292.1246837721789,0.038465280555058635
2o_11-13mai_2024-05-13_-28.5_-51.0,2o_11-13mai,2024-05-12 03:00:00,-31.41617266352276,-49.41952471068279,1000.0,291.93275103070647,0.03434616689588402
2o_11-13mai_2024-05-13_-28.5_-51.0,2o_11-13mai,2024-05-12 02:00:00,-31.670498209593134,-49.06801884082333,1000.0,291.6710915257123,0.033955397283392016
2o_11-13mai_2024-05-13_-28.5_-51.0,2o_11-13mai,2024-05-12 01:00:00,-31.93816293206438,-48.73309763151678,999.8532359034972,291.465782474411,0.03504194712290353
2o_11-13mai_2024-05-13_-28.5_-51.0,2o_11-13mai,2024-05-12 00:00:00,-32.2217508445974,-48.41760428039594,999.4412910170698,291.1702059075598,0.036285189937814336
2o_11-13mai_2024-05-13_-28.5_-51.0,2o_11-13mai,2024-05-11 23:00:00,-32.50160246050547,-48.14127091381994,999.3061662144615,290.81197902180344,0.039009136689708505
2o_11-13mai_2024-05-13_-28.5_-51.0,2o_11-13mai,2024-05-11 22:00:00,-32.75943761035866,-47.89932545663265,999.5667901888266,290.64747616981145,0.04102706464382222
2o_11-13mai_2024-05-13_-28.5_-51.0,2o_11-13mai,2024-05-11 21:00:00,-32.99352773395918,-47.67569157699595,999.7943593651744,290.50842824962865,0.04204576003904013
2o_11-13mai_2024-05-13_-28.5_-51.0,2o_11-13mai,2024-05-11 20:00:00,-33.2045904066753,-47.46026951319131,1000.0,290.4056569456492,0.04165243169907839
2o_11-13mai_2024-05-13_-28.5_-51.0,2o_11-13mai,2024-05-11 19:00:00,-33.390862687346875,-47.258186923145125,1000.0,290.43139608686164,0.04087876488675467
2o_11-13mai_2024-05-13_-28.5_-51.0,2o_11-13mai,2024-05-11 18:00:00,-33.5523215010022,-47.079502936431176,999.9397254575688,290.5464377257255,0.03980879878722843
2o_11-13mai_2024-05-13_-28.5_-51.0,2o_11-13mai,2024-05-11 17:00:00,-33.69026289944522,-46.93421141414939,1000.0,290.58526789226306,0.038583168096703556
2o_11-13mai_2024-05-13_-28.5_-51.0,2o_11-13mai,2024-05-11 16:00:00,-33.810785869221036,-46.82283657920555,1000.0,290.4817552790364,
2o_11-13mai_2024-05-13_-28.5_-51.0,2o_11-13mai,2024-05-11 15:00:00,-33.917933921467814,-46.73512732164893,1000.0,290.3248239311035,
2o_11-13mai_2024-05-13_-28.5_-51.0,2o_11-13mai,2024-05-11 14:00:00,-34.015934682967234,-46.66787043074805,999.9278769571207,290.14614771116777,
2o_11-13mai_2024-05-13_-28.5_-51.0,2o_11-13mai,2024-05-11 13:00:00,-34.10911392684497,-46.61717739332232,999.8264787939779,289.9860274258416,
2o_11-13mai_2024-05-13_-28.5_-51.0,2o_11-13mai,2024-05-11 12:00:00,-34.20038246336369,-46.582410141373835,999.6843897421705,289.8590185421051,
2o_11-13mai_2024-05-13_-28.5_-51.0,2o_11-13mai,2024-05-11 11:00:00,-34.28770442823554,-46.55853984903616,999.5353048561418,289.7383831765781,
2o_11-13mai_2024-05-13_-28.5_-51.0,2o_11-13mai,2024-05-11 10:00:00,-34.36321383729663,-46.53755882523859,999.4828252847965,289.6161432828318,
2o_11-13mai_2024-05-13_-28.5_-51.0,2o_11-13mai,2024-05-11 09:00:00,-34.42472306718882,-46.51936422280332,999.5390053227251,289.5217010966348,
2o_11-13mai_2024-05-13_-28.5_-51.0,2o_11-13mai,2024-05-11 08:00:00,-34.47053463542357,-46.50329992728519,999.7018053875605,289.45280432551704,
2o_11-13mai_2024-05-13_-28.5_-51.0,2o_11-13mai,2024-05-11 07:00:00,-34.49945957180889,-46.488111915767234,999.9429230695104,289.40721650153034,
2o_11-13mai_2024-05-13_-28.5_-51.0,2o_11-13mai,2024-05-11 06:00:00,-34.511384432260996,-46.471474463398195,1000.0,289.379189965934,
2o_11-13mai_2024-05-13_-28.5_-51.0,2o_11-13mai,2024-05-11 05:00:00,-34.52021601200393,-46.45427551053304,1000.0,289.37219488480173,
2o_11-13mai_2024-05-13_-28.5_-51.0,2o_11-13mai,2024-05-11 04:00:00,-34.540548003653434,-46.439207849970195,1000.0,289.3549691300756,
2o_11-13mai_2024-05-13_-28.5_-51.0,2o_11-13mai,2024-05-11 03:00:00,-34.57293995494298,-46.42646047431597,1000.0,289.324774634155,
2o_11-13mai_2024-05-13_-28.5_-51.0,2o_11-13mai,2024-05-11 02:00:00,-34.617906837488334,-46.41604210703259,999.9895433343187,289.2816362070175,
2o_11-13mai_2024-05-13_-28.5_-51.0,2o_11-13mai,2024-05-11 01:00:00,-34.675885184063205,-46.40778573408165,999.9115326314103,289.2256369722323,
2o_11-13mai_2024-05-13_-28.5_-51.0,2o_11-13mai,2024-05-11 00:00:00,-34.74721620611626,-46.40135149946181,999.7772919410702,289.15708942879314,
2o_11-13mai_2024-05-13_-28.5_-51.0,2o_11-13mai,2024-05-10 23:00:00,-34.825411590726496,-46.4059974413106,999.505512595476,289.0665042095038,
2o_11-13mai_2024-05-13_-28.5_-51.0,2o_11-13mai,2024-05-10 22:00:00,-34.90291391192221,-46.43036805425137,999.0332819451002,288.96540828062,
2o_11-13mai_2024-05-13_-28.5_-51.0,2o_11-13mai,2024-05-10 21:00:00,-34.97903926267026,-46.47323554806818,998.4204319350857,288.8661795244504,
2o_11-13mai_2024-05-13_-28.5_-51.0,2o_11-13mai,2024-05-10 20:00:00,-35.05328451230865,-46.53364436072855,997.7664568647766,288.7766671925308,
2o_11-13mai_2024-05-13_-28.5_-51.0,2o_11-13mai,2024-05-10 19:00:00,-35.125501491558886,-46.611489439489674,997.0925243365092,288.7190559923526,
2o_11-13mai_2024-05-13_-28.5_-51.0,2o_11-13mai,2024-05-10 18:00:00,-35.195440928062034,-46.704585694955625,996.4771745957698,288.6603391370907,
2o_11-13mai_2024-05-13_-28.5_-51.0,2o_11-13mai,2024-05-10 17:00:00,-35.270156172500144,-46.81655242450765,995.9967626165941,288.5866862065097,
2o_11-13mai_2024-05-13_-28.5_-51.0,2o_11-13mai,2024-05-10 16:00:00,-35.358772281278625,-46.95437015861896,995.3697335778978,288.50326461894457,
2o_11-13mai_2024-05-13_-28.5_-51.0,2o_11-13mai,2024-05-10 15:00:00,-35.463161565438774,-47.11840089949598,994.6486027321158,288.410616664586,
2o_11-13mai_2024-05-13_-28.5_-51.0,2o_11-13mai,2024-05-10 14:00:00,-35.585224579788836,-47.30861512773827,994.0583860636683,288.31037588091135,
2o_11-13mai_2024-05-13_-28.5_-51.0,2o_11-13mai,2024-05-10 13:00:00,-35.727292864313824,-47.52647125898025,993.5091042000323,288.19166227236786,
2o_11-13mai_2024-05-13_-28.5_-51.0,2o_11-13mai,2024-05-10 12:00:00,-35.89053172815863,-47.77143729240127,992.7412896467229,288.0162133872159,
2o_11-13mai_2024-05-13_-28.5_-51.0,2o_11-13mai,2024-05-10 11:00:00,-36.06374993889939,-48.03530195088095,991.7089914234106,287.81273833948075,
2o_11-13mai_2024-05-13_-28.5_-51.0,2o_11-13mai,2024-05-10 10:00:00,-36.23362435754408,-48.31161210867536,990.6081567433122,287.6629495966137,
2o_11-13mai_2024-05-13_-28.5_-51.0,2o_11-13mai,2024-05-10 09:00:00,-36.401409918429636,-48.60464095418587,989.6784438663932,287.5519821696705,
2o_11-13mai_2024-05-13_-28.5_-51.0,2o_11-13mai,2024-05-10 08:00:00,-36.567336424200136,-48.91769050455699,988.6139882292413,287.41798436936716,
2o_11-13mai_2024-05-13_-28.5_-51.0,2o_11-13mai,2024-05-10 07:00:00,-36.732449502096635,-49.25343194485986,987.8316434932499,287.2207304170143,
2o_11-13mai_2024-05-13_-28.5_-51.0,2o_11-13mai,2024-05-10 06:00:00,-36.89836468711924,-49.61364792104031,987.1256200771039,286.8895959971492,
2o_11-13mai_2024-05-13_-28.5_-51.0,2o_11-13mai,2024-05-10 05:00:00,-37.07744005298212,-50.000316165029545,986.412707240394,286.5233895299196,
2o_11-13mai_2024-05-13_-28.5_-51.0,2o_11-13mai,2024-05-10 04:00:00,-37.27899155489042,-50.408117993193855,985.5942292130958,286.1785801443008,
2o_11-13mai_2024-05-13_-28.5_-51.0,2o_11-13mai,2024-05-10 03:00:00,-37.50069374451651,-50.831161885950166,984.3551610786596,285.8494188073686,
2o_11-13mai_2024-05-13_-28.5_-51.0,2o_11-13mai,2024-05-10 02:00:00,-37.73913364266824,-51.26526177008226,982.945339425317,285.52971132513426,
2o_11-13mai_2024-05-13_-28.5_-51.0,2o_11-13mai,2024-05-10 01:00:00,-37.98866699380826,-51.70313692050952,980.9102062750812,285.1178706873348,
2o_11-13mai_2024-05-13_-31.0_-54.5,2o_11-13mai,2024-05-13 12:00:00,-31.0,-54.5,850.0,291.7024675297236,0.04069932343231307
2o_11-13mai_2024-05-13_-31.0_-54.5,2o_11-13mai,2024-05-13 11:00:00,-31.300469366041508,-54.53047031482661,848.7964690358068,291.8401081226867,0.03772738397143978
2o_11-13mai_2024-05-13_-31.0_-54.5,2o_11-13mai,2024-05-13 10:00:00,-31.551740522471132,-54.55898420681442,849.6542188760437,291.7299962291486,0.03468885414031482
2o_11-13mai_2024-05-13_-31.0_-54.5,2o_11-13mai,2024-05-13 09:00:00,-31.767725336476808,-54.5708682156633,850.8714868267043,291.64969475665816,0.030898362799103095
2o_11-13mai_2024-05-13_-31.0_-54.5,2o_11-13mai,2024-05-13 08:00:00,-31.96341942770794,-54.57283536047701,853.8263361956143,291.68170184493414,0.027015722859193576
2o_11-13mai_2024-05-13_-31.0_-54.5,2o_11-13mai,2024-05-13 07:00:00,-32.15625376060921,-54.56574409851349,858.8554404325419,291.6262086036659,0.022918993805596366
2o_11-13mai_2024-05-13_-31.0_-54.5,2o_11-13mai,2024-05-13 06:00:00,-32.361154935882105,-54.54547071041523,863.9278678458977,291.53618040530995,0.018611890433162005
2o_11-13mai_2024-05-13_-31.0_-54.5,2o_11-13mai,2024-05-13 05:00:00,-32.5790015780334,-54.48478764386935,860.8630240530397,291.376661568955,0.018252889398906947
2o_11-13mai_2024-05-13_-31.0_-54.5,2o_11-13mai,2024-05-13 04:00:00,-32.76299329190358,-54.372353394588465,858.7930034109544,291.6246272703651,0.018820348029954047
2o_11-13mai_2024-05-13_-31.0_-54.5,2o_11-13mai,2024-05-13 03:00:00,-32.93097071199659,-54.21408785991009,862.5862674578556,291.53465625992925,0.01985011996085741
2o_11-13mai_2024-05-13_-31.0_-54.5,2o_11-13mai,2024-05-13 02:00:00,-33.103914753300565,-54.037896496723725,868.1837374405302,291.0541088448985,0.020575550870474225
2o_11-13mai_2024-05-13_-31.0_-54.5,2o_11-13mai,2024-05-13 01:00:00,-33.26851061062774,-53.85949368723906,871.4197816858679,290.84017141037845,0.020369586817882493
2o_11-13mai_2024-05-13_-31.0_-54.5,2o_11-13mai,2024-05-13 00:00:00,-33.411771046533026,-53.68769000233536,872.6170497869556,290.95260212748605,0.019823332609162757
2o_11-13mai_2024-05-13_-31.0_-54.5,2o_11-13mai,2024-05-12 23:00:00,-33.51885032333691,-53.50885973884067,874.6798045758215,291.17831167962584,0.018870519291565864
2o_11-13mai_2024-05-13_-31.0_-54.5,2o_11-13mai,2024-05-12 22:00:00,-33.58588162247611,-53.30159803246572,881.6564102290745,291.2630178365413,0.018588567859388803
2o_11-13mai_2024-05-13_-31.0_-54.5,2o_11-13mai,2024-05-12 21:00:00,-33.62146481205663,-53.03736786339081,892.1545684795478,291.11305866062276,0.019911612514469178
2o_11-13mai_2024-05-13_-31.0_-54.5,2o_11-13mai,2024-05-12 20:00:00,-33.64050074415036,-52.701033211540064,898.1774106508132,290.93213607968585,0.02252895200874727
2o_11-13mai_2024-05-13_-31.0_-54.5,2o_11-13mai,2024-05-12 19:00:00,-33.64611287704453,-52.31061871576148,901.0178864593239,291.0674152548564,0.026247845500776575
2o_11-13mai_2024-05-13_-31.0_-54.5,2o_11-13mai,2024-05-12 18:00:00,-33.631571286669995,-51.885728798458246,899.449150779025,291.31636633771524,0.03110707932343006
2o_11-13mai_2024-05-13_-31.0_-54.5,2o_11-13mai,2024-05-12 17:00:00,-33.614770344431534,-51.45762533669996,896.3713221178182,291.46985756918684,0.03253051622662646
2o_11-13mai_2024-05-13_-31.0_-54.5,2o_11-13mai,2024-05-12 16:00:00,-33.60741416139938,-51.047395249793446,892.7551446049267,291.33838321510683,0.033231635585680167
2o_11-13mai_2024-05-13_-31.0_-54.5,2o_11-13mai,2024-05-12 15:00:00,-33.6144365362696,-50.65158245648149,889.4520999321007,291.16431227818435,0.034598283567163886
2o_11-13mai_2024-05-13_-31.0_-54.5,2o_11-13mai,2024-05-12 14:00:00,-33.634219551482644,-50.27143370318143,887.9487659722599,291.06674512496426,0.03586221244559597
2o_11-13mai_2024-05-13_-31.0_-54.5,2o_11-13mai,2024-05-12 13:00:00,-33.66745721544829,-49.90435955615875,884.7912282660477,290.96839650886966,0.03629161910800415
2o_11-13mai_2024-05-13_-31.0_-54.5,2o_11-13mai,2024-05-12 12:00:00,-33.71462525742587,-49.55274736916261,881.596929660648,290.7930740345528,0.03623167033692982
2o_11-13mai_2024-05-13_-31.0_-54.5,2o_11-13mai,2024-05-12 11:00:00,-33.77947106223765,-49.22532548051471,877.8514822307795,290.51150779059117,
2o_11-13mai_2024-05-13_-31.0_-54.5,2o_11-13mai,2024-05-12 10:00:00,-33.85878722285735,-48.9435792184208,875.4171541567171,290.34184851496383,
2o_11-13mai_2024-05-13_-31.0_-54.5,2o_11-13mai,2024-05-12 09:00:00,-33.951602571399924,-48.70526677867333,873.5513398548942,290.34974208581815,
2o_11-13mai_2024-05-13_-31.0_-54.5,2o_11-13mai,2024-05-12 08:00:00,-34.059187390289225,-48.50888676437696,871.8973064173343,290.5007523839939,
2o_11-13mai_2024-05-13_-31.0_-54.5,2o_11-13mai,2024-05-12 07:00:00,-34.183928387051864,-48.34750652300776,869.5955932833471,290.480511750117,
2o_11-13mai_2024-05-13_-31.0_-54.5,2o_11-13mai,2024-05-12 06:00:00,-34.33151498242909,-48.209099838390365,865.718274124917,290.3417324940426,
2o_11-13mai_2024-05-13_-31.0_-54.5,2o_11-13mai,2024-05-12 05:00:00,-34.49956532175626,-48.09285834069001,860.5369859424535,290.08291754746114,
2o_11-13mai_2024-05-13_-31.0_-54.5,2o_11-13mai,2024-05-12 04:00:00,-34.68189099205533,-48.02151017647498,854.8655210430076,289.9140359928023,
2o_11-13mai_2024-05-13_-31.0_-54.5,2o_11-13mai,2024-05-12 03:00:00,-34.87212498895457,-48.0065463740673,849.0537669357732,289.7808008499011,
2o_11-13mai_2024-05-13_-31.0_-54.5,2o_11-13mai,2024-05-12 02:00:00,-35.059240219792024,-48.04059106629123,843.5265555594104,289.9363073535753,
2o_11-13mai_2024-05-13_-31.0_-54.5,2o_11-13mai,2024-05-12 01:00:00,-35.24933151166505,-48.10371449435799,838.3945235170723,290.12691429117854,
2o_11-13mai_2024-05-13_-31.0_-54.5,2o_11-13mai,2024-05-12 00:00:00,-35.45151846194156,-48.18541616249055,833.6673567247083,290.28449152362407,
2o_11-13mai_2024-05-13_-31.0_-54.5,2o_11-13mai,2024-05-11 23:00:00,-35.659053176713066,-48.298458644302585,829.6247790331956,290.5384252890275,
2o_11-13mai_2024-05-13_-31.0_-54.5,2o_11-13mai,2024-05-11 22:00:00,-35.853334393928336,-48.478038276057106,826.9411346722437,290.98088879489126,
2o_11-13mai_2024-05-13_-31.0_-54.5,2o_11-13mai,2024-05-11 21:00:00,-36.03138460893978,-48.72884088991828,825.5403615889647,291.3828949761822,
2o_11-13mai_2024-05-13_-31.0_-54.5,2o_11-13mai,2024-05-11 20:00:00,-36.19420940144347,-49.01610614205331,825.3506025556924,291.66215620601986,
2o_11-13mai_2024-05-13_-31.0_-54.5,2o_11-13mai,2024-05-11 19:00:00,-36.35204509545072,-49.29944013848993,825.5699227054347,291.7148701091106,
2o_11-13mai_2024-05-13_-31.0_-54.5,2o_11-13mai,2024-05-11 18:00:00,-36.51816982909828,-49.561545202464536,825.0134404194208,291.4733014686319,
2o_11-13mai_2024-05-13_-31.0_-54.5,2o_11-13mai,2024-05-11 17:00:00,-36.6811964081866,-49.818597553946134,823.3290154220365,291.1648890055886,
2o_11-13mai_2024-05-13_-31.0_-54.5,2o_11-13mai,2024-05-11 16:00:00,-36.83556868368241,-50.07645134439165,820.3371899709853,291.08270682098635,
2o_11-13mai_2024-05-13_-31.0_-54.5,2o_11-13mai,2024-05-11 15:00:00,-36.986048612236274,-50.33995243164301,816.569703151665,291.2392551954617,
2o_11-13mai_2024-05-13_-31.0_-54.5,2o_11-13mai,2024-05-11 14:00:00,-37.137476280896536,-50.62626760890357,812.4344071553375,291.3747772935239,
2o_11-13mai_2024-05-13_-31.0_-54.5,2o_11-13mai,2024-05-11 13:00:00,-37.29153131543931,-50.951500444219356,808.7717970774956,291.4136836058436,
2o_11-13mai_2024-05-13_-31.0_-54.5,2o_11-13mai,2024-05-11 12:00:00,-37.441424786174416,-51.31495388500921,805.6779718232231,291.2876052700061,
2o_11-13mai_2024-05-13_-31.0_-54.5,2o_11-13mai,2024-05-11 11:00:00,-37.57915230845363,-51.6869296268374,803.2151866818698,291.1363953680867,
2o_11-13mai_2024-05-13_-31.0_-54.5,2o_11-13mai,2024-05-11 10:00:00,-37.70934016423118,-52.05371395386162,800.8229458430303,291.2853532705655,
2o_11-13mai_2024-05-13_-31.0_-54.5,2o_11-13mai,2024-05-11 09:00:00,-37.83355882815716,-52.42414831165439,798.4763843648697,291.4429988227337,
2o_11-13mai_2024-05-13_-31.0_-54.5,2o_11-13mai,2024-05-11 08:00:00,-37.94828487678656,-52.80706069056793,796.3720633480989,291.71792185564743,
2o_11-13mai_2024-05-13_-29.0_-50.0,2o_11-13mai,2024-05-13 12:00:00,-29.0,-50.0,850.0,297.9177611061113,0.11426747010813819
2o_11-13mai_2024-05-13_-29.0_-50.0,2o_11-13mai,2024-05-13 11:00:00,-29.15027632585962,-50.34740485883455,836.2219201221799,298.1387419346044,0.0868530432587312
2o_11-13mai_2024-05-13_-29.0_-50.0,2o_11-13mai,2024-05-13 10:00:00,-29.308743088748393,-50.6701691812247,840.8853618738079,298.54375600490556,0.06675352012150834
2o_11-13mai_2024-05-13_-29.0_-50.0,2o_11-13mai,2024-05-13 09:00:00,-29.48284652804548,-50.91462565557531,862.1577486209824,297.3484406092468,0.05681907897314576
2o_11-13mai_2024-05-13_-29.0_-50.0,2o_11-13mai,2024-05-13 08:00:00,-29.65181196619216,-51.156063132349374,883.2978571135284,296.0748233342899,0.0516848691595342
2o_11-13mai_2024-05-13_-29.0_-50.0,2o_11-13mai,2024-05-13 07:00:00,-29.841565349673814,-51.42013051887383,891.7170765919717,295.583513913004,0.048589998226648085
2o_11-13mai_2024-05-13_-29.0_-50.0,2o_11-13mai,2024-05-13 06:00:00,-30.064078660846626,-51.685492309922374,891.7768920729334,295.5689452164344,0.0456834793198792
2o_11-13mai_2024-05-13_-29.0_-50.0,2o_11-13mai,2024-05-13 05:00:00,-30.34148664880725,-51.946519261967445,877.5914823734844,295.73987306838495,0.04267416488455699
2o_11-13mai_2024-05-13_-29.0_-50.0,2o_11-13mai,2024-05-13 04:00:00,-30.612762465564092,-52.20131594050424,863.5208993607727,296.3666394562657,0.038402702773605975
2o_11-13mai_2024-05-13_-29.0_-50.0,2o_11-13mai,2024-05-13 03:00:00,-30.8191309251794,-52.43760203327966,863.6582141487564,296.9934744330449,0.03552620272203339
2o_11-13mai_2024-05-13_-29.0_-50.0,2o_11-13mai,2024-05-13 02:00:00,-30.99814141013634,-52.63387490305944,864.8086052287221,296.788074539271,0.03423819285047924
2o_11-13mai_2024-05-13_-29.0_-50.0,2o_11-13mai,2024-05-13 01:00:00,-31.16056081124296,-52.80684378814023,862.5234883831442,296.8563122630827,0.03281527452502483
2o_11-13mai_2024-05-13_-29.0_-50.0,2o_11-13mai,2024-05-13 00:00:00,-31.299045335371947,-52.96784078331252,858.2225327680527,297.18719459785393,0.031217589450702587
2o_11-13mai_2024-05-13_-29.0_-50.0,2o_11-13mai,2024-05-12 23:00:00,-31.37976476343241,-53.06942123272279,859.0546881717116,297.3623127466463,0.02946926750389821
2o_11-13mai_2024-05-13_-29.0_-50.0,2o_11-13mai,2024-05-12 22:00:00,-31.40741884131617,-53.0602765705554,861.1223915212779,297.1309022044982,0.028731032305163644
2o_11-13mai_2024-05-13_-29.0_-50.0,2o_11-13mai,2024-05-12 21:00:00,-31.391183341496077,-52.95363851453056,862.9723805369358,297.01251842750304,0.02872270458374767
2o_11-13mai_2024-05-13_-29.0_-50.0,2o_11-13mai,2024-05-12 20:00:00,-31.332591999783375,-52.762128087188046,862.719733955574,297.0670363259976,0.029225738828927584
2o_11-13mai_2024-05-13_-29.0_-50.0,2o_11-13mai,2024-05-12 19:00:00,-31.22386110712597,-52.50512234558972,862.351895694775,297.3988433065923,0.029978533100774918
2o_11-13mai_2024-05-13_-29.0_-50.0,2o_11-13mai,2024-05-12 18:00:00,-31.059305926836235,-52.19257011322583,868.5906663521364,297.55163782506804,0.031102427826371504
2o_11-13mai_2024-05-13_-29.0_-50.0,2o_11-13mai,2024-05-12 17:00:00,-30.86015005667621,-51.84912113098575,876.5977183487523,297.4316619171122,0.03342417159107175
2o_11-13mai_2024-05-13_-29.0_-50.0,2o_11-13mai,2024-05-12 16:00:00,-30.687903205705755,-51.48980566887143,894.1533649538463,297.14816308152945,0.03861285282973202
2o_11-13mai_2024-05-13_-29.0_-50.0,2o_11-13mai,2024-05-12 15:00:00,-30.53463769864231,-51.0851551413266,913.895464510748,296.14727508170364,0.04819137666456748
2o_11-13mai_2024-05-13_-29.0_-50.0,2o_11-13mai,2024-05-12 14:00:00,-30.381564970353285,-50.61910964129696,917.5262501613117,295.7935355126347,0.05491274475070859
2o_11-13mai_2024-05-13_-29.0_-50.0,2o_11-13mai,2024-05-12 13:00:00,-30.249679144266672,-50.17424840078519,916.156912105667,295.9811361450624,0.057655094003811434
2o_11-13mai_2024-05-13_-29.0_-50.0,2o_11-13mai,2024-05-12 12:00:00,-30.157133371751396,-49.760765432502176,921.523246568828,295.93818112917035,0.05768439242989384
2o_11-13mai_2024-05-13_-29.0_-50.0,2o_11-13mai,2024-05-12 11:00:00,-30.115984726185165,-49.34753888556446,926.2837209375967,295.57707947972693,0.058948754542759094
2o_11-13mai_2024-05-13_-29.0_-50.0,2o_11-13mai,2024-05-12 10:00:00,-30.101786855242214,-48.990185469427786,927.6661353071365,295.4654052532954,0.06239241672669399
2o_11-13mai_2024-05-13_-29.0_-50.0,2o_11-13mai,2024-05-12 09:00:00,-30.113037163294017,-48.670278386101735,926.6453539885649,295.3518006978782,0.0631120595314043
2o_11-13mai_2024-05-13_-29.0_-50.0,2o_11-13mai,2024-05-12 08:00:00,-30.141155643720406,-48.3755300540555,926.0436326042375,295.08259253396614,0.06330454872301215
2o_11-13mai_2024-05-13_-29.0_-50.0,2o_11-13mai,2024-05-12 07:00:00,-30.181480533521125,-48.1058993960398,924.2047862013986,294.9462101124723,0.061920762255855855
2o_11-13mai_2024-05-13_-29.0_-50.0,2o_11-13mai,2024-05-12 06:00:00,-30.237763611354406,-47.85846500302894,925.4394428966432,294.7692302865831,0.057445410376214284
2o_11-13mai_2024-05-13_-29.0_-50.0,2o_11-13mai,2024-05-12 05:00:00,-30.313574897549977,-47.62032209455663,925.1445415708928,294.52260019620854,0.05717263589864058
2o_11-13mai_2024-05-13_-29.0_-50.0,2o_11-13mai,2024-05-12 04:00:00,-30.396523431559316,-47.37766767441772,925.4878512358467,294.51714883530326,0.05783909905531486
2o_11-13mai_2024-05-13_-29.0_-50.0,2o_11-13mai,2024-05-12 03:00:00,-30.483687931310737,-47.12889962043917,925.3797945147556,294.3820384879058,0.05928421929728297
2o_11-13mai_2024-05-13_-29.0_-50.0,2o_11-13mai,2024-05-12 02:00:00,-30.571401974291437,-46.87786946611229,924.7863689103696,294.35422073836673,0.061153604035441095
2o_11-13mai_2024-05-13_-29.0_-50.0,2o_11-13mai,2024-05-12 01:00:00,-30.655646977163016,-46.63059465414957,925.3292326437328,294.3906501539287,0.06331322086600533
2o_11-13mai_2024-05-13_-29.0_-50.0,2o_11-13mai,2024-05-12 00:00:00,-30.732236603299814,-46.39231647066263,924.5712160163852,294.3447027412925,0.06640478260285108
2o_11-13mai_2024-05-13_-29.0_-50.0,2o_11-13mai,2024-05-11 23:00:00,-30.793106436856636,-46.15628797985804,924.5368367976836,294.3402516658908,0.07037476906992642
2o_11-13mai_2024-05-13_-29.0_-50.0,2o_11-13mai,2024-05-11 22:00:00,-30.840088528280212,-45.909563991449076,925.5030288371889,294.14207578510434,0.07432780274446503
2o_11-13mai_2024-05-13_-29.0_-50.0,2o_11-13mai,2024-05-11 21:00:00,-30.874608749014516,-45.65845757106501,926.2476023967664,293.97128721468096,0.07687002720749038
2o_11-13mai_2024-05-13_-29.0_-50.0,2o_11-13mai,2024-05-11 20:00:00,-30.897997427543302,-45.4134719721294,926.8609929744523,293.91945093972845,0.07788957535752457
2o_11-13mai_2024-05-13_-29.0_-50.0,2o_11-13mai,2024-05-11 19:00:00,-30.914112361328016,-45.1820582573496,925.8967686163774,294.0567303691424,0.07967603498476607
2o_11-13mai_2024-05-13_-29.0_-50.0,2o_11-13mai,2024-05-11 18:00:00,-30.92784789234268,-44.9671031887888,922.8099564874838,294.25751739301575,0.08213306097709723
2o_11-13mai_2024-05-13_-29.0_-50.0,2o_11-13mai,2024-05-11 17:00:00,-30.93071149809834,-44.77919327336085,919.7512871328739,294.33544354038867,0.08327578718349761
2o_11-13mai_2024-05-13_-29.0_-50.0,2o_11-13mai,2024-05-11 16:00:00,-30.920959077425177,-44.61055638208018,916.9619791631326,294.2391200263733,0.0848095615605742
2o_11-13mai_2024-05-13_-29.0_-50.0,2o_11-13mai,2024-05-11 15:00:00,-30.90152217107532,-44.4610536939706,913.9354226175799,294.2664776684629,0.0867174570606575
2o_11-13mai_2024-05-13_-29.0_-50.0,2o_11-13mai,2024-05-11 14:00:00,-30.874594231623917,-44.33318920312562,910.5353331410219,294.4170759361092,0.08894233908683995
2o_11-13mai_2024-05-13_-29.0_-50.0,2o_11-13mai,2024-05-11 13:00:00,-30.843130014488814,-44.2292841343007,906.8813028082059,294.65104190801276,0.0911905351127447
2o_11-13mai_2024-05-13_-29.0_-50.0,2o_11-13mai,2024-05-11 12:00:00,-30.808826207026218,-44.148889831457126,903.7741680275394,294.8762107678056,0.09298823051344084
2o_11-13mai_2024-05-13_-29.0_-50.0,2o_11-13mai,2024-05-11 11:00:00,-30.77058530902628,-44.08965015015887,901.1298341642777,294.896582306545,0.08207896318517052
2o_11-13mai_2024-05-13_-29.0_-50.0,2o_11-13mai,2024-05-11 10:00:00,-30.725878119234277,-44.05037310593211,898.7180881759612,294.77803670826285,0.0705319782300542
2o_11-13mai_2024-05-13_-29.0_-50.0,2o_11-13mai,2024-05-11 09:00:00,-30.67215559344962,-44.02819695680825,896.7592522891778,294.6774600049366,0.05852049262183305
2o_11-13mai_2024-05-13_-29.0_-50.0,2o_11-13mai,2024-05-11 08:00:00,-30.611381557141545,-44.022642648372,895.6686099225217,294.5850699495218,0.046532619966630114
2o_11-13mai_2024-05-13_-29.0_-50.0,2o_11-13mai,2024-05-11 07:00:00,-30.545888280078255,-44.03129872068135,895.9303723853599,294.45318685391265,0.03463537412644852
2o_11-13mai_2024-05-13_-29.0_-50.0,2o_11-13mai,2024-05-11 06:00:00,-30.47702816210017,-44.048069949579215,898.0666315548577,294.22196603265854,0.022876468858035008
2o_11-13mai_2024-05-13_-29.0_-50.0,2o_11-13mai,2024-05-11 05:00:00,-30.40005569034692,-44.04971631518518,900.8813888744822,293.9972496470177,0.030549699750513356
2o_11-13mai_2024-05-13_-29.0_-50.0,2o_11-13mai,2024-05-11 04:00:00,-30.31452871750724,-44.02700393342351,903.5578107487005,293.8835383490057,0.03872004079205621
2o_11-13mai_2024-05-13_-29.0_-50.0,2o_11-13mai,2024-05-11 03:00:00,-30.22214532709157,-43.986950101731445,905.5192020243475,293.8062151012637,0.047398504250801714
2o_11-13mai_2024-05-13_-29.0_-50.0,2o_11-13mai,2024-05-11 02:00:00,-30.124989254740214,-43.92910258593771,904.6230671943391,293.7148967067713,0.05662325724438882
2o_11-13mai_2024-05-13_-29.0_-50.0,2o_11-13mai,2024-05-11 01:00:00,-30.025274643261078,-43.87467010055725,900.1524628876206,293.9809122183224,0.06626203324564162
2o_11-13mai_2024-05-13_-29.0_-50.0,2o_11-13mai,2024-05-11 00:00:00,-29.9217120842685,-43.844925901409155,892.6988468023327,294.6647002314661,0.07880953876020652
2o_11-13mai_2024-05-13_-29.0_-50.0,2o_11-13mai,2024-05-10 23:00:00,-29.81836984037,-43.85015228634439,885.1993252444811,295.592875854902,0.07824086903430133
2o_11-13mai_2024-05-13_-29.0_-50.0,2o_11-13mai,2024-05-10 22:00:00,-29.719516555628513,-43.88496264703369,878.5159762581883,296.5058905022196,0.07798495154279114
2o_11-13mai_2024-05-13_-29.0_-50.0,2o_11-13mai,2024-05-10 21:00:00,-29.626718881820608,-43.94301564475655,874.8069661717321,297.29516434662,0.0786105804710001
2o_11-13mai_2024-05-13_-29.0_-50.0,2o_11-13mai,2024-05-10 20:00:00,-29.5431751277728,-44.013864118532986,872.7980532694235,297.6913576076551,0.08031108359823115
2o_11-13mai_2024-05-13_-29.0_-50.0,2o_11-13mai,2024-05-10 19:00:00,-29.472348939416094,-44.09871898655658,870.677541238329,297.90496241273826,0.08330084134134286
2o_11-13mai_2024-05-13_-29.0_-50.0,2o_11-13mai,2024-05-10 18:00:00,-29.417299970824097,-44.20284612576824,867.5215671568881,298.1001539145918,0.08794412561228102
2o_11-13mai_2024-05-13_-29.0_-50.0,2o_11-13mai,2024-05-10 17:00:00,-29.382134763495202,-44.32697233550105,863.3483760525348,298.5032714161793,0.0850827294516807
2o_11-13mai_2024-05-13_-29.0_-50.0,2o_11-13mai,2024-05-10 16:00:00,-29.36792382610714,-44.46650882277512,860.2264626232438,299.2174445817427,0.0797876660695789
2o_11-13mai_2024-05-13_-29.0_-50.0,2o_11-13mai,2024-05-10 15:00:00,-29.371085020056324,-44.61879343173284,858.3497142876098,299.8766003590358,0.07241150063718993
2o_11-13mai_2024-05-13_-29.0_-50.0,2o_11-13mai,2024-05-10 14:00:00,-29.387158533540834,-44.78011638023576,858.1816289926138,300.41058195371374,0.06319145095172993
2o_11-13mai_2024-05-13_-29.0_-50.0,2o_11-13mai,2024-05-10 13:00:00,-29.41643399604587,-44.942912443676995,858.3916258962378,300.7314644110975,0.052129356620672855
2o_11-13mai_2024-05-13_-29.0_-50.0,2o_11-13mai,2024-05-10 12:00:00,-29.46147155059392,-45.103439894862944,858.6487302284772,301.06490167546775,0.04026209962825618
2o_11-13mai_2024-05-13_-29.0_-50.0,2o_11-13mai,2024-05-10 11:00:00,-29.51425104939906,-45.26246501856101,859.1998078079683,301.07925680635617,0.03731350533051037
2o_11-13mai_2024-05-13_-29.0_-50.0,2o_11-13mai,2024-05-10 10:00:00,-29.563024004508517,-45.42703632001219,859.8922676099735,300.67890566399296,0.033548478222805954
2o_11-13mai_2024-05-13_-29.0_-50.0,2o_11-13mai,2024-05-10 09:00:00,-29.60741511081047,-45.59735044708858,860.7799673617748,300.31817598108927,0.029127528012434307
2o_11-13mai_2024-05-13_-29.0_-50.0,2o_11-13mai,2024-05-10 08:00:00,-29.64793928560391,-45.77258968492444,861.2052538607637,299.9804607181858,0.024211297012582362
2o_11-13mai_2024-05-13_-29.0_-50.0,2o_11-13mai,2024-05-10 07:00:00,-29.68354700997168,-45.951402435245136,861.7262776648322,299.7693502889007,0.018978659742716248
2o_11-13mai_2024-05-13_-29.0_-50.0,2o_11-13mai,2024-05-10 06:00:00,-29.71438905903088,-46.129080275525595,862.4959383187387,299.5667932442807,0.013009627229213049
2o_11-13mai_2024-05-13_-29.0_-50.0,2o_11-13mai,2024-05-10 05:00:00,-29.7461759760937,-46.30722237569376,862.2859432485212,299.44836892991617,0.012994576898817665
2o_11-13mai_2024-05-13_-29.0_-50.0,2o_11-13mai,2024-05-10 04:00:00,-29.785269933791962,-46.49343071805575,861.2987297493513,299.50997514317686,0.012898376072540917
2o_11-13mai_2024-05-13_-29.0_-50.0,2o_11-13mai,2024-05-10 03:00:00,-29.832951475691548,-46.68994969396117,860.0159361135444,299.63513490055925,0.01276643353350202
2o_11-13mai_2024-05-13_-29.0_-50.0,2o_11-13mai,2024-05-10 02:00:00,-29.891501059507483,-46.89455328682266,858.6813127220163,299.71976024403483,0.01252128931462274
2o_11-13mai_2024-05-13_-29.0_-50.0,2o_11-13mai,2024-05-10 01:00:00,-29.961999624795833,-47.106757955776736,856.0334481401333,299.87861237996293,0.012209683847352788
2o_11-13mai_2024-05-13_-29.0_-50.0,2o_11-13mai,2024-05-10 00:00:00,-30.043946548362822,-47.323931226171666,853.5925092586486,300.17634530379354,0.011819433266239321
2o_11-13mai_2024-05-13_-29.0_-50.0,2o_11-13mai,2024-05-09 23:00:00,-30.128607899955433,-47.54845334518645,851.4574361111413,300.27916505947377,0.012209684649381729
2o_11-13mai_2024-05-13_-29.0_-50.0,2o_11-13mai,2024-05-09 22:00:00,-30.205442064329457,-47.78439185906985,848.5591924710124,300.4435643697423,0.012500086235098476
2o_11-13mai_2024-05-13_-29.0_-50.0,2o_11-13mai,2024-05-09 21:00:00,-30.280488586013774,-48.03274857728515,844.6949261268221,300.76354094809136,0.012732810360891515
2o_11-13mai_2024-05-13_-29.0_-50.0,2o_11-13mai,2024-05-09 20:00:00,-30.363342395185988,-48.300695443287864,839.9672311370072,301.09247806942676,0.013135067861969461
2o_11-13mai_2024-05-13_-29.0_-50.0,2o_11-13mai,2024-05-09 19:00:00,-30.464424459117456,-48.59374052830849,835.1857471763947,301.4059766609689,0.013155064581140664
2o_11-13mai_2024-05-13_-29.0_-50.0,2o_11-13mai,2024-05-09 18:00:00,-30.58695416192837,-48.91269634183205,831.1314099953802,301.4484501732234,0.012989917096433358
2o_11-13mai_2024-05-13_-29.0_-50.0,2o_11-13mai,2024-05-09 17:00:00,-30.710190883820488,-49.247798107868825,827.296151835783,301.07578874490326,0.013967455841650328
2o_11-13mai_2024-05-13_-29.0_-50.0,2o_11-13mai,2024-05-09 16:00:00,-30.821737695388443,-49.60052284585221,823.1542665828159,300.7197782827415,0.014840081954142274
2o_11-13mai_2024-05-13_-29.0_-50.0,2o_11-13mai,2024-05-09 15:00:00,-30.916395244362807,-49.97767013363879,819.4001481277239,300.5049729852113,0.015317546633606793
2o_11-13mai_2024-05-13_-29.0_-50.0,2o_11-13mai,2024-05-09 14:00:00,-30.992285585503232,-50.37940170470572,816.5527146014849,300.3514198324932,0.015065039178031606
2o_11-13mai_2024-05-13_-29.0_-50.0,2o_11-13mai,2024-05-09 13:00:00,-31.058046129800797,-50.786649210980606,813.5651108241399,300.2928142627786,0.014026844396638816
2o_11-13mai_2024-05-13_-29.0_-50.0,2o_11-13mai,2024-05-09 12:00:00,-31.134826489424785,-51.18254113348362,809.9211396322497,300.35739695471386,0.011565574065349207
2o_11-13mai_2024-05-13_-29.0_-50.0,2o_11-13mai,2024-05-09 11:00:00,-31.24838082458662,-51.556238444216405,804.8035294582913,300.53909667562664,0.011369353700532919
2o_11-13mai_2024-05-13_-29.0_-50.0,2o_11-13mai,2024-05-09 10:00:00,-31.395445385816792,-51.935714995001526,799.1018087564711,300.8188023348576,0.012775635601977864
2o_11-13mai_2024-05-13_-29.0_-50.0,2o_11-13mai,2024-05-09 09:00:00,-31.572923380443697,-52.344593164704335,793.770467178148,300.7797338263735,0.01550541492213364
2o_11-13mai_2024-05-13_-29.0_-50.0,2o_11-13mai,2024-05-09 08:00:00,-31.7658510168531,-52.80191183610922,787.2982471725751,300.41797335099903,0.016532647417402797
2o_11-13mai_2024-05-13_-29.0_-50.0,2o_11-13mai,2024-05-09 07:00:00,-31.96196255063943,-53.296426495462754,781.1586624530859,299.9635426858085,0.015243719594924772
2o_11-13mai_2024-05-13_-29.0_-50.0,2o_11-13mai,2024-05-09 06:00:00,-32.16526794518228,-53.82736328071306,773.2883215944257,299.8282232991325,0.01329882238893156
2o_11-13mai_2024-05-13_-29.0_-50.0,2o_11-13mai,2024-05-09 05:00:00,-32.39061931231486,-54.37389702006553,765.1430825673089,300.43124278985715,0.013013647540818461
2o_11-13mai_2024-05-13_-29.0_-50.0,2o_11-13mai,2024-05-09 04:00:00,-32.64020317914521,-54.935245484122674,754.4309903142861,301.35433331177524,0.013608610155104981
2o_11-13mai_2024-05-13_-29.0_-50.0,2o_11-13mai,2024-05-09 03:00:00,-32.9073920019693,-55.52021441040619,746.3815521674381,301.7855290471018,0.014096842217274155
2o_11-13mai_2024-05-13_-29.0_-50.0,2o_11-13mai,2024-05-09 02:00:00,-33.20182680683529,-56.11684242911772,741.8317972099777,301.47286811118846,0.013219490577668726
2o_11-13mai_2024-05-13_-29.0_-50.0,2o_11-13mai,2024-05-09 01:00:00,-33.51742705662513,-56.71268149558981,738.0142064761873,300.9803449370094,0.01148582782535006
2o_11-13mai_2024-05-13_-29.0_-50.0,2o_11-13mai,2024-05-09 00:00:00,-33.8707201195357,-57.31322305043785,729.6087606134158,300.3983949568062,
2o_11-13mai_2024-05-13_-29.0_-50.0,2o_11-13mai,2024-05-08 23:00:00,-34.256493203964105,-57.91377335670769,716.5201332736614,300.02069296149864,
2o_11-13mai_2024-05-13_-29.0_-50.0,2o_11-13mai,2024-05-08 22:00:00,-34.608270772510586,-58.52092137548409,710.4162962248054,299.9452448537006,
2o_11-13mai_2024-05-13_-29.0_-50.0,2o_11-13mai,2024-05-08 21:00:00,-34.916644504735515,-59.17605123665425,703.4318991185496,299.45219548757694,
2o_11-13mai_2024-05-13_-29.0_-50.0,2o_11-13mai,2024-05-08 20:00:00,-35.16367714653903,-59.87300800701073,697.647010648727,298.59158737954607,
2o_11-13mai_2024-05-13_-29.0_-50.0,2o_11-13mai,2024-05-08 19:00:00,-35.48314026023208,-60.590506616133105,691.0954993679701,298.40660897323363,
2o_11-13mai_2024-05-13_-29.0_-50.0,2o_11-13mai,2024-05-08 18:00:00,-35.922391380097274,-61.24837545168379,680.7068874278974,298.6242210648822,
2o_11-13mai_2024-05-13_-29.0_-50.0,2o_11-13mai,2024-05-08 17:00:00,-36.354025929478524,-61.87298741774773,668.8336759974005,298.2342570073403,
2o_11-13mai_2024-05-13_-29.0_-50.0,2o_11-13mai,2024-05-08 16:00:00,-36.693105969188075,-62.485105480903435,662.4492902355748,298.18064770118156,
2o_11-13mai_2024-05-13_-29.0_-50.0,2o_11-13mai,2024-05-08 15:00:00,-36.96071072758939,-63.09004991925767,656.7334491435414,298.0924667166352,
2o_11-13mai_2024-05-13_-29.0_-50.0,2o_11-13mai,2024-05-08 14:00:00,-37.27223487211738,-63.69341068239271,651.4609870807207,297.637798755148,
2o_11-13mai_2024-05-13_-29.0_-50.0,2o_11-13mai,2024-05-08 13:00:00,-37.757040536567175,-64.29730099600812,642.8333867229567,297.28988476534477,
