traj,pulso,t,lat,lon,p_hPa,theta_K,AOD
1o_02-06mai_2024-05-03_-29.5_-52.0,1o_02-06mai,2024-05-03 12:00:00,-29.5,-52.0,850.0,298.26683433404787,0.11419638825787437
1o_02-06mai_2024-05-03_-29.5_-52.0,1o_02-06mai,2024-05-03 06:00:00,-28.934709908561643,-51.87895648234908,862.2502634056515,298.26683433404787,0.06596253671729614
1o_02-06mai_2024-05-03_-29.5_-52.0,1o_02-06mai,2024-05-03 00:00:00,-28.67682112924637,-52.12924573186383,889.7709879824889,298.26683433404787,0.04255124338855808
1o_02-06mai_2024-05-03_-29.5_-52.0,1o_02-06mai,2024-05-02 18:00:00,-27.616838151422318,-52.26761349150549,936.0887753093931,298.26683433404787,0.18487041466208182
1o_02-06mai_2024-05-03_-29.5_-52.0,1o_02-06mai,2024-05-02 12:00:00,-27.17649400301399,-52.68395083022733,1000.0,298.26683433404787,0.14543841198404656
1o_02-06mai_2024-05-03_-29.5_-52.0,1o_02-06mai,2024-05-02 06:00:00,-26.17651705478842,-52.95428202774122,1000.0,298.26683433404787,0.02729720263543375
1o_02-06mai_2024-05-03_-29.5_-52.0,1o_02-06mai,2024-05-02 00:00:00,-25.577600604220127,-52.840673423097094,1000.0,298.26683433404787,0.022242662633677066
1o_02-06mai_2024-05-03_-29.5_-52.0,1o_02-06mai,2024-05-01 18:00:00,-24.996442405441716,-52.8879222658625,1000.0,298.26683433404787,0.01799088546158884
1o_02-06mai_2024-05-03_-29.5_-52.0,1o_02-06mai,2024-05-01 12:00:00,-24.396064156993408,-53.00339655078467,1000.0,298.26683433404787,0.018436152835266676
1o_02-06mai_2024-05-03_-29.5_-52.0,1o_02-06mai,2024-05-01 06:00:00,-23.900879629231344,-52.739034040779075,1000.0,298.26683433404787,0.023040104875247283
1o_02-06mai_2024-05-03_-29.5_-52.0,1o_02-06mai,2024-05-01 00:00:00,-23.539033779298897,-52.440373307867645,1000.0,298.26683433404787,0.020279369108404333
1o_02-06mai_2024-05-03_-29.5_-52.0,1o_02-06mai,2024-04-30 18:00:00,-22.97767535740126,-52.35024940217501,1000.0,298.26683433404787,0.0269464670297104
1o_02-06mai_2024-05-03_-29.5_-52.0,1o_02-06mai,2024-04-30 12:00:00,-22.422464290966857,-52.25129076091098,1000.0,298.26683433404787,0.03987496359058278
1o_02-06mai_2024-05-03_-29.5_-52.0,1o_02-06mai,2024-04-30 06:00:00,-21.95526483736674,-52.00884613168031,1000.0,298.26683433404787,0.03887426539409724
1o_02-06mai_2024-05-03_-29.5_-52.0,1o_02-06mai,2024-04-30 00:00:00,-21.52403875037802,-51.57736955449765,1000.0,298.26683433404787,0.0314593825675924
1o_02-06mai_2024-05-03_-29.5_-52.0,1o_02-06mai,2024-04-29 18:00:00,-20.96382627288127,-51.35089397839425,1000.0,298.26683433404787,0.033118042125606345
1o_02-06mai_2024-05-03_-29.5_-52.0,1o_02-06mai,2024-04-29 12:00:00,-20.447785778041222,-51.10463503924744,1000.0,298.26683433404787,0.03426064193085867
1o_02-06mai_2024-05-03_-29.5_-52.0,1o_02-06mai,2024-04-29 06:00:00,-20.1629830544358,-50.788631319056506,1000.0,298.26683433404787,0.016033992488686203
1o_02-06mai_2024-05-03_-29.5_-52.0,1o_02-06mai,2024-04-29 00:00:00,-19.917365081267235,-50.43774925340903,1000.0,298.26683433404787,0.01496719361798217
1o_02-06mai_2024-05-03_-29.5_-52.0,1o_02-06mai,2024-04-28 18:00:00,-19.641173465749986,-50.373935424900004,1000.0,298.26683433404787,0.014602952901423303
1o_02-06mai_2024-05-03_-29.5_-52.0,1o_02-06mai,2024-04-28 12:00:00,-19.21912912343286,-50.26622826717034,1000.0,298.26683433404787,0.014343768818763468
1o_02-06mai_2024-05-03_-29.5_-52.0,1o_02-06mai,2024-04-28 06:00:00,-18.89451705667185,-49.99374422401519,1000.0,298.26683433404787,0.05030566637563093
1o_02-06mai_2024-05-03_-29.5_-52.0,1o_02-06mai,2024-04-28 00:00:00,-18.777476710645686,-49.66254177795907,1000.0,298.26683433404787,0.05590886235145903
1o_02-06mai_2024-05-03_-29.5_-52.0,1o_02-06mai,2024-04-27 18:00:00,-18.504803967392508,-49.454994025284094,1000.0,298.26683433404787,0.06087325625225481
1o_02-06mai_2024-05-03_-29.5_-52.0,1o_02-06mai,2024-04-27 12:00:00,-18.24045506556514,-49.069580248785634,1000.0,298.26683433404787,0.06436125070330857
1o_02-06mai_2024-05-03_-29.5_-52.0,1o_02-06mai,2024-04-27 06:00:00,-18.05916170149393,-48.69225212397341,1000.0,298.26683433404787,0.03362310971568359
1o_02-06mai_2024-05-03_-29.5_-52.0,1o_02-06mai,2024-04-27 00:00:00,-17.90822579048311,-48.35384240682683,1000.0,298.26683433404787,0.03337170770786478
1o_02-06mai_2024-05-03_-29.5_-52.0,1o_02-06mai,2024-04-26 18:00:00,-17.79183957435501,-47.83674812342398,1000.0,298.26683433404787,0.03193828741063662
1o_02-06mai_2024-05-03_-29.5_-52.0,1o_02-06mai,2024-04-26 12:00:00,-17.662824450923463,-47.22042731504196,1000.0,298.26683433404787,0.027239979041106765
1o_02-06mai_2024-05-03_-29.5_-52.0,1o_02-06mai,2024-04-26 06:00:00,-17.71699376007564,-46.98587295767137,1000.0,298.26683433404787,0.03218848507827671
1o_02-06mai_2024-05-03_-29.5_-52.0,1o_02-06mai,2024-04-26 00:00:00,-17.910185984814266,-46.90655255765445,1000.0,298.26683433404787,0.027212524704081056
1o_02-06mai_2024-05-03_-29.5_-52.0,1o_02-06mai,2024-04-25 18:00:00,-18.02578888964452,-46.55538440221983,1000.0,298.26683433404787,0.028405113588700227
1o_02-06mai_2024-05-03_-29.5_-52.0,1o_02-06mai,2024-04-25 12:00:00,-18.203634873425113,-46.100470243294936,1000.0,298.26683433404787,0.025595031035448357
1o_02-06mai_2024-05-03_-29.5_-52.0,1o_02-06mai,2024-04-25 06:00:00,-18.498910183620602,-45.86017104518215,1000.0,298.26683433404787,0.04084510606450592
1o_02-06mai_2024-05-03_-29.5_-52.0,1o_02-06mai,2024-04-25 00:00:00,-18.716806126639653,-45.74428897078952,1000.0,298.26683433404787,0.041107138365949626
1o_02-06mai_2024-05-03_-29.5_-52.0,1o_02-06mai,2024-04-24 18:00:00,-18.811169422773883,-45.72698408983384,1000.0,298.26683433404787,0.036082551196386196
1o_02-06mai_2024-05-03_-29.5_-52.0,1o_02-06mai,2024-04-24 12:00:00,-18.85644637642495,-45.71499390330768,1000.0,298.26683433404787,0.03712449646117112
1o_02-06mai_2024-05-03_-29.5_-52.0,1o_02-06mai,2024-04-24 06:00:00,-19.031099263414113,-45.690238827290145,1000.0,298.26683433404787,0.014589994732215722
1o_02-06mai_2024-05-03_-29.5_-52.0,1o_02-06mai,2024-04-24 00:00:00,-19.218848403396894,-45.6589382621437,1000.0,298.26683433404787,0.011357315158218388
1o_02-06mai_2024-05-03_-29.5_-52.0,1o_02-06mai,2024-04-23 18:00:00,-19.33634398841659,-45.57571991818391,1000.0,298.26683433404787,0.009735163758591021
1o_02-06mai_2024-05-03_-29.5_-52.0,1o_02-06mai,2024-04-23 12:00:00,-19.467978165799924,-45.52343018700519,1000.0,298.26683433404787,0.010612460114920135
1o_02-06mai_2024-05-03_-29.5_-52.0,1o_02-06mai,2024-04-23 06:00:00,-19.719743919724422,-45.40557816907052,1000.0,298.26683433404787,0.023457721240696887
1o_02-06mai_2024-05-03_-29.5_-52.0,1o_02-06mai,2024-04-23 00:00:00,-20.020758774252855,-45.18863544464803,1000.0,298.26683433404787,0.019551893105487095
1o_02-06mai_2024-05-03_-29.5_-52.0,1o_02-06mai,2024-04-22 18:00:00,-20.06079936661864,-45.22579892311565,1000.0,298.26683433404787,0.02100822648461791
1o_02-06mai_2024-05-03_-29.5_-52.0,1o_02-06mai,2024-04-22 12:00:00,-19.958160223509285,-45.19322332296464,1000.0,298.26683433404787,0.016994881108316012
1o_02-06mai_2024-05-03_-29.5_-52.0,1o_02-06mai,2024-04-22 06:00:00,-19.972308498971003,-44.803266265121756,977.2925701916877,298.26683433404787,0.03569468673374272
1o_02-06mai_2024-05-03_-29.5_-52.0,1o_02-06mai,2024-04-22 00:00:00,-20.12543581461805,-44.52643884816402,1000.0,298.26683433404787,0.024835011945041945
1o_02-06mai_2024-05-03_-29.5_-52.0,1o_02-06mai,2024-04-21 18:00:00,-20.23431730026728,-44.35345914732684,1000.0,298.26683433404787,0.017562487629588452
1o_02-06mai_2024-05-03_-29.5_-52.0,1o_02-06mai,2024-04-21 12:00:00,-20.318894978083843,-44.23448325295082,1000.0,298.26683433404787,0.0151583624822956
1o_02-06mai_2024-05-03_-29.5_-52.0,1o_02-06mai,2024-04-21 06:00:00,-20.35293058243277,-43.99534764455632,907.6678767915251,298.26683433404787,0.021569491911853894
1o_02-06mai_2024-05-03_-29.5_-52.0,1o_02-06mai,2024-04-21 00:00:00,-20.45215420288062,-43.651087459443524,920.4178862464556,298.26683433404787,0.01665825803784019
1o_02-06mai_2024-05-03_-29.5_-52.0,1o_02-06mai,2024-04-20 18:00:00,-20.687091802423414,-43.371358336073705,975.4175914111098,298.26683433404787,0.0138761475428781
1o_02-06mai_2024-05-03_-29.5_-52.0,1o_02-06mai,2024-04-20 12:00:00,-21.06447970872679,-43.09782942381093,948.8961726956134,298.26683433404787,0.012937876634908363
1o_02-06mai_2024-05-03_-29.5_-52.0,1o_02-06mai,2024-04-20 06:00:00,-21.247672479841672,-42.72646052355457,872.2092991630693,298.26683433404787,0.053759083589597335
1o_02-06mai_2024-05-03_-29.5_-52.0,1o_02-06mai,2024-04-20 00:00:00,-21.50712206504822,-42.14802509003781,870.765808459194,298.26683433404787,0.05927297435119648
1o_02-06mai_2024-05-03_-29.5_-52.0,1o_02-06mai,2024-04-19 18:00:00,-22.263962774356454,-42.11111415928676,868.316660156514,298.26683433404787,0.06752336505167038
1o_02-06mai_2024-05-03_-29.5_-52.0,1o_02-06mai,2024-04-19 12:00:00,-22.808112573019674,-42.933218010417356,851.4424956199415,298.26683433404787,0.057894938253476004
1o_02-06mai_2024-05-03_-30.5_-53.5,1o_02-06mai,2024-05-03 12:00:00,-30.5,-53.5,850.0,297.04341578280366,0.048537031643920474
1o_02-06mai_2024-05-03_-30.5_-53.5,1o_02-06mai,2024-05-03 06:00:00,-29.97246933113834,-52.929139967845835,856.216606108388,297.04341578280366,0.05053808571449431
1o_02-06mai_2024-05-03_-30.5_-53.5,1o_02-06mai,2024-05-03 00:00:00,-29.493666641484978,-52.011882642388365,869.6720468107861,297.04341578280366,0.06661175450041863
1o_02-06mai_2024-05-03_-30.5_-53.5,1o_02-06mai,2024-05-02 18:00:00,-29.739790307202984,-52.23298940660929,910.4588313630467,297.04341578280366,0.0700396555331445
1o_02-06mai_2024-05-03_-30.5_-53.5,1o_02-06mai,2024-05-02 12:00:00,-30.157397194055733,-52.19580358941874,922.6387660605704,297.04341578280366,0.1197289363474877
1o_02-06mai_2024-05-03_-30.5_-53.5,1o_02-06mai,2024-05-02 06:00:00,-29.746303640019164,-51.934885795633555,947.0213769298789,297.04341578280366,0.1006503516517249
1o_02-06mai_2024-05-03_-30.5_-53.5,1o_02-06mai,2024-05-02 00:00:00,-29.331128428621582,-51.82885503770752,962.6895615145845,297.04341578280366,0.07356422662556382
1o_02-06mai_2024-05-03_-30.5_-53.5,1o_02-06mai,2024-05-01 18:00:00,-29.14457192858113,-51.725004444194944,998.4566735277496,297.04341578280366,0.07911354271268335
1o_02-06mai_2024-05-03_-30.5_-53.5,1o_02-06mai,2024-05-01 12:00:00,-29.038433169127007,-51.719856703226405,1000.0,297.04341578280366,0.0877500549612247
1o_02-06mai_2024-05-03_-30.5_-53.5,1o_02-06mai,2024-05-01 06:00:00,-28.567558913922152,-51.721658856879166,1000.0,297.04341578280366,0.040068785525231285
1o_02-06mai_2024-05-03_-30.5_-53.5,1o_02-06mai,2024-05-01 00:00:00,-28.059261177360007,-51.497704806440794,1000.0,297.04341578280366,0.03520111979792894
1o_02-06mai_2024-05-03_-30.5_-53.5,1o_02-06mai,2024-04-30 18:00:00,-27.693046292368432,-51.56371240047334,1000.0,297.04341578280366,0.052802781200856914
1o_02-06mai_2024-05-03_-30.5_-53.5,1o_02-06mai,2024-04-30 12:00:00,-27.371345380462348,-51.67930411061628,1000.0,297.04341578280366,0.05168325949476201
1o_02-06mai_2024-05-03_-30.5_-53.5,1o_02-06mai,2024-04-30 06:00:00,-26.889833082920546,-51.53767442220112,1000.0,297.04341578280366,0.03123907643036145
1o_02-06mai_2024-05-03_-30.5_-53.5,1o_02-06mai,2024-04-30 00:00:00,-26.32873722610477,-51.59801854624625,1000.0,297.04341578280366,0.03892139793423707
1o_02-06mai_2024-05-03_-30.5_-53.5,1o_02-06mai,2024-04-29 18:00:00,-25.86200883043734,-51.74277306592351,1000.0,297.04341578280366,0.04663832731861539
1o_02-06mai_2024-05-03_-30.5_-53.5,1o_02-06mai,2024-04-29 12:00:00,-25.103944662567496,-51.79319073145049,1000.0,297.04341578280366,0.06001266996752286
1o_02-06mai_2024-05-03_-30.5_-53.5,1o_02-06mai,2024-04-29 06:00:00,-24.82156673046201,-51.579742039921385,1000.0,297.04341578280366,0.02803393296540427
1o_02-06mai_2024-05-03_-30.5_-53.5,1o_02-06mai,2024-04-29 00:00:00,-24.75510596503398,-51.386870648216124,1000.0,297.04341578280366,0.03514758213985816
1o_02-06mai_2024-05-03_-30.5_-53.5,1o_02-06mai,2024-04-28 18:00:00,-24.59164985718984,-51.470712654512866,1000.0,297.04341578280366,0.05017083854339473
1o_02-06mai_2024-05-03_-30.5_-53.5,1o_02-06mai,2024-04-28 12:00:00,-24.117681046838186,-51.77534476638669,1000.0,297.04341578280366,0.051058892638497305
1o_02-06mai_2024-05-03_-30.5_-53.5,1o_02-06mai,2024-04-28 06:00:00,-23.779460141493946,-51.69611767189781,1000.0,297.04341578280366,0.04678491876563294
1o_02-06mai_2024-05-03_-30.5_-53.5,1o_02-06mai,2024-04-28 00:00:00,-23.439470016644716,-51.59330002211633,1000.0,297.04341578280366,0.050886363218064994
1o_02-06mai_2024-05-03_-30.5_-53.5,1o_02-06mai,2024-04-27 18:00:00,-22.915075105736754,-51.74875969704137,1000.0,297.04341578280366,0.05863814513017684
1o_02-06mai_2024-05-03_-30.5_-53.5,1o_02-06mai,2024-04-27 12:00:00,-22.501659113753536,-51.65493914032228,1000.0,297.04341578280366,0.0820448587007106
1o_02-06mai_2024-05-03_-30.5_-53.5,1o_02-06mai,2024-04-27 06:00:00,-22.31445351040104,-51.35431867101695,1000.0,297.04341578280366,0.05051436267903282
1o_02-06mai_2024-05-03_-30.5_-53.5,1o_02-06mai,2024-04-27 00:00:00,-22.171957714224046,-50.990815216314346,1000.0,297.04341578280366,0.05325554950140948
1o_02-06mai_2024-05-03_-30.5_-53.5,1o_02-06mai,2024-04-26 18:00:00,-21.92870401612984,-50.56428199511518,1000.0,297.04341578280366,0.050307459248538446
1o_02-06mai_2024-05-03_-30.5_-53.5,1o_02-06mai,2024-04-26 12:00:00,-21.760284209715255,-49.96098464266533,1000.0,297.04341578280366,0.04720357581977192
1o_02-06mai_2024-05-03_-30.5_-53.5,1o_02-06mai,2024-04-26 06:00:00,-22.01782583141167,-49.31714501644573,1000.0,297.04341578280366,0.08319645934389969
1o_02-06mai_2024-05-03_-30.5_-53.5,1o_02-06mai,2024-04-26 00:00:00,-22.425907593059137,-48.85834082792518,1000.0,297.04341578280366,0.09626237464658696
1o_02-06mai_2024-05-03_-30.5_-53.5,1o_02-06mai,2024-04-25 18:00:00,-22.690230520398586,-48.515500218332384,1000.0,297.04341578280366,0.09018642922154242
1o_02-06mai_2024-05-03_-30.5_-53.5,1o_02-06mai,2024-04-25 12:00:00,-22.8142816125897,-48.1614415460132,1000.0,297.04341578280366,0.08339472831543446
1o_02-06mai_2024-05-03_-30.5_-53.5,1o_02-06mai,2024-04-25 06:00:00,-23.126422535550553,-47.813629472492934,1000.0,297.04341578280366,0.10891811728116389
1o_02-06mai_2024-05-03_-30.5_-53.5,1o_02-06mai,2024-04-25 00:00:00,-23.580295281529455,-47.5908746630218,1000.0,297.04341578280366,0.10684252101419388
1o_02-06mai_2024-05-03_-30.5_-53.5,1o_02-06mai,2024-04-24 18:00:00,-23.80766897289369,-47.77340631291343,1000.0,297.04341578280366,0.08801381061427356
1o_02-06mai_2024-05-03_-30.5_-53.5,1o_02-06mai,2024-04-24 12:00:00,-23.736775155873588,-47.94951424025598,1000.0,297.04341578280366,0.06902735752235374
1o_02-06mai_2024-05-03_-30.5_-53.5,1o_02-06mai,2024-04-24 06:00:00,-23.597246355658232,-47.96707725325907,1000.0,297.04341578280366,0.04449494904830322
1o_02-06mai_2024-05-03_-30.5_-53.5,1o_02-06mai,2024-04-24 00:00:00,-23.682085437649224,-48.159597536714486,1000.0,297.04341578280366,0.0429783951957895
1o_02-06mai_2024-05-03_-30.5_-53.5,1o_02-06mai,2024-04-23 18:00:00,-23.639034136755892,-48.55920404313022,1000.0,297.04341578280366,0.04491936432842497
1o_02-06mai_2024-05-03_-30.5_-53.5,1o_02-06mai,2024-04-23 12:00:00,-23.425548919781846,-48.825112722762874,1000.0,297.04341578280366,0.05487041536958624
1o_02-06mai_2024-05-03_-30.5_-53.5,1o_02-06mai,2024-04-23 06:00:00,-23.238892463980175,-48.75415905475321,1000.0,297.04341578280366,0.06092745879516552
1o_02-06mai_2024-05-03_-30.5_-53.5,1o_02-06mai,2024-04-23 00:00:00,-23.142922088982143,-48.67053257920291,1000.0,297.04341578280366,0.06089353192168116
1o_02-06mai_2024-05-03_-30.5_-53.5,1o_02-06mai,2024-04-22 18:00:00,-23.077410006242637,-48.864719808668006,1000.0,297.04341578280366,0.05439436467281493
1o_02-06mai_2024-05-03_-30.5_-53.5,1o_02-06mai,2024-04-22 12:00:00,-22.83737981947131,-48.970593470530844,1000.0,297.04341578280366,0.06134689101895875
1o_02-06mai_2024-05-03_-30.5_-53.5,1o_02-06mai,2024-04-22 06:00:00,-22.739253045133086,-48.68613943040053,1000.0,297.04341578280366,0.03558668617358444
1o_02-06mai_2024-05-03_-30.5_-53.5,1o_02-06mai,2024-04-22 00:00:00,-22.900005767572193,-48.437407092062095,1000.0,297.04341578280366,0.028370090204894716
1o_02-06mai_2024-05-03_-30.5_-53.5,1o_02-06mai,2024-04-21 18:00:00,-22.988668954506654,-48.38646970970783,1000.0,297.04341578280366,0.023595708128474915
1o_02-06mai_2024-05-03_-30.5_-53.5,1o_02-06mai,2024-04-21 12:00:00,-22.94365849366293,-48.28105679904386,1000.0,297.04341578280366,0.019259663686147784
1o_02-06mai_2024-05-03_-30.5_-53.5,1o_02-06mai,2024-04-21 06:00:00,-23.024053373011114,-47.65261878193992,910.5718471098996,297.04341578280366,0.06762698282982148
1o_02-06mai_2024-05-03_-30.5_-53.5,1o_02-06mai,2024-04-21 00:00:00,-23.446764592877447,-46.80110887730668,921.6823949827805,297.04341578280366,0.06903059996947356
1o_02-06mai_2024-05-03_-30.5_-53.5,1o_02-06mai,2024-04-20 18:00:00,-23.665445784949434,-46.53837864988132,990.2018632357264,297.04341578280366,0.058376911313988915
1o_02-06mai_2024-05-03_-30.5_-53.5,1o_02-06mai,2024-04-20 12:00:00,-23.708547706729533,-45.95644855867969,946.1878165094585,297.04341578280366,0.015155052699725037
1o_02-06mai_2024-05-03_-30.5_-53.5,1o_02-06mai,2024-04-20 06:00:00,-23.45819904755258,-45.342376938571256,899.4118029961805,297.04341578280366,0.02364553303252677
1o_02-06mai_2024-05-03_-30.5_-53.5,1o_02-06mai,2024-04-20 00:00:00,-23.37378537019149,-44.72573827092945,882.6098907471278,297.04341578280366,0.022795613714282535
1o_02-06mai_2024-05-03_-30.5_-53.5,1o_02-06mai,2024-04-19 18:00:00,-23.618703100575548,-44.564208984806946,877.7733079029043,297.04341578280366,0.01813437600837485
1o_02-06mai_2024-05-03_-30.5_-53.5,1o_02-06mai,2024-04-19 12:00:00,-23.90615283582528,-44.59588562876663,880.9082840779793,297.04341578280366,0.011008525490355903
1o_02-06mai_2024-05-03_-28.5_-51.0,1o_02-06mai,2024-05-03 12:00:00,-28.5,-51.0,850.0,300.6031955138486,0.12406298518180847
1o_02-06mai_2024-05-03_-28.5_-51.0,1o_02-06mai,2024-05-03 06:00:00,-27.725984204722376,-51.583630745217924,886.7538118142302,300.6031955138486,0.05396271048181354
1o_02-06mai_2024-05-03_-28.5_-51.0,1o_02-06mai,2024-05-03 00:00:00,-27.574870061940743,-51.88450740741354,878.9870407202953,300.6031955138486,0.0811222770416152
1o_02-06mai_2024-05-03_-28.5_-51.0,1o_02-06mai,2024-05-02 18:00:00,-27.50073019040144,-52.62469784054319,889.4584099630347,300.6031955138486,0.1722977260613615
1o_02-06mai_2024-05-03_-28.5_-51.0,1o_02-06mai,2024-05-02 12:00:00,-26.735587276758984,-53.66962653181361,921.8037660909687,300.6031955138486,0.1525712625884555
1o_02-06mai_2024-05-03_-28.5_-51.0,1o_02-06mai,2024-05-02 06:00:00,-26.195999074863373,-53.7157880042626,1000.0,300.6031955138486,0.02983045002629485
1o_02-06mai_2024-05-03_-28.5_-51.0,1o_02-06mai,2024-05-02 00:00:00,-25.58890891904577,-53.54508808842549,1000.0,300.6031955138486,0.0262877168729317
1o_02-06mai_2024-05-03_-28.5_-51.0,1o_02-06mai,2024-05-01 18:00:00,-24.828967946084777,-53.62823615516735,1000.0,300.6031955138486,0.01626587772982974
1o_02-06mai_2024-05-03_-28.5_-51.0,1o_02-06mai,2024-05-01 12:00:00,-24.224837170010026,-53.64879401322979,1000.0,300.6031955138486,0.023415723578931354
1o_02-06mai_2024-05-03_-28.5_-51.0,1o_02-06mai,2024-05-01 06:00:00,-23.743252371955247,-53.40122529781419,1000.0,300.6031955138486,0.028571810465727668
1o_02-06mai_2024-05-03_-28.5_-51.0,1o_02-06mai,2024-05-01 00:00:00,-23.369334248268974,-53.10336705310172,1000.0,300.6031955138486,0.018949398123919714
1o_02-06mai_2024-05-03_-28.5_-51.0,1o_02-06mai,2024-04-30 18:00:00,-22.83018621425321,-52.964031768713895,1000.0,300.6031955138486,0.020664541206468875
1o_02-06mai_2024-05-03_-28.5_-51.0,1o_02-06mai,2024-04-30 12:00:00,-22.258421843040516,-52.84652289903519,1000.0,300.6031955138486,0.027070769776921702
1o_02-06mai_2024-05-03_-28.5_-51.0,1o_02-06mai,2024-04-30 06:00:00,-21.794041511731354,-52.62677292166752,1000.0,300.6031955138486,0.03568494887899247
1o_02-06mai_2024-05-03_-28.5_-51.0,1o_02-06mai,2024-04-30 00:00:00,-21.408684219572862,-52.27969125812903,1000.0,300.6031955138486,0.025018565749549696
1o_02-06mai_2024-05-03_-28.5_-51.0,1o_02-06mai,2024-04-29 18:00:00,-20.918437504179337,-51.88005258177835,1000.0,300.6031955138486,0.02417158022785387
1o_02-06mai_2024-05-03_-28.5_-51.0,1o_02-06mai,2024-04-29 12:00:00,-20.452572663752058,-51.61380970712593,1000.0,300.6031955138486,0.025934753651034897
1o_02-06mai_2024-05-03_-28.5_-51.0,1o_02-06mai,2024-04-29 06:00:00,-20.082464710231452,-51.38056194190354,1000.0,300.6031955138486,0.014384078719709332
1o_02-06mai_2024-05-03_-28.5_-51.0,1o_02-06mai,2024-04-29 00:00:00,-19.791367929851557,-51.089453544489324,1000.0,300.6031955138486,0.013327410329803559
1o_02-06mai_2024-05-03_-28.5_-51.0,1o_02-06mai,2024-04-28 18:00:00,-19.549088211042996,-50.91354556187441,1000.0,300.6031955138486,0.013364836692392417
1o_02-06mai_2024-05-03_-28.5_-51.0,1o_02-06mai,2024-04-28 12:00:00,-19.214673532830314,-50.823009191698006,1000.0,300.6031955138486,0.01481000865521695
1o_02-06mai_2024-05-03_-28.5_-51.0,1o_02-06mai,2024-04-28 06:00:00,-18.86408293928168,-50.592066406403866,1000.0,300.6031955138486,0.048708888475754095
1o_02-06mai_2024-05-03_-28.5_-51.0,1o_02-06mai,2024-04-28 00:00:00,-18.694321898209868,-50.39651448921045,1000.0,300.6031955138486,0.05011222164944451
1o_02-06mai_2024-05-03_-28.5_-51.0,1o_02-06mai,2024-04-27 18:00:00,-18.53210672384076,-50.24671754822951,1000.0,300.6031955138486,0.058074861026267494
1o_02-06mai_2024-05-03_-28.5_-51.0,1o_02-06mai,2024-04-27 12:00:00,-18.272601236926644,-50.14333807235572,1000.0,300.6031955138486,0.05495974527564585
1o_02-06mai_2024-05-03_-28.5_-51.0,1o_02-06mai,2024-04-27 06:00:00,-18.05664620907987,-49.803774609983506,1000.0,300.6031955138486,0.029005040704247965
1o_02-06mai_2024-05-03_-28.5_-51.0,1o_02-06mai,2024-04-27 00:00:00,-17.95132846488224,-49.44861989023833,1000.0,300.6031955138486,0.027783720306014816
1o_02-06mai_2024-05-03_-28.5_-51.0,1o_02-06mai,2024-04-26 18:00:00,-17.879147008097803,-49.02306354385249,1000.0,300.6031955138486,0.024179637990398885
1o_02-06mai_2024-05-03_-28.5_-51.0,1o_02-06mai,2024-04-26 12:00:00,-17.86107608443605,-48.55080667835541,1000.0,300.6031955138486,0.018430904840860896
1o_02-06mai_2024-05-03_-28.5_-51.0,1o_02-06mai,2024-04-26 06:00:00,-17.836792786657472,-48.11117196124063,1000.0,300.6031955138486,0.03085051661629147
1o_02-06mai_2024-05-03_-28.5_-51.0,1o_02-06mai,2024-04-26 00:00:00,-17.68027141128782,-47.792130383949804,1000.0,300.6031955138486,0.0235450876325587
1o_02-06mai_2024-05-03_-28.5_-51.0,1o_02-06mai,2024-04-25 18:00:00,-17.539695432828744,-47.413102083957966,1000.0,300.6031955138486,0.020635578274438793
1o_02-06mai_2024-05-03_-28.5_-51.0,1o_02-06mai,2024-04-25 12:00:00,-17.574587729735498,-46.97174008619195,1000.0,300.6031955138486,0.019464562127683237
1o_02-06mai_2024-05-03_-28.5_-51.0,1o_02-06mai,2024-04-25 06:00:00,-17.735600024209546,-46.81459403904386,1000.0,300.6031955138486,0.04047556194484968
1o_02-06mai_2024-05-03_-28.5_-51.0,1o_02-06mai,2024-04-25 00:00:00,-17.911508597396775,-46.787051556432964,1000.0,300.6031955138486,0.04470463088959602
1o_02-06mai_2024-05-03_-28.5_-51.0,1o_02-06mai,2024-04-24 18:00:00,-17.986782935093895,-46.79404712003053,1000.0,300.6031955138486,0.041189689904337204
1o_02-06mai_2024-05-03_-28.5_-51.0,1o_02-06mai,2024-04-24 12:00:00,-17.953190516728135,-46.70792962354869,1000.0,300.6031955138486,0.03951174103674088
1o_02-06mai_2024-05-03_-28.5_-51.0,1o_02-06mai,2024-04-24 06:00:00,-18.091709384840435,-46.53471187699467,1000.0,300.6031955138486,0.012206564797734454
1o_02-06mai_2024-05-03_-28.5_-51.0,1o_02-06mai,2024-04-24 00:00:00,-18.21537048117189,-46.317719080046295,1000.0,300.6031955138486,0.007226093798079321
1o_02-06mai_2024-05-03_-28.5_-51.0,1o_02-06mai,2024-04-23 18:00:00,-18.208042201730244,-46.08032218003658,1000.0,300.6031955138486,0.004118612285470534
1o_02-06mai_2024-05-03_-28.5_-51.0,1o_02-06mai,2024-04-23 12:00:00,-18.19639854811416,-45.90441255978299,1000.0,300.6031955138486,0.005560786557244654
1o_02-06mai_2024-05-03_-28.5_-51.0,1o_02-06mai,2024-04-23 06:00:00,-18.343625168091588,-45.76073237551466,983.5618815776542,300.6031955138486,0.016982477902783052
1o_02-06mai_2024-05-03_-28.5_-51.0,1o_02-06mai,2024-04-23 00:00:00,-18.586558414955118,-45.63511627555053,1000.0,300.6031955138486,0.016238303549605
1o_02-06mai_2024-05-03_-28.5_-51.0,1o_02-06mai,2024-04-22 18:00:00,-18.742270378721376,-45.537475847525336,1000.0,300.6031955138486,0.01553536535155311
1o_02-06mai_2024-05-03_-28.5_-51.0,1o_02-06mai,2024-04-22 12:00:00,-18.81736395052266,-45.45308842454194,1000.0,300.6031955138486,0.018311544902831708
1o_02-06mai_2024-05-03_-28.5_-51.0,1o_02-06mai,2024-04-22 06:00:00,-18.87722152035683,-44.91338837747878,938.012593027797,300.6031955138486,0.04124023175560602
1o_02-06mai_2024-05-03_-28.5_-51.0,1o_02-06mai,2024-04-22 00:00:00,-18.896062441594477,-44.5181244261041,988.3717014963781,300.6031955138486,0.039156877006195114
1o_02-06mai_2024-05-03_-28.5_-51.0,1o_02-06mai,2024-04-21 18:00:00,-18.866071427696188,-44.309862026239166,1000.0,300.6031955138486,0.03036114212438754
1o_02-06mai_2024-05-03_-28.5_-51.0,1o_02-06mai,2024-04-21 12:00:00,-18.93107914964407,-44.147283461057214,1000.0,300.6031955138486,0.02572729607450864
1o_02-06mai_2024-05-03_-28.5_-51.0,1o_02-06mai,2024-04-21 06:00:00,-18.74453612061542,-43.295062049591145,884.3480898184965,300.6031955138486,0.023272417480845724
1o_02-06mai_2024-05-03_-28.5_-51.0,1o_02-06mai,2024-04-21 00:00:00,-18.809699899261492,-42.28444933848561,876.9154298609857,300.6031955138486,0.03089548741597619
1o_02-06mai_2024-05-03_-28.5_-51.0,1o_02-06mai,2024-04-20 18:00:00,-18.986914151499697,-41.66229275838138,943.585182407026,300.6031955138486,0.03500634022108998
1o_02-06mai_2024-05-03_-28.5_-51.0,1o_02-06mai,2024-04-20 12:00:00,-19.47486768987204,-41.17255323944881,884.3980255135157,300.6031955138486,0.03921631614039358
1o_02-06mai_2024-05-03_-28.5_-51.0,1o_02-06mai,2024-04-20 06:00:00,-20.409541722329156,-40.60985516763826,869.8431878027357,300.6031955138486,0.03820695382865367
1o_02-06mai_2024-05-03_-28.5_-51.0,1o_02-06mai,2024-04-20 00:00:00,-21.551465590694168,-40.29077900982713,838.6672368167364,300.6031955138486,0.03642401148234769
1o_02-06mai_2024-05-03_-28.5_-51.0,1o_02-06mai,2024-04-19 18:00:00,-22.649503383176953,-40.63794046965648,830.5386658553034,300.6031955138486,0.03400688366787016
1o_02-06mai_2024-05-03_-28.5_-51.0,1o_02-06mai,2024-04-19 12:00:00,-23.55378730686656,-41.318932468438895,822.1214852262731,300.6031955138486,0.021880771473356438
1o_02-06mai_2024-05-03_-31.0_-54.5,1o_02-06mai,2024-05-03 12:00:00,-31.0,-54.5,850.0,295.3249014298854,0.03600940977533658
1o_02-06mai_2024-05-03_-31.0_-54.5,1o_02-06mai,2024-05-03 06:00:00,-30.99991493480163,-53.96822997128904,861.1698130728385,295.3249014298854,0.02809697264000358
1o_02-06mai_2024-05-03_-31.0_-54.5,1o_02-06mai,2024-05-03 00:00:00,-31.299142524907566,-53.59089967120816,858.8194718527164,295.3249014298854,0.034326688314526226
1o_02-06mai_2024-05-03_-31.0_-54.5,1o_02-06mai,2024-05-02 18:00:00,-32.179516653184656,-52.997108674285435,849.617731158691,295.3249014298854,0.04848458286326932
1o_02-06mai_2024-05-03_-31.0_-54.5,1o_02-06mai,2024-05-02 12:00:00,-33.64688910075164,-52.92734672280831,839.7561671950226,295.3249014298854,0.047294633844823956
1o_02-06mai_2024-05-03_-31.0_-54.5,1o_02-06mai,2024-05-02 06:00:00,-34.60472111750105,-53.24300614197882,858.0354842708691,295.3249014298854,
1o_02-06mai_2024-05-03_-31.0_-54.5,1o_02-06mai,2024-05-02 00:00:00,-35.399402406922576,-53.19763815514368,870.5649920869953,295.3249014298854,
1o_02-06mai_2024-05-03_-31.0_-54.5,1o_02-06mai,2024-05-01 18:00:00,-35.69832271393008,-53.221964037091865,869.8713229688922,295.3249014298854,
1o_02-06mai_2024-05-03_-31.0_-54.5,1o_02-06mai,2024-05-01 12:00:00,-36.508201945228954,-52.67933023754668,888.6264261334773,295.3249014298854,
1o_02-06mai_2024-05-03_-31.0_-54.5,1o_02-06mai,2024-05-01 06:00:00,-37.87606322883111,-53.62906559183746,874.4673440646578,295.3249014298854,
1o_02-06mai_2024-05-03_-29.0_-50.0,1o_02-06mai,2024-05-03 12:00:00,-29.0,-50.0,850.0,298.8662685071491,0.10120798812972175
1o_02-06mai_2024-05-03_-29.0_-50.0,1o_02-06mai,2024-05-03 06:00:00,-28.88103347525481,-50.28410050689205,861.6457455497674,298.8662685071491,0.04409436825673833
1o_02-06mai_2024-05-03_-29.0_-50.0,1o_02-06mai,2024-05-03 00:00:00,-28.521919976291883,-50.7066506042178,906.2735087019116,298.8662685071491,0.03626880868273084
1o_02-06mai_2024-05-03_-29.0_-50.0,1o_02-06mai,2024-05-02 18:00:00,-28.24467573816944,-51.14070892488263,940.5534505814779,298.8662685071491,0.10217418881792212
1o_02-06mai_2024-05-03_-29.0_-50.0,1o_02-06mai,2024-05-02 12:00:00,-27.793962945464795,-51.73869879531467,1000.0,298.8662685071491,0.1387814886547186
1o_02-06mai_2024-05-03_-29.0_-50.0,1o_02-06mai,2024-05-02 06:00:00,-27.101392620672346,-52.12485439650709,1000.0,298.8662685071491,0.0263310929923093
1o_02-06mai_2024-05-03_-29.0_-50.0,1o_02-06mai,2024-05-02 00:00:00,-26.221431795567252,-52.09415034375906,1000.0,298.8662685071491,0.0218726456326174
1o_02-06mai_2024-05-03_-29.0_-50.0,1o_02-06mai,2024-05-01 18:00:00,-25.691651721480497,-52.26941674816601,1000.0,298.8662685071491,0.019161507142394004
1o_02-06mai_2024-05-03_-29.0_-50.0,1o_02-06mai,2024-05-01 12:00:00,-25.089829208492628,-52.412817686118395,1000.0,298.8662685071491,0.01758326378144077
1o_02-06mai_2024-05-03_-29.0_-50.0,1o_02-06mai,2024-05-01 06:00:00,-24.703480530047372,-52.18158157884877,1000.0,298.8662685071491,0.02036448840042303
1o_02-06mai_2024-05-03_-29.0_-50.0,1o_02-06mai,2024-05-01 00:00:00,-24.44268705151706,-51.86846405036016,1000.0,298.8662685071491,0.02805249151300588
1o_02-06mai_2024-05-03_-29.0_-50.0,1o_02-06mai,2024-04-30 18:00:00,-23.990026437182575,-51.85042367711318,1000.0,298.8662685071491,0.03968226758118203
1o_02-06mai_2024-05-03_-29.0_-50.0,1o_02-06mai,2024-04-30 12:00:00,-23.507178046069303,-51.81356481761094,1000.0,298.8662685071491,0.044955193778545614
1o_02-06mai_2024-05-03_-29.0_-50.0,1o_02-06mai,2024-04-30 06:00:00,-23.20532058286354,-51.45526569901783,1000.0,298.8662685071491,0.03558795641705524
1o_02-06mai_2024-05-03_-29.0_-50.0,1o_02-06mai,2024-04-30 00:00:00,-22.946176272786857,-51.23223624284567,1000.0,298.8662685071491,0.039982797196451175
1o_02-06mai_2024-05-03_-29.0_-50.0,1o_02-06mai,2024-04-29 18:00:00,-22.422600201768464,-51.13755738972189,1000.0,298.8662685071491,0.0499852424776282
1o_02-06mai_2024-05-03_-29.0_-50.0,1o_02-06mai,2024-04-29 12:00:00,-21.9736154766508,-50.924147491931755,1000.0,298.8662685071491,0.05176647375210469
1o_02-06mai_2024-05-03_-29.0_-50.0,1o_02-06mai,2024-04-29 06:00:00,-21.738704010306886,-50.63216741467686,1000.0,298.8662685071491,0.025109305894099564
1o_02-06mai_2024-05-03_-29.0_-50.0,1o_02-06mai,2024-04-29 00:00:00,-21.478620026648667,-50.54245911023833,1000.0,298.8662685071491,0.025203518286848244
1o_02-06mai_2024-05-03_-29.0_-50.0,1o_02-06mai,2024-04-28 18:00:00,-21.1430367335433,-50.76990819773773,1000.0,298.8662685071491,0.02727305324032708
1o_02-06mai_2024-05-03_-29.0_-50.0,1o_02-06mai,2024-04-28 12:00:00,-20.716058427106084,-50.86351335265353,1000.0,298.8662685071491,0.0286176456197159
1o_02-06mai_2024-05-03_-29.0_-50.0,1o_02-06mai,2024-04-28 06:00:00,-20.22660464246232,-50.678356194167634,1000.0,298.8662685071491,0.04628864733806065
1o_02-06mai_2024-05-03_-29.0_-50.0,1o_02-06mai,2024-04-28 00:00:00,-19.86138472458777,-50.44095898154745,1000.0,298.8662685071491,0.0519611874618053
1o_02-06mai_2024-05-03_-29.0_-50.0,1o_02-06mai,2024-04-27 18:00:00,-19.451871295342453,-50.36834770566159,1000.0,298.8662685071491,0.0597275883160048
1o_02-06mai_2024-05-03_-29.0_-50.0,1o_02-06mai,2024-04-27 12:00:00,-19.026334259284948,-50.190247988270265,1000.0,298.8662685071491,0.05927618367463732
1o_02-06mai_2024-05-03_-29.0_-50.0,1o_02-06mai,2024-04-27 06:00:00,-18.745647189284174,-49.78585906298564,1000.0,298.8662685071491,0.037830363483987405
1o_02-06mai_2024-05-03_-29.0_-50.0,1o_02-06mai,2024-04-27 00:00:00,-18.512164008050103,-49.44564636826412,1000.0,298.8662685071491,0.03508429669615002
1o_02-06mai_2024-05-03_-29.0_-50.0,1o_02-06mai,2024-04-26 18:00:00,-18.3457705771419,-49.03678699197501,1000.0,298.8662685071491,0.029029317629563216
1o_02-06mai_2024-05-03_-29.0_-50.0,1o_02-06mai,2024-04-26 12:00:00,-18.273179965560097,-48.572477163736785,1000.0,298.8662685071491,0.023874934393766187
1o_02-06mai_2024-05-03_-29.0_-50.0,1o_02-06mai,2024-04-26 06:00:00,-18.265028080919237,-48.19190034634865,1000.0,298.8662685071491,0.03588257546101712
1o_02-06mai_2024-05-03_-29.0_-50.0,1o_02-06mai,2024-04-26 00:00:00,-18.147821201267092,-47.919009029037824,1000.0,298.8662685071491,0.027609372889746676
1o_02-06mai_2024-05-03_-29.0_-50.0,1o_02-06mai,2024-04-25 18:00:00,-17.90446456356257,-47.55241203685073,1000.0,298.8662685071491,0.02404745682340088
1o_02-06mai_2024-05-03_-29.0_-50.0,1o_02-06mai,2024-04-25 12:00:00,-17.89034814643258,-47.096087624397505,1000.0,298.8662685071491,0.02222734163744545
1o_02-06mai_2024-05-03_-29.0_-50.0,1o_02-06mai,2024-04-25 06:00:00,-18.077496483019655,-46.8755747214892,1000.0,298.8662685071491,0.041059888718444904
1o_02-06mai_2024-05-03_-29.0_-50.0,1o_02-06mai,2024-04-25 00:00:00,-18.334675787847488,-46.710855876646946,1000.0,298.8662685071491,0.04576279919788962
1o_02-06mai_2024-05-03_-29.0_-50.0,1o_02-06mai,2024-04-24 18:00:00,-18.432733138362636,-46.71701204189228,1000.0,298.8662685071491,0.039923360067247775
1o_02-06mai_2024-05-03_-29.0_-50.0,1o_02-06mai,2024-04-24 12:00:00,-18.36373346346195,-46.6200586871402,1000.0,298.8662685071491,0.0394725728908467
1o_02-06mai_2024-05-03_-29.0_-50.0,1o_02-06mai,2024-04-24 06:00:00,-18.461072157066024,-46.38259917980634,1000.0,298.8662685071491,0.012140554718794522
1o_02-06mai_2024-05-03_-29.0_-50.0,1o_02-06mai,2024-04-24 00:00:00,-18.50341697885077,-46.141286526701954,1000.0,298.8662685071491,0.008016553728921422
1o_02-06mai_2024-05-03_-29.0_-50.0,1o_02-06mai,2024-04-23 18:00:00,-18.4811841615017,-45.89458476941286,1000.0,298.8662685071491,0.004935957153590735
1o_02-06mai_2024-05-03_-29.0_-50.0,1o_02-06mai,2024-04-23 12:00:00,-18.53583365434976,-45.713595564450266,1000.0,298.8662685071491,0.006422549433252924
1o_02-06mai_2024-05-03_-29.0_-50.0,1o_02-06mai,2024-04-23 06:00:00,-18.782112357017603,-45.58740341820632,1000.0,298.8662685071491,0.019016796838971804
1o_02-06mai_2024-05-03_-29.0_-50.0,1o_02-06mai,2024-04-23 00:00:00,-19.0670480697109,-45.48597775475526,1000.0,298.8662685071491,0.018027669703700573
1o_02-06mai_2024-05-03_-29.0_-50.0,1o_02-06mai,2024-04-22 18:00:00,-19.250210882039614,-45.42748574283669,1000.0,298.8662685071491,0.01918634534263829
1o_02-06mai_2024-05-03_-29.0_-50.0,1o_02-06mai,2024-04-22 12:00:00,-19.297953539434356,-45.37103368479289,1000.0,298.8662685071491,0.01952234019881778
1o_02-06mai_2024-05-03_-29.0_-50.0,1o_02-06mai,2024-04-22 06:00:00,-19.3613317665334,-44.965801196767906,984.1005662041856,298.8662685071491,0.04178851867099555
1o_02-06mai_2024-05-03_-29.0_-50.0,1o_02-06mai,2024-04-22 00:00:00,-19.55469951312697,-44.656173718185826,1000.0,298.8662685071491,0.03471125137930124
1o_02-06mai_2024-05-03_-29.0_-50.0,1o_02-06mai,2024-04-21 18:00:00,-19.702110865316545,-44.474528998514614,1000.0,298.8662685071491,0.022914792551721533
1o_02-06mai_2024-05-03_-29.0_-50.0,1o_02-06mai,2024-04-21 12:00:00,-19.804784854209938,-44.2621173664502,1000.0,298.8662685071491,0.020320060262863437
1o_02-06mai_2024-05-03_-29.0_-50.0,1o_02-06mai,2024-04-21 06:00:00,-19.889486129984352,-43.87167978635442,926.5400578416269,298.8662685071491,0.023834127700998502
1o_02-06mai_2024-05-03_-29.0_-50.0,1o_02-06mai,2024-04-21 00:00:00,-20.03552398165819,-43.55456889163548,921.9631863273186,298.8662685071491,0.018446569921534532
1o_02-06mai_2024-05-03_-29.0_-50.0,1o_02-06mai,2024-04-20 18:00:00,-20.21516063662412,-43.28521993717085,976.7861653929881,298.8662685071491,0.016776959067352486
1o_02-06mai_2024-05-03_-29.0_-50.0,1o_02-06mai,2024-04-20 12:00:00,-20.61101128725914,-43.12782076346892,936.4960620413747,298.8662685071491,0.014625003996426345
1o_02-06mai_2024-05-03_-29.0_-50.0,1o_02-06mai,2024-04-20 06:00:00,-20.90646045126659,-42.71178787077765,879.0564418879344,298.8662685071491,0.05027447618847529
1o_02-06mai_2024-05-03_-29.0_-50.0,1o_02-06mai,2024-04-20 00:00:00,-21.277680318202474,-42.02558551033349,860.2327025172965,298.8662685071491,0.059452753892386814
1o_02-06mai_2024-05-03_-29.0_-50.0,1o_02-06mai,2024-04-19 18:00:00,-21.984811919532532,-41.91086026378585,854.4732793123876,298.8662685071491,0.07521530006533908
1o_02-06mai_2024-05-03_-29.0_-50.0,1o_02-06mai,2024-04-19 12:00:00,-22.743055712505207,-42.61598745299962,847.5875251450608,298.8662685071491,0.06024054236757855
1o_02-06mai_2024-05-05_-29.5_-52.0,1o_02-06mai,2024-05-05 12:00:00,-29.5,-52.0,850.0,304.13663492073425,0.14642053345839182
1o_02-06mai_2024-05-05_-29.5_-52.0,1o_02-06mai,2024-05-05 06:00:00,-27.36391046975898,-53.613811238543875,853.7417182035712,304.13663492073425,0.10112332124956824
1o_02-06mai_2024-05-05_-29.5_-52.0,1o_02-06mai,2024-05-05 00:00:00,-25.780709305007058,-53.609510237138466,915.1781745349324,304.13663492073425,0.08057468415637879
1o_02-06mai_2024-05-05_-29.5_-52.0,1o_02-06mai,2024-05-04 18:00:00,-25.365167408851537,-53.55826155758424,987.0518484137932,304.13663492073425,0.09843409080975424
1o_02-06mai_2024-05-05_-29.5_-52.0,1o_02-06mai,2024-05-04 12:00:00,-23.915724662518564,-53.64495034280984,932.8969712054391,304.13663492073425,0.08878329920964743
1o_02-06mai_2024-05-05_-29.5_-52.0,1o_02-06mai,2024-05-04 06:00:00,-22.910332006645614,-53.89060843899719,952.3531620071442,304.13663492073425,0.03944452125415818
1o_02-06mai_2024-05-05_-29.5_-52.0,1o_02-06mai,2024-05-04 00:00:00,-22.486366952619687,-53.99967747766052,992.1743823635614,304.13663492073425,0.0374554191764207
1o_02-06mai_2024-05-05_-29.5_-52.0,1o_02-06mai,2024-05-03 18:00:00,-21.966543225524607,-54.06864857668428,1000.0,304.13663492073425,0.03748523486800331
1o_02-06mai_2024-05-05_-29.5_-52.0,1o_02-06mai,2024-05-03 12:00:00,-21.224334426261912,-54.25081574161321,987.3086829088477,304.13663492073425,0.040275657666655265
1o_02-06mai_2024-05-05_-29.5_-52.0,1o_02-06mai,2024-05-03 06:00:00,-19.944934355067097,-54.38387585417483,948.7734872135964,304.13663492073425,0.03354326332555492
1o_02-06mai_2024-05-05_-29.5_-52.0,1o_02-06mai,2024-05-03 00:00:00,-19.593392455351687,-54.24603374877928,995.6489986324481,304.13663492073425,0.030294767974578928
1o_02-06mai_2024-05-05_-29.5_-52.0,1o_02-06mai,2024-05-02 18:00:00,-19.122399327618584,-54.30907935613913,1000.0,304.13663492073425,0.03242583502399352
1o_02-06mai_2024-05-05_-29.5_-52.0,1o_02-06mai,2024-05-02 12:00:00,-18.325984209858387,-54.434293834726724,981.6565073627648,304.13663492073425,0.03206099953925656
1o_02-06mai_2024-05-05_-29.5_-52.0,1o_02-06mai,2024-05-02 06:00:00,-16.652484991201142,-53.84567943609771,926.9136274217941,304.13663492073425,0.015937781832338755
1o_02-06mai_2024-05-05_-29.5_-52.0,1o_02-06mai,2024-05-02 00:00:00,-16.21445392779677,-53.299493740564664,962.646565481221,304.13663492073425,0.013977859047669051
1o_02-06mai_2024-05-05_-29.5_-52.0,1o_02-06mai,2024-05-01 18:00:00,-15.993256851959806,-52.97797803129812,1000.0,304.13663492073425,0.010776848280932729
1o_02-06mai_2024-05-05_-29.5_-52.0,1o_02-06mai,2024-05-01 12:00:00,-15.756257122917116,-52.79472023329784,979.8937837094337,304.13663492073425,0.011050837371598024
1o_02-06mai_2024-05-05_-29.5_-52.0,1o_02-06mai,2024-05-01 06:00:00,-15.287367066274518,-52.65137188461571,941.2710447901508,304.13663492073425,0.014426742392328438
1o_02-06mai_2024-05-05_-29.5_-52.0,1o_02-06mai,2024-05-01 00:00:00,-14.936605814873534,-52.244577974454224,958.5253016551244,304.13663492073425,0.014568203403230544
1o_02-06mai_2024-05-05_-29.5_-52.0,1o_02-06mai,2024-04-30 18:00:00,-14.84389901685868,-52.04524437911266,1000.0,304.13663492073425,0.015394344538718616
1o_02-06mai_2024-05-05_-29.5_-52.0,1o_02-06mai,2024-04-30 12:00:00,-14.710491983223724,-51.65066098906415,976.9359082657948,304.13663492073425,0.016070442927246843
1o_02-06mai_2024-05-05_-29.5_-52.0,1o_02-06mai,2024-04-30 06:00:00,-14.518494478850046,-51.20063233109902,955.6158139766948,304.13663492073425,0.03157037826506158
1o_02-06mai_2024-05-05_-29.5_-52.0,1o_02-06mai,2024-04-30 00:00:00,-14.74055971673719,-51.15606311391947,1000.0,304.13663492073425,0.03529545470154353
1o_02-06mai_2024-05-05_-29.5_-52.0,1o_02-06mai,2024-04-29 18:00:00,-14.796168268636453,-51.02934524062934,1000.0,304.13663492073425,0.03958113967099843
1o_02-06mai_2024-05-05_-29.5_-52.0,1o_02-06mai,2024-04-29 12:00:00,-14.406309185949564,-50.70211328070907,955.9174562604528,304.13663492073425,0.03724450870502599
1o_02-06mai_2024-05-05_-29.5_-52.0,1o_02-06mai,2024-04-29 06:00:00,-13.614326971854927,-50.22020656621672,936.0607597313177,304.13663492073425,0.009411065413232151
1o_02-06mai_2024-05-05_-29.5_-52.0,1o_02-06mai,2024-04-29 00:00:00,-13.141418176038993,-49.74509692930187,969.8134914993842,304.13663492073425,0.010245023402568703
1o_02-06mai_2024-05-05_-29.5_-52.0,1o_02-06mai,2024-04-28 18:00:00,-13.010604030861973,-49.44046288747397,1000.0,304.13663492073425,0.010854218060250411
1o_02-06mai_2024-05-05_-29.5_-52.0,1o_02-06mai,2024-04-28 12:00:00,-12.823976356760591,-48.82950609923166,975.7390734750344,304.13663492073425,0.014548915639801145
1o_02-06mai_2024-05-05_-29.5_-52.0,1o_02-06mai,2024-04-28 06:00:00,-12.880447160909277,-47.58549213982115,923.7052853300571,304.13663492073425,0.021196792497937926
1o_02-06mai_2024-05-05_-29.5_-52.0,1o_02-06mai,2024-04-28 00:00:00,-13.08090615354021,-47.1151803928185,981.7565288457246,304.13663492073425,0.02029592168759513
1o_02-06mai_2024-05-05_-29.5_-52.0,1o_02-06mai,2024-04-27 18:00:00,-13.220001061388976,-46.71571086389126,1000.0,304.13663492073425,0.020644808067967757
1o_02-06mai_2024-05-05_-29.5_-52.0,1o_02-06mai,2024-04-27 12:00:00,-13.362419387784971,-45.936507593203274,963.4036339728169,304.13663492073425,0.01711947355639497
1o_02-06mai_2024-05-05_-29.5_-52.0,1o_02-06mai,2024-04-27 06:00:00,-13.669565147497197,-43.77272308012628,845.1118797714886,304.13663492073425,0.034282747239971774
1o_02-06mai_2024-05-05_-29.5_-52.0,1o_02-06mai,2024-04-27 00:00:00,-14.57142750707359,-41.060179296610556,837.647540806012,304.13663492073425,0.03187004124455885
1o_02-06mai_2024-05-05_-29.5_-52.0,1o_02-06mai,2024-04-26 18:00:00,-15.848783050481927,-39.22184292027661,843.6382915983501,304.13663492073425,0.02722119565897732
1o_02-06mai_2024-05-05_-29.5_-52.0,1o_02-06mai,2024-04-26 12:00:00,-16.800121873167814,-37.88501121820571,846.6755886201532,304.13663492073425,0.023109076617602198
1o_02-06mai_2024-05-05_-29.5_-52.0,1o_02-06mai,2024-04-26 06:00:00,-17.405776476802224,-36.60655438349261,849.7628191182304,304.13663492073425,0.012783120661252877
1o_02-06mai_2024-05-05_-29.5_-52.0,1o_02-06mai,2024-04-26 00:00:00,-17.851449543892087,-35.61958515805346,856.2274807614081,304.13663492073425,0.013684681067249883
1o_02-06mai_2024-05-05_-29.5_-52.0,1o_02-06mai,2024-04-25 18:00:00,-17.92960138971388,-35.02167281198055,856.6632557237785,304.13663492073425,0.013711150686628036
1o_02-06mai_2024-05-05_-29.5_-52.0,1o_02-06mai,2024-04-25 12:00:00,-17.619972319009936,-34.31052244447943,859.4539345477883,304.13663492073425,
1o_02-06mai_2024-05-05_-30.5_-53.5,1o_02-06mai,2024-05-05 12:00:00,-30.5,-53.5,850.0,302.5285964905036,0.11581640442212422
1o_02-06mai_2024-05-05_-30.5_-53.5,1o_02-06mai,2024-05-05 06:00:00,-28.394567214067987,-56.26556312677384,865.4082569043467,302.5285964905036,0.10343833639659109
1o_02-06mai_2024-05-05_-30.5_-53.5,1o_02-06mai,2024-05-05 00:00:00,-25.592824561784354,-58.48904464359364,873.252814059641,302.5285964905036,0.11343320899640853
1o_02-06mai_2024-05-05_-30.5_-53.5,1o_02-06mai,2024-05-04 18:00:00,-22.338535403865883,-60.17857255436192,855.1283472812042,302.5285964905036,0.10261410726820282
1o_02-06mai_2024-05-05_-30.5_-53.5,1o_02-06mai,2024-05-04 12:00:00,-19.585471719849448,-60.99347186349077,858.1347369118361,302.5285964905036,0.09875822058096576
1o_02-06mai_2024-05-05_-30.5_-53.5,1o_02-06mai,2024-05-04 06:00:00,-17.801292206241094,-61.80682787083369,917.1430956582993,302.5285964905036,0.0687060058316748
1o_02-06mai_2024-05-05_-30.5_-53.5,1o_02-06mai,2024-05-04 00:00:00,-16.641172875956883,-62.31808720762845,948.7560273300014,302.5285964905036,0.05413618531657801
1o_02-06mai_2024-05-05_-30.5_-53.5,1o_02-06mai,2024-05-03 18:00:00,-16.420446552837845,-62.63579986614628,994.5974851801193,302.5285964905036,0.05194909351252444
1o_02-06mai_2024-05-05_-30.5_-53.5,1o_02-06mai,2024-05-03 12:00:00,-15.746765696745332,-63.10744018178379,943.9213563587188,302.5285964905036,0.045785436525722506
1o_02-06mai_2024-05-05_-30.5_-53.5,1o_02-06mai,2024-05-03 06:00:00,-15.053836892452185,-63.17096285476291,964.8646862915759,302.5285964905036,0.02101790663729242
1o_02-06mai_2024-05-05_-30.5_-53.5,1o_02-06mai,2024-05-03 00:00:00,-14.759593125480981,-63.04349201660403,987.7001548644583,302.5285964905036,0.016960475577944056
1o_02-06mai_2024-05-05_-30.5_-53.5,1o_02-06mai,2024-05-02 18:00:00,-14.539871368441545,-63.03208485721648,1000.0,302.5285964905036,0.020068432058289173
1o_02-06mai_2024-05-05_-30.5_-53.5,1o_02-06mai,2024-05-02 12:00:00,-13.809219384585242,-63.31534892916063,976.5364611941113,302.5285964905036,0.032560439287966446
1o_02-06mai_2024-05-05_-30.5_-53.5,1o_02-06mai,2024-05-02 06:00:00,-12.81907443787651,-63.51978667007478,958.0459385535405,302.5285964905036,0.07623275864489741
1o_02-06mai_2024-05-05_-30.5_-53.5,1o_02-06mai,2024-05-02 00:00:00,-12.530582604932109,-63.52208020401004,998.6298703753217,302.5285964905036,0.07029773053789398
1o_02-06mai_2024-05-05_-30.5_-53.5,1o_02-06mai,2024-05-01 18:00:00,-12.204854871979371,-63.528006641098415,1000.0,302.5285964905036,0.06534601724909253
1o_02-06mai_2024-05-05_-30.5_-53.5,1o_02-06mai,2024-05-01 12:00:00,-11.740523141026063,-63.503011787001306,982.534920671277,302.5285964905036,0.04422654201485873
1o_02-06mai_2024-05-05_-30.5_-53.5,1o_02-06mai,2024-05-01 06:00:00,-10.623652535574442,-63.19053382118206,945.5578196198219,302.5285964905036,0.05261748897186737
1o_02-06mai_2024-05-05_-30.5_-53.5,1o_02-06mai,2024-05-01 00:00:00,-10.0963731881479,-62.922629587171436,963.3927398860881,302.5285964905036,0.05294152058257954
1o_02-06mai_2024-05-05_-30.5_-53.5,1o_02-06mai,2024-04-30 18:00:00,-9.877286041596104,-62.913987576434515,1000.0,302.5285964905036,0.06349218583035773
1o_02-06mai_2024-05-05_-30.5_-53.5,1o_02-06mai,2024-04-30 12:00:00,-9.637466777561757,-62.74336281860884,972.9720565041911,302.5285964905036,0.07276291552550652
1o_02-06mai_2024-05-05_-30.5_-53.5,1o_02-06mai,2024-04-30 06:00:00,-9.277808154332877,-62.29620214015097,954.8782960830573,302.5285964905036,0.029752801343581135
1o_02-06mai_2024-05-05_-30.5_-53.5,1o_02-06mai,2024-04-30 00:00:00,-9.131685859816193,-62.04590143885645,984.6656935592057,302.5285964905036,0.02889128020648027
1o_02-06mai_2024-05-05_-30.5_-53.5,1o_02-06mai,2024-04-29 18:00:00,-9.05613439198968,-61.95361846795257,1000.0,302.5285964905036,0.02922704155557725
1o_02-06mai_2024-05-05_-30.5_-53.5,1o_02-06mai,2024-04-29 12:00:00,-8.969589695625038,-61.75104913634024,977.6457241772708,302.5285964905036,0.03281345132474659
1o_02-06mai_2024-05-05_-30.5_-53.5,1o_02-06mai,2024-04-29 06:00:00,-8.735688853618367,-61.31537398658159,949.2195445918894,302.5285964905036,0.07103309882780613
1o_02-06mai_2024-05-05_-30.5_-53.5,1o_02-06mai,2024-04-29 00:00:00,-8.805775388168785,-60.83283182649627,962.905312791376,302.5285964905036,0.05234560030799017
1o_02-06mai_2024-05-05_-30.5_-53.5,1o_02-06mai,2024-04-28 18:00:00,-8.863231396637499,-60.69397000936023,1000.0,302.5285964905036,0.05809861748200278
1o_02-06mai_2024-05-05_-30.5_-53.5,1o_02-06mai,2024-04-28 12:00:00,-8.736795839958429,-60.53091391411817,966.5522664245949,302.5285964905036,0.058155414434629044
1o_02-06mai_2024-05-05_-30.5_-53.5,1o_02-06mai,2024-04-28 06:00:00,-8.514638908291735,-60.22598472821946,941.9027295195868,302.5285964905036,0.08924383612106716
1o_02-06mai_2024-05-05_-30.5_-53.5,1o_02-06mai,2024-04-28 00:00:00,-8.547351229532698,-59.99030066760765,971.3874858021933,302.5285964905036,0.09065872676375243
1o_02-06mai_2024-05-05_-30.5_-53.5,1o_02-06mai,2024-04-27 18:00:00,-8.55236823355229,-59.885263269384744,1000.0,302.5285964905036,0.09043987825957797
1o_02-06mai_2024-05-05_-30.5_-53.5,1o_02-06mai,2024-04-27 12:00:00,-8.28504416633374,-59.79915859169655,950.2722280587451,302.5285964905036,0.09224310844525856
1o_02-06mai_2024-05-05_-30.5_-53.5,1o_02-06mai,2024-04-27 06:00:00,-7.9237329368055125,-59.40347153177419,923.9650393682808,302.5285964905036,0.08861102090157473
1o_02-06mai_2024-05-05_-30.5_-53.5,1o_02-06mai,2024-04-27 00:00:00,-7.7347123747142,-59.04838934072148,929.5000605214344,302.5285964905036,0.08312737120176882
1o_02-06mai_2024-05-05_-30.5_-53.5,1o_02-06mai,2024-04-26 18:00:00,-7.621040367536251,-58.81455802793727,941.2269159412501,302.5285964905036,0.07587501990566806
1o_02-06mai_2024-05-05_-30.5_-53.5,1o_02-06mai,2024-04-26 12:00:00,-7.47089673133521,-58.535706579595924,917.9542786287651,302.5285964905036,0.07730143893776595
1o_02-06mai_2024-05-05_-30.5_-53.5,1o_02-06mai,2024-04-26 06:00:00,-7.333398964268122,-58.084847549456896,909.1896125685607,302.5285964905036,0.0834837497788185
1o_02-06mai_2024-05-05_-30.5_-53.5,1o_02-06mai,2024-04-26 00:00:00,-7.214798898036402,-57.918562845396806,913.6062690628761,302.5285964905036,0.08075965550784751
1o_02-06mai_2024-05-05_-30.5_-53.5,1o_02-06mai,2024-04-25 18:00:00,-7.1391202021047455,-57.81784787397924,908.7700526947093,302.5285964905036,0.09733336666330429
1o_02-06mai_2024-05-05_-30.5_-53.5,1o_02-06mai,2024-04-25 12:00:00,-7.199668212766476,-57.28866313042254,905.5894012007583,302.5285964905036,0.12456342599926816
1o_02-06mai_2024-05-05_-30.5_-53.5,1o_02-06mai,2024-04-25 06:00:00,-7.520194081418706,-56.605174011583436,919.5628860342456,302.5285964905036,0.049915478323329716
1o_02-06mai_2024-05-05_-30.5_-53.5,1o_02-06mai,2024-04-25 00:00:00,-7.895587586046336,-56.343079146024465,944.5025138637714,302.5285964905036,0.039074654256292016
1o_02-06mai_2024-05-05_-30.5_-53.5,1o_02-06mai,2024-04-24 18:00:00,-7.949864881253558,-56.28517355337268,993.6851731545472,302.5285964905036,0.046251229810689735
1o_02-06mai_2024-05-05_-30.5_-53.5,1o_02-06mai,2024-04-24 12:00:00,-7.972860583939645,-56.02308414343482,968.0011660068845,302.5285964905036,0.04044776384156011
1o_02-06mai_2024-05-05_-30.5_-53.5,1o_02-06mai,2024-04-24 06:00:00,-7.892454359918197,-55.671960624902674,928.4507476119941,302.5285964905036,0.031197806436869313
1o_02-06mai_2024-05-05_-30.5_-53.5,1o_02-06mai,2024-04-24 00:00:00,-7.893591808960741,-55.18378378572399,923.0678189454694,302.5285964905036,0.026268398131815522
1o_02-06mai_2024-05-05_-30.5_-53.5,1o_02-06mai,2024-04-23 18:00:00,-7.816953937298327,-55.06548825113018,1000.0,302.5285964905036,0.030079087634750094
1o_02-06mai_2024-05-05_-30.5_-53.5,1o_02-06mai,2024-04-23 12:00:00,-7.7189844654348185,-54.67176211453815,979.8820767190642,302.5285964905036,0.026490293250800975
1o_02-06mai_2024-05-05_-30.5_-53.5,1o_02-06mai,2024-04-23 06:00:00,-7.629577953461218,-53.62969593396797,933.8760675072625,302.5285964905036,0.07083227611911239
1o_02-06mai_2024-05-05_-30.5_-53.5,1o_02-06mai,2024-04-23 00:00:00,-7.661452965347799,-52.84985357145671,940.1575709787816,302.5285964905036,0.06363883262660705
1o_02-06mai_2024-05-05_-30.5_-53.5,1o_02-06mai,2024-04-22 18:00:00,-7.599338765815895,-52.42762036263404,945.0293599875895,302.5285964905036,0.06862604432866523
1o_02-06mai_2024-05-05_-30.5_-53.5,1o_02-06mai,2024-04-22 12:00:00,-7.459616123120904,-51.84746494985985,922.3207897389507,302.5285964905036,0.11410441955498425
1o_02-06mai_2024-05-05_-30.5_-53.5,1o_02-06mai,2024-04-22 06:00:00,-7.498860998085322,-50.888726183666506,892.5445626931121,302.5285964905036,0.10480377666809422
1o_02-06mai_2024-05-05_-30.5_-53.5,1o_02-06mai,2024-04-22 00:00:00,-7.642651014211668,-50.14643723823051,909.5359173603516,302.5285964905036,0.0992960980038899
1o_02-06mai_2024-05-05_-30.5_-53.5,1o_02-06mai,2024-04-21 18:00:00,-7.797422649660742,-49.792344849851894,962.2085432078447,302.5285964905036,0.09456332458456004
1o_02-06mai_2024-05-05_-30.5_-53.5,1o_02-06mai,2024-04-21 12:00:00,-7.8664766634538035,-49.331273246090866,929.7901505562187,302.5285964905036,0.11195860696999604
1o_02-06mai_2024-05-05_-28.5_-51.0,1o_02-06mai,2024-05-05 12:00:00,-28.5,-51.0,850.0,306.17225608877436,0.08143345266580582
1o_02-06mai_2024-05-05_-28.5_-51.0,1o_02-06mai,2024-05-05 06:00:00,-26.265584531087335,-51.8485685401103,864.7935947520691,306.17225608877436,0.03656165405042686
1o_02-06mai_2024-05-05_-28.5_-51.0,1o_02-06mai,2024-05-05 00:00:00,-25.1390430142453,-51.61877460792594,882.8013458826237,306.17225608877436,0.04249943210974952
1o_02-06mai_2024-05-05_-28.5_-51.0,1o_02-06mai,2024-05-04 18:00:00,-24.698462384186875,-51.65612671429232,932.7276274891773,306.17225608877436,0.049155750942261225
1o_02-06mai_2024-05-05_-28.5_-51.0,1o_02-06mai,2024-05-04 12:00:00,-23.18183331960179,-52.11518867239904,885.9398133972865,306.17225608877436,0.05134872789890755
1o_02-06mai_2024-05-05_-28.5_-51.0,1o_02-06mai,2024-05-04 06:00:00,-20.92094543145532,-52.09326740901013,925.3884503066589,306.17225608877436,0.029207447062915948
1o_02-06mai_2024-05-05_-28.5_-51.0,1o_02-06mai,2024-05-04 00:00:00,-19.75342426475758,-51.3476117084262,953.2734233742735,306.17225608877436,0.02789787046191876
1o_02-06mai_2024-05-05_-28.5_-51.0,1o_02-06mai,2024-05-03 18:00:00,-19.33651906929157,-51.03903356277359,990.0141766125931,306.17225608877436,0.033969128924186735
1o_02-06mai_2024-05-05_-28.5_-51.0,1o_02-06mai,2024-05-03 12:00:00,-18.59227621508812,-50.860353735535156,932.8259400751381,306.17225608877436,0.031431331388650036
1o_02-06mai_2024-05-05_-28.5_-51.0,1o_02-06mai,2024-05-03 06:00:00,-18.142618560251012,-50.457454954398386,880.6903928805978,306.17225608877436,0.029204368394167114
1o_02-06mai_2024-05-05_-28.5_-51.0,1o_02-06mai,2024-05-03 00:00:00,-18.001168159859837,-50.26058409993527,937.787071032576,306.17225608877436,0.03380740840323541
1o_02-06mai_2024-05-05_-28.5_-51.0,1o_02-06mai,2024-05-02 18:00:00,-17.752803838753543,-50.29854503885802,988.3737398416309,306.17225608877436,0.03751982538667448
1o_02-06mai_2024-05-05_-28.5_-51.0,1o_02-06mai,2024-05-02 12:00:00,-16.956046195665778,-50.07939114996163,909.3915215716565,306.17225608877436,0.03682373116447348
1o_02-06mai_2024-05-05_-28.5_-51.0,1o_02-06mai,2024-05-02 06:00:00,-16.177819445374258,-49.14405902604517,870.4158676706389,306.17225608877436,0.03054783251515553
1o_02-06mai_2024-05-05_-28.5_-51.0,1o_02-06mai,2024-05-02 00:00:00,-16.10720049755678,-48.220539372667616,885.5702373175843,306.17225608877436,0.03027808163942175
1o_02-06mai_2024-05-05_-28.5_-51.0,1o_02-06mai,2024-05-01 18:00:00,-16.10013552675199,-47.80682971595839,938.58436851792,306.17225608877436,0.027797449016738213
1o_02-06mai_2024-05-05_-28.5_-51.0,1o_02-06mai,2024-05-01 12:00:00,-15.907542857367012,-46.95883371374321,885.4772022711802,306.17225608877436,0.020594879918993125
1o_02-06mai_2024-05-05_-28.5_-51.0,1o_02-06mai,2024-05-01 06:00:00,-15.835610147995807,-45.587400345104015,836.0442085012821,306.17225608877436,0.011838330006338953
1o_02-06mai_2024-05-05_-28.5_-51.0,1o_02-06mai,2024-05-01 00:00:00,-15.990380886366683,-44.34705527595727,869.3818174664285,306.17225608877436,0.009054698579795488
1o_02-06mai_2024-05-05_-28.5_-51.0,1o_02-06mai,2024-04-30 18:00:00,-16.289070417714434,-43.64597527667874,942.4933954481655,306.17225608877436,0.00617129597430902
1o_02-06mai_2024-05-05_-28.5_-51.0,1o_02-06mai,2024-04-30 12:00:00,-16.430330882320984,-42.61685003100669,835.9048510505886,306.17225608877436,0.0039272681889358126
1o_02-06mai_2024-05-05_-28.5_-51.0,1o_02-06mai,2024-04-30 06:00:00,-16.784276475893467,-41.248479722249606,812.8222409092145,306.17225608877436,0.028202858955348804
1o_02-06mai_2024-05-05_-28.5_-51.0,1o_02-06mai,2024-04-30 00:00:00,-17.528326287151977,-40.497638157124314,828.7352600689178,306.17225608877436,0.04339181307244939
1o_02-06mai_2024-05-05_-28.5_-51.0,1o_02-06mai,2024-04-29 18:00:00,-18.023144950204568,-40.07034604786679,829.9497553579002,306.17225608877436,0.05310768489183829
1o_02-06mai_2024-05-05_-28.5_-51.0,1o_02-06mai,2024-04-29 12:00:00,-18.53943745505241,-39.558215497917125,828.7503250357078,306.17225608877436,0.020278747416370813
1o_02-06mai_2024-05-05_-28.5_-51.0,1o_02-06mai,2024-04-29 06:00:00,-19.226815622319787,-39.287022962916474,836.458570530081,306.17225608877436,0.025259878355654918
1o_02-06mai_2024-05-05_-28.5_-51.0,1o_02-06mai,2024-04-29 00:00:00,-20.057488511238553,-39.58273438382145,840.220398141333,306.17225608877436,0.0185565323331062
1o_02-06mai_2024-05-05_-28.5_-51.0,1o_02-06mai,2024-04-28 18:00:00,-20.30180081316364,-40.3392630457897,853.5716287865156,306.17225608877436,0.02357212185442447
1o_02-06mai_2024-05-05_-28.5_-51.0,1o_02-06mai,2024-04-28 12:00:00,-20.268976863295592,-40.88311690670281,842.8150172929476,306.17225608877436,0.015690438389498507
1o_02-06mai_2024-05-05_-28.5_-51.0,1o_02-06mai,2024-04-28 06:00:00,-20.394977312597508,-41.33855828348895,824.6608564108044,306.17225608877436,0.04246839597090472
1o_02-06mai_2024-05-05_-28.5_-51.0,1o_02-06mai,2024-04-28 00:00:00,-20.205333457080304,-41.506426395567274,807.0329442714135,306.17225608877436,0.04560463071816844
1o_02-06mai_2024-05-05_-28.5_-51.0,1o_02-06mai,2024-04-27 18:00:00,-20.12693725713137,-41.54650564718272,804.0072937525957,306.17225608877436,0.04542503054087702
1o_02-06mai_2024-05-05_-28.5_-51.0,1o_02-06mai,2024-04-27 12:00:00,-20.076528862460425,-41.46254247447885,792.5078280737905,306.17225608877436,0.046232629766808406
1o_02-06mai_2024-05-05_-28.5_-51.0,1o_02-06mai,2024-04-27 06:00:00,-20.15739494132521,-41.08485625561785,782.106598061598,306.17225608877436,0.07212582102044435
1o_02-06mai_2024-05-05_-28.5_-51.0,1o_02-06mai,2024-04-27 00:00:00,-20.551814358550793,-40.61258514062032,780.6805826187085,306.17225608877436,0.07116517002053369
1o_02-06mai_2024-05-05_-28.5_-51.0,1o_02-06mai,2024-04-26 18:00:00,-20.947793548717097,-40.48860919094362,782.7569940032664,306.17225608877436,0.07711051568458045
1o_02-06mai_2024-05-05_-28.5_-51.0,1o_02-06mai,2024-04-26 12:00:00,-21.44345779225626,-40.32121380248086,786.9484568138575,306.17225608877436,0.07821364661719471
1o_02-06mai_2024-05-05_-28.5_-51.0,1o_02-06mai,2024-04-26 06:00:00,-22.030308369363034,-40.391257198132486,788.912221752147,306.17225608877436,0.07873732805597737
1o_02-06mai_2024-05-05_-28.5_-51.0,1o_02-06mai,2024-04-26 00:00:00,-22.636033020683517,-40.569975873899615,797.2323390942138,306.17225608877436,0.08335926438764228
1o_02-06mai_2024-05-05_-28.5_-51.0,1o_02-06mai,2024-04-25 18:00:00,-23.281619144880235,-40.86168942078724,800.1563181083637,306.17225608877436,0.0897203418824932
1o_02-06mai_2024-05-05_-28.5_-51.0,1o_02-06mai,2024-04-25 12:00:00,-24.199498367606296,-41.464064721995506,799.1924958324166,306.17225608877436,0.1068004046233163
1o_02-06mai_2024-05-05_-28.5_-51.0,1o_02-06mai,2024-04-25 06:00:00,-25.352500840315027,-42.75105900683113,791.3966091904755,306.17225608877436,0.06295368362120894
1o_02-06mai_2024-05-05_-28.5_-51.0,1o_02-06mai,2024-04-25 00:00:00,-26.518016013525173,-44.57359738732908,788.9281464392617,306.17225608877436,0.06630939252343229
1o_02-06mai_2024-05-05_-28.5_-51.0,1o_02-06mai,2024-04-24 18:00:00,-27.333851944622307,-46.52892020714966,789.3074185478537,306.17225608877436,0.07025724040165104
1o_02-06mai_2024-05-05_-28.5_-51.0,1o_02-06mai,2024-04-24 12:00:00,-27.60395091629605,-48.151246748449296,784.0279828017392,306.17225608877436,0.0625048076837186
1o_02-06mai_2024-05-05_-28.5_-51.0,1o_02-06mai,2024-04-24 06:00:00,-27.760701360393703,-49.39911559027197,791.1342024868775,306.17225608877436,0.029413477125909842
1o_02-06mai_2024-05-05_-28.5_-51.0,1o_02-06mai,2024-04-24 00:00:00,-28.192044793512267,-51.27687434711189,798.6705471086858,306.17225608877436,0.04022086767111846
1o_02-06mai_2024-05-05_-28.5_-51.0,1o_02-06mai,2024-04-23 18:00:00,-27.80043466847926,-52.818499246965416,794.9240107756722,306.17225608877436,0.05443051624818649
1o_02-06mai_2024-05-05_-28.5_-51.0,1o_02-06mai,2024-04-23 12:00:00,-27.77884799535731,-54.74661237602241,804.4190811594253,306.17225608877436,0.1283774029220454
1o_02-06mai_2024-05-05_-28.5_-51.0,1o_02-06mai,2024-04-23 06:00:00,-27.15891781639951,-56.81028571639711,832.0458661679148,306.17225608877436,0.08049736488198032
1o_02-06mai_2024-05-05_-28.5_-51.0,1o_02-06mai,2024-04-23 00:00:00,-25.397076002315927,-57.79559112188671,845.9897207925353,306.17225608877436,0.05195366767824166
1o_02-06mai_2024-05-05_-28.5_-51.0,1o_02-06mai,2024-04-22 18:00:00,-23.195995587300484,-58.139356574262266,905.6145271407639,306.17225608877436,0.03542736659744017
1o_02-06mai_2024-05-05_-28.5_-51.0,1o_02-06mai,2024-04-22 12:00:00,-20.689740952508224,-58.62404008939119,886.0419989881678,306.17225608877436,0.039085202896263445
1o_02-06mai_2024-05-05_-28.5_-51.0,1o_02-06mai,2024-04-22 06:00:00,-18.23314255582722,-59.067954999417715,869.8774244613104,306.17225608877436,0.06419574123019724
1o_02-06mai_2024-05-05_-28.5_-51.0,1o_02-06mai,2024-04-22 00:00:00,-16.73368201090278,-58.96727096676381,869.7360406504447,306.17225608877436,0.06369093744195314
1o_02-06mai_2024-05-05_-28.5_-51.0,1o_02-06mai,2024-04-21 18:00:00,-15.704216834524464,-58.66750353650847,897.4345987680173,306.17225608877436,0.07673171133903721
1o_02-06mai_2024-05-05_-28.5_-51.0,1o_02-06mai,2024-04-21 12:00:00,-14.660301235464186,-58.00383155234008,893.1374101972093,306.17225608877436,0.08376572901845196
1o_02-06mai_2024-05-05_-31.0_-54.5,1o_02-06mai,2024-05-05 12:00:00,-31.0,-54.5,850.0,301.70207292076674,0.0861278548836708
1o_02-06mai_2024-05-05_-31.0_-54.5,1o_02-06mai,2024-05-05 06:00:00,-28.712707044199437,-57.05804941387841,865.5725337475864,301.70207292076674,0.08478148457051533
1o_02-06mai_2024-05-05_-31.0_-54.5,1o_02-06mai,2024-05-05 00:00:00,-26.273508895541138,-58.80311512122682,863.561646422339,301.70207292076674,0.09381038737550937
1o_02-06mai_2024-05-05_-31.0_-54.5,1o_02-06mai,2024-05-04 18:00:00,-23.212960503397582,-60.42367212393442,855.1114731346594,301.70207292076674,0.0986296727080141
1o_02-06mai_2024-05-05_-31.0_-54.5,1o_02-06mai,2024-05-04 12:00:00,-20.915568563395485,-61.11356811368065,848.4676658161941,301.70207292076674,0.1264044998581943
1o_02-06mai_2024-05-05_-31.0_-54.5,1o_02-06mai,2024-05-04 06:00:00,-19.163640272639462,-61.43258015668873,881.7935438960842,301.70207292076674,0.06659807323115148
1o_02-06mai_2024-05-05_-31.0_-54.5,1o_02-06mai,2024-05-04 00:00:00,-17.940969041875398,-61.87289000821566,956.0621128371522,301.70207292076674,0.05432010488898473
1o_02-06mai_2024-05-05_-31.0_-54.5,1o_02-06mai,2024-05-03 18:00:00,-17.394780995816973,-62.30900929355975,961.283772972875,301.70207292076674,0.06326316215983191
1o_02-06mai_2024-05-05_-31.0_-54.5,1o_02-06mai,2024-05-03 12:00:00,-16.644485281720797,-62.939603070612534,900.1861357738891,301.70207292076674,0.07091332762205785
1o_02-06mai_2024-05-05_-31.0_-54.5,1o_02-06mai,2024-05-03 06:00:00,-15.914220481553244,-63.138474494076014,963.8670654055079,301.70207292076674,0.024340474416036727
1o_02-06mai_2024-05-05_-31.0_-54.5,1o_02-06mai,2024-05-03 00:00:00,-15.6681062194083,-62.968704427957896,998.8275822951168,301.70207292076674,0.018873382887170744
1o_02-06mai_2024-05-05_-31.0_-54.5,1o_02-06mai,2024-05-02 18:00:00,-15.293596392914552,-63.029915514183294,1000.0,301.70207292076674,0.02932351425395438
1o_02-06mai_2024-05-05_-31.0_-54.5,1o_02-06mai,2024-05-02 12:00:00,-14.88689044573752,-63.194632881036604,999.5406773202195,301.70207292076674,0.05166689804047567
1o_02-06mai_2024-05-05_-31.0_-54.5,1o_02-06mai,2024-05-02 06:00:00,-14.0501583492418,-63.52779652407256,972.0415659786051,301.70207292076674,0.060277278751060884
1o_02-06mai_2024-05-05_-31.0_-54.5,1o_02-06mai,2024-05-02 00:00:00,-13.695678303375537,-63.56405731591962,1000.0,301.70207292076674,0.04744572842636241
1o_02-06mai_2024-05-05_-31.0_-54.5,1o_02-06mai,2024-05-01 18:00:00,-13.250842886632334,-63.66704408266548,1000.0,301.70207292076674,0.04435461797626543
1o_02-06mai_2024-05-05_-31.0_-54.5,1o_02-06mai,2024-05-01 12:00:00,-12.891189334829514,-63.72219497848996,1000.0,301.70207292076674,0.03361164769533171
1o_02-06mai_2024-05-05_-31.0_-54.5,1o_02-06mai,2024-05-01 06:00:00,-12.136291462416079,-63.764003489013376,972.0380047161977,301.70207292076674,0.054534914535950656
1o_02-06mai_2024-05-05_-31.0_-54.5,1o_02-06mai,2024-05-01 00:00:00,-11.86706092889776,-63.66537460600559,1000.0,301.70207292076674,0.06398241329553428
1o_02-06mai_2024-05-05_-31.0_-54.5,1o_02-06mai,2024-04-30 18:00:00,-11.580792725091683,-63.59953289482606,1000.0,301.70207292076674,0.0793191235087685
1o_02-06mai_2024-05-05_-31.0_-54.5,1o_02-06mai,2024-04-30 12:00:00,-11.382242148677411,-63.56484951739685,1000.0,301.70207292076674,0.07619979397148977
1o_02-06mai_2024-05-05_-31.0_-54.5,1o_02-06mai,2024-04-30 06:00:00,-11.178842977127179,-63.49805527227779,998.194110308833,301.70207292076674,0.02801110373213676
1o_02-06mai_2024-05-05_-31.0_-54.5,1o_02-06mai,2024-04-30 00:00:00,-11.069552335740934,-63.46618446651366,1000.0,301.70207292076674,0.02793261799116866
1o_02-06mai_2024-05-05_-31.0_-54.5,1o_02-06mai,2024-04-29 18:00:00,-10.984742515033808,-63.441356376007874,1000.0,301.70207292076674,0.03557404822039125
1o_02-06mai_2024-05-05_-31.0_-54.5,1o_02-06mai,2024-04-29 12:00:00,-10.81870855356109,-63.418331215626395,1000.0,301.70207292076674,0.04934329529379855
1o_02-06mai_2024-05-05_-31.0_-54.5,1o_02-06mai,2024-04-29 06:00:00,-10.589326260932205,-63.411984642804796,979.4200109530036,301.70207292076674,0.04972480471955334
1o_02-06mai_2024-05-05_-31.0_-54.5,1o_02-06mai,2024-04-29 00:00:00,-10.66912873684341,-63.51782855006885,1000.0,301.70207292076674,0.0366389049264644
1o_02-06mai_2024-05-05_-31.0_-54.5,1o_02-06mai,2024-04-28 18:00:00,-10.617528014676896,-63.48409710177408,1000.0,301.70207292076674,0.034981742914779075
1o_02-06mai_2024-05-05_-31.0_-54.5,1o_02-06mai,2024-04-28 12:00:00,-10.468396883948998,-63.44493913911518,995.7400799766024,301.70207292076674,0.03704511519278876
1o_02-06mai_2024-05-05_-31.0_-54.5,1o_02-06mai,2024-04-28 06:00:00,-10.038643611610901,-63.17622004732377,960.883263155686,301.70207292076674,0.055667065942792235
1o_02-06mai_2024-05-05_-31.0_-54.5,1o_02-06mai,2024-04-28 00:00:00,-9.912437966821654,-63.0134301999378,980.6742607028972,301.70207292076674,0.06044555962940478
1o_02-06mai_2024-05-05_-31.0_-54.5,1o_02-06mai,2024-04-27 18:00:00,-9.825570034875424,-62.932240938519435,984.1991232718916,301.70207292076674,0.06622844340222436
1o_02-06mai_2024-05-05_-31.0_-54.5,1o_02-06mai,2024-04-27 12:00:00,-9.443272200844033,-62.792299708578724,955.9013315598936,301.70207292076674,0.06560441008893217
1o_02-06mai_2024-05-05_-31.0_-54.5,1o_02-06mai,2024-04-27 06:00:00,-8.990284473429332,-62.4869439973047,955.3027365312096,301.70207292076674,0.07946367856061458
1o_02-06mai_2024-05-05_-31.0_-54.5,1o_02-06mai,2024-04-27 00:00:00,-8.819647123748226,-62.124612369228686,975.5023057290156,301.70207292076674,0.09649328719255239
1o_02-06mai_2024-05-05_-31.0_-54.5,1o_02-06mai,2024-04-26 18:00:00,-8.780115119250235,-61.966374500326275,1000.0,301.70207292076674,0.1192427732397273
1o_02-06mai_2024-05-05_-31.0_-54.5,1o_02-06mai,2024-04-26 12:00:00,-8.670184332522961,-61.810792393818154,991.0529955601505,301.70207292076674,0.12560934973773816
1o_02-06mai_2024-05-05_-31.0_-54.5,1o_02-06mai,2024-04-26 06:00:00,-8.456056281665237,-61.48952730350373,943.0012212098538,301.70207292076674,0.0955490551609063
1o_02-06mai_2024-05-05_-31.0_-54.5,1o_02-06mai,2024-04-26 00:00:00,-8.328801196863164,-61.284386699229785,966.8893554732599,301.70207292076674,0.07913550281882688
1o_02-06mai_2024-05-05_-31.0_-54.5,1o_02-06mai,2024-04-25 18:00:00,-8.273428496325828,-61.16303894004344,1000.0,301.70207292076674,0.09467405205906564
1o_02-06mai_2024-05-05_-31.0_-54.5,1o_02-06mai,2024-04-25 12:00:00,-8.212879176639902,-61.11745692413444,952.9148070556023,301.70207292076674,0.10015474874282432
1o_02-06mai_2024-05-05_-31.0_-54.5,1o_02-06mai,2024-04-25 06:00:00,-8.177996152783873,-61.236596618385924,932.8957123225525,301.70207292076674,0.04799666077075776
1o_02-06mai_2024-05-05_-31.0_-54.5,1o_02-06mai,2024-04-25 00:00:00,-8.51976788842768,-61.92412280417471,929.2531049721103,301.70207292076674,0.06345643689977211
1o_02-06mai_2024-05-05_-31.0_-54.5,1o_02-06mai,2024-04-24 18:00:00,-8.784905195916123,-62.4878470648672,935.0068020062414,301.70207292076674,0.09078873673084115
1o_02-06mai_2024-05-05_-31.0_-54.5,1o_02-06mai,2024-04-24 12:00:00,-8.418418424988806,-62.66728966761125,922.08887053619,301.70207292076674,0.10000553941699626
1o_02-06mai_2024-05-05_-31.0_-54.5,1o_02-06mai,2024-04-24 06:00:00,-7.987914819539597,-62.550938833915126,935.5446569846198,301.70207292076674,0.07270394928570342
1o_02-06mai_2024-05-05_-31.0_-54.5,1o_02-06mai,2024-04-24 00:00:00,-7.643520896642728,-62.41599457431558,952.1356639736357,301.70207292076674,0.055840081192286686
1o_02-06mai_2024-05-05_-31.0_-54.5,1o_02-06mai,2024-04-23 18:00:00,-7.5279520877920785,-62.28281731769367,1000.0,301.70207292076674,0.06957846362059258
1o_02-06mai_2024-05-05_-31.0_-54.5,1o_02-06mai,2024-04-23 12:00:00,-7.512016680668555,-62.05319020340462,994.6569898610722,301.70207292076674,0.06230447695326252
1o_02-06mai_2024-05-05_-31.0_-54.5,1o_02-06mai,2024-04-23 06:00:00,-7.275643002970364,-61.569927124691596,958.3006044431482,301.70207292076674,0.06562454903922921
1o_02-06mai_2024-05-05_-31.0_-54.5,1o_02-06mai,2024-04-23 00:00:00,-7.35987751430582,-61.3306701743001,997.7963398511303,301.70207292076674,0.04888369992803122
1o_02-06mai_2024-05-05_-31.0_-54.5,1o_02-06mai,2024-04-22 18:00:00,-7.364422598475246,-61.208246258557175,1000.0,301.70207292076674,0.05237407791969793
1o_02-06mai_2024-05-05_-31.0_-54.5,1o_02-06mai,2024-04-22 12:00:00,-7.141091812515169,-60.87381082208384,952.2655071323569,301.70207292076674,0.06927003529723652
1o_02-06mai_2024-05-05_-31.0_-54.5,1o_02-06mai,2024-04-22 06:00:00,-6.756797845697594,-60.00004277868547,923.5924579871266,301.70207292076674,0.09505979199418559
1o_02-06mai_2024-05-05_-31.0_-54.5,1o_02-06mai,2024-04-22 00:00:00,-6.5501567490621,-59.30206979263998,936.658219255553,301.70207292076674,0.0706834540954433
1o_02-06mai_2024-05-05_-31.0_-54.5,1o_02-06mai,2024-04-21 18:00:00,-6.499035649448451,-58.81348431230153,932.2099448429935,301.70207292076674,0.08011559465778105
1o_02-06mai_2024-05-05_-31.0_-54.5,1o_02-06mai,2024-04-21 12:00:00,-6.77456649308573,-57.89358091833483,917.5392382449857,301.70207292076674,0.07712267299506968
1o_02-06mai_2024-05-05_-29.0_-50.0,1o_02-06mai,2024-05-05 12:00:00,-29.0,-50.0,850.0,304.91814978122807,0.07953332447343402
1o_02-06mai_2024-05-05_-29.0_-50.0,1o_02-06mai,2024-05-05 06:00:00,-26.85194800957016,-50.67913183261329,864.7131837922441,304.91814978122807,0.05926684975973822
1o_02-06mai_2024-05-05_-29.0_-50.0,1o_02-06mai,2024-05-05 00:00:00,-26.092016465642406,-50.59508312192095,875.2434380621687,304.91814978122807,0.05698589663941769
1o_02-06mai_2024-05-05_-29.0_-50.0,1o_02-06mai,2024-05-04 18:00:00,-25.79909743849645,-50.69357698627363,940.0276309438609,304.91814978122807,0.06758530100769138
1o_02-06mai_2024-05-05_-29.0_-50.0,1o_02-06mai,2024-05-04 12:00:00,-24.790153363149873,-51.28681441011661,899.2508608574367,304.91814978122807,0.07099060104906098
1o_02-06mai_2024-05-05_-29.0_-50.0,1o_02-06mai,2024-05-04 06:00:00,-23.16291372687539,-51.394726200982994,916.1742554498403,304.91814978122807,0.045995751492325855
1o_02-06mai_2024-05-05_-29.0_-50.0,1o_02-06mai,2024-05-04 00:00:00,-22.29107797140651,-51.294147374599156,977.590622456179,304.91814978122807,0.04835780523900557
1o_02-06mai_2024-05-05_-29.0_-50.0,1o_02-06mai,2024-05-03 18:00:00,-21.719151305441077,-51.27522581474746,1000.0,304.91814978122807,0.054231538809934754
1o_02-06mai_2024-05-05_-29.0_-50.0,1o_02-06mai,2024-05-03 12:00:00,-20.877558584474617,-51.38348484407086,978.1473798094628,304.91814978122807,0.05504011496853875
1o_02-06mai_2024-05-05_-29.0_-50.0,1o_02-06mai,2024-05-03 06:00:00,-19.838052239376417,-51.570452490529846,949.4465372006057,304.91814978122807,0.0474584756459944
1o_02-06mai_2024-05-05_-29.0_-50.0,1o_02-06mai,2024-05-03 00:00:00,-19.31369949641366,-51.49756643674266,973.1696677918487,304.91814978122807,0.04793953744713585
1o_02-06mai_2024-05-05_-29.0_-50.0,1o_02-06mai,2024-05-02 18:00:00,-18.94898136412891,-51.47473031383561,1000.0,304.91814978122807,0.051025283412163135
1o_02-06mai_2024-05-05_-29.0_-50.0,1o_02-06mai,2024-05-02 12:00:00,-18.22476740854058,-51.635864889622496,964.5808734957931,304.91814978122807,0.04794632021155584
1o_02-06mai_2024-05-05_-29.0_-50.0,1o_02-06mai,2024-05-02 06:00:00,-17.674440406661507,-51.38188637787844,907.6284053978558,304.91814978122807,0.02153730654289817
1o_02-06mai_2024-05-05_-29.0_-50.0,1o_02-06mai,2024-05-02 00:00:00,-17.442256481800225,-51.2097508759978,947.5326114443722,304.91814978122807,0.015748574659607037
1o_02-06mai_2024-05-05_-29.0_-50.0,1o_02-06mai,2024-05-01 18:00:00,-17.183413769064682,-51.03405278361287,1000.0,304.91814978122807,0.012618434104112827
1o_02-06mai_2024-05-05_-29.0_-50.0,1o_02-06mai,2024-05-01 12:00:00,-17.02969369106165,-50.81607055051835,963.5431084184446,304.91814978122807,0.01255341240837366
1o_02-06mai_2024-05-05_-29.0_-50.0,1o_02-06mai,2024-05-01 06:00:00,-16.955318140953988,-50.18067469952197,915.1349094846131,304.91814978122807,0.014673232865713627
1o_02-06mai_2024-05-05_-29.0_-50.0,1o_02-06mai,2024-05-01 00:00:00,-17.043458371865878,-49.71316429149314,973.3451274095628,304.91814978122807,0.01725718671792468
1o_02-06mai_2024-05-05_-29.0_-50.0,1o_02-06mai,2024-04-30 18:00:00,-17.111124145525537,-49.51462092682753,1000.0,304.91814978122807,0.016743886569003035
1o_02-06mai_2024-05-05_-29.0_-50.0,1o_02-06mai,2024-04-30 12:00:00,-16.882002728089123,-49.155679783091244,976.817324052666,304.91814978122807,0.012067319192320139
1o_02-06mai_2024-05-05_-29.0_-50.0,1o_02-06mai,2024-04-30 06:00:00,-16.351584386303426,-47.987468769783426,889.4721846821296,304.91814978122807,0.017190501979757952
1o_02-06mai_2024-05-05_-29.0_-50.0,1o_02-06mai,2024-04-30 00:00:00,-16.39707261454172,-47.60764058819446,932.5486982406455,304.91814978122807,0.022345672507223583
1o_02-06mai_2024-05-05_-29.0_-50.0,1o_02-06mai,2024-04-29 18:00:00,-16.412125296004376,-47.170261276581975,986.7001179112336,304.91814978122807,0.02346857773257972
1o_02-06mai_2024-05-05_-29.0_-50.0,1o_02-06mai,2024-04-29 12:00:00,-16.525696883141112,-46.72087954024327,944.2251290087293,304.91814978122807,0.0279113062741606
1o_02-06mai_2024-05-05_-29.0_-50.0,1o_02-06mai,2024-04-29 06:00:00,-16.536624858822574,-45.94368707693047,895.6523622044529,304.91814978122807,0.00610318601719373
1o_02-06mai_2024-05-05_-29.0_-50.0,1o_02-06mai,2024-04-29 00:00:00,-16.679454697947385,-45.48019520193615,948.8151061073497,304.91814978122807,0.0038765359123299975
1o_02-06mai_2024-05-05_-29.0_-50.0,1o_02-06mai,2024-04-28 18:00:00,-16.808912772991437,-45.30117452877013,1000.0,304.91814978122807,0.0036575476472100426
1o_02-06mai_2024-05-05_-29.0_-50.0,1o_02-06mai,2024-04-28 12:00:00,-17.01302927897918,-44.7949195164553,918.6865205324671,304.91814978122807,0.005331521286731763
1o_02-06mai_2024-05-05_-29.0_-50.0,1o_02-06mai,2024-04-28 06:00:00,-17.384921813450564,-44.22567000320041,857.9157506646668,304.91814978122807,0.02693483988929428
1o_02-06mai_2024-05-05_-29.0_-50.0,1o_02-06mai,2024-04-28 00:00:00,-17.342732292746923,-43.00599237234776,832.9033623373783,304.91814978122807,0.029608608791272376
1o_02-06mai_2024-05-05_-29.0_-50.0,1o_02-06mai,2024-04-27 18:00:00,-17.613265859455304,-42.01470223830752,835.1845136057605,304.91814978122807,0.04286897009387545
1o_02-06mai_2024-05-05_-29.0_-50.0,1o_02-06mai,2024-04-27 12:00:00,-17.65354684470624,-41.1007191193974,814.3004524105302,304.91814978122807,0.04972867177358099
1o_02-06mai_2024-05-05_-29.0_-50.0,1o_02-06mai,2024-04-27 06:00:00,-18.012818368032253,-39.62155981028169,812.8520138197209,304.91814978122807,0.06436602214282064
1o_02-06mai_2024-05-05_-29.0_-50.0,1o_02-06mai,2024-04-27 00:00:00,-19.028486687488705,-38.42143917009416,829.6100221569227,304.91814978122807,0.06970136336507797
1o_02-06mai_2024-05-05_-29.0_-50.0,1o_02-06mai,2024-04-26 18:00:00,-20.203758360495012,-37.87554683179944,834.1634445570355,304.91814978122807,0.0815398407781365
1o_02-06mai_2024-05-05_-29.0_-50.0,1o_02-06mai,2024-04-26 12:00:00,-21.051239129415926,-37.7048888940937,826.4262340867122,304.91814978122807,0.0823095004396459
1o_02-06mai_2024-05-05_-29.0_-50.0,1o_02-06mai,2024-04-26 06:00:00,-21.861437165722705,-37.73682038688333,825.9779106248303,304.91814978122807,0.0684909573686418
1o_02-06mai_2024-05-05_-29.0_-50.0,1o_02-06mai,2024-04-26 00:00:00,-22.6463734786663,-38.034062422102444,830.0125714614604,304.91814978122807,0.08668654795259532
1o_02-06mai_2024-05-05_-29.0_-50.0,1o_02-06mai,2024-04-25 18:00:00,-23.36321594190956,-38.723091800402344,829.5684880673026,304.91814978122807,0.1103444680278776
1o_02-06mai_2024-05-05_-29.0_-50.0,1o_02-06mai,2024-04-25 12:00:00,-24.15389531114135,-39.66737160165805,824.5785922817249,304.91814978122807,0.11681969706391819
1o_02-06mai_2024-05-05_-29.0_-50.0,1o_02-06mai,2024-04-25 06:00:00,-25.028108532468654,-41.11231812366689,820.7865537025823,304.91814978122807,0.07899299485840242
1o_02-06mai_2024-05-05_-29.0_-50.0,1o_02-06mai,2024-04-25 00:00:00,-26.005076968843465,-42.95421570716661,818.0758605326935,304.91814978122807,0.0929751846905856
1o_02-06mai_2024-05-05_-29.0_-50.0,1o_02-06mai,2024-04-24 18:00:00,-26.63125179341142,-44.9766551533148,824.5216178563998,304.91814978122807,0.0916425105183806
1o_02-06mai_2024-05-05_-29.0_-50.0,1o_02-06mai,2024-04-24 12:00:00,-26.92216014593573,-46.68240952718926,831.4015581041056,304.91814978122807,0.07529109908737444
1o_02-06mai_2024-05-05_-29.0_-50.0,1o_02-06mai,2024-04-24 06:00:00,-27.09631914099212,-47.9477734294464,841.0164840173264,304.91814978122807,0.0456972380334157
1o_02-06mai_2024-05-05_-29.0_-50.0,1o_02-06mai,2024-04-24 00:00:00,-27.674057418603596,-49.05841216581693,864.9301631482392,304.91814978122807,0.05778914879980867
1o_02-06mai_2024-05-05_-29.0_-50.0,1o_02-06mai,2024-04-23 18:00:00,-27.78027576505609,-50.71650741841508,837.5727584750917,304.91814978122807,0.05615784523819575
1o_02-06mai_2024-05-05_-29.0_-50.0,1o_02-06mai,2024-04-23 12:00:00,-26.667178157951593,-52.800684234384896,837.7752164267039,304.91814978122807,0.06405380585152332
1o_02-06mai_2024-05-05_-29.0_-50.0,1o_02-06mai,2024-04-23 06:00:00,-24.69734625120179,-53.92136270368478,853.6469937239452,304.91814978122807,0.06670733864260212
1o_02-06mai_2024-05-05_-29.0_-50.0,1o_02-06mai,2024-04-23 00:00:00,-23.70442342283384,-53.81123136600567,954.9782283801364,304.91814978122807,0.05531303652827158
1o_02-06mai_2024-05-05_-29.0_-50.0,1o_02-06mai,2024-04-22 18:00:00,-23.15238085739464,-53.71227083890226,994.7049664310792,304.91814978122807,0.04469170634852416
1o_02-06mai_2024-05-05_-29.0_-50.0,1o_02-06mai,2024-04-22 12:00:00,-21.64290264861777,-53.58576175191842,933.705372146287,304.91814978122807,0.03429110687582651
1o_02-06mai_2024-05-05_-29.0_-50.0,1o_02-06mai,2024-04-22 06:00:00,-19.97426013111262,-52.72042004203841,920.3009335169718,304.91814978122807,0.007319427871105975
1o_02-06mai_2024-05-05_-29.0_-50.0,1o_02-06mai,2024-04-22 00:00:00,-19.325267347734403,-51.572725003945365,938.0220271813362,304.91814978122807,0.007018145576964487
1o_02-06mai_2024-05-05_-29.0_-50.0,1o_02-06mai,2024-04-21 18:00:00,-19.07479969070762,-51.07301159149046,970.5359246567683,304.91814978122807,0.006772032563631865
1o_02-06mai_2024-05-05_-29.0_-50.0,1o_02-06mai,2024-04-21 12:00:00,-18.358824346719793,-50.36166353802573,898.5984798026797,304.91814978122807,0.0071443208286689295
2o_11-13mai_2024-05-12_-29.5_-52.0,2o_11-13mai,2024-05-12 12:00:00,-29.5,-52.0,850.0,301.40286729682117,0.08366551705532603
2o_11-13mai_2024-05-12_-29.5_-52.0,2o_11-13mai,2024-05-12 06:00:00,-28.110730945191598,-53.950756180526255,873.4565600741482,301.40286729682117,0.17428381429242062
2o_11-13mai_2024-05-12_-29.5_-52.0,2o_11-13mai,2024-05-12 00:00:00,-26.955109457682386,-54.85106735573013,914.3191393617166,301.40286729682117,0.20197693004265962
2o_11-13mai_2024-05-12_-29.5_-52.0,2o_11-13mai,2024-05-11 18:00:00,-26.02963537824661,-56.0424117993278,922.9633969048552,301.40286729682117,0.17262860617851689
2o_11-13mai_2024-05-12_-29.5_-52.0,2o_11-13mai,2024-05-11 12:00:00,-24.67461935302175,-56.568173624312074,957.7024315561456,301.40286729682117,0.1445936425349969
2o_11-13mai_2024-05-12_-29.5_-52.0,2o_11-13mai,2024-05-11 06:00:00,-23.69042232459726,-56.73583067394902,963.8579675212148,301.40286729682117,0.09284117329580008
2o_11-13mai_2024-05-12_-29.5_-52.0,2o_11-13mai,2024-05-11 00:00:00,-23.5929409099794,-56.45901259420564,993.5572582270855,301.40286729682117,0.08047157815594663
2o_11-13mai_2024-05-12_-29.5_-52.0,2o_11-13mai,2024-05-10 18:00:00,-23.498518193770416,-56.4099837300849,1000.0,301.40286729682117,0.10631910726092787
2o_11-13mai_2024-05-12_-29.5_-52.0,2o_11-13mai,2024-05-10 12:00:00,-22.826803218978505,-56.478775559286305,924.9577308375742,301.40286729682117,0.1884607652945065
2o_11-13mai_2024-05-12_-29.5_-52.0,2o_11-13mai,2024-05-10 06:00:00,-21.961370812564205,-56.059693786165646,925.0165622026697,301.40286729682117,0.09478530737452183
2o_11-13mai_2024-05-12_-29.5_-52.0,2o_11-13mai,2024-05-10 00:00:00,-21.814347169698816,-56.22967971232737,960.224767662615,301.40286729682117,0.13132843362041755
2o_11-13mai_2024-05-12_-29.5_-52.0,2o_11-13mai,2024-05-09 18:00:00,-21.653166668319052,-56.50008992008992,1000.0,301.40286729682117,0.15654992862383543
2o_11-13mai_2024-05-12_-29.5_-52.0,2o_11-13mai,2024-05-09 12:00:00,-21.300062118235946,-56.680927317433344,980.9833312051296,301.40286729682117,0.19295256359453555
2o_11-13mai_2024-05-12_-29.5_-52.0,2o_11-13mai,2024-05-09 06:00:00,-20.944572256577153,-56.8251987296755,990.2273992136402,301.40286729682117,0.04671798517757385
2o_11-13mai_2024-05-12_-29.5_-52.0,2o_11-13mai,2024-05-09 00:00:00,-20.732365610083317,-56.70197398055376,1000.0,301.40286729682117,0.029370226427543118
2o_11-13mai_2024-05-12_-29.5_-52.0,2o_11-13mai,2024-05-08 18:00:00,-20.26640124334306,-56.64155671127442,1000.0,301.40286729682117,0.017494831178560644
2o_11-13mai_2024-05-12_-29.5_-52.0,2o_11-13mai,2024-05-08 12:00:00,-19.673940493663945,-56.66136958568658,1000.0,301.40286729682117,0.015713646696081704
2o_11-13mai_2024-05-12_-29.5_-52.0,2o_11-13mai,2024-05-08 06:00:00,-19.189409028214676,-56.361821836113165,1000.0,301.40286729682117,0.02323616807459505
2o_11-13mai_2024-05-12_-29.5_-52.0,2o_11-13mai,2024-05-08 00:00:00,-18.82205620185625,-56.1588849398583,1000.0,301.40286729682117,0.018460975358671017
2o_11-13mai_2024-05-12_-29.5_-52.0,2o_11-13mai,2024-05-07 18:00:00,-18.221222891410704,-56.0160621243938,1000.0,301.40286729682117,0.01488416856907139
2o_11-13mai_2024-05-12_-29.5_-52.0,2o_11-13mai,2024-05-07 12:00:00,-17.589494544444563,-55.76615766404804,1000.0,301.40286729682117,0.010833599790374132
2o_11-13mai_2024-05-12_-29.5_-52.0,2o_11-13mai,2024-05-07 06:00:00,-17.19849811858959,-55.30581681110673,1000.0,301.40286729682117,0.009725371554490199
2o_11-13mai_2024-05-12_-29.5_-52.0,2o_11-13mai,2024-05-07 00:00:00,-17.027511099980394,-54.83826446274523,1000.0,301.40286729682117,0.007531803677552773
2o_11-13mai_2024-05-12_-29.5_-52.0,2o_11-13mai,2024-05-06 18:00:00,-16.735440088791027,-54.497898992418605,1000.0,301.40286729682117,0.004490767060105167
2o_11-13mai_2024-05-12_-29.5_-52.0,2o_11-13mai,2024-05-06 12:00:00,-16.505617778553415,-54.20471229509066,1000.0,301.40286729682117,0.005056542062500268
2o_11-13mai_2024-05-12_-29.5_-52.0,2o_11-13mai,2024-05-06 06:00:00,-16.347031446964714,-53.564022573869046,987.0892151642116,301.40286729682117,0.012477081377569543
2o_11-13mai_2024-05-12_-29.5_-52.0,2o_11-13mai,2024-05-06 00:00:00,-16.318427385458026,-53.16660773745615,1000.0,301.40286729682117,0.014285525510616093
2o_11-13mai_2024-05-12_-29.5_-52.0,2o_11-13mai,2024-05-05 18:00:00,-16.160641599630605,-52.7110165951643,1000.0,301.40286729682117,0.01881585612518058
2o_11-13mai_2024-05-12_-29.5_-52.0,2o_11-13mai,2024-05-05 12:00:00,-16.087310189041975,-52.203701396258545,1000.0,301.40286729682117,0.018631260019398178
2o_11-13mai_2024-05-12_-29.5_-52.0,2o_11-13mai,2024-05-05 06:00:00,-16.309648189193723,-51.572865557508784,996.2567566731449,301.40286729682117,0.04819709709741894
2o_11-13mai_2024-05-12_-29.5_-52.0,2o_11-13mai,2024-05-05 00:00:00,-16.605168618224535,-51.20133746669121,1000.0,301.40286729682117,0.055218697844858014
2o_11-13mai_2024-05-12_-29.5_-52.0,2o_11-13mai,2024-05-04 18:00:00,-16.72386028541176,-50.87442480946728,1000.0,301.40286729682117,0.05633117635011583
2o_11-13mai_2024-05-12_-29.5_-52.0,2o_11-13mai,2024-05-04 12:00:00,-16.729330256189186,-50.481638053160964,1000.0,301.40286729682117,0.0648155307260197
2o_11-13mai_2024-05-12_-29.5_-52.0,2o_11-13mai,2024-05-04 06:00:00,-16.73002330066763,-50.06551959482652,1000.0,301.40286729682117,0.01630036903467924
2o_11-13mai_2024-05-12_-29.5_-52.0,2o_11-13mai,2024-05-04 00:00:00,-16.817251551204446,-49.73634392446869,1000.0,301.40286729682117,0.015960435818421125
2o_11-13mai_2024-05-12_-29.5_-52.0,2o_11-13mai,2024-05-03 18:00:00,-16.92294863364232,-49.458836846994075,1000.0,301.40286729682117,0.01749160637643802
2o_11-13mai_2024-05-12_-29.5_-52.0,2o_11-13mai,2024-05-03 12:00:00,-16.869503763722264,-49.089010946456135,1000.0,301.40286729682117,0.01540172937089605
2o_11-13mai_2024-05-12_-29.5_-52.0,2o_11-13mai,2024-05-03 06:00:00,-16.756895900461906,-48.76854223224493,1000.0,301.40286729682117,0.019820238674539803
2o_11-13mai_2024-05-12_-29.5_-52.0,2o_11-13mai,2024-05-03 00:00:00,-16.66532011428726,-48.49558357705043,1000.0,301.40286729682117,0.020123284938787796
2o_11-13mai_2024-05-12_-29.5_-52.0,2o_11-13mai,2024-05-02 18:00:00,-16.474999673853393,-48.171618793440786,1000.0,301.40286729682117,0.01760011961326343
2o_11-13mai_2024-05-12_-29.5_-52.0,2o_11-13mai,2024-05-02 12:00:00,-16.271685853613956,-47.82131378432642,1000.0,301.40286729682117,0.013810381973781856
2o_11-13mai_2024-05-12_-29.5_-52.0,2o_11-13mai,2024-05-02 06:00:00,-16.16061869534966,-47.42673347519484,995.4275422695529,301.40286729682117,0.021630191578089986
2o_11-13mai_2024-05-12_-29.5_-52.0,2o_11-13mai,2024-05-02 00:00:00,-16.279827210122683,-47.116985332204294,1000.0,301.40286729682117,0.020474993055243723
2o_11-13mai_2024-05-12_-29.5_-52.0,2o_11-13mai,2024-05-01 18:00:00,-16.40591130412044,-46.87324698933688,1000.0,301.40286729682117,0.02223865856934198
2o_11-13mai_2024-05-12_-29.5_-52.0,2o_11-13mai,2024-05-01 12:00:00,-16.332181264316603,-46.548372949586565,1000.0,301.40286729682117,0.024482610150205343
2o_11-13mai_2024-05-12_-29.5_-52.0,2o_11-13mai,2024-05-01 06:00:00,-16.24071920654735,-46.10765792300372,987.6911846758668,301.40286729682117,0.010759932426005366
2o_11-13mai_2024-05-12_-29.5_-52.0,2o_11-13mai,2024-05-01 00:00:00,-16.41196936046974,-45.89694519665677,1000.0,301.40286729682117,0.005665619099353663
2o_11-13mai_2024-05-12_-29.5_-52.0,2o_11-13mai,2024-04-30 18:00:00,-16.44060463870269,-45.6175896971734,1000.0,301.40286729682117,0.003788836610568859
2o_11-13mai_2024-05-12_-29.5_-52.0,2o_11-13mai,2024-04-30 12:00:00,-16.3316806388803,-45.25460094488023,1000.0,301.40286729682117,0.003574138391754995
2o_11-13mai_2024-05-12_-29.5_-52.0,2o_11-13mai,2024-04-30 06:00:00,-16.298351393918217,-44.87714120470085,1000.0,301.40286729682117,0.0134272936028437
2o_11-13mai_2024-05-12_-29.5_-52.0,2o_11-13mai,2024-04-30 00:00:00,-16.39588794660756,-44.457041745796325,1000.0,301.40286729682117,0.010230643505115676
2o_11-13mai_2024-05-12_-29.5_-52.0,2o_11-13mai,2024-04-29 18:00:00,-16.442508788138866,-44.02432838579467,1000.0,301.40286729682117,0.009027719910363134
2o_11-13mai_2024-05-12_-29.5_-52.0,2o_11-13mai,2024-04-29 12:00:00,-16.496422235691426,-43.68310033613573,1000.0,301.40286729682117,0.008908417623140766
2o_11-13mai_2024-05-12_-29.5_-52.0,2o_11-13mai,2024-04-29 06:00:00,-16.645512220294997,-43.28259882881492,979.6366272259696,301.40286729682117,0.018935616136654808
2o_11-13mai_2024-05-12_-29.5_-52.0,2o_11-13mai,2024-04-29 00:00:00,-16.713645807434556,-43.03372647999951,994.1318716258589,301.40286729682117,0.013787130038979791
2o_11-13mai_2024-05-12_-29.5_-52.0,2o_11-13mai,2024-04-28 18:00:00,-16.786624989415422,-42.817893240281634,1000.0,301.40286729682117,0.012536684268404558
2o_11-13mai_2024-05-12_-29.5_-52.0,2o_11-13mai,2024-04-28 12:00:00,-16.882250590333335,-42.63720795838296,1000.0,301.40286729682117,0.012037600129375325
2o_11-13mai_2024-05-12_-30.5_-53.5,2o_11-13mai,2024-05-12 12:00:00,-30.5,-53.5,850.0,298.9683052968536,0.034115760690636106
2o_11-13mai_2024-05-12_-30.5_-53.5,2o_11-13mai,2024-05-12 06:00:00,-29.873002663391592,-52.56917000805073,859.3807099770636,298.9683052968536,0.11965450157024957
2o_11-13mai_2024-05-12_-30.5_-53.5,2o_11-13mai,2024-05-12 00:00:00,-29.658267285348153,-52.557327088351585,870.7862243307935,298.9683052968536,0.157023304016945
2o_11-13mai_2024-05-12_-30.5_-53.5,2o_11-13mai,2024-05-11 18:00:00,-29.668235944458253,-52.84893950678334,870.8523726305101,298.9683052968536,0.21342237420999846
2o_11-13mai_2024-05-12_-30.5_-53.5,2o_11-13mai,2024-05-11 12:00:00,-29.483593800937903,-53.46241270437097,879.1082948469005,298.9683052968536,0.1964835811446253
2o_11-13mai_2024-05-12_-30.5_-53.5,2o_11-13mai,2024-05-11 06:00:00,-28.800395496056694,-54.31994074707487,895.9068432263679,298.9683052968536,0.14355070577921308
2o_11-13mai_2024-05-12_-30.5_-53.5,2o_11-13mai,2024-05-11 00:00:00,-28.242149211846083,-55.23311332326148,906.7557196964283,298.9683052968536,0.19779384372597544
2o_11-13mai_2024-05-12_-30.5_-53.5,2o_11-13mai,2024-05-10 18:00:00,-27.575065455472938,-56.74012259234589,901.4081667857423,298.9683052968536,0.24637281700211122
2o_11-13mai_2024-05-12_-30.5_-53.5,2o_11-13mai,2024-05-10 12:00:00,-26.106579284158272,-58.02258130652029,901.9472844746972,298.9683052968536,0.25708992571625067
2o_11-13mai_2024-05-12_-30.5_-53.5,2o_11-13mai,2024-05-10 06:00:00,-24.25639204241281,-58.93189912391405,900.2063124824655,298.9683052968536,0.14530413186377794
2o_11-13mai_2024-05-12_-30.5_-53.5,2o_11-13mai,2024-05-10 00:00:00,-22.768266538754695,-59.3532610592482,887.7079409999828,298.9683052968536,0.14502681193901412
2o_11-13mai_2024-05-12_-30.5_-53.5,2o_11-13mai,2024-05-09 18:00:00,-21.909142134285904,-59.677880968795996,891.4317119220834,298.9683052968536,0.18034891080333385
2o_11-13mai_2024-05-12_-30.5_-53.5,2o_11-13mai,2024-05-09 12:00:00,-22.103032752863168,-59.36265599240914,881.250922601119,298.9683052968536,0.2623044528566691
2o_11-13mai_2024-05-12_-30.5_-53.5,2o_11-13mai,2024-05-09 06:00:00,-23.42083573905486,-58.0496442412069,898.5974584402933,298.9683052968536,0.17178560399929999
2o_11-13mai_2024-05-12_-30.5_-53.5,2o_11-13mai,2024-05-09 00:00:00,-24.985493726955447,-57.22671886577748,903.2371574036059,298.9683052968536,0.13313451285816513
2o_11-13mai_2024-05-12_-30.5_-53.5,2o_11-13mai,2024-05-08 18:00:00,-26.485891405649365,-57.85944286162553,916.9103108685794,298.9683052968536,0.12236464618834803
2o_11-13mai_2024-05-12_-30.5_-53.5,2o_11-13mai,2024-05-08 12:00:00,-28.077924020979346,-59.85397999858127,910.5744833280082,298.9683052968536,0.09179955254602742
2o_11-13mai_2024-05-12_-30.5_-53.5,2o_11-13mai,2024-05-08 06:00:00,-29.091225085785375,-61.57967910968109,881.4888568357068,298.9683052968536,0.08824091135610738
2o_11-13mai_2024-05-12_-30.5_-53.5,2o_11-13mai,2024-05-08 00:00:00,-29.611812583082212,-61.9841038103399,895.8066559684991,298.9683052968536,0.08268816234082577
2o_11-13mai_2024-05-12_-30.5_-53.5,2o_11-13mai,2024-05-07 18:00:00,-29.86122562196922,-61.95224516491053,902.0710781632471,298.9683052968536,0.13107818282624747
2o_11-13mai_2024-05-12_-30.5_-53.5,2o_11-13mai,2024-05-07 12:00:00,-29.76720644614196,-62.06953683793974,892.7109808510423,298.9683052968536,0.12022556291922912
2o_11-13mai_2024-05-12_-30.5_-53.5,2o_11-13mai,2024-05-07 06:00:00,-29.144062979184593,-61.98739228627766,895.474815163423,298.9683052968536,0.08373579985136854
2o_11-13mai_2024-05-12_-30.5_-53.5,2o_11-13mai,2024-05-07 00:00:00,-28.738641135943013,-61.42099444753692,903.1777553857713,298.9683052968536,0.10707918298594633
2o_11-13mai_2024-05-12_-30.5_-53.5,2o_11-13mai,2024-05-06 18:00:00,-28.492692685797223,-61.326361501771345,938.0120869135612,298.9683052968536,0.10462875047079774
2o_11-13mai_2024-05-12_-30.5_-53.5,2o_11-13mai,2024-05-06 12:00:00,-28.18962829862105,-61.71033203737401,935.6461833697371,298.9683052968536,0.10742734727990151
2o_11-13mai_2024-05-12_-30.5_-53.5,2o_11-13mai,2024-05-06 06:00:00,-27.693705317950432,-62.21440869253821,933.2788301884447,298.9683052968536,0.14915798583125725
2o_11-13mai_2024-05-12_-30.5_-53.5,2o_11-13mai,2024-05-06 00:00:00,-26.828097966488603,-62.190805424318334,947.4496341597304,298.9683052968536,0.13813172234852278
2o_11-13mai_2024-05-12_-30.5_-53.5,2o_11-13mai,2024-05-05 18:00:00,-25.39081477644579,-61.568943865858834,938.6846643661761,298.9683052968536,0.11545681039823051
2o_11-13mai_2024-05-12_-30.5_-53.5,2o_11-13mai,2024-05-05 12:00:00,-23.634930366678148,-61.23483529062634,942.8262040411623,298.9683052968536,0.1265732570119124
2o_11-13mai_2024-05-12_-30.5_-53.5,2o_11-13mai,2024-05-05 06:00:00,-22.221148757959604,-60.964015656266675,954.4132111933176,298.9683052968536,0.07820653562528598
2o_11-13mai_2024-05-12_-30.5_-53.5,2o_11-13mai,2024-05-05 00:00:00,-20.97358243647928,-60.96477464537895,942.1275784907401,298.9683052968536,0.06427952302996782
2o_11-13mai_2024-05-12_-30.5_-53.5,2o_11-13mai,2024-05-04 18:00:00,-19.8127037443711,-61.15790525069358,916.7473734684135,298.9683052968536,0.07777023583020816
2o_11-13mai_2024-05-12_-30.5_-53.5,2o_11-13mai,2024-05-04 12:00:00,-19.07055191467066,-61.33983477088359,913.1686541167745,298.9683052968536,0.09192196914303732
2o_11-13mai_2024-05-12_-30.5_-53.5,2o_11-13mai,2024-05-04 06:00:00,-18.932109517155638,-61.35178547914534,1000.0,298.9683052968536,0.06782399979646504
2o_11-13mai_2024-05-12_-30.5_-53.5,2o_11-13mai,2024-05-04 00:00:00,-18.712570327034303,-61.41792505878069,1000.0,298.9683052968536,0.05039101739520856
2o_11-13mai_2024-05-12_-30.5_-53.5,2o_11-13mai,2024-05-03 18:00:00,-18.518003088285123,-61.597387963303255,1000.0,298.9683052968536,0.05567797990176608
2o_11-13mai_2024-05-12_-30.5_-53.5,2o_11-13mai,2024-05-03 12:00:00,-18.351471258737615,-61.69806233604711,911.4941763297088,298.9683052968536,0.04470901014240775
2o_11-13mai_2024-05-12_-30.5_-53.5,2o_11-13mai,2024-05-03 06:00:00,-19.042831416176693,-61.66167287943217,916.4102735383327,298.9683052968536,0.05682841061369917
2o_11-13mai_2024-05-12_-30.5_-53.5,2o_11-13mai,2024-05-03 00:00:00,-19.980137246270502,-61.97467159825415,907.183858904834,298.9683052968536,0.0866454075395315
2o_11-13mai_2024-05-12_-30.5_-53.5,2o_11-13mai,2024-05-02 18:00:00,-21.23192151123323,-62.53732883670598,908.3606437667215,298.9683052968536,0.10927312708907094
2o_11-13mai_2024-05-12_-30.5_-53.5,2o_11-13mai,2024-05-02 12:00:00,-23.0669054254524,-62.666789267334146,895.0665413833424,298.9683052968536,0.14802137607334515
2o_11-13mai_2024-05-12_-30.5_-53.5,2o_11-13mai,2024-05-02 06:00:00,-25.018071560029743,-62.2386055001464,902.6650144485332,298.9683052968536,0.21185046459040474
2o_11-13mai_2024-05-12_-30.5_-53.5,2o_11-13mai,2024-05-02 00:00:00,-26.6911244037759,-62.046867711062724,900.2127466661321,298.9683052968536,0.15182232932696474
2o_11-13mai_2024-05-12_-30.5_-53.5,2o_11-13mai,2024-05-01 18:00:00,-27.78468331558598,-61.9536710811598,896.3290731098976,298.9683052968536,0.1310638013940686
2o_11-13mai_2024-05-12_-30.5_-53.5,2o_11-13mai,2024-05-01 12:00:00,-28.764690859729455,-61.20501625540704,896.7414454457826,298.9683052968536,0.17649522687950828
2o_11-13mai_2024-05-12_-30.5_-53.5,2o_11-13mai,2024-05-01 06:00:00,-30.08883578395912,-60.59554487945921,919.1308685244356,298.9683052968536,0.08352421644769717
2o_11-13mai_2024-05-12_-30.5_-53.5,2o_11-13mai,2024-05-01 00:00:00,-31.010201677965174,-59.947128444620496,903.5068844034353,298.9683052968536,0.06911266087189079
2o_11-13mai_2024-05-12_-30.5_-53.5,2o_11-13mai,2024-04-30 18:00:00,-31.91561459295829,-59.14733292746671,923.9670389960191,298.9683052968536,0.08454144197522145
2o_11-13mai_2024-05-12_-30.5_-53.5,2o_11-13mai,2024-04-30 12:00:00,-31.920073902188406,-59.85634796126424,918.2397497282825,298.9683052968536,0.09054867673038648
2o_11-13mai_2024-05-12_-30.5_-53.5,2o_11-13mai,2024-04-30 06:00:00,-31.08626919387932,-60.68666555907346,920.6405434638772,298.9683052968536,0.06552124753389305
2o_11-13mai_2024-05-12_-30.5_-53.5,2o_11-13mai,2024-04-30 00:00:00,-29.439673482626162,-61.613809940060754,930.6686769526505,298.9683052968536,0.06331669864366957
2o_11-13mai_2024-05-12_-30.5_-53.5,2o_11-13mai,2024-04-29 18:00:00,-28.70461102709981,-61.81288629574355,960.404187186914,298.9683052968536,0.09712578590090852
2o_11-13mai_2024-05-12_-30.5_-53.5,2o_11-13mai,2024-04-29 12:00:00,-27.131718382416437,-61.96615300976804,920.7037404479589,298.9683052968536,0.19226419053641283
2o_11-13mai_2024-05-12_-30.5_-53.5,2o_11-13mai,2024-04-29 06:00:00,-25.675654522314286,-61.454729768099874,926.9881112277118,298.9683052968536,0.1992285191419016
2o_11-13mai_2024-05-12_-30.5_-53.5,2o_11-13mai,2024-04-29 00:00:00,-24.926502527302432,-60.90150293807009,929.4512921172862,298.9683052968536,0.14859721156348035
2o_11-13mai_2024-05-12_-30.5_-53.5,2o_11-13mai,2024-04-28 18:00:00,-24.517884909668854,-60.84751885435425,918.1936617646325,298.9683052968536,0.12928096324065264
2o_11-13mai_2024-05-12_-30.5_-53.5,2o_11-13mai,2024-04-28 12:00:00,-24.368968929486844,-60.919013315139324,912.8967138597354,298.9683052968536,0.14589790090336238
2o_11-13mai_2024-05-12_-28.5_-51.0,2o_11-13mai,2024-05-12 12:00:00,-28.5,-51.0,850.0,303.86607120267064,0.0889308899641037
2o_11-13mai_2024-05-12_-28.5_-51.0,2o_11-13mai,2024-05-12 06:00:00,-26.639529120639697,-52.59894082048085,882.65197980864,303.86607120267064,0.06687976256134143
2o_11-13mai_2024-05-12_-28.5_-51.0,2o_11-13mai,2024-05-12 00:00:00,-25.540112774909247,-53.07498079860765,913.3445902722503,303.86607120267064,0.045665610202875954
2o_11-13mai_2024-05-12_-28.5_-51.0,2o_11-13mai,2024-05-11 18:00:00,-24.89025361699684,-53.310453353776396,984.9274677201728,303.86607120267064,0.037288535179270284
2o_11-13mai_2024-05-12_-28.5_-51.0,2o_11-13mai,2024-05-11 12:00:00,-23.755612837475656,-53.77627054146311,940.0704852040047,303.86607120267064,0.03432121007592305
2o_11-13mai_2024-05-12_-28.5_-51.0,2o_11-13mai,2024-05-11 06:00:00,-22.71332968580093,-54.66081860566988,944.9215034106381,303.86607120267064,0.010796919594055116
2o_11-13mai_2024-05-12_-28.5_-51.0,2o_11-13mai,2024-05-11 00:00:00,-22.351577679775257,-54.816324931497626,996.8676716419051,303.86607120267064,0.006611709654208299
2o_11-13mai_2024-05-12_-28.5_-51.0,2o_11-13mai,2024-05-10 18:00:00,-21.860927552768043,-54.796764819948265,1000.0,303.86607120267064,0.004501870566734861
2o_11-13mai_2024-05-12_-28.5_-51.0,2o_11-13mai,2024-05-10 12:00:00,-21.26467966053133,-54.57064056290138,988.0084195863135,303.86607120267064,0.015179867040097206
2o_11-13mai_2024-05-12_-28.5_-51.0,2o_11-13mai,2024-05-10 06:00:00,-20.283263553184405,-53.914494119272426,929.9705597348283,303.86607120267064,0.020165088104825365
2o_11-13mai_2024-05-12_-28.5_-51.0,2o_11-13mai,2024-05-10 00:00:00,-19.877318159994214,-53.50316945867846,988.4697877552991,303.86607120267064,0.01633452656912721
2o_11-13mai_2024-05-12_-28.5_-51.0,2o_11-13mai,2024-05-09 18:00:00,-19.63874953856528,-53.26866075803873,1000.0,303.86607120267064,0.014343400303924832
2o_11-13mai_2024-05-12_-28.5_-51.0,2o_11-13mai,2024-05-09 12:00:00,-19.32157465487936,-53.11042308755197,993.8937089807641,303.86607120267064,0.015616677899765783
2o_11-13mai_2024-05-12_-28.5_-51.0,2o_11-13mai,2024-05-09 06:00:00,-18.714605184497714,-52.782199959279396,924.2740246972174,303.86607120267064,0.005170188118323323
2o_11-13mai_2024-05-12_-28.5_-51.0,2o_11-13mai,2024-05-09 00:00:00,-18.452003842971447,-52.6156396576657,954.6786599144646,303.86607120267064,0.003563873916384513
2o_11-13mai_2024-05-12_-28.5_-51.0,2o_11-13mai,2024-05-08 18:00:00,-18.081827867816482,-52.61001874840662,1000.0,303.86607120267064,0.002464340815032283
2o_11-13mai_2024-05-12_-28.5_-51.0,2o_11-13mai,2024-05-08 12:00:00,-17.590887730267184,-52.353002623310005,961.5703041169456,303.86607120267064,0.0030251527504087427
2o_11-13mai_2024-05-12_-28.5_-51.0,2o_11-13mai,2024-05-08 06:00:00,-17.171092610043818,-51.669671809584,908.8201325179717,303.86607120267064,0.014373065176007737
2o_11-13mai_2024-05-12_-28.5_-51.0,2o_11-13mai,2024-05-08 00:00:00,-17.211469535869618,-50.97096374477053,959.5525303132644,303.86607120267064,0.013464621946904419
2o_11-13mai_2024-05-12_-28.5_-51.0,2o_11-13mai,2024-05-07 18:00:00,-17.10593165777434,-50.5762996441053,1000.0,303.86607120267064,0.010660646599131088
2o_11-13mai_2024-05-12_-28.5_-51.0,2o_11-13mai,2024-05-07 12:00:00,-16.895595187672598,-49.97622961524478,967.9085718141952,303.86607120267064,0.007666222797192836
2o_11-13mai_2024-05-12_-28.5_-51.0,2o_11-13mai,2024-05-07 06:00:00,-16.429819462328606,-48.8590672648506,892.8380577496915,303.86607120267064,0.021335479702775842
2o_11-13mai_2024-05-12_-28.5_-51.0,2o_11-13mai,2024-05-07 00:00:00,-16.482023080667737,-48.471089130198926,927.9595610634482,303.86607120267064,0.022913250553201286
2o_11-13mai_2024-05-12_-28.5_-51.0,2o_11-13mai,2024-05-06 18:00:00,-16.34001513197361,-47.928477898551485,994.3984749245247,303.86607120267064,0.022170735776481487
2o_11-13mai_2024-05-12_-28.5_-51.0,2o_11-13mai,2024-05-06 12:00:00,-16.18334280807479,-47.00164152272315,915.096807457603,303.86607120267064,0.026115668380171538
2o_11-13mai_2024-05-12_-28.5_-51.0,2o_11-13mai,2024-05-06 06:00:00,-15.90401687045738,-44.531629155490805,854.6189229985943,303.86607120267064,0.02349067353570246
2o_11-13mai_2024-05-12_-28.5_-51.0,2o_11-13mai,2024-05-06 00:00:00,-16.668102410642543,-41.79685843176809,850.5755009226559,303.86607120267064,0.02748433856556211
2o_11-13mai_2024-05-12_-28.5_-51.0,2o_11-13mai,2024-05-05 18:00:00,-17.34871180190536,-40.211750002576025,840.6218016852874,303.86607120267064,0.02748484050910295
2o_11-13mai_2024-05-12_-28.5_-51.0,2o_11-13mai,2024-05-05 12:00:00,-18.063219372875523,-38.9301705484696,845.2436473049985,303.86607120267064,0.024755719897568286
2o_11-13mai_2024-05-12_-28.5_-51.0,2o_11-13mai,2024-05-05 06:00:00,-18.526555125482478,-37.47469705293085,852.2343651087353,303.86607120267064,0.017456941222102017
2o_11-13mai_2024-05-12_-28.5_-51.0,2o_11-13mai,2024-05-05 00:00:00,-18.802377595128615,-36.155593353042995,854.7811608583127,303.86607120267064,0.01955767912965329
2o_11-13mai_2024-05-12_-28.5_-51.0,2o_11-13mai,2024-05-04 18:00:00,-19.084988040523033,-35.0997810489162,844.4649657127788,303.86607120267064,0.02191550505047438
2o_11-13mai_2024-05-12_-31.0_-54.5,2o_11-13mai,2024-05-12 12:00:00,-31.0,-54.5,850.0,299.2363117018921,0.0338198428766595
2o_11-13mai_2024-05-12_-31.0_-54.5,2o_11-13mai,2024-05-12 06:00:00,-30.170603475315733,-53.23426955646962,843.6550243352436,299.2363117018921,0.07539336489099818
2o_11-13mai_2024-05-12_-31.0_-54.5,2o_11-13mai,2024-05-12 00:00:00,-29.909869249296964,-52.84118559982247,861.5940452999904,299.2363117018921,0.1215357920574467
2o_11-13mai_2024-05-12_-31.0_-54.5,2o_11-13mai,2024-05-11 18:00:00,-29.986153620393935,-53.22077359055846,862.7999543045839,299.2363117018921,0.15238642435739938
2o_11-13mai_2024-05-12_-31.0_-54.5,2o_11-13mai,2024-05-11 12:00:00,-29.90732310468848,-54.18858676022833,869.3401979576572,299.2363117018921,0.1616613314554029
2o_11-13mai_2024-05-12_-31.0_-54.5,2o_11-13mai,2024-05-11 06:00:00,-29.52783206800274,-55.490332857976426,867.46953471875,299.2363117018921,0.14260608221821092
2o_11-13mai_2024-05-12_-31.0_-54.5,2o_11-13mai,2024-05-11 00:00:00,-28.80511380253687,-57.27672391200041,870.1639193884059,299.2363117018921,0.19391016999501157
2o_11-13mai_2024-05-12_-31.0_-54.5,2o_11-13mai,2024-05-10 18:00:00,-27.787057921342036,-58.81658451750638,861.8183230465731,299.2363117018921,0.21231352383896557
2o_11-13mai_2024-05-12_-31.0_-54.5,2o_11-13mai,2024-05-10 12:00:00,-26.009004378798107,-60.06021133665941,868.0248916199911,299.2363117018921,0.19664125887818096
2o_11-13mai_2024-05-12_-31.0_-54.5,2o_11-13mai,2024-05-10 06:00:00,-23.917046900974277,-60.98088468005276,868.3207989494766,299.2363117018921,0.08374610088915349
2o_11-13mai_2024-05-12_-31.0_-54.5,2o_11-13mai,2024-05-10 00:00:00,-22.29163604597157,-61.39576879534722,866.9971723519249,299.2363117018921,0.07922650866143584
2o_11-13mai_2024-05-12_-31.0_-54.5,2o_11-13mai,2024-05-09 18:00:00,-21.216597379836884,-61.4305827402189,872.2805250359471,299.2363117018921,0.09019107767057188
2o_11-13mai_2024-05-12_-31.0_-54.5,2o_11-13mai,2024-05-09 12:00:00,-21.44993443875792,-60.87547114652345,862.2165795885551,299.2363117018921,0.141517043013132
2o_11-13mai_2024-05-12_-31.0_-54.5,2o_11-13mai,2024-05-09 06:00:00,-22.814931310833607,-59.45763177767196,875.3962703234598,299.2363117018921,0.1153669368599922
2o_11-13mai_2024-05-12_-31.0_-54.5,2o_11-13mai,2024-05-09 00:00:00,-24.689457063720223,-58.086386097408784,896.2423614327095,299.2363117018921,0.13754341376974055
2o_11-13mai_2024-05-12_-31.0_-54.5,2o_11-13mai,2024-05-08 18:00:00,-26.53787621119021,-58.17430872996601,909.3472570527271,299.2363117018921,0.10708637252673686
2o_11-13mai_2024-05-12_-31.0_-54.5,2o_11-13mai,2024-05-08 12:00:00,-28.15059412052267,-60.07631315904676,901.8391042028804,299.2363117018921,0.08340719374461214
2o_11-13mai_2024-05-12_-31.0_-54.5,2o_11-13mai,2024-05-08 06:00:00,-29.169144491133157,-61.72360125805645,870.3336009794907,299.2363117018921,0.08133023613247645
2o_11-13mai_2024-05-12_-31.0_-54.5,2o_11-13mai,2024-05-08 00:00:00,-29.578190625408524,-62.27307738001255,887.4294983167654,299.2363117018921,0.07206100935791593
2o_11-13mai_2024-05-12_-31.0_-54.5,2o_11-13mai,2024-05-07 18:00:00,-29.80527642637339,-62.30680033562257,891.9789513675441,299.2363117018921,0.10967378049652633
2o_11-13mai_2024-05-12_-31.0_-54.5,2o_11-13mai,2024-05-07 12:00:00,-29.46090893029412,-62.42379428418377,883.2621560872692,299.2363117018921,0.122326591912056
2o_11-13mai_2024-05-12_-31.0_-54.5,2o_11-13mai,2024-05-07 06:00:00,-28.78437978855907,-62.31031486466347,891.7923259725134,299.2363117018921,0.08893760763268717
2o_11-13mai_2024-05-12_-31.0_-54.5,2o_11-13mai,2024-05-07 00:00:00,-28.397423877372873,-61.757387517446325,901.0395576057772,299.2363117018921,0.1066427298347877
2o_11-13mai_2024-05-12_-31.0_-54.5,2o_11-13mai,2024-05-06 18:00:00,-28.165362298286897,-61.50124406143984,934.2090813546995,299.2363117018921,0.098428058333176
2o_11-13mai_2024-05-12_-31.0_-54.5,2o_11-13mai,2024-05-06 12:00:00,-27.77178887770003,-61.82406405232298,939.8235607705957,299.2363117018921,0.08236905285137613
2o_11-13mai_2024-05-12_-31.0_-54.5,2o_11-13mai,2024-05-06 06:00:00,-27.21847056602552,-62.006014848994525,944.4012122209342,299.2363117018921,0.11423749789010687
2o_11-13mai_2024-05-12_-31.0_-54.5,2o_11-13mai,2024-05-06 00:00:00,-26.64132359342036,-61.65621259536757,962.4818561714811,299.2363117018921,0.1410775069902422
2o_11-13mai_2024-05-12_-31.0_-54.5,2o_11-13mai,2024-05-05 18:00:00,-25.40891557091305,-61.06782541294657,954.5177165651016,299.2363117018921,0.1132669705628146
2o_11-13mai_2024-05-12_-31.0_-54.5,2o_11-13mai,2024-05-05 12:00:00,-23.879251967611843,-60.73102583271657,960.6049461581999,299.2363117018921,0.13810820166346421
2o_11-13mai_2024-05-12_-31.0_-54.5,2o_11-13mai,2024-05-05 06:00:00,-22.512162698389385,-60.38449377767701,952.6903763647285,299.2363117018921,0.08151065027467438
2o_11-13mai_2024-05-12_-31.0_-54.5,2o_11-13mai,2024-05-05 00:00:00,-21.562932923398513,-60.30067452896756,949.7683771299347,299.2363117018921,0.07200046014405674
2o_11-13mai_2024-05-12_-31.0_-54.5,2o_11-13mai,2024-05-04 18:00:00,-20.526197737764317,-60.360718828387306,928.3038799439855,299.2363117018921,0.08277150361637378
2o_11-13mai_2024-05-12_-31.0_-54.5,2o_11-13mai,2024-05-04 12:00:00,-19.76958070227572,-60.42135627569031,915.5931145558708,299.2363117018921,0.09832946015849178
2o_11-13mai_2024-05-12_-31.0_-54.5,2o_11-13mai,2024-05-04 06:00:00,-19.530533167223453,-60.358942196337615,959.3226276856528,299.2363117018921,0.08482671821053574
2o_11-13mai_2024-05-12_-31.0_-54.5,2o_11-13mai,2024-05-04 00:00:00,-19.715481177268217,-60.28743912605478,986.4692857125713,299.2363117018921,0.06415940828981354
2o_11-13mai_2024-05-12_-31.0_-54.5,2o_11-13mai,2024-05-03 18:00:00,-19.58320949978879,-60.37953426825933,975.7290560263883,299.2363117018921,0.05468316618289628
2o_11-13mai_2024-05-12_-31.0_-54.5,2o_11-13mai,2024-05-03 12:00:00,-19.01458625889594,-60.713494440672164,904.5134920002139,299.2363117018921,0.05479806601100315
2o_11-13mai_2024-05-12_-31.0_-54.5,2o_11-13mai,2024-05-03 06:00:00,-19.537136488136614,-60.77388569744508,913.1872074700036,299.2363117018921,0.07124495984710719
2o_11-13mai_2024-05-12_-31.0_-54.5,2o_11-13mai,2024-05-03 00:00:00,-20.428833193739134,-61.340859835909406,912.1379183373447,299.2363117018921,0.09779524892363542
2o_11-13mai_2024-05-12_-31.0_-54.5,2o_11-13mai,2024-05-02 18:00:00,-21.6119379288381,-62.17752749314651,905.2921898527752,299.2363117018921,0.09683240206160011
2o_11-13mai_2024-05-12_-31.0_-54.5,2o_11-13mai,2024-05-02 12:00:00,-23.30954011946138,-62.06013031286942,895.3977176606911,299.2363117018921,0.12826754923464115
2o_11-13mai_2024-05-12_-31.0_-54.5,2o_11-13mai,2024-05-02 06:00:00,-24.96818401861701,-61.610547993209686,909.2791073028682,299.2363117018921,0.2015321362215208
2o_11-13mai_2024-05-12_-31.0_-54.5,2o_11-13mai,2024-05-02 00:00:00,-26.375577091255,-61.33036534773476,907.4831499298779,299.2363117018921,0.16629320789589563
2o_11-13mai_2024-05-12_-31.0_-54.5,2o_11-13mai,2024-05-01 18:00:00,-27.576582951965992,-61.118551429997794,909.7219975352135,299.2363117018921,0.11892489838520585
2o_11-13mai_2024-05-12_-31.0_-54.5,2o_11-13mai,2024-05-01 12:00:00,-28.66838950355849,-60.421512105035646,919.9847400286235,299.2363117018921,0.17259806862790136
2o_11-13mai_2024-05-12_-31.0_-54.5,2o_11-13mai,2024-05-01 06:00:00,-29.87430610211122,-60.28789056762231,935.1478658827918,299.2363117018921,0.0953273783597237
2o_11-13mai_2024-05-12_-31.0_-54.5,2o_11-13mai,2024-05-01 00:00:00,-30.863801903380843,-59.69902673768948,911.5673594248689,299.2363117018921,0.07882655259774375
2o_11-13mai_2024-05-12_-31.0_-54.5,2o_11-13mai,2024-04-30 18:00:00,-31.58484050752651,-59.01553818403752,931.6711714922548,299.2363117018921,0.107348303833577
2o_11-13mai_2024-05-12_-31.0_-54.5,2o_11-13mai,2024-04-30 12:00:00,-31.51107679725965,-59.314073815606136,934.5486903205768,299.2363117018921,0.13282735820907132
2o_11-13mai_2024-05-12_-31.0_-54.5,2o_11-13mai,2024-04-30 06:00:00,-30.626905281377898,-59.58649250652199,939.5004784914702,299.2363117018921,0.0550363458603056
2o_11-13mai_2024-05-12_-31.0_-54.5,2o_11-13mai,2024-04-30 00:00:00,-29.738733460666133,-60.055136341675535,953.5190299300104,299.2363117018921,0.04451250055753025
2o_11-13mai_2024-05-12_-31.0_-54.5,2o_11-13mai,2024-04-29 18:00:00,-28.87902700996947,-60.87182620952992,946.4961920913998,299.2363117018921,0.0742026792055272
2o_11-13mai_2024-05-12_-31.0_-54.5,2o_11-13mai,2024-04-29 12:00:00,-27.40281661743903,-61.125270770448374,925.697450835859,299.2363117018921,0.15884834044687102
2o_11-13mai_2024-05-12_-31.0_-54.5,2o_11-13mai,2024-04-29 06:00:00,-25.894835113224268,-60.7802101377584,929.7574835888635,299.2363117018921,0.16807420627124703
2o_11-13mai_2024-05-12_-31.0_-54.5,2o_11-13mai,2024-04-29 00:00:00,-25.117894398365344,-60.45907188426433,928.4990755187587,299.2363117018921,0.14995412685455148
2o_11-13mai_2024-05-12_-31.0_-54.5,2o_11-13mai,2024-04-28 18:00:00,-24.664814185645135,-60.50765602649882,916.7907481283823,299.2363117018921,0.1333296916704085
2o_11-13mai_2024-05-12_-31.0_-54.5,2o_11-13mai,2024-04-28 12:00:00,-24.485176258329304,-60.651076483915645,913.8879783028447,299.2363117018921,0.1473699134860483
2o_11-13mai_2024-05-12_-29.0_-50.0,2o_11-13mai,2024-05-12 12:00:00,-29.0,-50.0,850.0,302.18438215731493,0.12204978697829776
2o_11-13mai_2024-05-12_-29.0_-50.0,2o_11-13mai,2024-05-12 06:00:00,-27.938735501982844,-51.42140540255605,880.8056512999897,302.18438215731493,0.12487170455016236
2o_11-13mai_2024-05-12_-29.0_-50.0,2o_11-13mai,2024-05-12 00:00:00,-27.334704112894332,-52.348679297235776,903.1523158490229,302.18438215731493,0.1246194256260706
2o_11-13mai_2024-05-12_-29.0_-50.0,2o_11-13mai,2024-05-11 18:00:00,-26.78548220062941,-53.40870327961509,952.5745691829063,302.18438215731493,0.09244556315170226
2o_11-13mai_2024-05-12_-29.0_-50.0,2o_11-13mai,2024-05-11 12:00:00,-25.778222084675626,-53.82511143201035,953.3309776428928,302.18438215731493,0.11006380740256305
2o_11-13mai_2024-05-12_-29.0_-50.0,2o_11-13mai,2024-05-11 06:00:00,-24.914296847736335,-53.86184053316323,958.2786495163234,302.18438215731493,0.05870092519430209
2o_11-13mai_2024-05-12_-29.0_-50.0,2o_11-13mai,2024-05-11 00:00:00,-24.69597992224612,-53.525643248857705,1000.0,302.18438215731493,0.05526950948499447
2o_11-13mai_2024-05-12_-29.0_-50.0,2o_11-13mai,2024-05-10 18:00:00,-24.211645679541434,-53.35868603976865,1000.0,302.18438215731493,0.07033218123657665
2o_11-13mai_2024-05-12_-29.0_-50.0,2o_11-13mai,2024-05-10 12:00:00,-23.516071438393908,-52.96049122535312,989.0314320043359,302.18438215731493,0.08901008571304549
2o_11-13mai_2024-05-12_-29.0_-50.0,2o_11-13mai,2024-05-10 06:00:00,-22.518495786741095,-51.77968180823763,957.6930857222759,302.18438215731493,0.04902533602713508
2o_11-13mai_2024-05-12_-29.0_-50.0,2o_11-13mai,2024-05-10 00:00:00,-22.247540264956697,-51.367410355121514,1000.0,302.18438215731493,0.04177451351287025
2o_11-13mai_2024-05-12_-29.0_-50.0,2o_11-13mai,2024-05-09 18:00:00,-21.956073227443788,-51.12163766026545,1000.0,302.18438215731493,0.04026703757720417
2o_11-13mai_2024-05-12_-29.0_-50.0,2o_11-13mai,2024-05-09 12:00:00,-21.619464592474692,-50.91693767069476,1000.0,302.18438215731493,0.03463260131378946
2o_11-13mai_2024-05-12_-29.0_-50.0,2o_11-13mai,2024-05-09 06:00:00,-20.843671380767386,-50.59989831193585,976.0480837441681,302.18438215731493,0.006323943811901735
2o_11-13mai_2024-05-12_-29.0_-50.0,2o_11-13mai,2024-05-09 00:00:00,-20.424545169175357,-50.40738069792941,1000.0,302.18438215731493,0.004614260085475544
2o_11-13mai_2024-05-12_-29.0_-50.0,2o_11-13mai,2024-05-08 18:00:00,-19.89578455938253,-50.32576915519993,1000.0,302.18438215731493,0.0042397392193022345
2o_11-13mai_2024-05-12_-29.0_-50.0,2o_11-13mai,2024-05-08 12:00:00,-19.109011634240943,-50.029215874616646,987.4894470926112,302.18438215731493,0.005288534481545639
2o_11-13mai_2024-05-12_-29.0_-50.0,2o_11-13mai,2024-05-08 06:00:00,-18.05150870861102,-48.7478055068237,921.841439532117,302.18438215731493,0.010067913417009123
2o_11-13mai_2024-05-12_-29.0_-50.0,2o_11-13mai,2024-05-08 00:00:00,-17.737805532154372,-48.06539745472207,921.4463479080631,302.18438215731493,0.010687443163364384
2o_11-13mai_2024-05-12_-29.0_-50.0,2o_11-13mai,2024-05-07 18:00:00,-17.51138352339102,-47.525973177722065,1000.0,302.18438215731493,0.012370235950821594
2o_11-13mai_2024-05-12_-29.0_-50.0,2o_11-13mai,2024-05-07 12:00:00,-17.306916469805874,-46.72180341826521,957.164366594028,302.18438215731493,0.014262949250300127
2o_11-13mai_2024-05-12_-29.0_-50.0,2o_11-13mai,2024-05-07 06:00:00,-17.13600224420638,-45.09825333298857,907.2369861704166,302.18438215731493,0.026165279359826623
2o_11-13mai_2024-05-12_-29.0_-50.0,2o_11-13mai,2024-05-07 00:00:00,-17.323133568691325,-43.749763661251706,901.9979671786683,302.18438215731493,0.028719618214638754
2o_11-13mai_2024-05-12_-29.0_-50.0,2o_11-13mai,2024-05-06 18:00:00,-17.529449560259682,-43.06851826127963,956.1418939127068,302.18438215731493,0.02318122736380117
2o_11-13mai_2024-05-12_-29.0_-50.0,2o_11-13mai,2024-05-06 12:00:00,-17.833344964364276,-42.15170995036751,911.817008349936,302.18438215731493,0.022788254486641395
2o_11-13mai_2024-05-12_-29.0_-50.0,2o_11-13mai,2024-05-06 06:00:00,-18.07037334114681,-40.138637502358634,861.456462454927,302.18438215731493,0.020641949397138766
2o_11-13mai_2024-05-12_-29.0_-50.0,2o_11-13mai,2024-05-06 00:00:00,-18.355540532224204,-38.24692587485101,881.7209575157561,302.18438215731493,0.020367004905539055
2o_11-13mai_2024-05-12_-29.0_-50.0,2o_11-13mai,2024-05-05 18:00:00,-18.680312246124892,-36.247102480916666,893.5392753319753,302.18438215731493,0.024341896580761028
2o_11-13mai_2024-05-12_-29.0_-50.0,2o_11-13mai,2024-05-05 12:00:00,-19.09404339438316,-34.20664478560347,888.7066724091188,302.18438215731493,
2o_11-13mai_2024-05-13_-29.5_-52.0,2o_11-13mai,2024-05-13 12:00:00,-29.5,-52.0,850.0,295.76348061370305,0.06502367680271466
2o_11-13mai_2024-05-13_-29.5_-52.0,2o_11-13mai,2024-05-13 06:00:00,-30.78337727893704,-53.09409961238852,860.4058000546615,295.76348061370305,0.030375186300075997
2o_11-13mai_2024-05-13_-29.5_-52.0,2o_11-13mai,2024-05-13 00:00:00,-31.653921932123538,-53.6967942054566,851.8002016387815,295.76348061370305,0.027718953867951836
2o_11-13mai_2024-05-13_-29.5_-52.0,2o_11-13mai,2024-05-12 18:00:00,-31.16260246604369,-52.4020727639764,863.6815340612948,295.76348061370305,0.029931273842581804
2o_11-13mai_2024-05-13_-29.5_-52.0,2o_11-13mai,2024-05-12 12:00:00,-30.328218474546468,-49.600042492639325,907.2656535867247,295.76348061370305,0.05446341355881738
2o_11-13mai_2024-05-13_-29.5_-52.0,2o_11-13mai,2024-05-12 06:00:00,-30.546259463929868,-47.981638650952185,912.3133893910203,295.76348061370305,0.05319359745076121
2o_11-13mai_2024-05-13_-29.5_-52.0,2o_11-13mai,2024-05-12 00:00:00,-30.94010546293091,-46.94949819041789,897.0398584455099,295.76348061370305,0.0589589730935605
2o_11-13mai_2024-05-13_-29.5_-52.0,2o_11-13mai,2024-05-11 18:00:00,-31.14939970936434,-46.04027464201625,895.0184716445187,295.76348061370305,0.07907879856441763
2o_11-13mai_2024-05-13_-29.5_-52.0,2o_11-13mai,2024-05-11 12:00:00,-30.963007838885837,-45.297351193452336,892.408880341532,295.76348061370305,0.07919839021057481
2o_11-13mai_2024-05-13_-29.5_-52.0,2o_11-13mai,2024-05-11 06:00:00,-30.382487723621296,-45.060552220250166,886.6891675083981,295.76348061370305,0.018330809333370928
2o_11-13mai_2024-05-13_-29.5_-52.0,2o_11-13mai,2024-05-11 00:00:00,-29.35138062090429,-44.701300224889245,886.9258026090176,295.76348061370305,0.10726339556481135
2o_11-13mai_2024-05-13_-29.5_-52.0,2o_11-13mai,2024-05-10 18:00:00,-28.704900298404205,-44.87036772093546,901.7047078418409,295.76348061370305,0.1598493585786152
2o_11-13mai_2024-05-13_-29.5_-52.0,2o_11-13mai,2024-05-10 12:00:00,-28.438511105991175,-44.89401763218394,905.0165327234054,295.76348061370305,0.0706889024745489
2o_11-13mai_2024-05-13_-29.5_-52.0,2o_11-13mai,2024-05-10 06:00:00,-28.87519874244498,-45.14364774826553,900.7219397493203,295.76348061370305,0.023864243470812976
2o_11-13mai_2024-05-13_-29.5_-52.0,2o_11-13mai,2024-05-10 00:00:00,-29.961634294645872,-45.30739878192923,952.0860641187683,295.76348061370305,0.013339287129157686
2o_11-13mai_2024-05-13_-29.5_-52.0,2o_11-13mai,2024-05-09 18:00:00,-30.95945565073294,-46.79341388892213,883.1398245751675,295.76348061370305,0.016970454985843937
2o_11-13mai_2024-05-13_-29.5_-52.0,2o_11-13mai,2024-05-09 12:00:00,-31.817109141186567,-49.03278409476212,853.4680091884538,295.76348061370305,0.014885924442324183
2o_11-13mai_2024-05-13_-29.5_-52.0,2o_11-13mai,2024-05-09 06:00:00,-32.67618026526027,-51.36086271376706,837.6962294562553,295.76348061370305,0.02296715205032174
2o_11-13mai_2024-05-13_-29.5_-52.0,2o_11-13mai,2024-05-09 00:00:00,-34.09214943377621,-54.66759237235823,823.6018577368651,295.76348061370305,
2o_11-13mai_2024-05-13_-29.5_-52.0,2o_11-13mai,2024-05-08 18:00:00,-35.651932430452774,-58.07835434093808,784.7288812326069,295.76348061370305,
2o_11-13mai_2024-05-13_-29.5_-52.0,2o_11-13mai,2024-05-08 12:00:00,-36.77104131509159,-61.32515857980318,754.0681558722797,295.76348061370305,
2o_11-13mai_2024-05-13_-29.5_-52.0,2o_11-13mai,2024-05-08 06:00:00,-37.463550842576744,-63.625360986883024,715.0072468497272,295.76348061370305,
2o_11-13mai_2024-05-13_-30.5_-53.5,2o_11-13mai,2024-05-13 12:00:00,-30.5,-53.5,850.0,293.11205846920063,0.04554824075765079
2o_11-13mai_2024-05-13_-30.5_-53.5,2o_11-13mai,2024-05-13 06:00:00,-31.899169460376264,-53.806425582468044,859.2358953325239,293.11205846920063,0.025560889696723644
2o_11-13mai_2024-05-13_-30.5_-53.5,2o_11-13mai,2024-05-13 00:00:00,-32.69284891805913,-53.171753059469054,850.2169669933339,293.11205846920063,0.021920966751091456
2o_11-13mai_2024-05-13_-30.5_-53.5,2o_11-13mai,2024-05-12 18:00:00,-32.69466109579072,-51.34916338683816,869.9974349716808,293.11205846920063,0.03003030830611769
2o_11-13mai_2024-05-13_-30.5_-53.5,2o_11-13mai,2024-05-12 12:00:00,-32.61406468786099,-48.7776214916317,906.5081115358372,293.11205846920063,0.038617857120993665
2o_11-13mai_2024-05-13_-30.5_-53.5,2o_11-13mai,2024-05-12 06:00:00,-33.25266392951468,-47.13491229280953,907.960678791376,293.11205846920063,0.029154796649720795
2o_11-13mai_2024-05-13_-30.5_-53.5,2o_11-13mai,2024-05-12 00:00:00,-33.63409980581922,-47.081811620686764,858.9763994837433,293.11205846920063,0.03340136565000976
2o_11-13mai_2024-05-13_-30.5_-53.5,2o_11-13mai,2024-05-11 18:00:00,-33.990176760385474,-47.615089094228495,848.6157186639417,293.11205846920063,
2o_11-13mai_2024-05-13_-30.5_-53.5,2o_11-13mai,2024-05-11 12:00:00,-34.03086833954833,-48.4114950801,839.5394104328918,293.11205846920063,
2o_11-13mai_2024-05-13_-30.5_-53.5,2o_11-13mai,2024-05-11 06:00:00,-33.78166926916758,-48.86969496320997,831.6780531632863,293.11205846920063,
2o_11-13mai_2024-05-13_-30.5_-53.5,2o_11-13mai,2024-05-11 00:00:00,-33.48859271427089,-48.95574313275396,831.4171717873743,293.11205846920063,0.026654869154025724
2o_11-13mai_2024-05-13_-30.5_-53.5,2o_11-13mai,2024-05-10 18:00:00,-32.99370339299882,-48.66989317178636,875.1663035129594,293.11205846920063,0.0357926688879963
2o_11-13mai_2024-05-13_-30.5_-53.5,2o_11-13mai,2024-05-10 12:00:00,-33.09755712007582,-48.31163249428587,936.8550930866464,293.11205846920063,0.024044926647432803
2o_11-13mai_2024-05-13_-30.5_-53.5,2o_11-13mai,2024-05-10 06:00:00,-33.454385667001354,-48.67292132763026,934.8780315757334,293.11205846920063,0.0093726124270304
2o_11-13mai_2024-05-13_-30.5_-53.5,2o_11-13mai,2024-05-10 00:00:00,-34.322405352511254,-49.68603924536199,928.3130538345692,293.11205846920063,
2o_11-13mai_2024-05-13_-30.5_-53.5,2o_11-13mai,2024-05-09 18:00:00,-35.57148395822959,-52.28416275228723,884.7425742765631,293.11205846920063,
2o_11-13mai_2024-05-13_-30.5_-53.5,2o_11-13mai,2024-05-09 12:00:00,-36.99763228454419,-55.669873516571954,830.0846143327899,293.11205846920063,
2o_11-13mai_2024-05-13_-28.5_-51.0,2o_11-13mai,2024-05-13 12:00:00,-28.5,-51.0,850.0,298.2716932287957,0.13659843802452087
2o_11-13mai_2024-05-13_-28.5_-51.0,2o_11-13mai,2024-05-13 06:00:00,-29.360244070346678,-52.068997199306324,848.4728514609232,298.2716932287957,0.04128096416649893
2o_11-13mai_2024-05-13_-28.5_-51.0,2o_11-13mai,2024-05-13 00:00:00,-30.46644964495768,-54.14567908423931,853.5339938626942,298.2716932287957,0.04620733368297777
2o_11-13mai_2024-05-13_-28.5_-51.0,2o_11-13mai,2024-05-12 18:00:00,-30.41851936573093,-54.6842340846501,841.9495940887006,298.2716932287957,0.04335550978401633
2o_11-13mai_2024-05-13_-28.5_-51.0,2o_11-13mai,2024-05-12 12:00:00,-30.027150860950265,-54.18647789640137,873.8490973912965,298.2716932287957,0.04824699683868946
2o_11-13mai_2024-05-13_-28.5_-51.0,2o_11-13mai,2024-05-12 06:00:00,-29.477814226246412,-52.94718485977734,878.0867909578579,298.2716932287957,0.1646364075464113
2o_11-13mai_2024-05-13_-28.5_-51.0,2o_11-13mai,2024-05-12 00:00:00,-29.235227357175383,-53.060677554155255,887.9833036372117,298.2716932287957,0.21981537978131305
2o_11-13mai_2024-05-13_-28.5_-51.0,2o_11-13mai,2024-05-11 18:00:00,-29.284998377171487,-53.24494329590442,889.7098735262235,298.2716932287957,0.26567049847881735
2o_11-13mai_2024-05-13_-28.5_-51.0,2o_11-13mai,2024-05-11 12:00:00,-29.097676544558936,-53.494371502324114,899.1381238103819,298.2716932287957,0.20461909262805345
2o_11-13mai_2024-05-13_-28.5_-51.0,2o_11-13mai,2024-05-11 06:00:00,-28.19442028845966,-53.833348569182895,938.5652181901139,298.2716932287957,0.13668853457172384
2o_11-13mai_2024-05-13_-28.5_-51.0,2o_11-13mai,2024-05-11 00:00:00,-28.12281723262288,-53.88196750480297,947.2224285953591,298.2716932287957,0.18240979492018009
2o_11-13mai_2024-05-13_-28.5_-51.0,2o_11-13mai,2024-05-10 18:00:00,-28.170478964468117,-54.93826893484139,928.3638088082331,298.2716932287957,0.25294096353174245
2o_11-13mai_2024-05-13_-28.5_-51.0,2o_11-13mai,2024-05-10 12:00:00,-27.10820807533696,-56.39159961562886,922.8940325525514,298.2716932287957,0.2512027336065547
2o_11-13mai_2024-05-13_-28.5_-51.0,2o_11-13mai,2024-05-10 06:00:00,-25.542117175174187,-57.129542373338005,919.2960283317365,298.2716932287957,0.18365163083042654
2o_11-13mai_2024-05-13_-28.5_-51.0,2o_11-13mai,2024-05-10 00:00:00,-24.38790095656816,-57.34671047685564,913.2996679768274,298.2716932287957,0.2279986753400638
2o_11-13mai_2024-05-13_-28.5_-51.0,2o_11-13mai,2024-05-09 18:00:00,-23.72887180223273,-57.241854208090004,916.9934021495386,298.2716932287957,0.26729528617388476
2o_11-13mai_2024-05-13_-28.5_-51.0,2o_11-13mai,2024-05-09 12:00:00,-23.52662373850371,-56.49680384099756,933.5289980809405,298.2716932287957,0.27697022749906663
2o_11-13mai_2024-05-13_-28.5_-51.0,2o_11-13mai,2024-05-09 06:00:00,-24.01163053578333,-55.81939440834118,959.1530399989292,298.2716932287957,0.10173554357777223
2o_11-13mai_2024-05-13_-28.5_-51.0,2o_11-13mai,2024-05-09 00:00:00,-24.408709230587807,-55.76967158517192,1000.0,298.2716932287957,0.07218372764866493
2o_11-13mai_2024-05-13_-28.5_-51.0,2o_11-13mai,2024-05-08 18:00:00,-24.450128737785107,-56.0921831468664,1000.0,298.2716932287957,0.04416738532367196
2o_11-13mai_2024-05-13_-28.5_-51.0,2o_11-13mai,2024-05-08 12:00:00,-23.973199109659934,-56.3547363560472,1000.0,298.2716932287957,0.02651169995507703
2o_11-13mai_2024-05-13_-28.5_-51.0,2o_11-13mai,2024-05-08 06:00:00,-23.515437632715827,-56.25344273725967,1000.0,298.2716932287957,0.027164745137247818
2o_11-13mai_2024-05-13_-28.5_-51.0,2o_11-13mai,2024-05-08 00:00:00,-22.999448624637047,-56.10686335923859,1000.0,298.2716932287957,0.02536891039943947
2o_11-13mai_2024-05-13_-28.5_-51.0,2o_11-13mai,2024-05-07 18:00:00,-22.33082390736632,-56.062051864527895,1000.0,298.2716932287957,0.016227237429037967
2o_11-13mai_2024-05-13_-28.5_-51.0,2o_11-13mai,2024-05-07 12:00:00,-21.624143927315018,-55.914553801656844,1000.0,298.2716932287957,0.007539766955104516
2o_11-13mai_2024-05-13_-28.5_-51.0,2o_11-13mai,2024-05-07 06:00:00,-21.21610488327364,-55.54803251823212,1000.0,298.2716932287957,0.01042298556633621
2o_11-13mai_2024-05-13_-28.5_-51.0,2o_11-13mai,2024-05-07 00:00:00,-20.856018349439104,-55.295344550663216,1000.0,298.2716932287957,0.009110686434789357
2o_11-13mai_2024-05-13_-28.5_-51.0,2o_11-13mai,2024-05-06 18:00:00,-20.36968792086697,-55.19689545856683,1000.0,298.2716932287957,0.005211836780173628
2o_11-13mai_2024-05-13_-28.5_-51.0,2o_11-13mai,2024-05-06 12:00:00,-19.896619922521477,-55.007221992695776,1000.0,298.2716932287957,0.005090441118709699
2o_11-13mai_2024-05-13_-28.5_-51.0,2o_11-13mai,2024-05-06 06:00:00,-19.59907185289105,-54.58402674138658,1000.0,298.2716932287957,0.018680721126567372
2o_11-13mai_2024-05-13_-28.5_-51.0,2o_11-13mai,2024-05-06 00:00:00,-19.45295906093976,-54.21186229635573,1000.0,298.2716932287957,0.018308478100492298
2o_11-13mai_2024-05-13_-28.5_-51.0,2o_11-13mai,2024-05-05 18:00:00,-19.269741858399215,-53.88779445115062,1000.0,298.2716932287957,0.01894109717078619
2o_11-13mai_2024-05-13_-28.5_-51.0,2o_11-13mai,2024-05-05 12:00:00,-18.959639104939168,-53.471557182605785,1000.0,298.2716932287957,0.01886085404981137
2o_11-13mai_2024-05-13_-28.5_-51.0,2o_11-13mai,2024-05-05 06:00:00,-18.637775685324776,-52.89987784999483,1000.0,298.2716932287957,0.06892197807246159
2o_11-13mai_2024-05-13_-28.5_-51.0,2o_11-13mai,2024-05-05 00:00:00,-18.531579190328973,-52.490078578203615,1000.0,298.2716932287957,0.0650317229176696
2o_11-13mai_2024-05-13_-28.5_-51.0,2o_11-13mai,2024-05-04 18:00:00,-18.321778386107397,-52.294757414114066,1000.0,298.2716932287957,0.060648631667275424
2o_11-13mai_2024-05-13_-28.5_-51.0,2o_11-13mai,2024-05-04 12:00:00,-18.133927455934582,-52.20122409422116,1000.0,298.2716932287957,0.046513350042572454
2o_11-13mai_2024-05-13_-28.5_-51.0,2o_11-13mai,2024-05-04 06:00:00,-18.010839421800537,-52.0346859266156,1000.0,298.2716932287957,0.01297008394641169
2o_11-13mai_2024-05-13_-28.5_-51.0,2o_11-13mai,2024-05-04 00:00:00,-17.846643133178688,-51.81984145279896,1000.0,298.2716932287957,0.012452133257901237
2o_11-13mai_2024-05-13_-28.5_-51.0,2o_11-13mai,2024-05-03 18:00:00,-17.639154984429954,-51.51776373373622,1000.0,298.2716932287957,0.01343740594153578
2o_11-13mai_2024-05-13_-28.5_-51.0,2o_11-13mai,2024-05-03 12:00:00,-17.474568439697702,-51.28115335881327,1000.0,298.2716932287957,0.015581711306608369
2o_11-13mai_2024-05-13_-28.5_-51.0,2o_11-13mai,2024-05-03 06:00:00,-17.44323076365863,-51.28978233518053,1000.0,298.2716932287957,0.025710082539206067
2o_11-13mai_2024-05-13_-28.5_-51.0,2o_11-13mai,2024-05-03 00:00:00,-17.308385220206457,-51.32833626969336,1000.0,298.2716932287957,0.027924090986646128
2o_11-13mai_2024-05-13_-28.5_-51.0,2o_11-13mai,2024-05-02 18:00:00,-17.02024176984497,-51.36504024990909,1000.0,298.2716932287957,0.030551864173733168
2o_11-13mai_2024-05-13_-28.5_-51.0,2o_11-13mai,2024-05-02 12:00:00,-16.82194009654961,-51.326601626514154,1000.0,298.2716932287957,0.03801882225981383
2o_11-13mai_2024-05-13_-28.5_-51.0,2o_11-13mai,2024-05-02 06:00:00,-16.925893372245294,-51.257296653496326,1000.0,298.2716932287957,0.025142469214119948
2o_11-13mai_2024-05-13_-28.5_-51.0,2o_11-13mai,2024-05-02 00:00:00,-16.993511038481014,-51.07108500214002,1000.0,298.2716932287957,0.01732237889253256
2o_11-13mai_2024-05-13_-28.5_-51.0,2o_11-13mai,2024-05-01 18:00:00,-16.81273783802881,-50.89437836744791,1000.0,298.2716932287957,0.014150912531674022
2o_11-13mai_2024-05-13_-28.5_-51.0,2o_11-13mai,2024-05-01 12:00:00,-16.69771750341077,-50.726199470301516,1000.0,298.2716932287957,0.01344259951875148
2o_11-13mai_2024-05-13_-28.5_-51.0,2o_11-13mai,2024-05-01 06:00:00,-16.810110285918686,-50.56560777632456,1000.0,298.2716932287957,0.013387331092868045
2o_11-13mai_2024-05-13_-28.5_-51.0,2o_11-13mai,2024-05-01 00:00:00,-17.012404242368852,-50.39870127132853,1000.0,298.2716932287957,0.01636108157935446
2o_11-13mai_2024-05-13_-28.5_-51.0,2o_11-13mai,2024-04-30 18:00:00,-17.03719294132579,-50.18914138091411,1000.0,298.2716932287957,0.018299139000049792
2o_11-13mai_2024-05-13_-28.5_-51.0,2o_11-13mai,2024-04-30 12:00:00,-16.824164330279185,-49.92984195974505,1000.0,298.2716932287957,0.018496235438191108
2o_11-13mai_2024-05-13_-28.5_-51.0,2o_11-13mai,2024-04-30 06:00:00,-16.604580624966705,-49.46748635019481,1000.0,298.2716932287957,0.035243053038274616
2o_11-13mai_2024-05-13_-28.5_-51.0,2o_11-13mai,2024-04-30 00:00:00,-16.55983807378203,-49.03336414831932,1000.0,298.2716932287957,0.039092667745315855
2o_11-13mai_2024-05-13_-28.5_-51.0,2o_11-13mai,2024-04-29 18:00:00,-16.49771241685468,-48.65234199177471,1000.0,298.2716932287957,0.035469959822008866
2o_11-13mai_2024-05-13_-28.5_-51.0,2o_11-13mai,2024-04-29 12:00:00,-16.4033512291372,-48.19190990019873,1000.0,298.2716932287957,0.035800805344465156
2o_11-13mai_2024-05-13_-31.0_-54.5,2o_11-13mai,2024-05-13 12:00:00,-31.0,-54.5,850.0,291.7024675297236,0.04069932343231307
2o_11-13mai_2024-05-13_-31.0_-54.5,2o_11-13mai,2024-05-13 06:00:00,-32.1455176001511,-54.57143050644075,847.3583348916343,291.7024675297236,0.020915372098890255
2o_11-13mai_2024-05-13_-31.0_-54.5,2o_11-13mai,2024-05-13 00:00:00,-33.08907193825093,-53.81694833154318,863.6419964448712,291.7024675297236,0.02329984625874016
2o_11-13mai_2024-05-13_-31.0_-54.5,2o_11-13mai,2024-05-12 18:00:00,-33.29415184828393,-52.30699644913597,874.5554868121889,291.7024675297236,0.02798782677092024
2o_11-13mai_2024-05-13_-31.0_-54.5,2o_11-13mai,2024-05-12 12:00:00,-33.292335617257095,-49.779459902945746,901.009879798109,291.7024675297236,0.0373242840466619
2o_11-13mai_2024-05-13_-31.0_-54.5,2o_11-13mai,2024-05-12 06:00:00,-33.66185030290645,-48.57000435280298,864.271568747256,291.7024675297236,0.026238934903063015
2o_11-13mai_2024-05-13_-31.0_-54.5,2o_11-13mai,2024-05-12 00:00:00,-34.77537118969919,-47.74796991386142,896.8913118066548,291.7024675297236,
2o_11-13mai_2024-05-13_-31.0_-54.5,2o_11-13mai,2024-05-11 18:00:00,-35.81411404350286,-48.74036589548984,826.3877680055896,291.7024675297236,
2o_11-13mai_2024-05-13_-31.0_-54.5,2o_11-13mai,2024-05-11 12:00:00,-36.05824204748175,-50.272006751092945,834.7771679978134,291.7024675297236,
2o_11-13mai_2024-05-13_-31.0_-54.5,2o_11-13mai,2024-05-11 06:00:00,-35.883377231487366,-51.24974345432653,829.3362806847117,291.7024675297236,
2o_11-13mai_2024-05-13_-31.0_-54.5,2o_11-13mai,2024-05-11 00:00:00,-35.72289026896921,-51.69676593645032,827.7009717026766,291.7024675297236,
2o_11-13mai_2024-05-13_-31.0_-54.5,2o_11-13mai,2024-05-10 18:00:00,-35.368744693322405,-52.02835067270048,835.3485753278766,291.7024675297236,
2o_11-13mai_2024-05-13_-31.0_-54.5,2o_11-13mai,2024-05-10 12:00:00,-35.091506195831464,-51.91388002112339,872.0095852685005,291.7024675297236,
2o_11-13mai_2024-05-13_-31.0_-54.5,2o_11-13mai,2024-05-10 06:00:00,-35.49756519639186,-52.06758586239637,915.6466979190427,291.7024675297236,
2o_11-13mai_2024-05-13_-31.0_-54.5,2o_11-13mai,2024-05-10 00:00:00,-36.442847160280095,-53.144499248827515,904.8075262990691,291.7024675297236,
2o_11-13mai_2024-05-13_-31.0_-54.5,2o_11-13mai,2024-05-09 18:00:00,-37.99134230939317,-55.82434401948431,847.0426334800234,291.7024675297236,
2o_11-13mai_2024-05-13_-29.0_-50.0,2o_11-13mai,2024-05-13 12:00:00,-29.0,-50.0,850.0,297.9177611061113,0.11426747010813819
2o_11-13mai_2024-05-13_-29.0_-50.0,2o_11-13mai,2024-05-13 06:00:00,-29.90697893700135,-51.47830099970585,842.2990117921713,297.9177611061113,0.04683561961318991
2o_11-13mai_2024-05-13_-29.0_-50.0,2o_11-13mai,2024-05-13 00:00:00,-31.20253599168607,-53.238364333734474,851.5109264671169,297.9177611061113,0.03243785738540741
2o_11-13mai_2024-05-13_-29.0_-50.0,2o_11-13mai,2024-05-12 18:00:00,-30.44940924734865,-52.840426283947586,845.9012613066918,297.9177611061113,0.03797562718851317
2o_11-13mai_2024-05-13_-29.0_-50.0,2o_11-13mai,2024-05-12 12:00:00,-29.90270056047611,-52.29655800556505,882.4269271380314,297.9177611061113,0.04679154721009537
2o_11-13mai_2024-05-13_-29.0_-50.0,2o_11-13mai,2024-05-12 06:00:00,-29.49132880767822,-51.95776431392187,885.3577547373234,297.9177611061113,0.16810430475483748
2o_11-13mai_2024-05-13_-29.0_-50.0,2o_11-13mai,2024-05-12 00:00:00,-29.145928081469204,-52.11638392159399,894.7150187534033,297.9177611061113,0.18908757910727356
2o_11-13mai_2024-05-13_-29.0_-50.0,2o_11-13mai,2024-05-11 18:00:00,-29.360182760287888,-52.6439720398277,893.5224536402586,297.9177611061113,0.2653709812795251
2o_11-13mai_2024-05-13_-29.0_-50.0,2o_11-13mai,2024-05-11 12:00:00,-29.158509289878452,-52.885817365452446,904.3141206466065,297.9177611061113,0.21226243120325436
2o_11-13mai_2024-05-13_-29.0_-50.0,2o_11-13mai,2024-05-11 06:00:00,-28.282465951397366,-53.136083367938355,946.8712489041886,297.9177611061113,0.13381119697458949
2o_11-13mai_2024-05-13_-29.0_-50.0,2o_11-13mai,2024-05-11 00:00:00,-28.35088816227964,-53.12559797138194,948.789210740422,297.9177611061113,0.1618915299716647
2o_11-13mai_2024-05-13_-29.0_-50.0,2o_11-13mai,2024-05-10 18:00:00,-28.410884858851475,-54.03400294836679,921.3123826761162,297.9177611061113,0.25252676187219736
2o_11-13mai_2024-05-13_-29.0_-50.0,2o_11-13mai,2024-05-10 12:00:00,-27.71103698448623,-55.49517732180159,931.8599567392488,297.9177611061113,0.24205711572230684
2o_11-13mai_2024-05-13_-29.0_-50.0,2o_11-13mai,2024-05-10 06:00:00,-26.20918558373553,-56.12764163852387,929.9587514663743,297.9177611061113,0.16155169482110507
2o_11-13mai_2024-05-13_-29.0_-50.0,2o_11-13mai,2024-05-10 00:00:00,-25.039234490211307,-56.170308914816125,928.5056085256697,297.9177611061113,0.1439502379104051
2o_11-13mai_2024-05-13_-29.0_-50.0,2o_11-13mai,2024-05-09 18:00:00,-24.423438149223987,-55.91561174254804,947.2300744015431,297.9177611061113,0.17620629851310385
2o_11-13mai_2024-05-13_-29.0_-50.0,2o_11-13mai,2024-05-09 12:00:00,-24.326945711851106,-55.3342391346399,942.5972813787555,297.9177611061113,0.20242327972949706
2o_11-13mai_2024-05-13_-29.0_-50.0,2o_11-13mai,2024-05-09 06:00:00,-25.105109184834088,-54.66557697954266,953.2268398140069,297.9177611061113,0.07606006552349243
2o_11-13mai_2024-05-13_-29.0_-50.0,2o_11-13mai,2024-05-09 00:00:00,-26.472739196537802,-54.48170578431378,938.4276915272065,297.9177611061113,0.0631512582993489
2o_11-13mai_2024-05-13_-29.0_-50.0,2o_11-13mai,2024-05-08 18:00:00,-27.65455126555466,-55.60592626214513,928.1069993635865,297.9177611061113,0.1301852882219907
2o_11-13mai_2024-05-13_-29.0_-50.0,2o_11-13mai,2024-05-08 12:00:00,-27.79168088317398,-56.53369659782788,1000.0,297.9177611061113,0.15937751700660052
2o_11-13mai_2024-05-13_-29.0_-50.0,2o_11-13mai,2024-05-08 06:00:00,-26.476373033838396,-56.576653048156516,1000.0,297.9177611061113,0.06584931439285177
2o_11-13mai_2024-05-13_-29.0_-50.0,2o_11-13mai,2024-05-08 00:00:00,-25.636381570996324,-56.31940486362733,1000.0,297.9177611061113,0.03495325921837475
2o_11-13mai_2024-05-13_-29.0_-50.0,2o_11-13mai,2024-05-07 18:00:00,-24.868992002741372,-56.175128413091834,1000.0,297.9177611061113,0.02595271125920085
2o_11-13mai_2024-05-13_-29.0_-50.0,2o_11-13mai,2024-05-07 12:00:00,-24.274014222415445,-56.0570712614633,1000.0,297.9177611061113,0.04561570289456419
2o_11-13mai_2024-05-13_-29.0_-50.0,2o_11-13mai,2024-05-07 06:00:00,-23.90704090148336,-55.85046399158192,1000.0,297.9177611061113,0.021121863846987273
2o_11-13mai_2024-05-13_-29.0_-50.0,2o_11-13mai,2024-05-07 00:00:00,-23.466074286213892,-55.60559295339807,1000.0,297.9177611061113,0.01562351074189992
2o_11-13mai_2024-05-13_-29.0_-50.0,2o_11-13mai,2024-05-06 18:00:00,-22.76025588077412,-55.44557228443104,1000.0,297.9177611061113,0.008839698661752517
2o_11-13mai_2024-05-13_-29.0_-50.0,2o_11-13mai,2024-05-06 12:00:00,-22.057504047758012,-55.23172719304139,1000.0,297.9177611061113,0.008487921681959738
2o_11-13mai_2024-05-13_-29.0_-50.0,2o_11-13mai,2024-05-06 06:00:00,-21.633840705120676,-54.87164582002838,1000.0,297.9177611061113,0.021777419590605397
2o_11-13mai_2024-05-13_-29.0_-50.0,2o_11-13mai,2024-05-06 00:00:00,-21.283076244993815,-54.42704236393145,1000.0,297.9177611061113,0.015599186524841935
2o_11-13mai_2024-05-13_-29.0_-50.0,2o_11-13mai,2024-05-05 18:00:00,-20.816496483163696,-54.08991271087243,1000.0,297.9177611061113,0.01119819446835306
2o_11-13mai_2024-05-13_-29.0_-50.0,2o_11-13mai,2024-05-05 12:00:00,-20.37229155687058,-53.793457619645054,1000.0,297.9177611061113,0.01338900874691643
2o_11-13mai_2024-05-13_-29.0_-50.0,2o_11-13mai,2024-05-05 06:00:00,-20.0190202326523,-53.46932015568947,1000.0,297.9177611061113,0.058684071461506504
2o_11-13mai_2024-05-13_-29.0_-50.0,2o_11-13mai,2024-05-05 00:00:00,-19.81082226203825,-53.157246679002,1000.0,297.9177611061113,0.04007157639776399
2o_11-13mai_2024-05-13_-29.0_-50.0,2o_11-13mai,2024-05-04 18:00:00,-19.538638482868134,-53.05486319552502,1000.0,297.9177611061113,0.03862927187617458
2o_11-13mai_2024-05-13_-29.0_-50.0,2o_11-13mai,2024-05-04 12:00:00,-19.152446794582406,-53.08623675395676,1000.0,297.9177611061113,0.024515682786183032
2o_11-13mai_2024-05-13_-29.0_-50.0,2o_11-13mai,2024-05-04 06:00:00,-18.853510073275757,-52.897633442684494,1000.0,297.9177611061113,0.014758602578678441
2o_11-13mai_2024-05-13_-29.0_-50.0,2o_11-13mai,2024-05-04 00:00:00,-18.464569573508633,-52.74635848567807,1000.0,297.9177611061113,0.014334216110860819
2o_11-13mai_2024-05-13_-29.0_-50.0,2o_11-13mai,2024-05-03 18:00:00,-18.04081075862842,-52.65210855249222,1000.0,297.9177611061113,0.014696679471636257
2o_11-13mai_2024-05-13_-29.0_-50.0,2o_11-13mai,2024-05-03 12:00:00,-17.734154295643116,-52.57757284556091,1000.0,297.9177611061113,0.017008738638885967
2o_11-13mai_2024-05-13_-29.0_-50.0,2o_11-13mai,2024-05-03 06:00:00,-17.55060510491604,-52.53169373312849,1000.0,297.9177611061113,0.027278994908465356
2o_11-13mai_2024-05-13_-29.0_-50.0,2o_11-13mai,2024-05-03 00:00:00,-17.373786144571973,-52.39753277301676,1000.0,297.9177611061113,0.027473071809238598
2o_11-13mai_2024-05-13_-29.0_-50.0,2o_11-13mai,2024-05-02 18:00:00,-17.013252585348642,-52.32476593722537,1000.0,297.9177611061113,0.029659748461313428
2o_11-13mai_2024-05-13_-29.0_-50.0,2o_11-13mai,2024-05-02 12:00:00,-16.786896574796067,-52.236501789195444,1000.0,297.9177611061113,0.03670815098727743
2o_11-13mai_2024-05-13_-29.0_-50.0,2o_11-13mai,2024-05-02 06:00:00,-16.764231285393922,-52.055985863288875,1000.0,297.9177611061113,0.018533726862108017
2o_11-13mai_2024-05-13_-29.0_-50.0,2o_11-13mai,2024-05-02 00:00:00,-16.736609824957245,-51.86033634984248,1000.0,297.9177611061113,0.013674157255247047
2o_11-13mai_2024-05-13_-29.0_-50.0,2o_11-13mai,2024-05-01 18:00:00,-16.517322726780176,-51.75223613913248,1000.0,297.9177611061113,0.01035950818399844
2o_11-13mai_2024-05-13_-29.0_-50.0,2o_11-13mai,2024-05-01 12:00:00,-16.450497321471232,-51.70067121205204,1000.0,297.9177611061113,0.010499442730889794
2o_11-13mai_2024-05-13_-29.0_-50.0,2o_11-13mai,2024-05-01 06:00:00,-16.67358823730956,-51.68226624114873,1000.0,297.9177611061113,0.010855030311960211
2o_11-13mai_2024-05-13_-29.0_-50.0,2o_11-13mai,2024-05-01 00:00:00,-16.834414101124164,-51.661181856281964,1000.0,297.9177611061113,0.015991698829838575
2o_11-13mai_2024-05-13_-29.0_-50.0,2o_11-13mai,2024-04-30 18:00:00,-16.626801482541296,-51.53545845152513,1000.0,297.9177611061113,0.02061707078224685
2o_11-13mai_2024-05-13_-29.0_-50.0,2o_11-13mai,2024-04-30 12:00:00,-16.448512942338017,-51.33088075526913,1000.0,297.9177611061113,0.02963412336397338
2o_11-13mai_2024-05-13_-29.0_-50.0,2o_11-13mai,2024-04-30 06:00:00,-16.551365069761513,-51.201512123221846,1000.0,297.9177611061113,0.04180215684261718
2o_11-13mai_2024-05-13_-29.0_-50.0,2o_11-13mai,2024-04-30 00:00:00,-16.63955759597611,-51.22204864958148,1000.0,297.9177611061113,0.044497061028201175
2o_11-13mai_2024-05-13_-29.0_-50.0,2o_11-13mai,2024-04-29 18:00:00,-16.413631402916526,-51.185811362620605,1000.0,297.9177611061113,0.047495997582152304
2o_11-13mai_2024-05-13_-29.0_-50.0,2o_11-13mai,2024-04-29 12:00:00,-16.22764948631439,-50.9374626156799,1000.0,297.9177611061113,0.05030732174740415
